mw,logp,n_hba,n_hbd,canonical_smiles,identifier,hybrid_pretrain_prob,hybrid_scratch_prob,hybrid_random_pretrain_prob,hybrid_random_scratch_prob,rf_prob,rank
491.5400000000004,4.872700000000004,7,4,COC1=C(O)C(CC2=CNC=C2)=C2OC(C3=CC=C(O)C=C3)=CC(=O)C2=C1OCCC1(O)CCCC1,CNP0440474.0,0.9989808201789856,1.0,0.8495928645133972,0.9998573064804077,0.42513527984344424,1
497.6730000000003,4.830300000000004,6,1,CCCC[C@H](C)C[C@@H](C)C(=O)N1CCC[C@H]1C(=O)O[C@@H](C(=O)O[C@H](C(=O)O)[C@@H](C)CC)[C@@H](C)CC,CNP0121132.3,1.0,1.0,0.9999984502792358,0.9999984502792358,0.51,2
364.82900000000006,3.2993000000000023,5,1,COC[C@H]1CCCN1C(=O)C1=C([C@H](C)O)ON=C1C1=CC=C(Cl)C=C1,CNP0192527.1,0.9999831914901733,1.0,0.9999983310699463,0.999990701675415,0.5963968048670183,3
384.48000000000036,3.7493000000000034,5,0,COCC(=O)N1C2=NC(C3=CC=CO3)=NN2C2(CCCCC2)[C@@H]2CCCC[C@@H]21,CNP0566079.1,0.9998476505279541,1.0,0.9615973830223083,0.9997925162315369,0.5890024208293111,4
474.6820000000003,4.612600000000005,5,3,CCCCC(=O)[C@@H](C)[C@H]1C[C@H](O)[C@@]2(C)C3=C(C(=O)C[C@]12C)[C@@]1(C)CC[C@H](O)C(C)(C)[C@@H]1C[C@@H]3O,CNP0597604.1,0.03725263848900795,1.0,0.0020819620694965124,0.9919576644897461,0.3992352543881745,5
414.5390000000002,3.0096000000000016,7,1,CC[C@@H](O)C[C@H]1CC[C@@H]([C@H](C)C(=O)O[C@@H](C)C[C@@H]2CC[C@H]([C@@H](C)C(=O)OC)O2)O1,CNP0575302.1,0.9997199177742004,1.0,0.9999226331710815,0.9985820055007935,0.46539016689219664,6
414.53900000000016,3.311300000000002,6,2,CC[C@@H](O)C[C@@H]1CC[C@H]([C@@H](C)C(=O)O[C@@H](CC)C[C@@H]2CC[C@H]([C@@H](C)C(=O)O)O2)O1,CNP0348395.6,0.9997996687889099,1.0,0.9999775886535645,0.9994999170303345,0.4620568335588633,7
490.7250000000005,4.484300000000004,5,4,C[C@H](C[C@H](O)[C@H](O)C(C)(C)O)[C@H]1[C@@H](O)C[C@@]2(C)[C@@H]3CC[C@H]4C(C)(C)C(=O)CC[C@@]45C[C@@]35CC[C@]12C,CNP0287040.1,0.9952757358551025,1.0,0.9981903433799744,0.9571301937103271,0.3566666666666667,8
414.53900000000016,3.311300000000002,6,2,CC[C@H](O)C[C@@H]1CC[C@@H]([C@@H](C)C(=O)O[C@@H](CC)C[C@@H]2CC[C@@H]([C@@H](C)C(=O)O)O2)O1,CNP0348395.3,0.9997996687889099,1.0,0.9999775886535645,0.9994999170303345,0.4620568335588633,9
412.4860000000002,2.8379000000000003,5,2,COC(=O)[C@@H](CC1=CC=CC=C1)NC(=O)[C@H](NC(=O)OCC1=CC=CC=C1)C(C)C,CNP0105105.4,0.999548614025116,1.0,0.9994107484817505,0.9998669624328613,0.5833333333333334,10
432.5130000000002,3.5308000000000024,7,2,CCOC(=O)C1=C/C(=C\CC(C)C)C2=C(OC)C3=C(O[C@H](C(C)(C)O)C3)C(CO)=C2O1,CNP0362524.1,0.9992665648460388,1.0,0.9992908239364624,0.9932625889778137,0.42393173852819827,11
356.46200000000016,3.8102000000000027,3,1,CC(C(=O)O)C1CCC2C3C=CC4=CC(=O)CC[C@]4(C)C3CC(=O)[C@]12C,CNP0334249.1,0.9989973902702332,1.0,0.9992934465408325,0.9996776580810547,0.4120568335588633,12
400.51200000000017,2.9212000000000007,6,2,CC[C@@H](O)C[C@H]1CC[C@H]([C@H](C)C(=O)O[C@@H](C)C[C@H]2CC[C@H]([C@H](C)C(=O)O)O2)O1,CNP0280737.2,0.9999537467956543,1.0,0.9999418258666992,0.9994015693664551,0.48539016689219666,13
398.4960000000002,3.1294000000000013,6,1,CC[C@H](C[C@@H]1CC[C@H]([C@H](C)C(=O)O)O1)OC(=O)[C@H](C)[C@@H]1CC[C@H](CC(C)=O)O1,CNP0308098.4,0.9999488592147827,1.0,0.9999961853027344,0.9998990297317505,0.4420568335588633,14
351.8410000000001,3.3333000000000013,4,0,CN(C)CC1=NN=C2CN=C(C3=CC=CC=C3)C3=CC(Cl)=CC=C3N21,CNP0570888.0,0.9808206558227539,1.0,0.9996447563171387,0.9995986819267273,0.40244445868475404,15
441.9150000000002,4.019300000000003,6,1,COC1=CC=CC=C1N1CCN(C(=O)C2=C([C@H](C)O)ON=C2C2=CC=C(Cl)C=C2)CC1,CNP0071385.1,0.9998927116394043,1.0,0.9999920129776001,0.9999067783355713,0.5650313932457517,16
490.7250000000005,4.436600000000004,5,4,CC(C)(O)[C@H]1CC[C@@](C)(C2[C@@H](O)C[C@@]3(C)[C@@H]4[C@H](O)C[C@H]5C(C)(C)[C@@H](O)CC[C@@]56C[C@@]46CC[C@]23C)O1,CNP0134193.1,0.9813951849937439,1.0,0.9996464252471924,0.9966198205947876,0.3233333333333333,17
469.6230000000003,3.073800000000002,5,4,CCC(C)[C@H](NC(=O)OC(C)(C)C)C(=O)NC[C@H]1CC[C@H](C(=O)N[C@@H](C(=O)O)C(C)C)CC1,CNP0318173.1,0.996482253074646,1.0,0.997913658618927,0.9998100399971008,0.5476238455079764,18
496.6040000000003,4.274020000000005,7,2,COC1=CC([C@H]2C(C(=O)C3=CC=C(OCC(C)C)C(C)=C3)=C(O)C(=O)N2CCCN(C)C)=CC=C1O,CNP0371411.1,0.6686928868293762,1.0,0.7461516261100769,0.9984170198440552,0.38256858772150787,19
400.51200000000017,2.9212000000000007,6,2,CC[C@H](O)C[C@H]1CC[C@@H]([C@@H](C)C(=O)O[C@@H](C)C[C@@H]2CC[C@@H]([C@@H](C)C(=O)O)O2)O1,CNP0280737.7,0.9999537467956543,1.0,0.9999418258666992,0.9994015693664551,0.48539016689219666,20
474.51300000000026,4.197300000000003,6,4,COC1=CC=C(C(CC(=O)NCCC2=CNC3=CC=C(O)C=C23)C2=CC3=C(C=C2O)OCO3)C=C1,CNP0328615.0,0.6212764978408813,1.0,0.8864186406135559,0.9656440615653992,0.38762384550797646,21
428.5250000000003,3.5843000000000025,6,0,CC(=O)OC[C@@H](OC(C)=O)[C@H]1CC[C@H]2[C@@H]3C=CC4=CC(=O)CC[C@]4(C)[C@H]3CC(=O)[C@]12C,CNP0418362.1,0.9281148314476013,1.0,0.9996291399002075,0.9989816546440125,0.3520568335588633,22
483.6500000000003,3.4639000000000024,5,4,CC[C@@H](C)[C@H](NC(=O)OC(C)(C)C)C(=O)NC[C@H]1CC[C@@H](C(=O)N[C@H](C(=O)O)[C@@H](C)CC)CC1,CNP0389017.2,0.9977188110351562,1.0,0.9984444975852966,0.9998314380645752,0.5409571788413098,23
483.6500000000004,3.4639000000000015,5,4,CC[C@H](C)[C@H](NC(=O)[C@H]1CC[C@H](CNC(=O)[C@@H](NC(=O)OC(C)(C)C)[C@@H](C)CC)CC1)C(=O)O,CNP0389017.4,0.9977188110351562,1.0,0.9984444975852966,0.9998314380645752,0.5409571788413098,24
490.7250000000004,4.436600000000004,5,4,CC(C)(O)[C@H]1CC[C@](C)([C@H]2[C@@H](O)C[C@@]3(C)[C@H]4C[C@H](O)[C@H]5C(C)(C)[C@@H](O)CC[C@@]56C[C@@]46CC[C@]23C)O1,CNP0243356.11,0.9949350953102112,1.0,0.999362051486969,0.9976916313171387,0.3233333333333333,25
402.5750000000003,4.982700000000005,4,0,COC(=O)CC[C@H](C)[C@H]1CC[C@H]2[C@H]3C(=O)C[C@@H]4CCCC[C@]4(C)[C@H]3CC(=O)[C@]12C,CNP0060524.1,0.9999881982803345,1.0,0.9999749660491943,0.9993046522140503,0.37333333333333335,26
402.5750000000003,4.982700000000005,4,0,COC(=O)CC[C@H](C)[C@H]1CC[C@H]2[C@H]3C(=O)C[C@@H]4CCCC[C@]4(C)[C@@H]3CC(=O)[C@]12C,CNP0060524.2,0.9999881982803345,1.0,0.9999749660491943,0.9993046522140503,0.37333333333333335,27
402.5750000000003,4.982700000000005,4,0,COC(=O)CC[C@H](C)[C@H]1CC[C@@H]2[C@H]3C(=O)C[C@@H]4CCCC[C@]4(C)[C@@H]3CC(=O)[C@@]21C,CNP0060524.3,0.9999881982803345,1.0,0.9999749660491943,0.9993046522140503,0.37333333333333335,28
402.5750000000003,4.982700000000005,4,0,COC(=O)CC[C@H](C)[C@H]1CC[C@@H]2[C@H]3C(=O)C[C@@H]4CCCC[C@]4(C)[C@H]3CC(=O)[C@@]21C,CNP0060524.4,0.9999881982803345,1.0,0.9999749660491943,0.9993046522140503,0.37333333333333335,29
490.7250000000004,4.436600000000004,5,4,CC(C)(O)[C@H]1CC[C@@](C)([C@H]2[C@@H](O)C[C@@]3(C)[C@@H]4C[C@H](O)[C@H]5C(C)(C)[C@@H](O)CC[C@@]56C[C@@]46CC[C@]23C)O1,CNP0243356.4,0.9949350953102112,1.0,0.999362051486969,0.9976916313171387,0.3233333333333333,30
462.67100000000033,4.158400000000004,5,4,C[C@H](CC[C@H](C)C(C)(C)O)[C@H]1CC[C@@]2(O)C3=CC(=O)[C@H]4C[C@H](O)CC[C@]4(C)[C@@]3(O)CC[C@]12C,CNP0472437.1,0.990889847278595,1.0,0.8278400897979736,0.9230942726135254,0.3933333333333333,31
469.62300000000033,3.073800000000001,5,4,CC[C@H](C)[C@H](NC(=O)[C@H]1CC[C@H](CNC(=O)[C@H](NC(=O)OC(C)(C)C)C(C)C)CC1)C(=O)O,CNP0333052.4,0.9972008466720581,1.0,0.9966301321983337,0.9998130202293396,0.5542905121746431,32
418.61800000000017,4.693500000000006,4,3,C=C1/C(=C/C=C2\CCC[C@]3(C)[C@@H]([C@H](C)OCCC(C)(C)O)CC[C@@H]23)C[C@@H](O)C[C@@H]1O,CNP0074715.2,0.9198735356330872,1.0,0.9778724908828735,0.974150538444519,0.37,33
425.8720000000001,2.7054,3,3,O=C(N[C@@H](CC1=CC=CC=C1)C(=O)N1CC(C(=O)O)C1)C1=CC2=CC(Cl)=CC=C2N1,CNP0529166.1,0.999679684638977,1.0,0.9771580696105957,0.9998897314071655,0.48,34
488.6210000000003,3.1937000000000015,7,2,COC(=O)CCC(C)[C@H]1CC(=O)[C@@]2(C)C3=C(C(=O)[C@@H](O)[C@]12C)[C@@]1(C)CC[C@H](O)C(C)(C)[C@@H]1CC3=O,CNP0294268.2,0.9827545285224915,1.0,0.9370954036712646,0.9749444127082825,0.3914872798434442,35
418.4940000000002,2.8344000000000005,4,4,CCC(C)[C@H](NC(=O)N1CC(O)=NC2=CC=CC=C21)C(=O)N[C@@H](CC(C)C)C(=O)O,CNP0524249.1,0.24158306419849396,1.0,0.8113997578620911,0.9999090433120728,0.46244445868475403,36
398.4960000000002,3.1294000000000013,6,1,CC[C@H](C[C@@H]1CC[C@H]([C@H](C)C(=O)O)O1)OC(=O)[C@H](C)[C@@H]1CC[C@@H](CC(C)=O)O1,CNP0308098.2,0.9999488592147827,1.0,0.9999961853027344,0.9998990297317505,0.4420568335588633,37
469.62300000000033,3.073800000000001,5,4,CC[C@@H](C)[C@H](NC(=O)[C@H]1CC[C@H](CNC(=O)[C@@H](NC(=O)OC(C)(C)C)C(C)C)CC1)C(=O)O,CNP0333052.6,0.9972008466720581,1.0,0.9966301321983337,0.9998130202293396,0.5542905121746431,38
448.6440000000003,3.6242000000000028,5,4,C[C@H]([C@H](C)CC(C)(C)O)[C@H]1CC[C@@]2(O)C3=CC(=O)[C@@H]4C[C@@H](O)[C@@H](O)C[C@]4(C)[C@H]3CC[C@]12C,CNP0225117.4,0.9835221767425537,1.0,0.8077587485313416,0.999009370803833,0.4081539465101109,39
477.9700000000002,3.0675000000000017,6,2,COC1=C2CN(C)CCC2=C(S(=O)(=O)NCCC2=CNC3=CC=C(Cl)C=C23)C2=C1OCO2,CNP0171574.0,0.9999953508377075,1.0,0.9999843835830688,0.9998949766159058,0.5929745596868885,40
442.63700000000034,4.6288000000000045,6,2,COC(=O)[C@H](C)[C@H](O)CC[C@](C)(O)CCCC(C)CCC(=O)C(C)(C)CCCC(C)=O,CNP0112651.1,0.9999189376831055,1.0,0.9999281167984009,0.9992266893386841,0.4420568335588633,41
387.57200000000023,3.353200000000001,3,2,CC(C)NC(=O)NC[C@H]1C[C@@H]2CCN1C[C@@H]2C1=CC(C2CCCCC2)=NN1C,CNP0226667.2,0.0001837178278947249,1.0,0.0008050657343119383,0.9946879148483276,0.4899816531605101,42
451.5230000000002,3.3192000000000013,5,3,COC(=O)C(CC1=CNC2=CC=CC=C12)NC(=O)C(NC(=O)OCC1=CC=CC=C1)C(C)C,CNP0368271.0,0.9922965168952942,1.0,0.9861307740211487,0.9999477863311768,0.63,43
430.5410000000002,4.818700000000005,6,1,CCCOC1=C2C[C@@H](C(C)(C)O)OC2=CC2=C1/C(=C/CC(C)C)C=C(C(=O)OCC)O2,CNP0093426.1,0.9999895095825195,1.0,0.9997645020484924,0.9782611727714539,0.42148727984344425,44
400.51200000000017,2.9212000000000007,6,2,CC[C@H](O)C[C@@H]1CC[C@H]([C@H](C)C(=O)O[C@H](C)C[C@@H]2CC[C@@H]([C@@H](C)C(=O)O)O2)O1,CNP0280737.14,0.9999537467956543,1.0,0.9999418258666992,0.9994015693664551,0.48539016689219666,45
419.9090000000003,3.051800000000001,3,2,CCC(C)[C@H](NC(=O)C1=CC2=CC(Cl)=CC=C2N1C)C(=O)N1CCC[C@H]1C(=O)O,CNP0387678.1,0.9459872245788574,1.0,0.9514086246490479,0.9998224377632141,0.5466666666666666,46
494.5920000000002,4.055600000000002,4,4,CCC(C)C(NC(=O)C(CC1=CC=CC=C1)NC(=O)N1C2=CC=CC=C2N=C(O)C1C(C)C)C(=O)O,CNP0558788.0,0.9999333620071411,1.0,0.9996215105056763,0.9999784231185913,0.5405984051948649,47
414.53900000000016,3.311300000000002,6,2,CC[C@H](O)C[C@H]1CC[C@@H]([C@@H](C)C(=O)O[C@@H](CC)C[C@@H]2CC[C@@H]([C@@H](C)C(=O)O)O2)O1,CNP0348395.2,0.9997996687889099,1.0,0.9999775886535645,0.9994999170303345,0.4620568335588633,48
442.5930000000002,3.789800000000003,7,1,CCOC(=O)[C@H](C)[C@H]1CC[C@@H](C[C@H](CC)OC(=O)[C@@H](C)[C@@H]2CC[C@H](C[C@H](O)CC)O2)O1,CNP0352003.1,0.9955940842628479,1.0,0.99997878074646,0.997338593006134,0.40872350022553,49
366.5060000000001,2.874140000000002,5,2,CCCCN(C)C[C@@H]1[C@H](CC)CN(C(=O)NC2=C(C)ON=C2C)[C@@H]1CO,CNP0537077.1,0.005112962331622839,1.0,0.005861249286681414,0.9999408721923828,0.4901346336767097,50
381.94800000000004,3.922700000000004,3,2,CCCCN(C)C[C@@H]1[C@H](CC)CN(C(=O)NC2=CC=CC(Cl)=C2)[C@@H]1CO,CNP0577203.1,0.001992977922782302,1.0,0.02503921650350094,0.9988628625869751,0.4238450874959778,51
426.51300000000015,3.2280000000000015,5,2,CC[C@H](C)[C@@H](NC(=O)OCC1=CC=CC=C1)C(=O)N[C@@H](CC1=CC=CC=C1)C(=O)OC,CNP0505565.3,0.9999995231628418,1.0,0.9999853372573853,0.9999933242797852,0.64,52
426.51300000000015,3.2280000000000015,5,2,CC[C@H](C)[C@@H](NC(=O)OCC1=CC=CC=C1)C(=O)N[C@H](CC1=CC=CC=C1)C(=O)OC,CNP0505565.4,0.9999995231628418,1.0,0.9999853372573853,0.9999933242797852,0.64,53
356.46200000000016,3.8102000000000027,3,1,C[C@@H](C(=O)O)[C@H]1CC[C@H]2[C@@H]3C=CC4=CC(=O)CC[C@]4(C)[C@H]3CC(=O)[C@]12C,CNP0334249.2,0.9989973902702332,1.0,0.9992934465408325,0.9996776580810547,0.4120568335588633,54
490.5160000000002,3.1083200000000013,8,4,COC1=CC(C(CC(=O)NC(CC2=CC=CC=C2)C2=NC=NN2)C2=C(O)C(=O)C=C(C)O2)=CC=C1O,CNP0412053.0,0.9958654642105103,1.0,0.9991002082824707,0.9997361302375793,0.5,55
432.6450000000003,4.797500000000005,4,3,CC(CCCC(C)(C)O)C1CCC2(O)C3=CC(=O)C4CC(O)CCC4(C)C3CCC12C,CNP0348970.0,0.9986478686332703,1.0,0.9254830479621887,0.9783515334129333,0.41,56
495.3290000000002,4.290600000000002,5,2,O=C(COC(=O)[C@@H](CC1=CNC2=CC=CC=C12)NC(=O)C1=CC=CO1)C1=CC=C(Br)C=C1,CNP0530084.2,0.9995424747467041,1.0,0.9993775486946106,0.9995430707931519,0.41333333333333333,57
479.4890000000003,3.7166200000000025,8,3,COC1=CC=C(C(CC(=O)NC2=CC=C3NC=NC3=C2)C2=C(O)C=C(C)OC2=O)C(OC)=C1OC,CNP0164519.0,0.337758868932724,1.0,0.15327100455760956,0.9987587928771973,0.4081539465101109,58
432.64500000000027,4.675500000000005,4,4,C=C1/C(=C\C=C2/CCC[C@]3(C)[C@@H]([C@H](C)CC[C@@H](O)C(C)(C)O)CC[C@@H]23)C[C@@H](O)C[C@@H]1O,CNP0082820.1,0.04412998631596565,1.0,0.8502745628356934,0.870843768119812,0.37333333333333335,59
446.62800000000027,3.854500000000002,5,4,C=C1/C(=C\C=C2/CCC[C@]3(C)[C@@H]([C@H](C)CC(O)C(=O)C(C)(C)O)CC[C@@H]23)C[C@@H](O)C[C@@H]1O,CNP0206703.1,0.2941300868988037,1.0,0.9876563549041748,0.9984706044197083,0.4,60
432.64500000000027,4.675500000000005,4,4,C=C1/C(=C\C=C2/CCC[C@]3(C)[C@@H]([C@H](C)C[C@H](O)CC(C)(C)O)CC[C@@H]23)C[C@@H](O)C[C@@H]1O,CNP0082165.1,0.13550056517124176,1.0,0.9892919659614563,0.9989230036735535,0.38333333333333336,61
400.51200000000017,2.9212000000000007,6,2,CC[C@@H](O)C[C@H]1CC[C@@H]([C@@H](C)C(=O)O[C@@H](C)C[C@@H]2CC[C@@H]([C@@H](C)C(=O)O)O2)O1,CNP0280737.6,0.9999537467956543,1.0,0.9999418258666992,0.9994015693664551,0.48539016689219666,62
426.51300000000015,3.2280000000000015,5,2,CC[C@H](C)[C@H](NC(=O)OCC1=CC=CC=C1)C(=O)N[C@@H](CC1=CC=CC=C1)C(=O)OC,CNP0505565.1,0.9999995231628418,1.0,0.9999853372573853,0.9999933242797852,0.64,63
426.51300000000015,3.2280000000000015,5,2,CC[C@H](C)[C@H](NC(=O)OCC1=CC=CC=C1)C(=O)N[C@H](CC1=CC=CC=C1)C(=O)OC,CNP0505565.2,0.9999995231628418,1.0,0.9999853372573853,0.9999933242797852,0.64,64
464.47800000000024,2.810120000000001,8,3,COC1=CC(C(CC(=O)N[C@H](C)C2=NN=C3C=CC=CN23)C2=C(O)C(=O)C=C(C)O2)=CC=C1O,CNP0411463.1,0.9926033616065979,1.0,0.9973304271697998,0.9999828338623047,0.4766666666666667,65
470.6580000000004,4.187000000000002,4,2,CN1N=C(C2CCCCC2)C=C1[C@H]1C[N@]2CC[C@H]1C[C@@H]2CNC(=O)CC1(CC(=O)O)CCCC1,CNP0236606.1,0.7755574584007263,1.0,0.00394419813528657,0.9972838163375854,0.5081539465101108,66
408.61200000000025,2.9750000000000005,4,1,CCCS(=O)(=O)NC[C@H]1C[C@@H]2CC[N@@]1C[C@@H]2C1=CC(C2CCCCC2)=NN1C,CNP0011375.1,0.08868778496980667,1.0,0.9101517200469971,0.9999735355377197,0.5881539465101109,67
448.6440000000003,3.6242000000000028,5,4,C[C@H]([C@H](C)CC(C)(C)O)[C@@H]1CC[C@@]2(O)C3=CC(=O)[C@@H]4C[C@@H](O)[C@@H](O)C[C@]4(C)[C@H]3CC[C@]12C,CNP0225117.3,0.9835221767425537,1.0,0.8077587485313416,0.999009370803833,0.4081539465101109,68
469.6230000000003,3.073800000000002,5,4,CC[C@H](C)[C@H](NC(=O)OC(C)(C)C)C(=O)NC[C@H]1CC[C@@H](C(=O)N[C@H](C(=O)O)C(C)C)CC1,CNP0318173.4,0.996482253074646,1.0,0.997913658618927,0.9998100399971008,0.5476238455079764,69
488.7090000000004,4.658100000000005,5,3,C[C@@H]1C[C@H]2O[C@@]3(O[C@H]2C(C)(C)O)[C@@H](O)[C@@]2(C)[C@@H]4CC[C@H]5C(C)(C)[C@@H](O)CC[C@@]56C[C@@]46CC[C@]2(C)[C@@H]13,CNP0264366.4,0.29516714811325073,1.0,0.8953710794448853,0.9285128116607666,0.38,70
448.6440000000003,3.6242000000000028,5,4,C[C@H]([C@H](C)CC(C)(C)O)[C@H]1CC[C@@]2(O)C3=CC(=O)[C@H]4C[C@@H](O)[C@@H](O)C[C@]4(C)[C@H]3CC[C@]12C,CNP0225117.1,0.9835221767425537,1.0,0.8077587485313416,0.999009370803833,0.4081539465101109,71
436.5040000000002,4.235100000000004,6,1,C=C1C=C(C(=O)OCC)OC2=CC3=C(C[C@@H](C(C)(C)O)O3)C(OCCC3=CC=CC=C3)=C12,CNP0186545.1,0.9972789883613586,1.0,0.9984484910964966,0.9797257781028748,0.34148727984344424,72
448.6440000000003,3.7683000000000026,5,4,C[C@H](CCCC(C)(C)O)[C@H]1CC[C@@]2(O)C3=CC(=O)[C@@H]4C[C@@H](O)[C@@H](O)C[C@]4(C)[C@H]3CC[C@]12C,CNP0168100.1,0.9987362027168274,1.0,0.9157906770706177,0.9882515072822571,0.39,73
404.5030000000002,3.737100000000003,6,2,CCCOC1=C2C[C@@H](C(C)(C)O)OC2=CC2=C1C(=O)C(CCC(C)C)=C(CO)O2,CNP0027797.1,0.995238184928894,1.0,0.7436823844909668,0.9729672074317932,0.36148727984344425,74
459.50200000000024,4.405200000000003,6,3,COC1=CC=C(C(CC(=O)N[C@@H](C)C2=NC3=CC=CC=C3N2)C2=CC3=C(C=C2O)OCO3)C=C1,CNP0414452.1,0.9908255934715271,1.0,0.7704080939292908,0.9951989054679871,0.44333333333333336,75
428.96400000000045,4.809700000000005,4,0,COCC(=O)N1C2=NC(C3=CC=C(Cl)C=C3)=NN2C2(CCCCC2)[C@@H]2CCCC[C@@H]21,CNP0536941.1,0.9999966621398926,1.0,0.9987899661064148,0.9996328353881836,0.665691140985867,76
446.62800000000027,3.6884000000000023,5,4,C[C@H](CCCC(C)(C)O)[C@H]1CC[C@]2(O)C3=CC(=O)C4=C[C@H](O)[C@H](O)C[C@]4(C)[C@H]3CC[C@]12C,CNP0155531.2,0.9973932504653931,1.0,0.7857016921043396,0.9787719249725342,0.38,77
490.7250000000004,4.436600000000004,5,4,CC(C)(O)[C@@H]1CC[C@](C)([C@H]2[C@@H](O)C[C@@]3(C)[C@@H]4C[C@H](O)C5C(C)(C)[C@@H](O)CC[C@@]56C[C@@]46CC[C@]23C)O1,CNP0243356.8,0.9949350953102112,1.0,0.999362051486969,0.9976916313171387,0.3233333333333333,78
490.7250000000004,4.436600000000004,5,4,CC(C)(O)[C@@H]1CC[C@](C)([C@H]2[C@@H](O)C[C@@]3(C)[C@@H]4C[C@H](O)[C@@H]5C(C)(C)[C@@H](O)CC[C@@]56C[C@@]46CC[C@]23C)O1,CNP0243356.10,0.9949350953102112,1.0,0.999362051486969,0.9976916313171387,0.3233333333333333,79
450.61900000000026,4.758400000000005,4,2,CO[C@@H]1CC(=O)[C@H]2[C@@H]3[C@@H]4C[C@](C)([C@@]12O)[C@@]3(C)[C@@]12CC4CC[C@@H]1C[C@@H](CC1=CC=CC=C1O)C2,CNP0474521.3,0.002098137279972434,1.0,0.0001456107565900311,0.31697553396224976,0.3181539465101109,80
490.7250000000004,4.436600000000004,5,4,CC(C)(O)[C@H]1CC[C@@](C)([C@H]2[C@@H](O)C[C@@]3(C)[C@@H]4C[C@H](O)C5C(C)(C)[C@@H](O)CCC56CC46CC[C@]23C)O1,CNP0243356.7,0.9949350953102112,1.0,0.999362051486969,0.9976916313171387,0.3233333333333333,81
398.4960000000002,3.1294000000000013,6,1,CC[C@H](C[C@@H]1CC[C@H]([C@H](C)C(=O)O)O1)OC(=O)[C@H](C)[C@H]1CC[C@H](CC(C)=O)O1,CNP0308098.1,0.9999488592147827,1.0,0.9999961853027344,0.9998990297317505,0.4420568335588633,82
408.61200000000025,2.9750000000000005,4,1,CCCS(=O)(=O)NC[C@H]1C[C@@H]2CCN1C[C@@H]2C1=CC(C2CCCCC2)=NN1C,CNP0011375.2,0.08868778496980667,1.0,0.9101517200469971,0.9999735355377197,0.5881539465101109,83
398.4960000000002,3.1294000000000013,6,1,CC[C@H](C[C@@H]1CC[C@H]([C@H](C)C(=O)O)O1)OC(=O)[C@H](C)[C@H]1CC[C@@H](CC(C)=O)O1,CNP0308098.3,0.9999488592147827,1.0,0.9999961853027344,0.9998990297317505,0.4420568335588633,84
432.51600000000013,4.537200000000005,5,3,COC1=CC(O)=C2C3=C(CCC2=C1CC1=CC=C(O)C=C1)C1=C(C=C3)O[C@H](C(C)(C)O)C1,CNP0307053.1,0.9962413311004639,1.0,0.9993976354598999,0.9990314245223999,0.3933112798434442,85
462.67100000000033,4.158400000000004,5,4,C[C@H](CC[C@H](C)C(C)(C)O)[C@H]1CC[C@@]2(O)C3=CC(=O)[C@H]4C[C@@H](O)CC[C@]4(C)[C@@]3(O)CC[C@]12C,CNP0472437.2,0.990889847278595,1.0,0.8278400897979736,0.9230942726135254,0.3933333333333333,86
456.62300000000033,3.7268000000000026,5,3,C[C@H]([C@H]1OC(C)(C)[C@@H](C)[C@@H]1O)[C@H]1C[C@@H](O)C2=C3C=CC4=CC(=O)CC[C@]4(C)[C@H]3C[C@@H](O)[C@@]21C,CNP0357281.1,0.9874716401100159,1.0,0.9985854625701904,0.99977046251297,0.39964122635355515,87
356.46200000000016,3.8102000000000027,3,1,C[C@H](C(=O)O)[C@H]1CC[C@H]2[C@@H]3C=CC4=CC(=O)CC[C@]4(C)[C@H]3CC(=O)[C@]12C,CNP0334249.3,0.9989973902702332,1.0,0.9992934465408325,0.9996776580810547,0.4120568335588633,88
414.4980000000002,3.950400000000003,6,2,CC(C)(O)[C@@H]1CC2=C(C=C3OC(C4(O)CCCC4)=CC(=O)C3=C2OC2CCCC2)O1,CNP0055969.1,0.998572587966919,1.0,0.9957333207130432,0.9924822449684143,0.32226761362783757,89
471.8970000000003,3.981100000000003,8,1,COC1=CC=C(C2=CC(C(=O)NC3=C4CCN(C)CC4=C(OC)C4=C3OCO4)=NO2)C=C1Cl,CNP0111849.0,0.9980395436286926,1.0,0.9997598528862,0.9998770952224731,0.5714872798434442,90
400.51200000000017,2.9212000000000007,6,2,CC[C@@H](O)C[C@H]1CC[C@@H]([C@H](C)C(=O)O[C@@H](C)C[C@@H]2CC[C@H]([C@@H](C)C(=O)O)O2)O1,CNP0280737.1,0.9999537467956543,1.0,0.9999418258666992,0.9994015693664551,0.48539016689219666,91
414.53900000000016,3.311300000000002,6,2,CC[C@H](O)C[C@@H]1CC[C@H]([C@H](C)C(=O)O[C@H](CC)C[C@@H]2CC[C@@H]([C@H](C)C(=O)O)O2)O1,CNP0348395.13,0.9997996687889099,1.0,0.9999775886535645,0.9994999170303345,0.4620568335588633,92
469.53800000000024,3.553600000000002,6,2,CCC(C)[C@H](NC(=O)N1CCC2=CC(OC)=C(OC)C=C2C1)C(=O)NC1=CC=C2OCOC2=C1,CNP0231015.1,0.0011730471160262823,1.0,0.015236610546708107,0.9992924928665161,0.4181539465101109,93
428.56600000000014,3.3997000000000024,7,1,CCOC(=O)[C@H](C)[C@H]1CC[C@@H](C[C@H](CC)OC(=O)[C@@H](C)[C@@H]2CC[C@H](C[C@@H](C)O)O2)O1,CNP0257376.1,0.9663614630699158,1.0,0.9999346733093262,0.9987779259681702,0.4220568335588633,94
490.7250000000004,4.436600000000004,5,4,CC(C)(O)[C@H]1CC[C@@](C)([C@H]2[C@@H](O)C[C@@]3(C)[C@@H]4C[C@H](O)[C@@H]5C(C)(C)[C@@H](O)CC[C@@]56C[C@@]46CC[C@]23C)O1,CNP0243356.9,0.9949350953102112,1.0,0.999362051486969,0.9976916313171387,0.3233333333333333,95
440.66500000000025,4.261900000000004,5,4,CC[C@H](CO)[C@H](O)C[C@H](O)[C@H](C)CC[C@H](C)CCC[C@]1(C)[C@@H](CC)C(=O)C=C[C@@]1(C)O,CNP0104178.2,0.9819289445877075,1.0,0.9552813172340393,0.9945017099380493,0.4,96
400.56700000000035,4.537000000000004,4,0,COCC(=O)N1C2=NC(C3CCCCC3)=NN2C2(CCCCC2)[C@@H]2CCCC[C@@H]21,CNP0504100.1,0.9999938011169434,1.0,0.996577799320221,0.9996939897537231,0.5930414180437958,97
490.6810000000004,4.339100000000004,6,3,CC(=O)O[C@H](CCC(C)(C)O)[C@@H](C)[C@H]1CC[C@@]2(O)C3=CC(=O)[C@H]4C[C@@H](O)CC[C@]4(C)[C@H]3CC[C@]12C,CNP0172462.1,0.9729462265968323,1.0,0.14858993887901306,0.9424265027046204,0.47,98
469.6230000000003,3.073800000000002,5,4,CCC(C)[C@H](NC(=O)OC(C)(C)C)C(=O)NC[C@H]1CC[C@H](C(=O)N[C@H](C(=O)O)C(C)C)CC1,CNP0318173.2,0.996482253074646,1.0,0.997913658618927,0.9998100399971008,0.5476238455079764,99
414.53900000000016,3.311300000000002,6,2,CC[C@H](O)C[C@@H]1CC[C@H]([C@H](C)C(=O)O[C@H](CC)C[C@@H]2CC[C@@H]([C@@H](C)C(=O)O)O2)O1,CNP0348395.12,0.9997996687889099,1.0,0.9999775886535645,0.9994999170303345,0.4620568335588633,100
476.48900000000026,3.235260000000002,9,2,COCC1=CC(C)=NC(N2N=C(C)C3=C2C=C2OC4=C(C(C)=O)C(O)=C(C)C(O)=C4[C@@]2(C)C3=O)=N1,CNP0414492.1,0.9631975889205933,1.0,0.9992703795433044,0.9999960660934448,0.4976238455079765,101
495.3290000000002,4.290600000000002,5,2,O=C(COC(=O)[C@H](CC1=CNC2=CC=CC=C12)NC(=O)C1=CC=CO1)C1=CC=C(Br)C=C1,CNP0530084.1,0.9995424747467041,1.0,0.9993775486946106,0.9995430707931519,0.41333333333333333,102
432.6450000000003,4.797500000000005,4,3,CC(C)CCC[C@@H](C)[C@H]1CC[C@@]2(O)C3=CC(=O)[C@H]4C[C@H](O)CC[C@]4(C)[C@@]3(O)CC[C@]12C,CNP0197166.1,0.9523640275001526,1.0,0.6064893007278442,0.5586140155792236,0.38333333333333336,103
374.4330000000003,3.027700000000001,6,2,COC1=C2C[C@@H](C(C)(C)O)OC2=CC2=C1C(=O)C=C(C1(O)CCCCC1)O2,CNP0366664.1,0.9999980926513672,1.0,0.9997995495796204,0.9998730421066284,0.35148727984344424,104
495.0410000000003,4.1734000000000036,6,1,COC1=C2CN(C)CCC2=C(S(=O)(=O)NCC[C@@H](C2=CC=C(Cl)C=C2)C(C)C)C2=C1OCO2,CNP0397279.1,0.9951127171516418,1.0,0.9600423574447632,0.9906099438667297,0.5796412263535551,105
469.62300000000033,3.073800000000001,5,4,CC[C@H](C)[C@H](NC(=O)[C@H]1CC[C@H](CNC(=O)[C@@H](NC(=O)OC(C)(C)C)C(C)C)CC1)C(=O)O,CNP0333052.3,0.9972008466720581,1.0,0.9966301321983337,0.9998130202293396,0.5542905121746431,106
400.51200000000017,2.9212000000000007,6,2,CC[C@H](O)C[C@@H]1CC[C@H]([C@H](C)C(=O)O[C@H](C)C[C@@H]2CC[C@H]([C@@H](C)C(=O)O)O2)O1,CNP0280737.15,0.9999537467956543,1.0,0.9999418258666992,0.9994015693664551,0.48539016689219666,107
388.4600000000002,3.6484000000000023,6,1,CCOC(=O)C1=C/C(=C\C(C)C)C2=C(C=C3O[C@H](C(C)(C)O)CC3=C2OC)O1,CNP0093404.1,0.9999387264251709,1.0,0.9999583959579468,0.9956106543540955,0.3881539465101109,108
387.57200000000023,3.353200000000001,3,2,CC(C)NC(=O)NC[C@H]1C[C@@H]2CC[N@@]1C[C@@H]2C1=CC(C2CCCCC2)=NN1C,CNP0226667.1,0.0001837178278947249,1.0,0.0008050657343119383,0.9946879148483276,0.4899816531605101,109
450.9300000000002,4.111320000000004,6,0,CC1=CC=C(N2N=CC=N2)C(C(=O)N2CCN(C3=NC4=CC(Cl)=CC=C4O3)CC[C@H]2C)=C1,CNP0603946.1,0.7284905314445496,1.0,0.9999603033065796,0.9999741315841675,0.6333333333333333,110
414.53900000000016,3.311300000000002,6,2,CC[C@@H](O)C[C@H]1CC[C@@H]([C@@H](C)C(=O)O[C@@H](CC)C[C@@H]2CC[C@@H]([C@@H](C)C(=O)O)O2)O1,CNP0348395.7,0.9997996687889099,1.0,0.9999775886535645,0.9994999170303345,0.4620568335588633,111
481.6370000000003,2.7647000000000013,4,4,CCCC(=O)N[C@@H](CC1=CC=CC=C1)C(=O)N[C@H](C(=O)N[C@H](CO)CC1=CC=CC=C1)[C@@H](C)CC,CNP0155594.1,0.9349756240844727,1.0,0.9765674471855164,0.99856036901474,0.58,112
470.6580000000004,4.187000000000002,4,2,CN1N=C(C2CCCCC2)C=C1[C@H]1CN2CC[C@H]1C[C@@H]2CNC(=O)CC1(CC(=O)O)CCCC1,CNP0236606.2,0.7755574584007263,1.0,0.00394419813528657,0.9972838163375854,0.5081539465101108,113
400.51200000000017,2.9212000000000007,6,2,CC[C@H](O)C[C@H]1CC[C@H]([C@H](C)C(=O)O[C@H](C)C[C@H]2CC[C@H]([C@H](C)C(=O)O)O2)O1,CNP0280737.3,0.9999537467956543,1.0,0.9999418258666992,0.9994015693664551,0.48539016689219666,114
400.51200000000017,2.9212000000000007,6,2,CC[C@H](O)C[C@@H]1CC[C@H]([C@H](C)C(=O)O[C@H](C)C[C@@H]2CC[C@H]([C@H](C)C(=O)O)O2)O1,CNP0280737.4,0.9999537467956543,1.0,0.9999418258666992,0.9994015693664551,0.48539016689219666,115
400.51200000000017,2.9212000000000007,6,2,CC[C@@H](O)C[C@@H]1CC[C@H]([C@@H](C)C(=O)O[C@@H](C)C[C@@H]2CC[C@H]([C@@H](C)C(=O)O)O2)O1,CNP0280737.9,0.9999537467956543,1.0,0.9999418258666992,0.9994015693664551,0.48539016689219666,116
446.62800000000027,3.6884000000000023,5,4,C[C@@H](CCCC(C)(C)O)[C@@H]1CC[C@]2(O)C3=CC(=O)C4=C[C@@H](O)[C@@H](O)C[C@@]4(C)[C@@H]3CC[C@@]12C,CNP0155531.3,0.9973932504653931,1.0,0.7857016921043396,0.9787719249725342,0.38,117
402.4870000000002,4.0385000000000035,6,1,CCOC(=O)C1=C/C(=C\CC(C)C)C2=C(C=C3O[C@H](C(C)(C)O)CC3=C2OC)O1,CNP0100589.1,0.9999128580093384,1.0,0.9999161958694458,0.9914698004722595,0.42148727984344425,118
400.51200000000017,2.9212000000000007,6,2,CC[C@H](O)C[C@@H]1CC[C@H]([C@H](C)C(=O)O[C@H](C)C[C@@H]2CC[C@@H]([C@H](C)C(=O)O)O2)O1,CNP0280737.13,0.9999537467956543,1.0,0.9999418258666992,0.9994015693664551,0.48539016689219666,119
483.5900000000003,2.777520000000001,5,2,COC(=O)[C@@H](CC1=CNC2=CC=CC=C12)NC(=O)[C@H]1CCCN(S(=O)(=O)C2=CC=C(C)C=C2)C1,CNP0105423.2,0.9758490324020386,1.0,0.9726545810699463,0.9999308586120605,0.6166666666666667,120
446.6280000000002,3.854500000000002,5,4,C=C1/C(=C\C=C2/CCC[C@@]3(C)[C@@H]2CC[C@@H]3[C@H](C)C[C@@H](O)C(=O)C(C)(C)O)C[C@@H](O)C[C@@H]1O,CNP0206703.2,0.2941300868988037,1.0,0.9876563549041748,0.9984706044197083,0.4,121
488.6210000000003,3.1937000000000015,7,2,COC(=O)CC[C@@H](C)[C@H]1CC(=O)[C@@]2(C)C3=C(C(=O)[C@@H](O)[C@]12C)[C@@]1(C)CC[C@H](O)C(C)(C)[C@@H]1CC3=O,CNP0294268.1,0.9827545285224915,1.0,0.9370954036712646,0.9749444127082825,0.3914872798434442,122
450.6600000000002,3.7041000000000035,5,4,CC(C)[C@@H](O)CC[C@@H](C)[C@H]1CC(=O)[C@@H]2[C@]1(C)CC[C@@H]1[C@@]3(C)CC[C@H](O)C[C@@H]3[C@@H](O)C[C@]12O,CNP0141400.1,0.01858784258365631,1.0,0.0048888311721384525,0.9805388450622559,0.38666666666666666,123
469.53800000000024,3.553600000000002,6,2,CC[C@@H](C)[C@H](NC(=O)N1CCC2=CC(OC)=C(OC)C=C2C1)C(=O)NC1=CC=C2OCOC2=C1,CNP0231015.2,0.0011730471160262823,1.0,0.015236610546708107,0.9992924928665161,0.4181539465101109,124
474.68200000000036,4.936100000000005,5,3,CC1=C2C3=C(CC[C@]2(C)[C@@H]([C@H](C)O)C1)[C@@]1(C)[C@H](O)[C@@H](OC(=O)CC(C)C)[C@H](O)C(C)(C)[C@@H]1CC3,CNP0107765.1,0.8528801202774048,1.0,0.9996589422225952,0.9991685152053833,0.41333333333333333,125
430.6290000000002,4.883700000000006,4,3,C=C1/C(=C\C=C2/CCC[C@]3(C)[C@@H]([C@H](C)CC(=O)CC(C)(C)O)CC[C@@H]23)C[C@@H](O)C[C@@H]1O,CNP0140915.1,0.018914438784122467,1.0,0.9516826868057251,0.9992138147354126,0.38333333333333336,126
488.7090000000004,4.658100000000005,5,3,C[C@@H]1C[C@@H]2O[C@@]3(O[C@@H]2C(C)(C)O)[C@H](O)[C@@]2(C)[C@@H]4CC[C@H]5C(C)(C)[C@@H](O)CC[C@@]56C[C@@]46CC[C@]2(C)[C@@H]13,CNP0264366.2,0.29516714811325073,1.0,0.8953710794448853,0.9285128116607666,0.38,127
467.60700000000037,2.9240000000000004,5,3,CC[C@@H](C)[C@H](NC(=O)OC(C)(C)C)C(=O)NC[C@H]1CC[C@H](C(=O)N2CCC[C@H]2C(=O)O)CC1,CNP0389108.3,0.9989363551139832,1.0,0.999829888343811,0.9999783039093018,0.5953494732448199,128
488.70900000000034,4.6581000000000055,5,3,C[C@@H]1C[C@H]2OC3(O[C@H]2C(C)(C)O)C1[C@@]1(C)CCC24CC25CC[C@H](O)C(C)(C)C5CC[C@H]4[C@]1(C)[C@@H]3O,CNP0264366.3,0.29516714811325073,1.0,0.8953710794448853,0.9285128116607666,0.38,129
446.62800000000027,3.6884000000000023,5,4,C[C@H](CCCC(C)(C)O)[C@H]1CC[C@@]2(O)C3=CC(=O)C4=C[C@H](O)[C@H](O)C[C@]4(C)[C@H]3CC[C@]12C,CNP0155531.1,0.9973932504653931,1.0,0.7857016921043396,0.9787719249725342,0.38,130
431.54000000000025,2.9964000000000013,6,1,COC1=CC=CC=C1N1CCN(CC(=O)NC2=C3CCN(C)C3=NC3=CC=CC=C23)CC1,CNP0509596.0,0.5143368244171143,1.0,0.9050750136375427,0.9998774528503418,0.5163078930202217,131
435.56400000000014,4.773400000000004,4,2,CC(C)(O)[C@@H]1OC(=O)C=C2[C@H](CC[C@@]3(C)[C@H]2CC[C@H]2CC4=C(NC5=CC=CC=C45)[C@@]23C)O1,CNP0482523.1,0.9999994039535522,1.0,0.9940675497055054,0.9926820397377014,0.3268774467356409,132
414.53900000000016,3.311300000000002,6,2,CC[C@@H](O)C[C@H]1CC[C@@H]([C@H](C)C(=O)O[C@@H](CC)C[C@@H]2CC[C@H]([C@@H](C)C(=O)O)O2)O1,CNP0348395.1,0.9997996687889099,1.0,0.9999775886535645,0.9994999170303345,0.4620568335588633,133
398.2860000000001,4.1936000000000035,4,1,CC[C@H](C)CCCC1=C(O)C=CC2=C1O[C@]1(C2=O)C(Cl)=C(Cl)C(=O)N1C,CNP0169235.1,0.9706528186798096,1.0,0.1968597173690796,0.9990333318710327,0.4163078930202218,134
490.6370000000002,4.529620000000004,7,3,CC1=NC(NC2=NNC3=C2CN(C(=O)N[C@H](CN(C)C)C2=CC=CC=C2)C3(C)C)=C2SC=CC2=N1,CNP0606288.1,0.9901303648948669,1.0,0.9813870787620544,0.9999133348464966,0.41384508749597787,135
444.61200000000025,4.220100000000005,5,3,C=C1C(=CC=C2CCC[C@]3(C)[C@@H]([C@H](C)C[C@H]4C[C@@](C)(O)C(=O)O4)CC[C@@H]23)C[C@@H](O)C[C@@H]1O,CNP0032953.1,0.0002716174931265414,1.0,0.000159108400112018,0.8340526819229126,0.3753901668921966,136
400.51200000000017,2.921200000000002,6,2,CC[C@@H](C[C@@H]1CC[C@H]([C@@H](C)C(=O)O)O1)OC(=O)[C@@H](C)[C@H]1CC[C@@H](C[C@H](C)O)O1,CNP0254170.1,0.9987082481384277,1.0,0.9999353885650635,0.9997250437736511,0.4720568335588633,137
488.7090000000004,4.658100000000005,5,3,C[C@@H]1C[C@H]2O[C@]3(O[C@H]2C(C)(C)O)[C@H](O)[C@@]2(C)[C@@H]4CC[C@H]5C(C)(C)[C@@H](O)CC[C@@]56C[C@@]46CC[C@]2(C)[C@@H]13,CNP0264366.1,0.29516714811325073,1.0,0.8953710794448853,0.9285128116607666,0.38,138
490.59300000000036,3.344800000000002,8,2,CC[C@H](C)[C@@H](O)[C@](C)(O)C=CC1=CC2=CC(=O)[C@]3(C)O[C@@](C)(OC)[C@](C)(C(=O)OC)[C@]3(C)C2=CO1,CNP0599317.1,0.995894193649292,1.0,0.3397192656993866,0.9966468214988708,0.4166666666666667,139
360.50200000000024,3.612700000000002,4,0,COCC(=O)N1C2=NC(C(C)C)=NN2C2(CCCCC2)[C@@H]2CCCC[C@@H]21,CNP0491398.1,0.998975396156311,1.0,0.9952908754348755,0.9999631643295288,0.6497080847104625,140
440.66500000000025,4.261900000000004,5,4,CCC(CO)C(O)CC(O)C(C)CCC(C)CCC[C@]1(C)[C@@H](CC)C(=O)C=C[C@@]1(C)O,CNP0104178.1,0.9819289445877075,1.0,0.9552813172340393,0.9945017099380493,0.4,141
414.53900000000016,3.311300000000002,6,2,CC[C@H](O)C[C@H]1CC[C@H]([C@@H](C)C(=O)O[C@@H](CC)C[C@@H]2CC[C@H]([C@@H](C)C(=O)O)O2)O1,CNP0348395.5,0.9997996687889099,1.0,0.9999775886535645,0.9994999170303345,0.4620568335588633,142
364.8290000000001,3.2993000000000015,5,1,COC[C@H]1CCCN1C(=O)C1=C([C@H](C)O)C(C2=CC=C(Cl)C=C2)=NO1,CNP0224762.1,0.9995586276054382,1.0,0.9999533891677856,0.9999632835388184,0.5863968048670183,143
432.6450000000003,4.797500000000005,4,3,CC(C)CCC[C@@H](C)[C@H]1CC[C@]2(O)C3=CC(=O)[C@H]4C[C@@H](O)CC[C@]4(C)[C@]3(O)CC[C@]12C,CNP0197166.3,0.9523640275001526,1.0,0.6064893007278442,0.5586140155792236,0.38333333333333336,144
440.5770000000002,2.786600000000001,7,3,CCCC(O)C1CCC(C2CCC(CC(O)CCC[C@@H](O)CC3=C[C@H](C)OC3=O)O2)O1,CNP0246913.1,0.8420620560646057,1.0,0.9377078413963318,0.9871088266372681,0.4120568335588633,145
390.43200000000024,2.965300000000001,7,1,COC1=C2C[C@@H](C(C)(C)O)OC2=CC2=C1C(=O)C=C(COC(=O)CC(C)C)O2,CNP0396174.1,0.986393392086029,1.0,0.9800153374671936,0.9983541965484619,0.4091111253514207,146
490.7250000000004,4.436600000000004,5,4,CC(C)(O)[C@H]1CC[C@@](C)([C@H]2[C@@H](O)C[C@@]3(C)[C@@H]4C[C@H](O)[C@H]5C(C)(C)[C@@H](O)CC[C@@]56CC46CC[C@]23C)O1,CNP0243356.3,0.9949350953102112,1.0,0.999362051486969,0.9976916313171387,0.3233333333333333,147
490.7250000000005,4.436600000000004,5,4,CC(C)(O)[C@@H]1CC[C@](C)([C@H]2[C@@H](O)C[C@@]3(C)[C@H]4[C@@H](O)C[C@@H]5C(C)(C)[C@@H](O)CC[C@@]56C[C@@]46CC[C@]23C)O1,CNP0134193.3,0.9813951849937439,1.0,0.9996464252471924,0.9966198205947876,0.3233333333333333,148
446.6280000000003,3.9765000000000033,5,3,CC(C)CC(=O)CC(C)C1CCC2(O)C3=CC(=O)C4CC(O)CCC4(C)C3(O)CCC12C,CNP0253449.0,0.4692135155200958,1.0,0.22311566770076752,0.8493210673332214,0.38333333333333336,149
467.60700000000037,2.9240000000000004,5,3,CC[C@H](C)[C@H](NC(=O)OC(C)(C)C)C(=O)NC[C@H]1CC[C@H](C(=O)N2CCC[C@H]2C(=O)O)CC1,CNP0389108.2,0.9989363551139832,1.0,0.999829888343811,0.9999783039093018,0.5953494732448199,150
388.4600000000002,3.4178000000000024,6,2,CCCOC1=C2C[C@@H](C(C)(C)O)OC2=CC2=C1C(=O)C=C(C1(O)CCCC1)O2,CNP0054896.1,0.9999997615814209,1.0,0.9996161460876465,0.9998008608818054,0.3181539465101109,151
384.91100000000034,4.810100000000004,3,0,O=C(C1=CC=CC(Cl)=C1)N1C2=NC=NN2C2(CCCCC2)[C@@H]2CCCC[C@@H]21,CNP0495417.1,0.9999998807907104,1.0,0.9995383024215698,0.9999735355377197,0.44666666666666666,152
428.52500000000026,4.428600000000004,6,1,CCOC(=O)C1=C2CC[C@@H](C(C)C)C=C2C2=C(C=C3O[C@H](C(C)(C)O)CC3=C2OC)O1,CNP0100441.1,0.9947662353515625,1.0,0.9999245405197144,0.989459753036499,0.4002107800689742,153
469.53800000000024,3.553600000000002,6,2,CC[C@H](C)[C@H](NC(=O)N1CCC2=CC(OC)=C(OC)C=C2C1)C(=O)NC1=CC=C2OCOC2=C1,CNP0231015.3,0.0011730471160262823,1.0,0.015236610546708107,0.9992924928665161,0.4181539465101109,154
418.5300000000002,3.2767000000000017,6,3,CC[C@H](C)C[C@H](C)C(=O)O[C@H]1CC2=CC(O)=C3C(=C2C(=O)[C@@]1(C)O)C[C@@H](O)C[C@H]3C,CNP0513832.1,0.9708022475242615,1.0,0.17402805387973785,0.9996151924133301,0.42482061317677755,155
400.51200000000017,2.9212000000000007,6,2,CC[C@H](O)C[C@H]1CC[C@H]([C@@H](C)C(=O)O[C@@H](C)C[C@@H]2CC[C@H]([C@@H](C)C(=O)O)O2)O1,CNP0280737.8,0.9999537467956543,1.0,0.9999418258666992,0.9994015693664551,0.48539016689219666,156
448.64400000000035,3.9124000000000034,5,4,C[C@@H](CCCC(C)(C)O)[C@H]1CC[C@]2(O)C3=CC(=O)[C@@]4(O)C[C@@H](O)CC[C@]4(C)[C@H]3CC[C@]12C,CNP0154423.1,0.9998375177383423,1.0,0.7603623867034912,0.6188520789146423,0.38333333333333336,157
381.586,3.0510000000000015,4,2,CCCCN(C)C[C@@H]1[C@H](CC)CN(C(=O)NCCC2=CC=CS2)[C@@H]1CO,CNP0550938.1,6.1032886151224375e-05,1.0,0.00030151018290780485,0.9958943128585815,0.3905117541626445,158
419.9090000000003,3.051800000000001,3,2,CC[C@H](C)[C@H](NC(=O)C1=CC2=CC(Cl)=CC=C2N1C)C(=O)N1CCC[C@H]1C(=O)O,CNP0387678.2,0.9459872245788574,1.0,0.9514086246490479,0.9998224377632141,0.5466666666666666,159
418.6180000000002,4.549400000000006,4,3,C=C1/C(=C\C=C2/CCC[C@]3(C)[C@@H]([C@H](C)OC[C@H](O)C(C)C)CC[C@@H]23)C[C@@H](O)C[C@@H]1O,CNP0501338.1,0.006222102791070938,1.0,0.855313241481781,0.9264957308769226,0.33666666666666667,160
461.9940000000002,4.025100000000002,7,2,CCC(CC)COC(=O)[C@@H]1C[C@H]2C[C@@H](OC3=CC=CC(Cl)=C3C3=NN=NN3)CC[C@H]2CN1,CNP0530292.1,0.9976252913475037,1.0,0.9999771118164062,0.994675874710083,0.5771784208293111,161
474.63800000000026,4.172300000000003,5,3,C[C@H](C[C@@H](C)[C@H]1CC(=O)[C@@]2(C)C3=C(C(=O)C[C@]12C)[C@@]1(C)CC[C@H](O)C(C)(C)[C@H]1C[C@@H]3O)C(=O)O,CNP0235619.1,0.9950830936431885,1.0,0.9948620200157166,0.9998936653137207,0.4505117541626445,162
484.6770000000004,4.978200000000005,5,2,CC1(C)[C@@H](O)CC[C@]2(C)[C@H]3C(=O)C=C4[C@]56C[C@](C)(C(=O)O5)[C@H](O)C[C@]6(C)CC[C@@]4(C)[C@]3(C)CC[C@@H]12,CNP0178107.1,0.8465564250946045,1.0,0.986386775970459,0.9998835325241089,0.40354411340230756,163
400.51200000000017,2.9212000000000007,6,2,CC[C@H](O)C[C@@H]1CC[C@@H]([C@@H](C)C(=O)O[C@@H](C)C[C@@H]2CC[C@@H]([C@@H](C)C(=O)O)O2)O1,CNP0280737.11,0.9999537467956543,1.0,0.9999418258666992,0.9994015693664551,0.48539016689219666,164
474.6380000000003,4.014700000000004,6,2,COC(=O)CC[C@@H](C)[C@H]1CC(=O)[C@@]2(C)C3=C(C(=O)C[C@]12C)[C@@]1(C)CC[C@H](O)C(C)(C)[C@@H]1C[C@@H]3O,CNP0321523.1,0.9731046557426453,1.0,0.7279294729232788,0.9903530478477478,0.3971784208293112,165
450.61900000000026,4.758400000000004,4,2,CO[C@H]1CC(=O)[C@@H]2[C@@H]3[C@H]4C[C@](C)([C@@]12O)[C@@]3(C)[C@]12C[C@H](CC3=CC=CC=C3O)C[C@@H]1CC[C@@H]4C2,CNP0474521.2,0.002098137279972434,1.0,0.00014561062562279403,0.31697553396224976,0.3181539465101109,166
458.55500000000023,3.270720000000002,7,3,COC1=CC(C(CC(=O)NCC2(N(C)C)CCCCC2)C2=C(O)C(=O)C=C(C)O2)=CC=C1O,CNP0413299.0,0.6734368801116943,1.0,0.2271651178598404,0.9993011951446533,0.41333333333333333,167
477.5170000000003,3.654120000000003,7,3,COC1=CC(C(CC(=O)N[C@@H](C)C2=NC3=CC=CC=C3N2C)C2=C(O)C(=O)C=C(C)O2)=CC=C1O,CNP0411222.1,0.9952138662338257,1.0,0.8073083758354187,0.9999403953552246,0.4666666666666667,168
467.6030000000003,3.365300000000002,8,3,CCCC[C@H](CCCO)[C@H](C[C@H](CCC1=CC=C(O)C(OC)=C1)OC(=O)CNC)OC(C)=O,CNP0099281.1,0.001175698242150247,1.0,0.5884872078895569,0.9834497570991516,0.3691111253514207,169
476.61000000000024,2.8971000000000013,6,4,C[C@@H](CCC(=O)O)[C@H]1CC(=O)[C@@]2(C)C3=C(C(=O)[C@@H](O)[C@]12C)[C@@]1(C)CC[C@H](O)C(C)(C)[C@@H]1C[C@@H]3O,CNP0288019.3,0.7820408940315247,1.0,0.7788259387016296,0.996541440486908,0.4266666666666667,170
488.7090000000004,4.658100000000005,5,3,C[C@@H]1C[C@H]2O[C@@]3(O[C@@H]2C(C)(C)O)[C@H](O)[C@@]2(C)[C@@H]4CC[C@H]5C(C)(C)[C@@H](O)CC[C@@]56C[C@@]46CC[C@]2(C)[C@@H]13,CNP0264366.5,0.29516714811325073,1.0,0.8953710794448853,0.9285128116607666,0.38,171
469.62300000000033,3.073800000000001,5,4,CC[C@@H](C)[C@H](NC(=O)[C@H]1CC[C@H](CNC(=O)[C@H](NC(=O)OC(C)(C)C)C(C)C)CC1)C(=O)O,CNP0333052.5,0.9972008466720581,1.0,0.9966301321983337,0.9998130202293396,0.5542905121746431,172
400.51200000000017,2.9212000000000007,6,2,CC[C@H](O)C[C@@H]1CC[C@H]([C@@H](C)C(=O)O[C@@H](C)C[C@@H]2CC[C@H]([C@@H](C)C(=O)O)O2)O1,CNP0280737.5,0.9999537467956543,1.0,0.9999418258666992,0.9994015693664551,0.48539016689219666,173
490.7250000000004,4.436600000000004,5,4,CC(C)(O)[C@H]1CC[C@](C)([C@H]2[C@@H](O)C[C@@]3(C)[C@@H]4C[C@H](O)[C@H]5C(C)(C)[C@@H](O)CC[C@@]56C[C@@]46CC[C@]23C)O1,CNP0243356.5,0.9949350953102112,1.0,0.999362051486969,0.9976916313171387,0.3233333333333333,174
460.69600000000037,4.266600000000002,6,4,CC[C@@H](C)CC[C@H](O[C@@H]1O[C@H](CO)[C@@H](O)[C@H](O)[C@H]1O)[C@@H](C)CCC[C@@H](C)CCCC(C)C,CNP0557594.1,0.9780564308166504,1.0,0.999671459197998,0.9995525479316711,0.44333333333333336,175
460.65500000000026,4.078400000000004,5,3,CC(C)[C@H](C)CC(=O)[C@@H](C)[C@H]1CC[C@@]2(O)C3=CC(=O)[C@@H]4C[C@@H](O)[C@@H](O)C[C@]4(C)[C@H]3CC[C@]12C,CNP0311215.1,0.24109353125095367,1.0,0.025173697620630264,0.9818226099014282,0.36333333333333334,176
490.7250000000004,4.294100000000004,5,4,CC(C)(O)[C@@H]1CO[C@@](C)([C@H]2[C@@H](O)C[C@@]3(C)[C@@H]4C[C@H](O)[C@H]5C(C)(C)[C@@H](O)CC[C@@]56C[C@@]46CC[C@]23C)C1,CNP0254532.1,0.9999761581420898,1.0,0.9999909400939941,0.9997488856315613,0.33539016689219664,177
490.7250000000004,4.436600000000004,5,4,CC(C)(O)[C@H]1CC[C@@](C)(C2[C@@H](O)C[C@@]3(C)[C@@H]4C[C@H](O)C5C(C)(C)[C@@H](O)CCC56CC46CC[C@]23C)O1,CNP0243356.1,0.9949350953102112,1.0,0.999362051486969,0.9976916313171387,0.3233333333333333,178
490.7250000000005,4.436600000000004,5,4,CC(C)(O)[C@H]1CC[C@@](C)([C@@H]2[C@@H](O)C[C@@]3(C)[C@@H]4[C@H](O)C[C@H]5C(C)(C)[C@@H](O)CC[C@@]56C[C@@]46CC[C@]23C)O1,CNP0134193.4,0.9813951849937439,1.0,0.9996464252471924,0.9966198205947876,0.3233333333333333,179
402.48700000000025,3.8079000000000027,6,2,CCCOC1=C2C[C@@H](C(C)(C)O)OC2=CC2=C1C(=O)C=C(C1(O)CCCCC1)O2,CNP0051858.1,1.0,1.0,0.9998706579208374,0.9999357461929321,0.3481539465101109,180
454.5230000000002,3.6693000000000024,7,1,CCCOC1=C2C[C@@H](C(C)(C)O)OC2=CC2=C1/C(=C/CN1C=CN=C1)C=C(C(=O)OCC)O2,CNP0406772.1,0.999995231628418,1.0,0.9995331764221191,0.9997393488883972,0.4063078930202218,181
450.61900000000026,4.758400000000004,4,2,CO[C@@H]1CC(=O)[C@H]2[C@@H]3[C@@H]4C[C@](C)([C@@]12O)[C@@]3(C)[C@]12C[C@H](CC3=CC=CC=C3O)C[C@H]1CC[C@H]4C2,CNP0474521.1,0.002098137279972434,1.0,0.00014561062562279403,0.31697553396224976,0.3181539465101109,182
490.7250000000004,4.436600000000004,5,4,CC(C)(O)[C@H]1CC[C@](C)([C@H]2[C@H](O)C[C@@]3(C)[C@@H]4C[C@H](O)[C@@H]5C(C)(C)[C@H](O)CC[C@]56C[C@]46CC[C@]23C)O1,CNP0243356.13,0.9949350953102112,1.0,0.999362051486969,0.9976916313171387,0.3233333333333333,183
469.6230000000003,3.073800000000002,5,4,CC[C@@H](C)[C@H](NC(=O)OC(C)(C)C)C(=O)NC[C@H]1CC[C@H](C(=O)N[C@@H](C(=O)O)C(C)C)CC1,CNP0318173.3,0.996482253074646,1.0,0.997913658618927,0.9998100399971008,0.5476238455079764,184
483.6500000000004,3.4639000000000015,5,4,CCC(C)[C@H](NC(=O)[C@H]1CC[C@H](CNC(=O)[C@@H](NC(=O)OC(C)(C)C)C(C)CC)CC1)C(=O)O,CNP0389017.1,0.9977188110351562,1.0,0.9984444975852966,0.9998314380645752,0.5409571788413098,185
476.61000000000024,2.8971000000000013,6,4,C[C@H](CCC(=O)O)[C@H]1CC(=O)[C@@]2(C)C3=C(C(=O)[C@@H](O)[C@]12C)[C@@]1(C)CC[C@H](O)C(C)(C)[C@H]1C[C@@H]3O,CNP0288019.2,0.7820408940315247,1.0,0.7788259387016296,0.996541440486908,0.4266666666666667,186
497.6730000000003,4.830300000000004,6,1,CCCCC(C)CC(C)C(=O)N1CCC[C@H]1C(=O)O[C@@H](C(=O)O[C@H](C(=O)O)[C@@H](C)CC)[C@@H](C)CC,CNP0121132.2,1.0,1.0,0.9999984502792358,0.9999984502792358,0.51,187
400.51200000000017,2.921200000000002,6,2,CC[C@@H](C[C@@H]1CC[C@H]([C@@H](C)C(=O)O)O1)OC(=O)[C@@H](C)[C@@H]1CC[C@H](C[C@@H](C)O)O1,CNP0254170.2,0.9987082481384277,1.0,0.9999353885650635,0.9997250437736511,0.4720568335588633,188
490.7250000000004,4.436600000000004,5,4,CC(C)(O)[C@@H]1CC[C@](C)([C@@H]2[C@@H](O)C[C@@]3(C)[C@@H]4C[C@H](O)[C@H]5C(C)(C)[C@@H](O)CC[C@@]56C[C@@]46CC[C@]23C)O1,CNP0243356.2,0.9949350953102112,1.0,0.999362051486969,0.9976916313171387,0.3233333333333333,189
367.45700000000005,3.4892200000000013,5,2,CCCCC(CC)C1CC(=O)NC2=C1C(C)=NN2C1=NC=NC2=C1N=CN2,CNP0399570.0,0.9707872867584229,1.0,0.6559295058250427,0.9998624324798584,0.48533236733942203,190
390.43200000000013,2.965300000000002,7,1,CCC(C)C(=O)OCC1=CC(=O)C2=C(OC)C3=C(C=C2O1)O[C@H](C(C)(C)O)C3,CNP0259185.1,0.9970904588699341,1.0,0.9956738352775574,0.9998582601547241,0.4257777920180874,191
489.57200000000023,4.964320000000003,6,3,CC[C@H](C)[C@H](NC(=O)CC(C1=CC=C(OC)C=C1)C1=C(O)C(=O)C=C(C)O1)C1=NC2=CC=CC=C2N1,CNP0365556.1,0.9199295043945312,1.0,0.9125782251358032,0.9998335838317871,0.47333333333333333,192
376.88400000000024,4.843100000000004,4,1,CCN(C(=O)C1=C([C@H](C)O)ON=C1C1=CC=C(Cl)C=C1)C1CCCCC1,CNP0243833.1,0.9998451471328735,1.0,0.9994603991508484,0.9997832179069519,0.5288412635517723,193
414.4980000000003,4.3251000000000035,6,1,C=C1C=C(C(=O)OCC)OC2=CC3=C(C[C@@H](C(C)(C)O)O3)C(OC3CCCCC3)=C12,CNP0370725.1,0.9985079169273376,1.0,0.9998441934585571,0.982987642288208,0.4202107800689742,194
360.4500000000001,4.122520000000003,5,0,CC[C@H](C)CC(=O)O[C@H]1CC[C@@H]2CC3=C(C(C)=CO3)[C@@H]3OC(=O)[C@H]1[C@]23C,CNP0109654.1,0.03856150060892105,1.0,0.024877479299902916,0.9993995428085327,0.35354411340230757,195
490.7250000000005,4.436600000000004,5,4,CC(C)(O)[C@H]1CC[C@@](C)([C@H]2[C@@H](O)C[C@@]3(C)[C@@H]4[C@H](O)C[C@H]5C(C)(C)[C@@H](O)CC[C@@]56C[C@@]46CC[C@]23C)O1,CNP0134193.2,0.9813951849937439,1.0,0.9996464252471924,0.9966198205947876,0.3233333333333333,196
454.51900000000023,3.895800000000003,7,1,CCOC(=O)C1=C2CC[C@H]3CC(=O)CCC3=C2C2=C(C=C3O[C@H](C(C)(C)O)CC3=C2OC)O1,CNP0098557.1,0.9974204301834106,1.0,0.9998364448547363,0.9962701797485352,0.3635441134023075,197
412.4860000000002,2.8379000000000003,5,2,COC(=O)[C@@H](CC1=CC=CC=C1)NC(=O)[C@@H](NC(=O)OCC1=CC=CC=C1)C(C)C,CNP0105105.2,0.999548614025116,1.0,0.9994107484817505,0.9998669624328613,0.5833333333333334,198
469.6230000000003,3.073800000000002,5,4,CC[C@H](C)[C@H](NC(=O)OC(C)(C)C)C(=O)NC[C@H]1CC[C@H](C(=O)N[C@@H](C(=O)O)C(C)C)CC1,CNP0318173.6,0.996482253074646,1.0,0.997913658618927,0.9998100399971008,0.5476238455079764,199
490.7250000000005,4.484300000000004,5,4,C[C@H](C[C@H](O)[C@H](O)C(C)(C)O)[C@H]1[C@H](O)C[C@@]2(C)[C@@H]3CC[C@H]4C(C)(C)C(=O)CC[C@@]45C[C@@]35CC[C@]12C,CNP0287040.2,0.9952757358551025,1.0,0.9981903433799744,0.9571301937103271,0.3566666666666667,200
448.6440000000003,3.6242000000000028,5,4,C[C@H]([C@H](C)CC(C)(C)O)[C@@H]1CC[C@@]2(O)C3=CC(=O)[C@H]4C[C@@H](O)[C@@H](O)C[C@]4(C)[C@H]3CC[C@]12C,CNP0225117.2,0.9835221767425537,1.0,0.8077587485313416,0.999009370803833,0.4081539465101109,201
414.53900000000016,3.311300000000002,6,2,CC[C@H](O)C[C@@H]1CC[C@H]([C@H](C)C(=O)O[C@H](CC)C[C@@H]2CC[C@H]([C@H](C)C(=O)O)O2)O1,CNP0348395.10,0.9997996687889099,1.0,0.9999775886535645,0.9994999170303345,0.4620568335588633,202
428.52500000000026,4.340500000000003,6,2,CC(C)(O)[C@@H]1CC2=C(C=C3OC(C4(O)CCCCC4)=CC(=O)C3=C2OC2CCCC2)O1,CNP0371104.1,0.9999302625656128,1.0,0.9992721676826477,0.9992215633392334,0.35893428029450425,203
469.62300000000033,3.073800000000001,5,4,CCC(C)[C@H](NC(=O)[C@H]1CC[C@H](CNC(=O)[C@H](NC(=O)OC(C)(C)C)C(C)C)CC1)C(=O)O,CNP0333052.1,0.9972008466720581,1.0,0.9966301321983337,0.9998130202293396,0.5542905121746431,204
435.52800000000013,4.161700000000002,5,2,CCCCC(=O)N(CC1=CC=C(C2=CC=CC=C2C2=NN=NN2)C=C1)[C@H](C(=O)O)C(C)C,CNP0542698.1,0.9999945163726807,1.0,0.9996312856674194,0.9996579885482788,0.5266666666666666,205
389.5840000000001,4.392700000000005,3,2,CCCCN(C)C[C@@H]1[C@H](CC)CN(C(=O)NC2=CC=C(C(C)C)C=C2)[C@@H]1CO,CNP0507235.1,0.0036789108999073505,1.0,0.015802372246980667,0.9999607801437378,0.49480226633728763,206
382.5080000000003,4.903000000000005,4,0,CCCC(=O)N1C2=NC(C3=CC=CO3)=NN2C2(CCCCC2)[C@@H]2CCCC[C@@H]21,CNP0498958.1,0.9996485710144043,1.0,0.9773986339569092,0.9998612403869629,0.550219838873107,207
414.53900000000016,3.311300000000002,6,2,CC[C@@H](O)C[C@H]1CC[C@H]([C@@H](C)C(=O)O[C@@H](CC)C[C@@H]2CC[C@H]([C@@H](C)C(=O)O)O2)O1,CNP0348395.4,0.9997996687889099,1.0,0.9999775886535645,0.9994999170303345,0.4620568335588633,208
490.6370000000003,2.9855000000000014,7,3,COC(=O)CC[C@@H](C)[C@H]1CC(=O)[C@@]2(C)C3=C(C(=O)[C@@H](O)[C@]12C)[C@@]1(C)CC[C@H](O)C(C)(C)[C@@H]1C[C@@H]3O,CNP0188545.1,0.9986068606376648,1.0,0.9903000593185425,0.9981473684310913,0.3933333333333333,209
393.9590000000001,3.3152000000000017,3,1,CCN(CC)C(=O)[C@@H]1CCC[C@@H](NCC2=CC=CC(Cl)=C2)CN(C)C(=O)C1,CNP0195620.1,0.0005788551061414182,1.0,0.0003179246559739113,0.999923586845398,0.39872350022553,210
469.62300000000033,3.073800000000001,5,4,CCC(C)[C@H](NC(=O)[C@H]1CC[C@H](CNC(=O)[C@@H](NC(=O)OC(C)(C)C)C(C)C)CC1)C(=O)O,CNP0333052.2,0.9972008466720581,1.0,0.9966301321983337,0.9998130202293396,0.5542905121746431,211
460.0180000000005,3.852920000000003,5,1,CC1=C(C(=O)NCCN2CCN(C3=CC(Cl)=CC=C3C)CC2)C2(CCCCCC2)OC1=O,CNP0492941.0,0.977272629737854,1.0,0.9871464967727661,0.9998558759689331,0.4814872798434442,212
419.9090000000003,3.051800000000001,3,2,CC[C@@H](C)[C@H](NC(=O)C1=CC2=CC(Cl)=CC=C2N1C)C(=O)N1CCC[C@H]1C(=O)O,CNP0387678.3,0.9459872245788574,1.0,0.9514086246490479,0.9998224377632141,0.5466666666666666,213
412.4860000000002,2.8379000000000003,5,2,COC(=O)[C@H](CC1=CC=CC=C1)NC(=O)[C@@H](NC(=O)OCC1=CC=CC=C1)C(C)C,CNP0105105.3,0.999548614025116,1.0,0.9994107484817505,0.9998669624328613,0.5833333333333334,214
483.5900000000003,2.777520000000001,5,2,COC(=O)[C@@H](CC1=CNC2=CC=CC=C12)NC(=O)C1CCCN(S(=O)(=O)C2=CC=C(C)C=C2)C1,CNP0105423.1,0.9758490324020386,1.0,0.9726545810699463,0.9999308586120605,0.6166666666666667,215
435.5420000000003,3.9806000000000035,7,1,CCOC(=O)C1=C(NC(=O)[C@@H]2CC(=O)OC23CCCCC3)SC2=C1CC(C)(C)OC2,CNP0529636.1,0.9995473027229309,1.0,0.9953696131706238,0.9994931221008301,0.44577779201808737,216
435.5420000000003,3.9806000000000035,7,1,CCOC(=O)C1=C(NC(=O)[C@H]2CC(=O)OC23CCCCC3)SC2=C1CC(C)(C)OC2,CNP0529636.2,0.9995473027229309,1.0,0.9953696131706238,0.9994931221008301,0.44577779201808737,217
483.6500000000004,3.4639000000000015,5,4,CC[C@@H](C)[C@H](NC(=O)[C@H]1CC[C@H](CNC(=O)[C@@H](NC(=O)OC(C)(C)C)[C@H](C)CC)CC1)C(=O)O,CNP0389017.5,0.9977188110351562,1.0,0.9984444975852966,0.9998314380645752,0.5409571788413098,218
481.6770000000002,4.599500000000004,5,3,CO[C@@H]1CC(=O)[C@H]2[C@@H]3C[C@H]4CC[C@]5(CC[C@@H](CC6=CC=CC(NC[C@H](C)O)=C6)C5)[C@]3(C)[C@@]4(C)[C@@]12O,CNP0477525.1,0.9141241312026978,1.0,0.8471481204032898,0.9982652068138123,0.4211285061969994,219
412.4860000000002,2.8379000000000003,5,2,COC(=O)[C@H](CC1=CC=CC=C1)NC(=O)[C@H](NC(=O)OCC1=CC=CC=C1)C(C)C,CNP0105105.1,0.999548614025116,1.0,0.9994107484817505,0.9998669624328613,0.5833333333333334,220
497.6730000000003,4.830300000000004,6,1,CCCC[C@H](C)C[C@H](C)C(=O)N1CCC[C@H]1C(=O)O[C@@H](C(=O)O[C@H](C(=O)O)[C@@H](C)CC)[C@@H](C)CC,CNP0121132.1,1.0,1.0,0.9999984502792358,0.9999984502792358,0.51,221
414.53900000000016,3.311300000000002,6,2,CC[C@H](O)C[C@@H]1CC[C@H]([C@@H](C)C(=O)O[C@@H](CC)C[C@@H]2CC[C@H]([C@@H](C)C(=O)O)O2)O1,CNP0348395.9,0.9997996687889099,1.0,0.9999775886535645,0.9994999170303345,0.4620568335588633,222
481.6770000000002,4.599500000000004,5,3,CO[C@@H]1CC(=O)[C@H]2[C@@H]3C[C@@H]4CC[C@]5(CC[C@H](CC6=CC=CC(NC[C@H](C)O)=C6)C5)[C@]3(C)[C@@]4(C)[C@@]12O,CNP0477525.2,0.9141241312026978,1.0,0.8471481204032898,0.9982652068138123,0.4211285061969994,223
417.5020000000002,3.317740000000003,5,3,CCC(C)[C@@H](C(=O)O)N1C(C)=CC2=C3C[C@@H](C(C)(C)O)COC3=C(C)C(O)=C2C1=O,CNP0556046.1,0.9996562004089355,1.0,0.9995063543319702,0.9999929666519165,0.48301401240017316,224
486.6490000000004,3.4369000000000023,6,4,CC(C)[C@@](O)([C@H](C)O)[C@@H]1C=C([C@H]2[C@H](O)C[C@H]3C4=CC[C@H]5C[C@@H](O)CC[C@]5(C)C4=CC[C@@]32C)C(=O)O1,CNP0349415.1,0.9981902241706848,1.0,0.9936662316322327,0.9844531416893005,0.4320568335588633,225
469.6230000000003,3.073800000000002,5,4,CC[C@@H](C)[C@H](NC(=O)OC(C)(C)C)C(=O)NC[C@H]1CC[C@H](C(=O)N[C@H](C(=O)O)C(C)C)CC1,CNP0318173.5,0.996482253074646,1.0,0.997913658618927,0.9998100399971008,0.5476238455079764,226
414.53900000000016,3.009600000000002,7,1,CCOC(=O)[C@H](C)[C@H]1CC[C@@H](C[C@H](C)OC(=O)[C@@H](C)[C@@H]2CC[C@H](C[C@@H](C)O)O2)O1,CNP0141650.1,0.8407017588615417,1.0,0.999369204044342,0.995144784450531,0.39872350022553,227
490.7250000000004,4.436600000000004,5,4,CC(C)(O)[C@@H]1CC[C@](C)([C@H]2[C@@H](O)C[C@@]3(C)[C@@H]4C[C@H](O)[C@H]5C(C)(C)[C@@H](O)CC[C@@]56C[C@@]46CC[C@]23C)O1,CNP0243356.6,0.9949350953102112,1.0,0.999362051486969,0.9976916313171387,0.3233333333333333,228
386.857,3.329600000000002,5,2,CC(C)CS(=O)(=O)N[C@H](C)C1=C(C(=O)O)C(C2=CC=C(Cl)C=C2)=NO1,CNP0015414.1,0.9999945163726807,1.0,0.9999998807907104,0.9999871253967285,0.6514872798434442,229
494.5880000000004,4.592000000000004,7,1,CCOC(=O)C1=C/C(=C\CN2C=CN=C2)C2=C(C=C3O[C@H](C(C)(C)O)CC3=C2OC2CCCCC2)O1,CNP0115667.1,0.9999529123306274,1.0,0.9999206066131592,0.9994725584983826,0.45503139324575176,230
374.4330000000001,3.402400000000002,6,1,CC/C=C1\C=C(C(=O)OCC)OC2=CC3=C(C[C@@H](C(C)(C)O)O3)C(OC)=C12,CNP0088034.1,0.9995775818824768,1.0,0.9994410872459412,0.8711106181144714,0.35148727984344424,231
400.51200000000017,2.9212000000000007,6,2,CC[C@@H](O)C[C@@H]1CC[C@@H]([C@@H](C)C(=O)O[C@@H](C)C[C@@H]2CC[C@@H]([C@@H](C)C(=O)O)O2)O1,CNP0280737.12,0.9999537467956543,1.0,0.9999418258666992,0.9994015693664551,0.48539016689219666,232
476.61000000000024,2.8971000000000013,6,4,C[C@H](CCC(=O)O)[C@H]1CC(=O)[C@@]2(C)C3=C(C(=O)[C@@H](O)[C@]12C)[C@@]1(C)CC[C@H](O)C(C)(C)[C@@H]1C[C@@H]3O,CNP0288019.1,0.7820408940315247,1.0,0.7788259387016296,0.996541440486908,0.4266666666666667,233
490.7250000000004,4.436600000000004,5,4,CC(C)(O)[C@@H]1CC[C@](C)([C@H]2[C@@H](O)C[C@@]3(C)[C@H]4C[C@H](O)[C@@H]5C(C)(C)[C@@H](O)CC[C@@]56C[C@@]46CC[C@]23C)O1,CNP0243356.12,0.9949350953102112,1.0,0.999362051486969,0.9976916313171387,0.3233333333333333,234
358.5300000000002,4.766400000000004,3,0,CCCC(=O)N1C2=NC(C(C)C)=NN2C2(CCCCC2)[C@@H]2CCCC[C@@H]21,CNP0540865.1,0.9929763078689575,1.0,0.9744768142700195,0.9999649524688721,0.5560159777306842,235
414.53900000000016,3.311300000000002,6,2,CC[C@H](O)C[C@@H]1CC[C@H]([C@H](C)C(=O)O[C@H](CC)C[C@@H]2CC[C@H]([C@@H](C)C(=O)O)O2)O1,CNP0348395.11,0.9997996687889099,1.0,0.9999775886535645,0.9994999170303345,0.4620568335588633,236
448.5560000000002,2.7045000000000003,6,4,CC(C)C1=C2C3=CC=C(C(=O)O)C[C@H](O[C@@H]4OC[C@@H](O)[C@H](O)[C@H]4O)[C@]3(C)CC[C@@]2(C)CC1,CNP0458916.1,0.06561863422393799,1.0,0.9826453924179077,0.9955732822418213,0.37333333333333335,237
495.0410000000003,4.1734000000000036,6,1,COC1=C2CN(C)CCC2=C(S(=O)(=O)NCC[C@H](C2=CC=C(Cl)C=C2)C(C)C)C2=C1OCO2,CNP0397279.2,0.9951127171516418,1.0,0.9600423574447632,0.9906099438667297,0.5796412263535551,238
432.6450000000003,4.797500000000005,4,3,CC(C)CCC[C@@H](C)[C@@H]1CC[C@@]2(O)C3=CC(=O)[C@H]4C[C@@H](O)CC[C@]4(C)[C@@]3(O)CC[C@]12C,CNP0197166.2,0.9523640275001526,1.0,0.6064893007278442,0.5586140155792236,0.38333333333333336,239
426.4690000000002,2.889100000000001,7,1,CCOC(=O)C1=C/C(=C\CN2C=CN=C2)C2=C(C=C3O[C@H](C(C)(C)O)CC3=C2OC)O1,CNP0311137.1,0.9998804330825806,1.0,0.9996922016143799,0.9997333884239197,0.3929745596868885,240
414.53900000000016,3.311300000000002,6,2,CC[C@@H](O)C[C@@H]1CC[C@@H]([C@@H](C)C(=O)O[C@@H](CC)C[C@@H]2CC[C@@H]([C@@H](C)C(=O)O)O2)O1,CNP0348395.8,0.9997996687889099,1.0,0.9999775886535645,0.9994999170303345,0.4620568335588633,241
467.60700000000037,2.9240000000000004,5,3,CCC(C)[C@H](NC(=O)OC(C)(C)C)C(=O)NC[C@H]1CC[C@H](C(=O)N2CCC[C@H]2C(=O)O)CC1,CNP0389108.1,0.9989363551139832,1.0,0.999829888343811,0.9999783039093018,0.5953494732448199,242
414.5500000000002,3.316740000000002,5,2,CC[C@@H]1CN(C(=O)NC2=C(C)ON=C2C)[C@H](CO)[C@@H]1CN(C)CCC1=CC=CC=C1,CNP0570963.1,0.00022138701751828194,1.0,7.790132804075256e-05,0.9997298121452332,0.4434863138495329,243
464.5180000000002,3.9754000000000023,6,2,C=C1C=C(C(=O)OCC)OC2=CC3=C(C[C@@H](C(C)(C)O)O3)C(OCCN3C=CC4=C3C=CN4)=C12,CNP0299782.1,0.9972298741340637,1.0,0.8950517773628235,0.9981532692909241,0.4196412263535551,244
483.6500000000004,3.4639000000000015,5,4,CC[C@@H](C)[C@H](NC(=O)[C@H]1CC[C@@H](CNC(=O)[C@@H](NC(=O)OC(C)(C)C)[C@@H](C)CC)CC1)C(=O)O,CNP0389017.3,0.9977188110351562,1.0,0.9984444975852966,0.9998314380645752,0.5409571788413098,245
474.6380000000003,4.172300000000004,5,3,C[C@H](C[C@H](C)C(=O)O)[C@H]1CC(=O)[C@@]2(C)C3=C(C(=O)C[C@]12C)[C@@]1(C)CC[C@H](O)C(C)(C)[C@H]1C[C@@H]3O,CNP0235619.2,0.9950830936431885,1.0,0.9948620200157166,0.9998936653137207,0.4505117541626445,246
487.7010000000003,3.879170000000003,5,4,CC(C)(O)[C@@H]1[CH]C[C@](C)([C@H]2[C@@H](O)C[C@@]3(C)[C@@H]4C[C@H](O)[C@H]5C(C)(C)[C@@H](O)[CH]C[C@@]56C[C@@]46[CH]C[C@@]23C)O1,CNP0576094.1,0.9890011548995972,1.0,0.9947690367698669,0.9993566870689392,0.31666666666666665,247
384.56800000000027,4.985600000000005,3,0,CCC1=NN2C(=N1)N(C(=O)C1CCCCC1)[C@H]1CCCC[C@H]1C21CCCCC1,CNP0549357.1,0.997553288936615,1.0,0.9798294305801392,0.9999681711196899,0.4711953645539067,248
370.4900000000002,2.9330000000000007,4,3,CC[C@H](C)[C@H](NC(=O)OC(C)(C)C)C(=O)NC[C@H]1CC[C@H](C(=O)O)CC1,CNP0260069.1,0.9973918199539185,1.0,0.997930645942688,0.9998440742492676,0.5266666666666666,249
496.6040000000003,4.274020000000005,7,2,COC1=CC([C@@H]2C(C(=O)C3=CC=C(OCC(C)C)C(C)=C3)=C(O)C(=O)N2CCCN(C)C)=CC=C1O,CNP0371411.2,0.6686928868293762,1.0,0.7461516261100769,0.9984170198440552,0.38256858772150787,250
400.51200000000017,2.9212000000000007,6,2,CC[C@@H](O)C[C@H]1CC[C@H]([C@@H](C)C(=O)O[C@@H](C)C[C@@H]2CC[C@H]([C@@H](C)C(=O)O)O2)O1,CNP0280737.10,0.9999537467956543,1.0,0.9999418258666992,0.9994015693664551,0.48539016689219666,251
476.61000000000024,2.8971000000000013,6,4,C[C@H](CCC(=O)O)[C@H]1CC(=O)[C@@]2(C)C3=C(C(=O)[C@H](O)[C@]12C)[C@@]1(C)CC[C@H](O)C(C)(C)[C@@H]1C[C@@H]3O,CNP0288019.4,0.7820408940315247,1.0,0.7788259387016296,0.996541440486908,0.4266666666666667,252
418.61800000000017,4.693500000000006,4,3,C=C1/C(=C\C=C2/CCC[C@]3(C)[C@@H]([C@H](C)OCCC(C)(C)O)CC[C@@H]23)C[C@@H](O)C[C@@H]1O,CNP0074715.1,0.9198735356330872,1.0,0.9778724908828735,0.974150538444519,0.37,253
480.5610000000004,4.059400000000004,7,1,CCOC(=O)C1=C/C(=C\CN2C=CN=C2)C2=C(C=C3O[C@H]([C@@](C)(O)C4CCCC4)CC3=C2OC)O1,CNP0089527.1,0.9999154806137085,1.0,0.9995377063751221,0.9995273351669312,0.42169805991241843,254
482.57700000000034,4.087600000000004,7,1,CCOC(=O)C1=C/C(=C\CN2C=CN=C2CC(C)C)C2=C(C=C3O[C@H](C(C)(C)O)CC3=C2OC)O1,CNP0089471.1,0.9999988079071045,1.0,0.9999909400939941,0.9999128580093384,0.537795172863666,255
490.60400000000016,3.5809000000000006,4,4,CC[C@H](C)[C@H](NC(C)=O)C(=O)N(C)[C@@H](CC1=CC=C(O)C=C1)C(=O)N/C=C\C1=CNC2=CC=CC=C12,CNP0513120.2,0.999990701675415,0.9999998807907104,0.9993840456008911,0.9999713897705078,0.6233333333333333,256
448.64400000000035,3.7683000000000026,5,4,C[C@H]([C@H](O)CCC(C)(C)O)[C@H]1CC[C@@]2(O)C3=CC(=O)[C@@H]4C[C@@H](O)CC[C@]4(C)[C@H]3CC[C@]12C,CNP0243690.1,0.9951914548873901,0.9999998807907104,0.3088393211364746,0.864215075969696,0.43,257
409.95800000000025,3.3016000000000014,4,2,CC[C@@H]1CN(C(=O)NC2=CC=CC(Cl)=C2)[C@H](CO)[C@@H]1CN1CCC[C@@H]1COC,CNP0578354.1,0.004700939636677504,0.9999998807907104,0.20923054218292236,0.9996976852416992,0.44306347153368497,258
490.60400000000016,3.5809000000000006,4,4,CC[C@H](C)[C@H](NC(C)=O)C(=O)N(C)[C@@H](CC1=CC=C(O)C=C1)C(=O)N/C=C/C1=CNC2=CC=CC=C12,CNP0513120.1,0.999990701675415,0.9999998807907104,0.9993840456008911,0.9999713897705078,0.6233333333333333,259
419.5250000000003,4.4543000000000035,3,3,O=C(N[C@@H](CC1=CNC2=CC=CC=C12)C(=O)NC1CCCCC1)OCC1=CC=CC=C1,CNP0496838.2,0.032487865537405014,0.9999998807907104,0.9964292645454407,0.9998650550842285,0.48333333333333334,260
388.54800000000023,4.980840000000005,4,0,CC(=O)OCC[C@@H](C)CCC1=C(C)C(C)=CC2=C1CC[C@H](OC(C)=O)C2(C)C,CNP0324636.1,0.1785038560628891,0.9999998807907104,0.6469457149505615,0.8839346766471863,0.3381539465101109,261
419.5250000000003,4.4543000000000035,3,3,O=C(N[C@H](CC1=CNC2=CC=CC=C12)C(=O)NC1CCCCC1)OCC1=CC=CC=C1,CNP0496838.1,0.032487865537405014,0.9999998807907104,0.9964292645454407,0.9998650550842285,0.48333333333333334,262
498.6600000000004,4.480700000000004,6,2,CC1=CC[C@H]([C@](C)(O)[C@H]2CC[C@@]3(C)[C@@H]4C[C@@H](O)[C@H]5C(C)(C)OC(=O)C=C[C@@]56C[C@@]46CC[C@]23C)OC1=O,CNP0171854.2,0.32824385166168213,0.9999998807907104,0.4036177694797516,0.988837480545044,0.35872350022552996,263
478.6150000000003,2.916500000000001,5,4,CC[C@@H](C)[C@H](NC(=O)N1C2=CC=CC=C2NC(=O)[C@@H]1C(C)C)C(=O)N[C@H](CCSC)C(=O)O,CNP0197225.4,0.00796860083937645,0.9999998807907104,0.016083145514130592,0.9997336268424988,0.5224444586847541,264
448.64400000000035,3.7683000000000026,5,4,C[C@@H]([C@H](O)CCC(C)(C)O)[C@H]1CC[C@]2(O)C3=CC(=O)[C@@H]4C[C@H](O)CC[C@]4(C)[C@H]3CC[C@]12C,CNP0243690.6,0.9951914548873901,0.9999998807907104,0.3088393211364746,0.864215075969696,0.43,265
478.6150000000003,2.916500000000001,5,4,CC[C@H](C)[C@H](NC(=O)N1C2=CC=CC=C2NC(=O)[C@@H]1C(C)C)C(=O)N[C@@H](CCSC)C(=O)O,CNP0197225.6,0.00796860083937645,0.9999998807907104,0.016083145514130592,0.9997336268424988,0.5224444586847541,266
442.5520000000003,4.632200000000005,6,3,COC1=C2C[C@H](C3=CC=C(O)C(CCC(C)(C)O)=C3O)COC2=CC2=C1CCC(C)(C)O2,CNP0583236.1,0.9311590790748596,0.9999998807907104,0.9859420657157898,0.9809982180595398,0.38482061317677757,267
448.64400000000035,3.7683000000000026,5,4,C[C@H]([C@H](O)CCC(C)(C)O)[C@@H]1CC[C@@]2(O)C3=CC(=O)[C@@H]4C[C@H](O)CC[C@]4(C)[C@H]3CC[C@]12C,CNP0243690.4,0.9951914548873901,0.9999998807907104,0.3088393211364746,0.864215075969696,0.43,268
386.8350000000001,4.5526000000000035,5,2,COC1=CC=C(C2=NOC([C@@H](C)NCC3=CC=CC(Cl)=C3)=C2C(=O)O)C=C1,CNP0015380.1,0.9987820982933044,0.9999998807907104,0.9996132254600525,0.9980592131614685,0.543063471533685,269
463.49000000000024,3.6437200000000023,7,4,COC1=CC(C(CC(=O)N[C@@H](C)C2=NC3=CC=CC=C3N2)C2=C(O)C(=O)C=C(C)O2)=CC=C1O,CNP0144031.1,0.9555386900901794,0.9999998807907104,0.9712207913398743,0.9998212456703186,0.48,270
356.51400000000024,4.423200000000004,3,0,O=C(C1CCCCC1)N1C2=NC=NN2C2(CCCCC2)[C@@H]2CCCC[C@@H]21,CNP0556812.1,0.9993471503257751,0.9999998807907104,0.9905180335044861,0.9999139308929443,0.39217089023470647,271
368.4770000000001,4.583040000000003,3,2,CC[C@H](C)[C@@H](NC(=O)OCC1=CC=CC=C1)C(=O)NC1=CC=C(C)C(C)=C1,CNP0552133.2,0.10427424311637878,0.9999998807907104,0.9920654892921448,0.9996495246887207,0.47649314838804513,272
486.60500000000036,3.401900000000002,7,1,COC(=O)CCC(C)[C@H]1CC(=O)[C@@]2(C)C3=C(C(=O)[C@H](O)[C@]12C)[C@@]1(C)CCC(=O)C(C)(C)[C@@H]1CC3=O,CNP0256865.1,0.7924898266792297,0.9999998807907104,0.8503866195678711,0.8105007410049438,0.3714872798434442,273
478.6150000000003,2.916500000000001,5,4,CC[C@@H](C)[C@H](NC(=O)N1C2=CC=CC=C2NC(=O)[C@@H]1C(C)C)C(=O)N[C@@H](CCSC)C(=O)O,CNP0197225.3,0.00796860083937645,0.9999998807907104,0.016083145514130592,0.9997336268424988,0.5224444586847541,274
478.6260000000004,3.288600000000002,7,3,CC(=O)O[C@@H]1C[C@@H](C)[C@](O)(CCC2=CC(=O)OC2)[C@]2(CO)[C@@H]1[C@](C)(C1CCCCC1)CC[C@@H]2O,CNP0097643.1,0.5341356992721558,0.9999998807907104,0.0022650021128356457,0.9668925404548645,0.39301401240017314,275
448.64400000000035,3.7683000000000026,5,4,C[C@@H]([C@H](O)CCC(C)(C)O)[C@H]1CC[C@@]2(O)C3=CC(=O)[C@@H]4C[C@H](O)CC[C@]4(C)[C@@H]3CC[C@]12C,CNP0243690.7,0.9951914548873901,0.9999998807907104,0.3088393211364746,0.864215075969696,0.43,276
368.4770000000001,4.583040000000003,3,2,CC[C@H](C)[C@H](NC(=O)OCC1=CC=CC=C1)C(=O)NC1=CC=C(C)C(C)=C1,CNP0552133.3,0.10427424311637878,0.9999998807907104,0.9920654892921448,0.9996495246887207,0.47649314838804513,277
448.64400000000035,3.7683000000000026,5,4,C[C@H]([C@H](O)CCC(C)(C)O)[C@H]1CC[C@@]2(O)C3=CC(=O)[C@H]4C[C@@H](O)CC[C@]4(C)[C@H]3CC[C@]12C,CNP0243690.9,0.9951914548873901,0.9999998807907104,0.3088393211364746,0.864215075969696,0.43,278
495.66400000000027,3.0107000000000017,4,4,CC[C@H](C)[C@H](NC(=O)[C@H](CC1=CC=CC=C1)NC(=O)CC(C)C)C(=O)N[C@H](CO)CC1=CC=CC=C1,CNP0141832.1,0.9648053050041199,0.9999998807907104,0.9927256107330322,0.9986786246299744,0.58,279
454.57100000000037,3.399300000000001,5,2,CN1N=C(C2=CC=CO2)C=C1[C@H]1CN2CC[C@H]1C[C@@H]2CNC(=O)CC1(CC(=O)O)CCCC1,CNP0026957.2,0.01274438388645649,0.9999998807907104,0.0016783366445451975,0.9938686490058899,0.4948206131767775,280
384.91100000000034,4.810100000000004,3,0,O=C(C1=CC=CC=C1Cl)N1C2=NC=NN2C2(CCCCC2)[C@@H]2CCCC[C@@H]21,CNP0540071.1,0.9999831914901733,0.9999998807907104,0.9952902793884277,0.9995415210723877,0.43,281
416.69400000000024,4.982300000000004,3,3,CN[C@H](C)[C@H]1[C@H](O)C[C@@]2(C)[C@]3(C)CC[C@H]4C(C)(C)[C@H](NC)CC[C@@]45C[C@]53CC[C@]12C,CNP0422936.1,0.21136876940727234,0.9999998807907104,0.9962171912193298,0.9992998838424683,0.37577779201808736,282
396.94000000000034,3.653000000000003,3,1,O=C(NC1=CC=CC=C1Cl)[C@@H]1CN(S(=O)(=O)C2CC2)CC12CCCCC2,CNP0558681.1,0.9981012940406799,0.9999998807907104,0.9833536148071289,0.9994866847991943,0.5333333333333333,283
498.6600000000004,4.480700000000004,6,2,CC1=CC[C@@H]([C@](C)(O)[C@H]2CC[C@@]3(C)[C@@H]4C[C@@H](O)[C@H]5C(C)(C)OC(=O)C=C[C@@]56C[C@@]46CC[C@]23C)OC1=O,CNP0171854.1,0.32824385166168213,0.9999998807907104,0.4036177694797516,0.988837480545044,0.35872350022552996,284
350.49900000000014,4.639100000000004,3,1,CO[C@H]1C[C@H](CC[C@@]2(C)[C@H](C)CC[C@@]3(C)C(C(=O)O)=CCC[C@H]23)CO1,CNP0155416.2,0.999612033367157,0.9999998807907104,0.9995889067649841,0.9977438449859619,0.42539016689219666,285
448.64400000000035,3.7683000000000026,5,4,C[C@@H]([C@H](O)CCC(C)(C)O)[C@H]1CC[C@]2(O)C3=CC(=O)[C@@H]4C[C@@H](O)CC[C@]4(C)[C@H]3CC[C@]12C,CNP0243690.8,0.9951914548873901,0.9999998807907104,0.3088393211364746,0.864215075969696,0.43,286
396.53500000000014,3.6686000000000023,4,1,CN1N=C(C2CCCCC2)C=C1[C@H]1CN2CC[C@H]1C[C@@H]2CNC(=O)C1=CC=CO1,CNP0050566.2,0.0012363237328827381,0.9999998807907104,0.00069717678707093,0.9928843975067139,0.4605117541626445,287
432.64500000000015,4.675500000000006,4,4,C=C1CC[C@H](O)C/C1=C/C=C1\CCC[C@@]2(C)[C@@H]1CC[C@@H]2[C@H](C)C[C@H](O)[C@H](O)C(C)(C)O,CNP0148828.1,0.016263775527477264,0.9999998807907104,0.966648519039154,0.9885616302490234,0.4033333333333333,288
478.6150000000003,2.916500000000001,5,4,CC[C@H](C)[C@H](NC(=O)N1C2=CC=CC=C2NC(=O)[C@@H]1C(C)C)C(=O)N[C@H](CCSC)C(=O)O,CNP0197225.5,0.00796860083937645,0.9999998807907104,0.016083145514130592,0.9997336268424988,0.5224444586847541,289
437.4990000000002,3.686300000000003,5,4,CNC[C@@H](O)C1=CC=C(O)C([C@@]2(O)C3=CC=CC=C3N3C=CC4=C5C=CC=CC5=NC4=C32)=C1,CNP0489305.1,0.09583243727684021,0.9999998807907104,0.8183656334877014,0.9991680383682251,0.36,290
490.6810000000003,4.3391000000000055,6,3,CC(=O)O[C@H]1CC[C@@]2(C)[C@@H](C1)C(=O)C=C1[C@@H]2CC[C@]2(C)[C@@H]([C@H](C)[C@H](O)CCC(C)(C)O)CC[C@@]12O,CNP0253756.1,0.9994524121284485,0.9999998807907104,0.16998738050460815,0.981650173664093,0.4766666666666667,291
449.2640000000001,4.552200000000001,5,4,O=C(C1=NC(O)=C(C=C2C=NC3=CC(O)=CC=C23)N1)C1=CNC2=CC=C(Br)C=C12,CNP0516641.0,0.999996542930603,0.9999998807907104,0.9999997615814209,0.9999624490737915,0.30333333333333334,292
368.4770000000001,4.583040000000003,3,2,CC[C@@H](C)[C@H](NC(=O)OCC1=CC=CC=C1)C(=O)NC1=CC=C(C)C(C)=C1,CNP0552133.4,0.10427424311637878,0.9999998807907104,0.9920654892921448,0.9996495246887207,0.47649314838804513,293
448.64400000000035,3.7683000000000026,5,4,C[C@H]([C@H](O)CCC(C)(C)O)[C@H]1CC[C@@]2(O)C3=CC(=O)[C@@H]4C[C@H](O)CC[C@]4(C)[C@H]3CC[C@]12C,CNP0243690.2,0.9951914548873901,0.9999998807907104,0.3088393211364746,0.864215075969696,0.43,294
490.6810000000003,4.3391000000000055,6,3,CC(=O)O[C@H]1CC[C@@]2(C)[C@@H](C1)C(=O)C=C1[C@@H]2CC[C@]2(C)[C@@H]([C@@H](C)[C@H](O)CCC(C)(C)O)CC[C@]12O,CNP0253756.3,0.9994524121284485,0.9999998807907104,0.16998738050460815,0.981650173664093,0.4766666666666667,295
486.60500000000036,3.401900000000002,7,1,COC(=O)CC[C@@H](C)[C@H]1CC(=O)[C@@]2(C)C3=C(C(=O)[C@H](O)[C@]12C)[C@@]1(C)CCC(=O)C(C)(C)[C@@H]1CC3=O,CNP0256865.2,0.7924898266792297,0.9999998807907104,0.8503866195678711,0.8105007410049438,0.3714872798434442,296
360.50200000000024,3.4418000000000024,4,0,CCCC1=NN2C(=N1)N(C(=O)COC)[C@H]1CCCC[C@H]1C21CCCCC1,CNP0495632.1,0.999984622001648,0.9999998807907104,0.9850367903709412,0.9996092915534973,0.5863747513771291,297
448.6440000000003,3.768300000000003,5,4,C[C@@H]([C@H]1CC[C@@]2(O)C3=CC(=O)[C@H]4C[C@H](O)CC[C@]4(C)[C@H]3CC[C@]12C)[C@@H](O)CCC(C)(C)O,CNP0243690.5,0.9951914548873901,0.9999998807907104,0.3088393211364746,0.864215075969696,0.43,298
350.49900000000014,4.639100000000004,3,1,CO[C@@H]1C[C@H](CC[C@@]2(C)[C@H](C)CC[C@@]3(C)C(C(=O)O)=CCC[C@H]23)CO1,CNP0155416.1,0.999612033367157,0.9999998807907104,0.9995889067649841,0.9977438449859619,0.42539016689219666,299
470.6500000000003,4.692620000000005,5,3,COC1=C(O)C=C2C(=C1C)CC[C@@H]1[C@@]3(C)[C@@H](O)C[C@@]4(C)[C@H](O)C(=O)[C@H](C)C[C@H]4[C@]3(C)CC[C@@]21C,CNP0282598.1,0.737392783164978,0.9999998807907104,0.07467647641897202,0.6466047167778015,0.3348206131767776,300
454.57100000000037,3.399300000000001,5,2,CN1N=C(C2=CC=CO2)C=C1[C@H]1C[N@]2CC[C@H]1C[C@@H]2CNC(=O)CC1(CC(=O)O)CCCC1,CNP0026957.1,0.01274438388645649,0.9999998807907104,0.0016783366445451975,0.9938686490058899,0.4948206131767775,301
450.5720000000003,4.3083000000000045,7,2,COC1=CC(CC[C@H](OC(C)=O)C2([C@@H](CCC[C@H](C)O)OC(C)=O)CCCC2)=CC=C1O,CNP0343116.1,0.8430886268615723,0.9999998807907104,0.9834107756614685,0.9979361295700073,0.4,302
356.41800000000006,3.4367000000000028,5,3,COC1=CC2=C(C[C@H](C(C)(C)O)O2)C(O)=C1C/C=C/C1=CC=C(O)C=C1,CNP0075778.1,0.9991911053657532,0.9999998807907104,0.9995104074478149,0.9990824460983276,0.36482061317677755,303
396.94000000000034,3.653000000000003,3,1,O=C(NC1=CC=CC=C1Cl)[C@H]1CN(S(=O)(=O)C2CC2)CC12CCCCC2,CNP0558681.2,0.9981012940406799,0.9999998807907104,0.9833536148071289,0.9994866847991943,0.5333333333333333,304
478.6150000000003,2.916500000000001,5,4,CCC(C)[C@H](NC(=O)N1C2=CC=CC=C2NC(=O)[C@@H]1C(C)C)C(=O)N[C@H](CCSC)C(=O)O,CNP0197225.2,0.00796860083937645,0.9999998807907104,0.016083145514130592,0.9997336268424988,0.5224444586847541,305
478.6150000000003,2.916500000000001,5,4,CCC(C)[C@H](NC(=O)N1C2=CC=CC=C2NC(=O)[C@@H]1C(C)C)C(=O)N[C@@H](CCSC)C(=O)O,CNP0197225.1,0.00796860083937645,0.9999998807907104,0.016083145514130592,0.9997336268424988,0.5224444586847541,306
396.53500000000014,3.6686000000000023,4,1,CN1N=C(C2CCCCC2)C=C1[C@H]1C[N@]2CC[C@H]1C[C@@H]2CNC(=O)C1=CC=CO1,CNP0050566.1,0.0012363237328827381,0.9999998807907104,0.00069717678707093,0.9928843975067139,0.4605117541626445,307
481.5560000000002,4.255700000000003,3,4,O=C(NCCC1=CNC2=CC=CC=C12)[C@H](CC1=CC=CC=C1)NC(=O)N1CC(O)=NC2=CC=CC=C21,CNP0511942.1,0.9972071051597595,0.9999998807907104,0.9981663823127747,0.9999169111251831,0.31666666666666665,308
490.6810000000003,4.3391000000000055,6,3,CC(=O)O[C@@H]1CC[C@@]2(C)[C@@H](C1)C(=O)C=C1[C@@H]2CC[C@]2(C)[C@@H]([C@@H](C)[C@H](O)CCC(C)(C)O)CC[C@]12O,CNP0253756.2,0.9994524121284485,0.9999998807907104,0.16998738050460815,0.981650173664093,0.4766666666666667,309
448.64400000000035,3.7683000000000026,5,4,C[C@@H]([C@H](O)CCC(C)(C)O)[C@H]1CC[C@@]2(O)C3=CC(=O)[C@@H]4C[C@@H](O)CC[C@]4(C)[C@H]3CC[C@]12C,CNP0243690.3,0.9951914548873901,0.9999998807907104,0.3088393211364746,0.864215075969696,0.43,310
368.4770000000001,4.583040000000003,3,2,CC[C@@H](C)[C@@H](NC(=O)OCC1=CC=CC=C1)C(=O)NC1=CC=C(C)C(C)=C1,CNP0552133.1,0.10427424311637878,0.9999998807907104,0.9920654892921448,0.9996495246887207,0.47649314838804513,311
423.58500000000004,4.818000000000003,8,2,CCC(C)[C@@H](O)CCCC1=NC(C2=NC(C3=NC(C(=O)O)=CS3)=CS2)=CS1,CNP0575186.1,0.9985957741737366,0.9999998807907104,0.9591085314750671,0.9992165565490723,0.43666666666666665,312
454.6400000000002,3.433220000000002,5,2,CC1=CC=CC(CNC2=NCCNC23CCN(S(=O)(=O)C2=CC=C(C(C)C)C=C2)CC3)=C1,CNP0586667.0,0.9834483861923218,0.9999998807907104,0.8802015781402588,0.9998252987861633,0.5533333333333333,313
490.7250000000004,4.484300000000005,5,4,C[C@H](CC[C@@H](O)C(C)(C)O)[C@H]1[C@@H](O)C[C@@]2(C)[C@@H]3C[C@H](O)[C@H]4C(C)(C)C(=O)CC[C@@]45C[C@@]35CC[C@]12C,CNP0227164.1,0.9966155886650085,0.9999998807907104,0.9982501864433289,0.8221372961997986,0.35,314
356.41800000000006,3.4367000000000028,5,3,COC1=CC2=C(C[C@@H](C(C)(C)O)O2)C(O)=C1C/C=C/C1=CC=C(O)C=C1,CNP0075778.2,0.9991911053657532,0.9999998807907104,0.9995104074478149,0.9990824460983276,0.36482061317677755,315
483.59000000000026,3.4163000000000014,6,3,COC(=O)C(CC1=CNC2=CC=CC=C12)NC(=O)C(CCSC)NC(=O)OCC1=CC=CC=C1,CNP0144997.0,0.8693146109580994,0.9999997615814209,0.8375976085662842,0.9995874762535095,0.54,316
488.62900000000036,3.2756000000000016,6,2,CC[C@@H](C)[C@H](NC(=O)CN1C=NC2=CC(OC)=C(OC)C=C2C1=O)C(=O)N[C@H](C)CCCC(C)C,CNP0226640.3,0.007382282055914402,0.9999997615814209,0.006913750898092985,0.9999103546142578,0.5353901668921967,317
467.60700000000037,3.068100000000001,5,3,CC[C@H](C)[C@H](NC(=O)OC(C)(C)C)C(=O)N1CCC(C(=O)NC2(C(=O)O)CCCCC2)CC1,CNP0381387.2,0.9964634776115417,0.9999997615814209,0.9095410704612732,0.9997395873069763,0.5209571788413098,318
431.8720000000003,3.051200000000002,6,2,CCOC(=O)[C@H](CC1=CC=CC=C1)NC(=O)C1=CC(Cl)=C2C[C@@H](C)OC(=O)C2=C1O,CNP0270417.2,0.9982486963272095,0.9999997615814209,0.9991790652275085,0.990362286567688,0.49,319
431.8720000000003,3.051200000000002,6,2,CCOC(=O)[C@H](CC1=CC=CC=C1)NC(=O)C1=CC(Cl)=C2CC(C)OC(=O)C2=C1O,CNP0270417.1,0.9982486963272095,0.9999997615814209,0.9991790652275085,0.990362286567688,0.49,320
494.59200000000027,3.4061000000000012,4,4,CC[C@H](C)[C@H](NC(=O)N1C2=CC=CC=C2NC(=O)[C@@H]1C(C)C)C(=O)N[C@@H](CC1=CC=CC=C1)C(=O)O,CNP0239196.3,0.5566848516464233,0.9999997615814209,0.7996666431427002,0.9998291730880737,0.5257777920180874,321
474.60500000000013,3.875300000000001,3,3,CC[C@@H](C)[C@H](NC(C)=O)C(=O)N(C)[C@@H](CC1=CC=CC=C1)C(=O)N/C=C\C1=CNC2=CC=CC=C12,CNP0426029.2,0.9999473094940186,0.9999997615814209,0.9981805086135864,0.999919056892395,0.6233333333333333,322
467.60700000000037,3.068100000000001,5,3,CCC(C)[C@H](NC(=O)OC(C)(C)C)C(=O)N1CCC(C(=O)NC2(C(=O)O)CCCCC2)CC1,CNP0381387.1,0.9964634776115417,0.9999997615814209,0.9095410704612732,0.9997395873069763,0.5209571788413098,323
374.47700000000015,3.005000000000002,4,2,CC(C(=O)O)C1CCC2C3C(CC(=O)[C@]12C)[C@@]1(C)CCC(=O)C=C1C[C@H]3O,CNP0291367.1,0.9851788878440857,0.9999997615814209,0.9171280264854431,0.9990144968032837,0.42872350022552996,324
386.4880000000002,3.0135000000000014,5,1,CC(=O)OCC(O)C1CCC2C3C=CC4=CC(=O)CCC4(C)C3CC(=O)C12C,CNP0309835.0,0.9491723775863647,0.9999997615814209,0.9984785914421082,0.9913902282714844,0.4020568335588633,325
474.60500000000013,3.875300000000001,3,3,CC[C@@H](C)[C@H](NC(C)=O)C(=O)N(C)[C@@H](CC1=CC=CC=C1)C(=O)N/C=C/C1=CNC2=CC=CC=C12,CNP0426029.1,0.9999473094940186,0.9999997615814209,0.9981805086135864,0.999919056892395,0.6233333333333333,326
478.6370000000003,4.373000000000004,3,2,CCCCC1=CC=C(NC(=O)[C@@H](NC(=O)N2C[C@H]3C[C@@H](C2)C2=CC=CC(=O)N2C3)[C@H](C)CC)C=C1,CNP0299476.3,0.00021500598813872784,0.9999997615814209,0.0001581177639309317,0.9473686218261719,0.4266666666666667,327
478.6370000000003,4.373000000000004,3,2,CCCCC1=CC=C(NC(=O)[C@@H](NC(=O)N2C[C@H]3C[C@@H](C2)C2=CC=CC(=O)N2C3)[C@@H](C)CC)C=C1,CNP0299476.4,0.00021500598813872784,0.9999997615814209,0.0001581177639309317,0.9473686218261719,0.4266666666666667,328
356.4180000000001,3.2530000000000014,4,2,COC1=CC(CCC2=CC=CC=C2)=C(C(=O)O)C2=C1C[C@@H](C(C)(C)O)O2,CNP0415032.2,0.9991115927696228,0.9999997615814209,0.9933239817619324,0.9896337985992432,0.35148727984344424,329
494.6690000000003,3.7554000000000025,7,3,CC[C@@H](C)C(=O)O[C@@H]1C[C@@H]2[C@@H](CC[C@H]3C[C@@H](O)CC[C@@]32C)[C@@]2(O)CC[C@@](O)([C@@H](C)OC(C)=O)[C@@]12C,CNP0310105.1,0.002134620910510421,0.9999997615814209,0.0008135146927088499,0.9974585175514221,0.43333333333333335,330
478.6370000000003,4.373000000000004,3,2,CCCCC1=CC=C(NC(=O)[C@@H](NC(=O)N2C[C@H]3C[C@@H](C2)C2=CC=CC(=O)N2C3)C(C)CC)C=C1,CNP0299476.1,0.00021500598813872784,0.9999997615814209,0.0001581177639309317,0.9473686218261719,0.4266666666666667,331
488.62900000000036,3.2756000000000016,6,2,CCC(C)[C@H](NC(=O)CN1C=NC2=CC(OC)=C(OC)C=C2C1=O)C(=O)NC(C)CCCC(C)C,CNP0226640.1,0.007382282055914402,0.9999997615814209,0.006913750898092985,0.9999103546142578,0.5353901668921967,332
488.62900000000036,3.2756000000000016,6,2,CC[C@@H](C)[C@H](NC(=O)CN1C=NC2=CC(OC)=C(OC)C=C2C1=O)C(=O)N[C@@H](C)CCCC(C)C,CNP0226640.5,0.007382282055914402,0.9999997615814209,0.006913750898092985,0.9999103546142578,0.5353901668921967,333
445.199,3.9857000000000022,2,3,CC[C@@H](C)[C@H](NC)C(=O)NCCC1=C(Br)NC2=CC=C(Br)C=C12,CNP0423921.1,0.368120402097702,0.9999997615814209,0.9757365584373474,0.9992740750312805,0.49,334
494.59200000000027,3.4061000000000012,4,4,CC[C@@H](C)[C@H](NC(=O)N1C2=CC=CC=C2NC(=O)[C@@H]1C(C)C)C(=O)N[C@@H](CC1=CC=CC=C1)C(=O)O,CNP0239196.2,0.5566848516464233,0.9999997615814209,0.7996666431427002,0.9998291730880737,0.5257777920180874,335
441.91500000000013,4.019300000000003,6,1,COC1=CC=CC=C1N1CCN(C(=O)C2=C([C@H](C)O)C(C3=CC=C(Cl)C=C3)=NO2)CC1,CNP0181953.1,0.9985492825508118,0.9999997615814209,0.9998120665550232,0.999291181564331,0.558364726579085,336
374.4770000000002,3.0050000000000017,4,2,C[C@H](C(=O)O)[C@H]1CC[C@H]2[C@@H]3[C@H](O)CC4=CC(=O)CC[C@]4(C)[C@H]3CC(=O)[C@]12C,CNP0291367.2,0.9851788878440857,0.9999997615814209,0.9171280264854431,0.9990144968032837,0.42872350022552996,337
494.59200000000027,3.4061000000000012,4,4,CCC(C)[C@H](NC(=O)N1C2=CC=CC=C2NC(=O)[C@@H]1C(C)C)C(=O)N[C@@H](CC1=CC=CC=C1)C(=O)O,CNP0239196.1,0.5566848516464233,0.9999997615814209,0.7996666431427002,0.9998291730880737,0.5257777920180874,338
356.4180000000001,3.2530000000000014,4,2,COC1=CC(CCC2=CC=CC=C2)=C(C(=O)O)C2=C1C[C@H](C(C)(C)O)O2,CNP0415032.1,0.9991115927696228,0.9999997615814209,0.9933239817619324,0.9896337985992432,0.35148727984344424,339
478.6370000000003,4.373000000000004,3,2,CCCCC1=CC=C(NC(=O)[C@@H](NC(=O)N2CC3CC(C2)C2=CC=CC(=O)N2C3)C(C)CC)C=C1,CNP0299476.2,0.00021500598813872784,0.9999997615814209,0.0001581177639309317,0.9473686218261719,0.4266666666666667,340
451.5630000000002,3.8883000000000028,5,3,CC(C)(O)[C@@H]1OC(=O)C=C2[C@H](CC[C@@]3(C)[C@@]2(O)CC[C@H]2CC4=C(NC5=CC=CC=C45)[C@@]23C)O1,CNP0071338.1,0.9999626874923706,0.9999997615814209,0.9617998600006104,0.9723012447357178,0.35354411340230757,341
488.62900000000036,3.2756000000000016,6,2,CC[C@H](C)[C@H](NC(=O)CN1C=NC2=CC(OC)=C(OC)C=C2C1=O)C(=O)N[C@H](C)CCCC(C)C,CNP0226640.2,0.007382282055914402,0.9999997615814209,0.006913750898092985,0.9999103546142578,0.5353901668921967,342
466.5740000000002,4.881400000000006,6,4,C[C@H](CCCO)C[C@@H](O)CC(=O)CCC1=CC=C(O)C(OCC2=CC=C3C=C(O)C=CC3=C2)=C1,CNP0102189.1,0.10474275797605515,0.9999997615814209,0.533774197101593,0.7504222989082336,0.31,343
374.4770000000002,3.0050000000000017,4,2,C[C@@H](C(=O)O)[C@H]1CC[C@H]2[C@@H]3[C@H](O)CC4=CC(=O)CC[C@]4(C)[C@H]3CC(=O)[C@]12C,CNP0291367.3,0.9851788878440857,0.9999997615814209,0.9171280264854431,0.9990144968032837,0.42872350022552996,344
467.60700000000037,3.068100000000001,5,3,CC[C@@H](C)[C@H](NC(=O)OC(C)(C)C)C(=O)N1CCC(C(=O)NC2(C(=O)O)CCCCC2)CC1,CNP0381387.3,0.9964634776115417,0.9999997615814209,0.9095410704612732,0.9997395873069763,0.5209571788413098,345
384.91100000000034,4.810100000000004,3,0,O=C(C1=CC=C(Cl)C=C1)N1C2=NC=NN2C2(CCCCC2)[C@@H]2CCCC[C@@H]21,CNP0502311.1,0.9999420642852783,0.9999997615814209,0.9931614398956299,0.9995822310447693,0.39,346
488.62900000000036,3.2756000000000016,6,2,CC[C@H](C)[C@H](NC(=O)CN1C=NC2=CC(OC)=C(OC)C=C2C1=O)C(=O)N[C@@H](C)CCCC(C)C,CNP0226640.4,0.007382282055914402,0.9999997615814209,0.006913750898092985,0.9999103546142578,0.5353901668921967,347
412.86600000000027,3.2593000000000023,7,1,COC1=CC(O)=C(Cl)C2=C1C(=O)O[C@@H](C)CCC(=O)CC[C@H](OC)CC(=O)C2,CNP0086917.1,0.035546641796827316,0.9999996423721313,0.9219802618026733,0.8660771250724792,0.3114872798434442,348
486.6380000000003,2.912600000000001,6,1,COC1=CC=C(C2=CC(C(=O)NC[C@@H]3CCCN4CCCC[C@H]34)=NN2[C@@H]2CCS(=O)(=O)C2)C=C1,CNP0201290.3,0.003955072723329067,0.9999996423721313,0.7445554137229919,0.9997280240058899,0.5314872798434442,349
374.5210000000001,4.2382000000000035,3,3,C=C1/C(=C\C=C2/CCC[C@]3(C)[C@@H]2CC[C@H]3[C@@H](C)CC(=O)O)C[C@@H](O)C[C@@H]1O,CNP0349717.2,0.0021704980172216892,0.9999996423721313,0.03143707662820816,0.7885370254516602,0.4066666666666667,350
368.4770000000001,4.583040000000003,3,2,CC[C@@H](C)[C@@H](NC(=O)OCC1=CC=CC=C1)C(=O)NC1=CC=C(C)C=C1C,CNP0590035.1,0.227651908993721,0.9999996423721313,0.984889030456543,0.9983890056610107,0.4848206131767775,351
414.49800000000016,3.954120000000003,6,0,COCC1CC2=CC3=C(OCO3)C(OC)=C2[C@H](C2=CC=C(C)C(OC)=C2)C1COC,CNP0181481.1,0.6985659599304199,0.9999996423721313,0.9927040338516235,0.29275453090667725,0.25333333333333335,352
487.64100000000025,2.8913,5,3,CCCC[C@H](C)C[C@H]1NC(=O)[C@@H](C)NC(=O)[C@H](CC2=CC=CC=C2)NC(=O)C[C@H](C(C)C)OC1=O,CNP0168545.1,0.003805260406807065,0.9999996423721313,0.0035257444251328707,0.9997418522834778,0.42737233054781804,353
376.4490000000002,2.9569000000000014,6,2,COC1=C2C[C@@H](C(C)(C)O)OC2=CC2=C1C(=O)C(CCC(C)C)=C(CO)O2,CNP0033674.1,0.9617528915405273,0.9999996423721313,0.7978503108024597,0.9677267670631409,0.36482061317677755,354
486.6380000000003,2.912600000000001,6,1,COC1=CC=C(C2=CC(C(=O)NC[C@@H]3CCCN4CCCC[C@H]34)=NN2[C@H]2CCS(=O)(=O)C2)C=C1,CNP0201290.2,0.003955072723329067,0.9999996423721313,0.7445554137229919,0.9997280240058899,0.5314872798434442,355
429.9920000000002,4.365300000000004,3,2,CC[C@@H]1CN(C(=O)NC2=CC=CC(Cl)=C2)[C@H](CO)[C@@H]1CN(C)CCC1=CC=CC=C1,CNP0537042.1,0.00025872717378661036,0.9999996423721313,0.0010244172299280763,0.9920541048049927,0.3581539465101109,356
487.64100000000025,2.8913,5,3,CCCC[C@H](C)C[C@H]1NC(=O)[C@@H](C)NC(=O)[C@@H](CC2=CC=CC=C2)NC(=O)C[C@@H](C(C)C)OC1=O,CNP0168545.2,0.003805260406807065,0.9999996423721313,0.0035257444251328707,0.9997418522834778,0.42737233054781804,357
498.5760000000004,3.774200000000002,7,3,CC[C@@H](C)[C@H](NC1=CC=C2C(=CC1=O)[C@@H](NC(C)=O)CCC1=CC(OC)=C(OC)C(OC)=C12)C(=O)O,CNP0401346.1,0.7493937611579895,0.9999996423721313,0.9086535573005676,0.9989117383956909,0.4166666666666667,358
435.61600000000016,4.145000000000002,3,2,CN1N=C(C2CCCCC2)C=C1[C@H]1CN2CC[C@H]1C[C@@H]2CNC(=O)NCC1=CC=CC=C1,CNP0011067.2,0.00032385828671976924,0.9999996423721313,0.0005330390413291752,0.9775525331497192,0.4271784208293112,359
486.6380000000003,2.912600000000001,6,1,COC1=CC=C(C2=CC(C(=O)NC[C@@H]3CCCN4CCCC[C@H]34)=NN2C2CCS(=O)(=O)C2)C=C1,CNP0201290.1,0.003955072723329067,0.9999996423721313,0.7445554137229919,0.9997280240058899,0.5314872798434442,360
368.4770000000001,4.583040000000003,3,2,CC[C@@H](C)[C@H](NC(=O)OCC1=CC=CC=C1)C(=O)NC1=CC=C(C)C=C1C,CNP0590035.3,0.227651908993721,0.9999996423721313,0.984889030456543,0.9983890056610107,0.4848206131767775,361
498.62700000000035,4.350400000000004,3,2,CC(C)C1=CC=C(NC(=O)[C@H](CC2=CC=CC=C2)NC(=O)N2C[C@H]3C[C@@H](C2)C2=CC=CC(=O)N2C3)C=C1,CNP0375880.1,0.010004352778196335,0.9999996423721313,0.4904083013534546,0.9992200136184692,0.4309571788413098,362
435.61600000000016,4.145000000000002,3,2,CN1N=C(C2CCCCC2)C=C1[C@H]1C[N@]2CC[C@H]1C[C@@H]2CNC(=O)NCC1=CC=CC=C1,CNP0011067.1,0.00032385828671976924,0.9999996423721313,0.0005330390413291752,0.9775525331497192,0.4271784208293112,363
436.5890000000002,3.948100000000003,6,2,CCOC(=O)C[C@H](O)C[C@H](O)CC[C@@H]1[C@@H]2C(=CCC[C@@H]2OC(=O)[C@@H](C)CC)C=C[C@@H]1C,CNP0184894.1,0.9855581521987915,0.9999996423721313,0.9975939393043518,0.8410404324531555,0.41,364
372.54900000000015,4.508300000000005,3,1,CO[C@@H]1CC(=O)[C@@H]2[C@@H]3C[C@H]4CC[C@@]5(CCC6(CCCC6)C5)[C@]3(C)[C@@]4(C)[C@]21O,CNP0301263.1,0.9773492217063904,0.9999996423721313,0.7910012006759644,0.9559943079948425,0.31577779201808737,365
368.4770000000001,4.583040000000003,3,2,CC[C@H](C)[C@H](NC(=O)OCC1=CC=CC=C1)C(=O)NC1=CC=C(C)C=C1C,CNP0590035.4,0.227651908993721,0.9999996423721313,0.984889030456543,0.9983890056610107,0.4848206131767775,366
490.5930000000003,3.485120000000002,8,2,CCOC(=O)CC[C@]1(C)[C@H]2CC3=C(O[C@@]2(C)C[C@@H](O)[C@H]1C(C)(C)O)C(C)=C1COC(=O)C1=C3OC,CNP0428545.1,0.9045148491859436,0.9999996423721313,0.8251203298568726,0.9133362174034119,0.35482061317677754,367
412.86600000000027,3.2593000000000023,7,1,COC1=CC(O)=C(Cl)C2=C1C(=O)O[C@H](C)CCC(=O)CC[C@@H](OC)CC(=O)C2,CNP0086917.3,0.035546641796827316,0.9999996423721313,0.9219802618026733,0.8660771250724792,0.3114872798434442,368
432.6450000000003,4.963600000000005,4,3,C[C@H](C[C@@H](O)C(=O)C(C)(C)O)[C@H]1CC[C@@H]2/C(=C/C=C3\C[C@@H](O)CC[C@@H]3C)CCC[C@@]21C,CNP0313499.1,0.9601830840110779,0.9999996423721313,0.9821859002113342,0.9755256175994873,0.4176238455079765,369
412.86600000000027,3.2593000000000023,7,1,COC1=CC(O)=C(Cl)C2=C1C(=O)O[C@H](C)CCC(=O)CC[C@H](OC)CC(=O)C2,CNP0086917.4,0.035546641796827316,0.9999996423721313,0.9219802618026733,0.8660771250724792,0.3114872798434442,370
430.6290000000002,4.883700000000006,4,3,C=C1/C(=C\C=C2/CCC[C@]3(C)[C@@H]([C@H](C)CCC(=O)C(C)(C)O)CC[C@@H]23)C[C@@H](O)C[C@@H]1O,CNP0266765.1,0.0021301729138940573,0.9999996423721313,0.04585075005888939,0.9193795919418335,0.38333333333333336,371
368.4770000000001,4.583040000000003,3,2,CC[C@H](C)[C@@H](NC(=O)OCC1=CC=CC=C1)C(=O)NC1=CC=C(C)C=C1C,CNP0590035.2,0.227651908993721,0.9999996423721313,0.984889030456543,0.9983890056610107,0.4848206131767775,372
374.5210000000002,4.2382000000000035,3,3,C=C1C(=CC=C2CCC[C@]3(C)[C@@H]([C@H](C)CC(=O)O)CC[C@@H]23)C[C@@H](O)C[C@@H]1O,CNP0349717.1,0.0021704980172216892,0.9999996423721313,0.03143707662820816,0.7885370254516602,0.4066666666666667,373
412.86600000000027,3.2593000000000023,7,1,COC1=CC(O)=C(Cl)C2=C1C(=O)O[C@@H](C)CCC(=O)CC[C@@H](OC)CC(=O)C2,CNP0086917.2,0.035546641796827316,0.9999996423721313,0.9219802618026733,0.8660771250724792,0.3114872798434442,374
358.5300000000002,4.451400000000004,3,0,CCC1=NN2C(=N1)N(C(=O)CC(C)C)[C@H]1CCCC[C@H]1C21CCCCC1,CNP0563452.1,0.9150944948196411,0.9999996423721313,0.933601438999176,0.9998756647109985,0.5660159777306842,375
404.50700000000035,3.1145000000000005,5,2,COC(=O)[C@@H](CC1=CC=CC=C1)NC(=O)C1(NC(=O)OC(C)(C)C)CCCCC1,CNP0364275.1,0.9999915361404419,0.9999996423721313,0.996778666973114,0.9995598196983337,0.5433333333333333,376
495.57600000000036,2.868800000000001,8,2,CCOC(=O)C1=C/C(=C\CN2C=CN=C2)C2=C(C=C3O[C@H]([C@](C)(O)C4CCNCC4)CC3=C2OC)O1,CNP0097273.1,0.9995951056480408,0.9999996423721313,0.9945091605186462,0.9951086640357971,0.43318533975586265,377
364.49300000000017,4.465120000000004,3,0,CC1=CC=CC(C(=O)N2C3=NC=NN3C3(CCCCC3)[C@@H]3CCCC[C@@H]32)=C1,CNP0534717.1,0.9790800213813782,0.9999996423721313,0.9785556793212891,0.9996066689491272,0.3963078930202218,378
374.47700000000015,4.618900000000004,4,1,CC(=O)OC[C@@]12CC[C@@H](C)[C@](C)(CCC3=COC=C3)[C@H]1CCC=C2C(=O)O,CNP0158419.1,0.9989067316055298,0.9999996423721313,0.9589195251464844,0.9965721368789673,0.4020568335588633,379
474.5940000000003,3.105300000000002,6,3,C[C@H](CCC(=O)O)[C@H]1CC(=O)[C@@]2(C)C3=C(C(=O)[C@@H](O)[C@]12C)[C@@]1(C)CCC(=O)C(C)(C)[C@H]1C[C@@H]3O,CNP0229060.4,0.03362499549984932,0.9999995231628418,0.4073544144630432,0.9561735391616821,0.42333333333333334,380
474.5940000000003,3.105300000000002,6,3,C[C@H](CCC(=O)O)[C@H]1CC(=O)[C@@]2(C)C3=C(C(=O)[C@H](O)[C@]12C)[C@@]1(C)CCC(=O)C(C)(C)[C@@H]1C[C@@H]3O,CNP0229060.5,0.03362499549984932,0.9999995231628418,0.4073544144630432,0.9561735391616821,0.42333333333333334,381
494.5920000000002,3.4061000000000012,4,4,CCC(C)[C@H](NC(=O)[C@H](CC1=CC=CC=C1)NC(=O)N1C2=CC=CC=C2NC(=O)[C@@H]1C(C)C)C(=O)O,CNP0553031.1,0.9993742108345032,0.9999995231628418,0.9958667755126953,0.9999520778656006,0.5391111253514207,382
474.5940000000003,3.105300000000002,6,3,C[C@H](CCC(=O)O)[C@H]1CC(=O)[C@@]2(C)C3=C(C(=O)[C@@H](O)[C@]12C)[C@@]1(C)CCC(=O)C(C)(C)[C@@H]1C[C@@H]3O,CNP0229060.1,0.03362499549984932,0.9999995231628418,0.4073544144630432,0.9561735391616821,0.42333333333333334,383
421.3720000000003,4.388200000000004,3,1,CN1N=C(C2=CC=C(Cl)C=C2Cl)C=C1C(=O)NC[C@@H]1CCCN2CCCC[C@H]12,CNP0406259.1,0.0001023164440994151,0.9999995231628418,0.0009851931827142835,0.9994939565658569,0.45235780765253364,384
356.51400000000024,4.205400000000004,3,0,CCCC1=NN2C(=N1)N(C(=O)C1CC1)[C@H]1CCCC[C@H]1C21CCCCC1,CNP0525368.1,0.9969448447227478,0.9999995231628418,0.9325194358825684,0.9997751116752625,0.46452869788724,385
494.5920000000002,3.4061000000000012,4,4,CC[C@@H](C)[C@H](NC(=O)[C@H](CC1=CC=CC=C1)NC(=O)N1C2=CC=CC=C2NC(=O)[C@@H]1C(C)C)C(=O)O,CNP0553031.2,0.9993742108345032,0.9999995231628418,0.9958667755126953,0.9999520778656006,0.5391111253514207,386
438.56100000000026,4.1658000000000035,7,2,CCCC[C@H](CCCO)[C@H](C[C@H](CCC1=CC=C(O)C(OC)=C1)OC(C)=O)OC(C)=O,CNP0089604.1,0.00042630272218957543,0.9999995231628418,0.070505790412426,0.3245987296104431,0.37244445868475407,387
452.58800000000025,2.737900000000001,7,3,CC[C@H](C)[C@@H](O)[C@@H](C)C(=O)O[C@H]1CC(CC(=O)[C@H]2[C@H](C)CCC[C@@H]2O)=C(C)C(=O)[C@@]1(C)O,CNP0138189.1,0.972018837928772,0.9999995231628418,0.12940874695777893,0.8881153464317322,0.4642905121746431,388
452.58800000000025,2.737900000000001,7,3,CC[C@H](C)[C@@H](O)[C@@H](C)C(=O)O[C@H]1CC(CC(=O)[C@@H]2[C@H](C)CCC[C@@H]2O)=C(C)C(=O)[C@@]1(C)O,CNP0138189.2,0.972018837928772,0.9999995231628418,0.12940874695777893,0.8881153464317322,0.4642905121746431,389
474.5940000000003,3.105300000000002,6,3,C[C@@H](CCC(=O)O)[C@H]1CC(=O)[C@@]2(C)C3=C(C(=O)[C@H](O)[C@]12C)[C@@]1(C)CCC(=O)C(C)(C)[C@@H]1C[C@@H]3O,CNP0229060.3,0.03362499549984932,0.9999995231628418,0.4073544144630432,0.9561735391616821,0.42333333333333334,390
448.9760000000001,3.1716200000000017,4,0,CC1=NN2C(=C1)N(CC1CC1)C(=O)CC21CCN(S(=O)(=O)C2=CC=CC(Cl)=C2)CC1,CNP0479634.0,0.5351386666297913,0.9999995231628418,0.905462384223938,0.9998724460601807,0.6,391
372.4650000000002,4.198300000000004,5,1,CCN(C(=O)C1=C([C@H](C)O)ON=C1C1=CC=C(OC)C=C1)C1CCCCC1,CNP0168767.1,0.9553161263465881,0.9999995231628418,0.9154886603355408,0.9982481002807617,0.5138726567975241,392
474.5940000000003,3.105300000000002,6,3,CC(CCC(=O)O)[C@H]1CC(=O)[C@@]2(C)C3=C(C(=O)C(O)[C@]12C)[C@@]1(C)CCC(=O)C(C)(C)[C@@H]1C[C@@H]3O,CNP0229060.2,0.03362499549984932,0.9999995231628418,0.4073544144630432,0.9561735391616821,0.42333333333333334,393
494.5920000000002,3.4061000000000012,4,4,CC[C@H](C)[C@H](NC(=O)[C@H](CC1=CC=CC=C1)NC(=O)N1C2=CC=CC=C2NC(=O)[C@@H]1C(C)C)C(=O)O,CNP0553031.3,0.9993742108345032,0.9999995231628418,0.9958667755126953,0.9999520778656006,0.5391111253514207,394
388.5480000000002,4.894300000000005,3,1,C[C@@H](CCC(=O)O)[C@H]1CC[C@@H]2[C@H]3C(=O)C[C@@H]4CCCC[C@]4(C)[C@H]3CC(=O)[C@@]21C,CNP0472493.3,0.9993709921836853,0.9999994039535522,0.9981356859207153,0.9984959363937378,0.41333333333333333,395
382.5080000000003,4.758900000000005,4,0,CC(C)C(=O)N1C2=NC(C3=CC=CO3)=NN2C2(CCCCC2)[C@@H]2CCCC[C@@H]21,CNP0552686.1,0.9912275671958923,0.9999994039535522,0.9948217868804932,0.9998213648796082,0.5980728112895475,396
473.4810000000002,3.4449000000000014,7,2,COC(=O)[C@@H](CC1=CC=CC=C1)NC(=O)COC1=CC(O)=C2C(=O)C=C(C3=CC=CC=C3)OC2=C1,CNP0112994.1,0.999215841293335,0.9999994039535522,0.8934713006019592,0.9991070628166199,0.5933333333333334,397
388.5480000000002,4.894300000000005,3,1,C[C@@H](CCC(=O)O)[C@H]1CC[C@H]2[C@H]3C(=O)C[C@@H]4CCCC[C@]4(C)[C@H]3CC(=O)[C@]12C,CNP0472493.1,0.9993709921836853,0.9999994039535522,0.9981356859207153,0.9984959363937378,0.41333333333333333,398
388.5480000000002,4.894300000000005,3,1,C[C@@H](CCC(=O)O)[C@H]1CC[C@@H]2[C@H]3C(=O)C[C@@H]4CCCC[C@]4(C)[C@@H]3CC(=O)[C@@]21C,CNP0472493.2,0.9993709921836853,0.9999994039535522,0.9981356859207153,0.9984959363937378,0.41333333333333333,399
452.63200000000023,3.1846000000000014,6,4,CC[C@@H](C)C(=O)O[C@@H](C)[C@]1(O)CC[C@]2(O)[C@@H]3CC[C@H]4C[C@@H](O)CC[C@]4(C)[C@H]3C[C@@H](O)[C@]12C,CNP0332671.3,0.00844155065715313,0.9999994039535522,0.004779126029461622,0.9970082640647888,0.46,400
412.4380000000004,3.953800000000002,7,3,COC1=C(O)C=C2OC(C3=CC=C(O)C=C3)=CC(=O)C2=C1OCCC1(O)CCCC1,CNP0066037.0,0.06631089746952057,0.9999994039535522,0.02386665716767311,0.9913702011108398,0.35333333333333333,401
474.5940000000003,3.1053000000000015,6,3,C[C@H](CCC(=O)O)[C@H]1CC(=O)[C@@]2(C)C3=C(C(=O)[C@@H](O)[C@]12C)[C@@]1(C)CC[C@H](O)C(C)(C)[C@@H]1CC3=O,CNP0213841.1,0.1931513398885727,0.9999994039535522,0.24118095636367798,0.9498285055160522,0.4266666666666667,402
374.4770000000002,3.7844000000000038,5,2,CC(=O)OCC1=C2C=C3C(=O)C(O)=C(C(C)C)[C@@]3(C)CC[C@]2(C)CC[C@@H]1O,CNP0468180.1,0.9359627366065979,0.9999994039535522,0.39829006791114807,0.695134162902832,0.41,403
376.88400000000024,4.843100000000004,4,1,CCN(C(=O)C1=C([C@H](C)O)C(C2=CC=C(Cl)C=C2)=NO1)C1CCCCC1,CNP0400713.1,0.9934184551239014,0.9999994039535522,0.9414853453636169,0.9991208910942078,0.5521745968851057,404
466.57400000000024,4.978000000000006,6,4,COC1=C(O)C=CC(CCC(=O)C[C@H](O)C[C@H](C)CCCO)=C1C1=CC=C2C=CC(O)=CC2=C1,CNP0088073.1,0.004227012861520052,0.9999994039535522,0.5658323168754578,0.1408020257949829,0.33666666666666667,405
462.6710000000003,3.870200000000003,5,4,CC(C)[C@H](C)C[C@@H](O)[C@@H](C)[C@H]1CC[C@@]2(O)C3=CC(=O)[C@@H]4C[C@@H](O)[C@@H](O)C[C@]4(C)[C@@H]3CC[C@]12C,CNP0110561.2,0.44147613644599915,0.9999994039535522,0.1794040948152542,0.9393683075904846,0.42148727984344425,406
452.63200000000023,3.1846000000000014,6,4,CC[C@@H](C)C(=O)O[C@@H](C)[C@@]1(O)CC[C@]2(O)[C@@H]3CC[C@H]4C[C@H](O)CC[C@@]4(C)[C@H]3C[C@H](O)[C@]12C,CNP0332671.1,0.00844155065715313,0.9999994039535522,0.004779126029461622,0.9970082640647888,0.46,407
358.5300000000002,4.6223000000000045,3,0,CC(C)C(=O)N1C2=NC(C(C)C)=NN2C2(CCCCC2)[C@@H]2CCCC[C@@H]21,CNP0596946.1,0.9623928666114807,0.9999994039535522,0.9947326183319092,0.9999215602874756,0.5379486822527938,408
430.6290000000002,4.883700000000005,4,3,C=C1CC[C@H](O)C/C1=C/C=C1\CCC[C@]2(C)[C@@H]([C@H](C)C[C@H](O)C(=O)C(C)(C)O)CC[C@@H]12,CNP0102850.1,0.0796547457575798,0.9999994039535522,0.9716320633888245,0.9897616505622864,0.42,409
452.63200000000023,3.1846000000000014,6,4,CC[C@@H](C)C(=O)O[C@H](C)[C@]1(O)CC[C@]2(O)[C@@H]3CC[C@H]4C[C@@H](O)CC[C@]4(C)[C@H]3C[C@@H](O)[C@]12C,CNP0332671.2,0.00844155065715313,0.9999994039535522,0.004779126029461622,0.9970082640647888,0.46,410
462.6710000000003,3.870200000000003,5,4,CC(C)[C@@H](C)C[C@@H](O)[C@@H](C)[C@H]1CC[C@@]2(O)C3=CC(=O)[C@@H]4C[C@@H](O)[C@@H](O)C[C@]4(C)[C@H]3CC[C@]12C,CNP0110561.1,0.44147613644599915,0.9999994039535522,0.1794040948152542,0.9393683075904846,0.42148727984344425,411
428.6100000000001,3.783000000000003,6,4,C[C@@H](O)C[C@@H]1C[C@H](O)CCCCCCCCCCCC[C@H](O)C[C@H](O)/C=C\C(=O)O1,CNP0441107.1,0.0045891148038208485,0.9999994039535522,0.1328362226486206,0.8935936093330383,0.36,412
388.5480000000002,4.894300000000005,3,1,C[C@@H](CCC(=O)O)[C@H]1CC[C@H]2[C@H]3C(=O)C[C@@H]4CCCC[C@]4(C)[C@@H]3CC(=O)[C@]12C,CNP0472493.4,0.9993709921836853,0.9999994039535522,0.9981356859207153,0.9984959363937378,0.41333333333333333,413
432.5570000000003,4.681100000000004,5,1,CC[C@@H](C)C(=O)O[C@@H]1C=C(C(=O)O)[C@]2(C)CC[C@@H](C)[C@](C)(CCC3=CC(=O)OC3)[C@H]2C1,CNP0244854.1,0.9981200098991394,0.9999994039535522,0.4357075095176697,0.9979323148727417,0.45539016689219664,414
373.5450000000002,2.9631000000000007,3,2,CC(C)NC(=O)NC[C@H]1C[C@@H]2CC[N@@]1C[C@@H]2C1=CC(C2CCCC2)=NN1C,CNP0011367.1,0.00013269871124066412,0.9999992847442627,0.0007488687988370657,0.9645158052444458,0.47664831982717676,415
494.6360000000004,3.8149000000000015,5,2,COC1=CC=CC=C1C1=NN(C)C([C@@H]2C[N@@]3CC[C@H]2C[C@@H]3CNC(=O)CC2(CC(=O)O)CCCC2)=C1,CNP0449176.1,0.07726751267910004,0.9999992847442627,0.0007337232236750424,0.9460108280181885,0.4429745596868885,416
446.5400000000002,3.960300000000003,7,1,COC1=CC(C(=O)O[C@H]2CC(C)=CC(=O)[C@@]3(C)CC[C@@](O)(C(C)C)[C@H]23)=CC(OC)=C1OC,CNP0218356.1,0.9539321064949036,0.9999992847442627,0.7853565216064453,0.9975938200950623,0.33666666666666667,417
494.6360000000004,3.8149000000000015,5,2,COC1=CC=CC=C1C1=NN(C)C([C@H]2CN3CC[C@H]2C[C@@H]3CNC(=O)CC2(CC(=O)O)CCCC2)=C1,CNP0449176.2,0.07726751267910004,0.9999992847442627,0.0007337232236750424,0.9460108280181885,0.4429745596868885,418
474.5170000000002,3.4027200000000013,7,3,COC1=CC=C(C(CC(=O)NC(CC2=CC=CC=C2)C2=NC=NN2)C2=C(O)C(=O)C=C(C)O2)C=C1,CNP0414601.0,0.8726056218147278,0.9999992847442627,0.9762362837791443,0.9981667995452881,0.4766666666666667,419
427.93200000000013,4.808400000000003,4,3,COC1=CC=C(Cl)C=C1NC(=O)[C@H]1C[C@H](CC(C)C)N[C@]12C(O)=NC1=CC=CC=C12,CNP0597243.1,0.9500179290771484,0.9999992847442627,0.30703145265579224,0.9993221759796143,0.5520568335588633,420
402.44300000000015,2.9692200000000017,7,2,CCCC1=CC2=C(CO1)C(=O)[C@@](C)(O)C(OC(=O)C1=C(C)C=C(O)C=C1OC)C2,CNP0071655.1,0.8679905533790588,0.9999992847442627,0.002474860055372119,0.994841992855072,0.3620568335588633,421
357.4980000000002,3.7993000000000023,2,2,CCCCC1=CC=C(NC(=O)N2C[C@H](C(=O)NC)C3(CCCC3)C2)C=C1,CNP0530123.1,0.13287422060966492,0.9999992847442627,0.007776664569973946,0.9968420267105103,0.3409571788413098,422
357.4980000000002,3.7993000000000023,2,2,CCCCC1=CC=C(NC(=O)N2C[C@@H](C(=O)NC)C3(CCCC3)C2)C=C1,CNP0530123.2,0.13287422060966492,0.9999992847442627,0.007776664569973946,0.9968420267105103,0.3409571788413098,423
373.5450000000002,2.9631000000000007,3,2,CC(C)NC(=O)NC[C@H]1C[C@@H]2CCN1C[C@@H]2C1=CC(C2CCCC2)=NN1C,CNP0011367.2,0.00013269871124066412,0.9999992847442627,0.0007488687988370657,0.9645158052444458,0.47664831982717676,424
452.5030000000002,3.671800000000003,7,1,CCOC(=O)C1=C2C=C[C@@H]3CC(=O)CCC3=C2C2=C(C=C3O[C@H](C(C)(C)O)CC3=C2OC)O1,CNP0390669.1,0.4634484052658081,0.9999992847442627,0.9800671935081482,0.44571784138679504,0.3181539465101109,425
494.9970000000003,2.7375000000000016,7,1,COC1=C2CN(C)CCC2=C(S(=O)(=O)N2CCC(O)(C3=CC=C(Cl)C=C3)CC2)C2=C1OCO2,CNP0206927.0,0.9989446997642517,0.9999992847442627,0.9743604063987732,0.022241925820708275,0.5214872798434442,426
495.48800000000034,3.009920000000001,8,4,COC1=CC=C(C(CC(=O)NC2=CC=C3NC(=O)NC3=C2)C2=C(O)C=C(C)OC2=O)C(OC)=C1OC,CNP0364397.0,0.012923197820782661,0.9999992847442627,0.002733547007665038,0.9904362559318542,0.3348206131767776,427
494.6360000000004,3.8149000000000015,5,2,COC1=CC=CC=C1C1=NN(C)C([C@H]2C[N@]3CC[C@H]2C[C@@H]3CNC(=O)CC2(CC(=O)O)CCCC2)=C1,CNP0449176.3,0.07726751267910004,0.9999992847442627,0.0007337232236750424,0.9460108280181885,0.4429745596868885,428
386.4440000000002,3.414800000000002,6,3,COC1=CC(O)=CC=C1C(=O)CC1C2=CC=C(O)C(OC)=C2CC1C(C)(C)O,CNP0283898.0,0.9988754391670227,0.9999992847442627,0.9970301389694214,0.9939571619033813,0.40717842082931116,429
434.48800000000017,4.906200000000004,5,3,CCCC1=C(OCC2=CC=C([C@H](O)C3=CC=CC(C(=O)O)=C3)C=C2)C=CC(C(C)=O)=C1O,CNP0599578.1,0.9998206496238708,0.9999992847442627,0.9145072102546692,0.9594317078590393,0.36,430
444.6200000000003,3.652800000000002,4,2,CN1N=C(C2CCCCC2)C=C1[C@H]1C[N@]2CC[C@H]1C[C@@H]2CNC(=O)CC(C)(C)CC(=O)O,CNP0033509.1,0.005724758841097355,0.9999991655349731,0.0015032320516183972,0.9966559410095215,0.5781539465101109,431
472.56700000000023,2.8538000000000014,5,2,CCCS(=O)(=O)NC1=CC=C2[C@@H]3C[C@@H](CN(C(=O)NC4=CC=C(C(C)=O)C=C4)C3)CN2C1=O,CNP0090684.1,0.15314853191375732,0.9999991655349731,0.005217219237238169,0.9992679953575134,0.5920568335588633,432
412.4860000000001,3.0626000000000007,7,1,CCOC(=O)O[C@H](C)[C@H]1CN2CC[C@]34C(=C(C(=O)OC)C1C[C@H]23)NC1=CC=CC=C14,CNP0377132.1,3.81058307539206e-05,0.9999991655349731,2.8730311896651983e-05,0.9906255006790161,0.3809571788413098,433
372.41700000000003,3.111800000000002,6,4,COC1=C(O)C=CC2=C1CC(C(C)(C)O)C2CC(=O)C1=CC=C(O)C=C1O,CNP0118605.0,0.9989757537841797,0.9999991655349731,0.9959652423858643,0.9904555678367615,0.39384508749597785,434
444.6200000000003,3.652800000000002,4,2,CN1N=C(C2CCCCC2)C=C1[C@H]1CN2CC[C@H]1C[C@@H]2CNC(=O)CC(C)(C)CC(=O)O,CNP0033509.2,0.005724758841097355,0.9999991655349731,0.0015032320516183972,0.9966559410095215,0.5781539465101109,435
474.68200000000036,4.936100000000006,5,3,CC(=O)O[C@H]1CC[C@@]2(C)[C@H](C1)[C@@H](O)C=C1C3=CC[C@H]([C@H](C)CCCC(C)C)[C@@]3(C)C[C@@H](O)[C@@]12O,CNP0428101.1,0.02925383858382702,0.9999991655349731,0.007572860457003117,0.9958279728889465,0.43577779201808736,436
368.4810000000003,4.512900000000005,4,0,CCC(=O)N1C2=NC(C3=CC=CO3)=NN2C2(CCCCC2)[C@@H]2CCCC[C@@H]21,CNP0518756.1,0.9347125887870789,0.9999990463256836,0.8871287703514099,0.9996720552444458,0.550219838873107,437
483.6500000000003,3.4639000000000024,5,4,CC[C@@H](C)[C@H](NC(=O)OC(C)(C)C)C(=O)NC[C@H]1CC[C@H](C(=O)N[C@H](CC(C)C)C(=O)O)CC1,CNP0368268.3,0.8350601196289062,0.9999990463256836,0.979931652545929,0.9991863369941711,0.5276238455079765,438
483.6500000000003,3.4639000000000024,5,4,CC[C@H](C)[C@H](NC(=O)OC(C)(C)C)C(=O)NC[C@H]1CC[C@@H](C(=O)N[C@H](CC(C)C)C(=O)O)CC1,CNP0368268.5,0.8350601196289062,0.9999990463256836,0.979931652545929,0.9991863369941711,0.5276238455079765,439
483.6500000000003,3.4639000000000024,5,4,CCC(C)[C@H](NC(=O)OC(C)(C)C)C(=O)NC[C@H]1CC[C@H](C(=O)N[C@H](CC(C)C)C(=O)O)CC1,CNP0368268.1,0.8350601196289062,0.9999990463256836,0.979931652545929,0.9991863369941711,0.5276238455079765,440
407.5950000000002,4.886900000000005,4,0,CCCC[C@@H](C)[C@@H]1CCCC(OC)CCC(C)/C=C\C(=O)N2CCC[C@H]2C(=O)O1,CNP0072654.2,0.8355458378791809,0.9999990463256836,0.8451201915740967,0.9956831932067871,0.411167958910284,441
352.8140000000001,3.784300000000004,5,2,CC1=CCCC(C)C(C)OC(=O)CC2=C(Cl)C(O)=CC(O)=C2C1=O,CNP0420634.0,0.6484546661376953,0.9999990463256836,0.9815959334373474,0.9956811666488647,0.3202107800689742,442
491.5880000000002,3.3792000000000018,5,2,CCCOC1=CC=C(C2CN3C(=O)CN(CCCO)C(=O)[C@]3(C)C3=C2C2=CC=CC=C2N3)C=C1OC,CNP0377052.1,0.930816650390625,0.9999990463256836,0.03132065385580063,0.9996304512023926,0.47,443
483.6500000000003,3.4639000000000024,5,4,CC[C@@H](C)[C@H](NC(=O)OC(C)(C)C)C(=O)NC[C@H]1CC[C@H](C(=O)N[C@@H](CC(C)C)C(=O)O)CC1,CNP0368268.4,0.8350601196289062,0.9999990463256836,0.979931652545929,0.9991863369941711,0.5276238455079765,444
438.5720000000004,4.736300000000004,5,0,CCC1=NN2C(=N1)N(C(=O)C1=CC=C(OC)C(OC)=C1)[C@H]1CCCC[C@H]1C21CCCCC1,CNP0561128.1,0.9997163414955139,0.9999990463256836,0.993843674659729,0.9998718500137329,0.5147802128473985,445
407.5950000000002,4.886900000000005,4,0,CCCC[C@@H](C)[C@@H]1CCCC(OC)CCC(C)/C=C/C(=O)N2CCC[C@H]2C(=O)O1,CNP0072654.1,0.8355458378791809,0.9999990463256836,0.8451201915740967,0.9956831932067871,0.411167958910284,446
483.6500000000003,3.4639000000000024,5,4,CC[C@H](C)[C@H](NC(=O)OC(C)(C)C)C(=O)NC[C@H]1CC[C@H](C(=O)N[C@@H](CC(C)C)C(=O)O)CC1,CNP0368268.6,0.8350601196289062,0.9999990463256836,0.979931652545929,0.9991863369941711,0.5276238455079765,447
483.6500000000003,3.4639000000000024,5,4,CCC(C)[C@H](NC(=O)OC(C)(C)C)C(=O)NC[C@H]1CC[C@H](C(=O)N[C@@H](CC(C)C)C(=O)O)CC1,CNP0368268.2,0.8350601196289062,0.9999990463256836,0.979931652545929,0.9991863369941711,0.5276238455079765,448
437.4960000000002,3.374500000000002,7,1,COC1=CC=C(C2=NOC([C@H](C)O)=C2C(=O)N2CCN(C3=CC=CC=C3OC)CC2)C=C1,CNP0187566.1,0.9379499554634094,0.9999990463256836,0.9972730278968811,0.9996103644371033,0.5444618395303327,449
422.5620000000002,3.5580000000000025,6,2,CC[C@H](C)C(=O)O[C@H]1CCC=C2C=C[C@H](C)[C@H](CC[C@@H](O)C[C@@H](O)CC(=O)OC)C21,CNP0350127.1,0.9961800575256348,0.999998927116394,0.9928531050682068,0.7626587152481079,0.4066666666666667,450
422.5620000000002,3.5580000000000025,6,2,CC[C@H](C)C(=O)O[C@@H]1CCC=C2C=C[C@@H](C)[C@@H](CC[C@H](O)C[C@H](O)CC(=O)OC)[C@@H]21,CNP0350127.3,0.9961800575256348,0.999998927116394,0.9928531050682068,0.7626587152481079,0.4066666666666667,451
422.5620000000002,3.5580000000000025,6,2,CC[C@@H](C)C(=O)O[C@@H]1CCC=C2C=C[C@@H](C)[C@@H](CC[C@H](O)C[C@H](O)CC(=O)OC)[C@@H]21,CNP0350127.5,0.9961800575256348,0.999998927116394,0.9928531050682068,0.7626587152481079,0.4066666666666667,452
442.8990000000001,4.264000000000004,6,1,COC1=CC2=C(C=C1OC)CN(C(=O)C1=C([C@H](C)O)ON=C1C1=CC=C(Cl)C=C1)CC2,CNP0111029.1,0.9994284510612488,0.999998927116394,0.9999756813049316,0.9992451667785645,0.4270135569013731,453
382.5080000000004,4.873100000000005,4,0,CC(C)C1=NN2C(=N1)N(C(=O)C1=CC=CO1)[C@H]1CCCC[C@H]1C21CCCCC1,CNP0499097.1,0.960739016532898,0.999998927116394,0.9496974349021912,0.9997277855873108,0.5757150036370139,454
430.62900000000025,4.573500000000005,4,3,C[C@H](CCCC(C)(C)O)[C@H]1CC[C@H]2C3=CC(=O)C4=C[C@H](O)[C@H](O)C[C@]4(C)[C@H]3CC[C@]12C,CNP0321166.1,0.8648524880409241,0.999998927116394,0.04432922601699829,0.9569782018661499,0.37,455
422.5620000000002,3.5580000000000025,6,2,CC[C@@H](C)C(=O)O[C@H]1CCC=C2C=C[C@@H](C)[C@@H](CC[C@H](O)C[C@H](O)CC(=O)OC)[C@@H]21,CNP0350127.2,0.9961800575256348,0.999998927116394,0.9928531050682068,0.7626587152481079,0.4066666666666667,456
484.6410000000002,4.323200000000003,5,2,CCC(C)[C@@H]1/N=C(\O)[C@@H]2[C@H](CCN2C(=O)[C@H](C(C)CC)N(C)C)OC2=CC=C(/C=C\N=C/1O)C=C2,CNP0490252.1,0.0012488693464547396,0.999998927116394,0.005336301401257515,0.9994138479232788,0.46021078006897415,457
446.54800000000023,2.8194,4,4,CC[C@@H](C)[C@H](NC(=O)[C@@H](NC(=O)N1C2=CC=CC=C2NC(=O)[C@@H]1C(C)C)C(C)C)C(=O)O,CNP0315791.2,0.6442859172821045,0.999998927116394,0.7277750968933105,0.9997896552085876,0.5000683041927306,458
456.53500000000037,4.285900000000003,7,1,CCCOC1=C2C[C@@H](C(C)(C)O)OC2=CC2=C1C(=C1CCC(=O)CC1)C=C(C(=O)OCC)O2,CNP0093082.1,0.9924452900886536,0.999998927116394,0.9582215547561646,0.31867384910583496,0.3381539465101109,459
430.62900000000025,4.573500000000005,4,3,CC(CCCC(C)(C)O)[C@H]1CCC2C3=CC(=O)C4=C[C@H](O)[C@H](O)C[C@]4(C)C3CC[C@@]21C,CNP0321166.2,0.8648524880409241,0.999998927116394,0.04432922601699829,0.9569782018661499,0.37,460
446.54800000000023,2.8194,4,4,CC[C@H](C)[C@H](NC(=O)[C@@H](NC(=O)N1C2=CC=CC=C2NC(=O)[C@@H]1C(C)C)C(C)C)C(=O)O,CNP0315791.3,0.6442859172821045,0.999998927116394,0.7277750968933105,0.9997896552085876,0.5000683041927306,461
453.6230000000002,4.076000000000003,4,4,CC(C)(O)[C@@H]1C[C@@H](O)[C@]2(CO)[C@H](CC[C@@]3(C)[C@H]2CC[C@H]2CC4=C(NC5=CC=CC=C45)[C@@]23C)O1,CNP0180443.2,0.5728358626365662,0.999998927116394,0.013132359832525253,0.1073276698589325,0.3202107800689742,462
449.59100000000024,4.815900000000005,4,2,CO[C@]12CC[C@@]3(C)C(CC[C@H]4CC5=C(NC6=CC=CC=C56)[C@@]43C)C1=CC(=O)C(C(C)(C)O)O2,CNP0568364.2,0.9998929500579834,0.999998927116394,0.7845157980918884,0.42756742238998413,0.35333333333333333,463
453.6230000000002,4.076000000000003,4,4,CC(C)(O)[C@H]1C[C@H](O)[C@]2(CO)[C@H]3CC[C@H]4CC5=C(NC6=CC=CC=C56)[C@@]4(C)[C@]3(C)CC[C@H]2O1,CNP0180443.1,0.5728358626365662,0.999998927116394,0.013132359832525253,0.1073276698589325,0.3202107800689742,464
449.59100000000024,4.815900000000005,4,2,CO[C@]12CC[C@@]3(C)[C@@H](CC[C@H]4CC5=C(NC6=CC=CC=C56)[C@@]43C)C1=CC(=O)[C@@H](C(C)(C)O)O2,CNP0568364.1,0.9998929500579834,0.999998927116394,0.7845157980918884,0.42756742238998413,0.35333333333333333,465
422.5620000000002,3.5580000000000025,6,2,CC[C@H](C)C(=O)O[C@H]1CCC=C2C=C[C@@H](C)[C@@H](CC[C@H](O)C[C@H](O)CC(=O)OC)[C@@H]21,CNP0350127.4,0.9961800575256348,0.999998927116394,0.9928531050682068,0.7626587152481079,0.4066666666666667,466
488.5770000000002,3.6993000000000027,8,1,CCOC(=O)O[C@]1(C(=O)COC(=O)CC)CC[C@H]2[C@@H]3CCC4=CC(=O)C=C[C@]4(C)[C@H]3[C@@H](O)C[C@@]21C,CNP0289912.1,0.008538504131138325,0.999998927116394,0.0014580388087779284,0.711659848690033,0.3753901668921966,467
446.54800000000023,2.8194,4,4,CCC(C)[C@H](NC(=O)[C@@H](NC(=O)N1C2=CC=CC=C2NC(=O)[C@@H]1C(C)C)C(C)C)C(=O)O,CNP0315791.1,0.6442859172821045,0.999998927116394,0.7277750968933105,0.9997896552085876,0.5000683041927306,468
406.8910000000001,3.274000000000002,4,2,CCOC(=O)[C@@H](CC1=CNC2=CC=CC=C12)NS(=O)(=O)C1=CC=C(Cl)C=C1,CNP0602747.2,0.9998793601989746,0.9999988079071045,0.9999070167541504,0.9999047517776489,0.5733333333333334,469
446.54800000000023,2.819400000000001,4,4,CC[C@H](C)[C@H](NC(=O)N1C2=CC=CC=C2NC(=O)[C@@H]1C(C)C)C(=O)N[C@@H](C(=O)O)C(C)C,CNP0250008.3,0.594756007194519,0.9999988079071045,0.8152183294296265,0.9997795224189758,0.5034016375260639,470
446.54800000000023,2.819400000000001,4,4,CC[C@@H](C)[C@H](NC(=O)N1C2=CC=CC=C2NC(=O)[C@@H]1C(C)C)C(=O)N[C@@H](C(=O)O)C(C)C,CNP0250008.4,0.594756007194519,0.9999988079071045,0.8152183294296265,0.9997795224189758,0.5034016375260639,471
484.62200000000024,2.8535000000000013,7,2,CC(C)C1=CC=C(S(=O)(=O)N2CCC3(CC2)NCCN=C3NCC2=CC=C3OCOC3=C2)C=C1,CNP0594523.0,0.9966771602630615,0.9999988079071045,0.9897953867912292,0.9953163862228394,0.5466666666666666,472
484.6770000000003,4.642300000000005,5,2,CC1CC2OC3(OC2C(C)(C)O)C1C1(C)CCC24CC25C=CC(=O)C(C)(C)C5CCC4C1(C)C3O,CNP0270231.0,0.009973494336009026,0.9999988079071045,0.002642235951498151,0.51288241147995,0.32666666666666666,473
464.59900000000033,4.698400000000006,7,2,COC1=CC(CC[C@@H](C[C@@H](CCC[C@H](C)O)OC(C)=O)OC(=O)C2CCCCC2)=CC=C1O,CNP0154662.1,0.0030487622134387493,0.9999988079071045,0.9765069484710693,0.9950891137123108,0.39,474
446.54800000000023,2.819400000000001,4,4,CC[C@H](C)[C@H](NC(=O)N1C2=CC=CC=C2NC(=O)[C@@H]1C(C)C)C(=O)N[C@H](C(=O)O)C(C)C,CNP0250008.6,0.594756007194519,0.9999988079071045,0.8152183294296265,0.9997795224189758,0.5034016375260639,475
455.96700000000016,2.971660000000001,3,1,CC1=C(C)C(C)=C(CC2=C3C=C(S(=O)(=O)N(C)C4=CC=CC(Cl)=C4)C=CC3=NC2=O)N1,CNP0572444.0,0.9574254751205444,0.9999988079071045,0.9626610279083252,0.9998718500137329,0.5566666666666666,476
406.8910000000001,3.274000000000002,4,2,CCOC(=O)[C@H](CC1=CNC2=CC=CC=C12)NS(=O)(=O)C1=CC=C(Cl)C=C1,CNP0602747.1,0.9998793601989746,0.9999988079071045,0.9999070167541504,0.9999047517776489,0.5733333333333334,477
446.54800000000023,2.819400000000001,4,4,CC[C@@H](C)[C@H](NC(=O)N1C2=CC=CC=C2NC(=O)[C@@H]1C(C)C)C(=O)N[C@H](C(=O)O)C(C)C,CNP0250008.5,0.594756007194519,0.9999988079071045,0.8152183294296265,0.9997795224189758,0.5034016375260639,478
446.54800000000023,2.819400000000001,4,4,CCC(C)[C@H](NC(=O)N1C2=CC=CC=C2NC(=O)[C@@H]1C(C)C)C(=O)N[C@@H](C(=O)O)C(C)C,CNP0250008.1,0.594756007194519,0.9999988079071045,0.8152183294296265,0.9997795224189758,0.5034016375260639,479
446.54800000000023,2.819400000000001,4,4,CCC(C)[C@H](NC(=O)N1C2=CC=CC=C2NC(=O)[C@@H]1C(C)C)C(=O)N[C@H](C(=O)O)C(C)C,CNP0250008.2,0.594756007194519,0.9999988079071045,0.8152183294296265,0.9997795224189758,0.5034016375260639,480
372.8300000000001,3.0820000000000007,5,2,CC(C)S(=O)(=O)N[C@H](C)C1=C(C(=O)O)C(C2=CC=C(Cl)C=C2)=NO1,CNP0014833.1,0.9999098777770996,0.9999986886978149,0.999996542930603,0.9998725652694702,0.6121929437245955,481
390.4760000000002,3.6700000000000017,4,2,CC(=O)OCC(C)C1CCC2C3C=CC(C(=O)O)=CCC3(C)CCC12C(=O)O,CNP0257616.0,0.9989911913871765,0.9999986886978149,0.9747837781906128,0.978318989276886,0.45666666666666667,482
492.6200000000002,4.705500000000004,5,4,CC[C@H](C)[C@@H]1/N=C(/O)[C@@H](NC)CC2=CC(=CC=C2OC)/C=C\N=C(/O)[C@H](CC2=CC=CC=C2)/N=C\1O,CNP0485787.1,0.9954811334609985,0.9999986886978149,0.8740142583847046,0.9929607510566711,0.45148727984344417,483
372.4610000000002,4.705100000000004,4,1,CC(=O)OCC1=C(C(=O)O)/C=C\C=C\[C@@](C)(CCC2=COC=C2)[C@H](C)CC1,CNP0110626.1,0.9477089643478394,0.9999986886978149,0.9590394496917725,0.9997684359550476,0.41,484
428.5400000000001,4.777400000000004,5,1,CCCCC1=NC2(CCCC2)C(=O)N1CC1=CC=C(C2=CC=CC=C2C2=NN=NN2)C=C1,CNP0515721.0,0.9999998807907104,0.9999986886978149,0.999872088432312,0.8709062933921814,0.4066666666666667,485
372.46100000000024,2.7810000000000006,4,2,C[C@H](C(=O)O)[C@H]1CC[C@H]2[C@@H]3C=CC4=CC(=O)[C@@H](O)C[C@]4(C)[C@H]3CC(=O)[C@]12C,CNP0139103.2,0.9136698842048645,0.9999986886978149,0.9584592580795288,0.9964424967765808,0.4020568335588633,486
372.4610000000002,4.705100000000004,4,1,CC(=O)OC/C1=C(C(=O)O)/C=C\C=C\[C@@](C)(CCC2=COC=C2)[C@H](C)CC1,CNP0110626.2,0.9477089643478394,0.9999986886978149,0.9590394496917725,0.9997684359550476,0.41,487
449.5070000000003,3.1694000000000013,5,2,COC(=O)C(CC1=CNC2=CC=CC=C12)NC(=O)C1CCCN1C(=O)OCC1=CC=CC=C1,CNP0368300.0,0.05230110138654709,0.9999986886978149,0.7309603691101074,0.9997456669807434,0.49,488
372.46100000000024,2.7810000000000006,4,2,C[C@@H](C(=O)O)[C@H]1CC[C@H]2[C@@H]3C=CC4=CC(=O)[C@@H](O)C[C@]4(C)[C@H]3CC(=O)[C@]12C,CNP0139103.3,0.9136698842048645,0.9999986886978149,0.9584592580795288,0.9964424967765808,0.4020568335588633,489
372.46100000000024,2.7810000000000006,4,2,CC(C(=O)O)C1CCC2C3C=CC4=CC(=O)[C@@H](O)C[C@]4(C)C3CC(=O)[C@]12C,CNP0139103.1,0.9136698842048645,0.9999986886978149,0.9584592580795288,0.9964424967765808,0.4020568335588633,490
454.5710000000002,3.2654200000000024,5,1,CCN(CC)C(=O)[C@@H]1CCC[C@@H](NC(=O)C2=C(C)ON=C2C2=CC=CC=C2)CN(C)C(=O)C1,CNP0121966.1,0.026829024776816368,0.9999985694885254,0.002138382289558649,0.9979996085166931,0.5133961198248368,491
388.8990000000001,3.347000000000002,4,1,COC[C@@H]1C[C@H](N2C=C(NC(=O)C3CC3)C=N2)CN1CC1=CC=CC(Cl)=C1,CNP0513933.1,0.00044508560677058995,0.9999985694885254,0.0015477916458621621,0.9938368201255798,0.49737233054781804,492
386.57300000000015,4.760500000000004,4,2,CC[C@@H](C)C[C@@H](C)[C@@H](OC(=O)[C@H](C)[C@@H](O)[C@@H](C)C[C@@H](C)CC)[C@@H](C)C(=O)O,CNP0149546.1,0.9999297857284546,0.9999985694885254,0.9998561143875122,0.9966773986816406,0.5314872798434442,493
356.4180000000002,3.9287000000000036,5,2,COC1=C2CC(C3=CC=C(O)C=C3O)COC2=CC2=C1CCC(C)(C)O2,CNP0485973.0,0.20548847317695618,0.9999985694885254,0.47434595227241516,0.9905982613563538,0.32964122635355514,494
375.4900000000001,3.649600000000002,5,3,CCS[C@H](CC(=O)NCCC1=CC=C(O)C=C1)C1=CC=C(O)C(OC)=C1,CNP0116088.1,0.9141314029693604,0.9999985694885254,0.9825335144996643,0.9984571933746338,0.39666666666666667,495
420.8970000000001,3.1424000000000003,6,2,CN1C[C@@H](NC(=O)CC(C)(C)CC(=O)O)C[C@H]1C1=NC(C2=CC=C(Cl)C=C2)=NO1,CNP0042821.1,0.9910886287689209,0.9999985694885254,0.9400070905685425,0.9997743964195251,0.6366666666666667,496
488.7090000000004,4.6448000000000045,5,3,CC(C)(O)[C@@H]1CC[C@](C)([C@H]2C(=O)C[C@@]3(C)[C@@H]4C[C@H](O)[C@H]5C(C)(C)[C@@H](O)CC[C@@]56C[C@@]46CC[C@]23C)O1,CNP0315403.1,0.045868661254644394,0.9999985694885254,0.960135281085968,0.9957420229911804,0.30666666666666664,497
356.41800000000006,4.608500000000003,4,3,CCCCC(O)C1=CC(O)=C2C(=C1)OC(C)(C)C1=CC=C(C(=O)O)C=C12,CNP0155860.0,0.966116189956665,0.9999985694885254,0.044431693851947784,0.976201057434082,0.4033333333333333,498
434.53200000000027,4.583340000000004,5,0,CC1=CC(=O)C=C[C@]2(C)[C@H]3C(=O)C=C(C)[C@@]4(CC5=C(O4)C(C)=C(C)OC5=O)[C@]3(C)CC[C@@H]12,CNP0221585.1,0.21606573462486267,0.9999985694885254,0.11054211854934692,0.997632622718811,0.2902107800689742,499
428.5690000000003,4.642800000000004,4,1,CC(=O)O[C@H]1C[C@@]2(C)[C@@H]3CC[C@H]4[C@H](C)C(=O)C=C[C@@]45C[C@@]35CC[C@]2(C)[C@H]1[C@H](C)C(=O)O,CNP0562892.1,0.9922475814819336,0.9999985694885254,0.6854062676429749,0.9955099821090698,0.35333333333333333,500
433.5480000000001,4.081900000000003,4,3,CC(C)(O)[C@H]1O[C@@]2(O)CC[C@@]3(C)C(=CC[C@H]4CC5=C(NC6=CC=CC=C56)[C@@]43C)C2=CC1=O,CNP0071478.1,0.9993317723274231,0.9999984502792358,0.7466686367988586,0.9758363366127014,0.3981539465101109,501
402.4870000000001,3.648700000000003,6,2,COC1=CC(C(=O)O[C@H]2CC(C)=CC(=O)[C@]3(C)CC[C@](O)(C(C)C)[C@H]23)=CC=C1O,CNP0136950.3,0.0015548977535218,0.9999984502792358,0.003261359641328454,0.960301399230957,0.3333333333333333,502
453.53900000000027,4.067620000000004,8,2,CCC1=CC(C2=NOC(C3=CC(OC)=NC(C4CCCC4)=C3)=N2)=CC(C)=C1OC[C@@H](O)CO,CNP0575268.1,0.2956525981426239,0.9999984502792358,0.6462163329124451,0.5234507322311401,0.5192352543881745,503
432.9520000000002,3.0596200000000016,5,2,CC1=CC(CNC(=O)[C@@H]2CCC[C@@H](NCC3=CC=CC(Cl)=C3)CN(C)C(=O)C2)=NO1,CNP0255480.1,0.002377569442614913,0.9999984502792358,0.0015902247978374362,0.9998165965080261,0.46655491785005104,504
402.49100000000027,4.206900000000004,6,1,CCN(C(=O)C1=C([C@H](C)O)ON=C1C1=CC=C(OC)C(OC)=C1)C1CCCCC1,CNP0017262.1,0.998497724533081,0.9999984502792358,0.9999070167541504,0.9997345805168152,0.515149156571994,505
402.4870000000001,3.648700000000003,6,2,COC1=CC(C(=O)O[C@@H]2CC(C)=CC(=O)[C@@]3(C)CC[C@@](O)(C(C)C)[C@H]23)=CC=C1O,CNP0136950.1,0.0015548977535218,0.9999984502792358,0.003261359641328454,0.960301399230957,0.3333333333333333,506
436.63300000000027,4.228900000000004,4,4,C[C@H](CC[C@@H](O)[C@@H](O)C(=O)O)[C@H]1CC[C@H]2[C@@H]3CC[C@@H]4C[C@H](O)CC[C@]4(C)[C@H]3CC[C@]12C,CNP0070842.1,0.21941395103931427,0.9999984502792358,0.17298126220703125,0.8974899649620056,0.46,507
402.4870000000001,3.648700000000003,6,2,COC1=CC(C(=O)O[C@H]2CC(C)=CC(=O)[C@@]3(C)CC[C@@](O)(C(C)C)[C@H]23)=CC=C1O,CNP0136950.2,0.0015548977535218,0.9999984502792358,0.003261359641328454,0.960301399230957,0.3333333333333333,508
430.4970000000002,3.671800000000003,7,1,COC1=CC(C(=O)O[C@H]2CC(C)=CC(=O)[C@@]3(C)CC[C@@](O)(C(C)C)[C@H]23)=CC2=C1OCO2,CNP0198303.1,0.05816422402858734,0.9999983310699463,0.35665175318717957,0.9323697686195374,0.3333333333333333,509
388.50800000000015,3.7051000000000025,5,0,CCCCN(C(=O)C1=CC(OC)=C(OC)C(OC)=C1)C1=C[C@H]2CC[C@@H](C1)N2C,CNP0351753.1,0.8973920345306396,0.9999983310699463,0.373471736907959,0.9997383952140808,0.34964122635355516,510
400.65100000000024,4.7599000000000045,3,2,C[C@H](N)[C@H]1[C@H](O)C[C@@]2(C)[C@@H]3CC[C@@H]4C(=CC[C@H](N(C)C)C4(C)C)C=C3CC[C@]12C,CNP0235867.1,0.887620747089386,0.9999983310699463,0.8824590444564819,0.9426184892654419,0.31666666666666665,511
439.97200000000026,4.957900000000003,5,2,O=C(NC1=CC=CC=C1Cl)[C@@H]1SC2=NN=C(C3=CC=CC=C3)N2NC12CCCCC2,CNP0603942.1,0.9999599456787109,0.9999983310699463,0.999810516834259,0.9997686743736267,0.48,512
368.8130000000001,2.8992000000000018,6,3,CC1=CCCC(C)(O)C(C)OC(=O)CC2=C(Cl)C(O)=CC(O)=C2C1=O,CNP0357383.0,0.8162696957588196,0.9999983310699463,0.5700662136077881,0.9315428733825684,0.36148727984344425,513
448.4710000000001,4.558100000000004,7,3,COC[C@H](CC1=C(O)C(OC)=C(O)C2=C1OC(C1=CC=C(O)C=C1)=CC2=O)C1=CC=CC=C1,CNP0248592.1,0.4535805881023407,0.9999983310699463,0.15314850211143494,0.9597980380058289,0.3933333333333333,514
439.97200000000026,4.957900000000003,5,2,O=C(NC1=CC=CC=C1Cl)[C@H]1SC2=NN=C(C3=CC=CC=C3)N2NC12CCCCC2,CNP0603942.2,0.9999599456787109,0.9999983310699463,0.999810516834259,0.9997686743736267,0.48,515
404.4220000000001,3.0702000000000016,4,4,O=C(O)C1=CC=C(NC(=O)[C@H](CC2=CC=C(O)C=C2)NC(=O)C2=CC=CC=C2)C=C1,CNP0594921.1,0.9999971389770508,0.9999982118606567,0.9999819993972778,0.9998868703842163,0.5433333333333333,516
424.58100000000013,4.512400000000005,4,2,CO[C@H]1CC(=O)[C@@H]2[C@@H]3C[C@@H]4CC[C@]5(CC[C@@H](CC6=CC=CC=C6O)C5)[C@]3(C)[C@@]4(C)[C@@]12O,CNP0443911.1,0.00424042297527194,0.9999982118606567,0.00042248028330504894,0.12029551714658737,0.34148727984344424,517
380.5360000000001,4.424820000000004,2,1,CC[C@@H](C)NC(=O)N1CCC2(CC1)C1=CC=CN1C1=CC=C(C)C=C1N2CC,CNP0541023.1,0.0003880457952618599,0.9999982118606567,0.0011077667586505413,0.9999086856842041,0.35333333333333333,518
481.5450000000003,4.963720000000005,7,2,COC1=CC=C(C(CC(=O)NC2=CC=C(C(C)C)C=C2)C2=C(O)C=C(C)OC2=O)C(OC)=C1OC,CNP0332389.0,0.5233879089355469,0.9999982118606567,0.4289812743663788,0.9978475570678711,0.38762384550797646,519
456.4980000000002,4.329900000000004,7,1,COC1=C(O)C=C2CCN(C)[C@H]3CC4=C5N=C(C6=CC=CC=C6)C(=O)OC5=C(OC)C=C4C1=C23,CNP0532147.1,0.023212363943457603,0.9999982118606567,0.0668087899684906,0.781014084815979,0.4144618395303327,520
354.45400000000024,4.122800000000003,4,0,CC(=O)N1C2=NC(C3=CC=CO3)=NN2C2(CCCCC2)[C@@H]2CCCC[C@@H]21,CNP0570261.1,0.9771614670753479,0.9999982118606567,0.956337571144104,0.9998300075531006,0.5560159777306842,521
424.58100000000013,4.512400000000005,4,2,CO[C@@H]1CC(=O)[C@H]2[C@@H]3C[C@H]4CC[C@]5(CC[C@@H](CC6=CC=CC=C6O)C5)[C@]3(C)[C@@]4(C)[C@@]12O,CNP0443911.2,0.00424042297527194,0.9999982118606567,0.00042248028330504894,0.12029551714658737,0.34148727984344424,522
380.5360000000001,4.424820000000004,2,1,CC[C@H](C)NC(=O)N1CCC2(CC1)C1=CC=CN1C1=CC=C(C)C=C1N2CC,CNP0541023.2,0.0003880457952618599,0.9999982118606567,0.0011077667586505413,0.9999086856842041,0.35333333333333333,523
384.8560000000002,3.4262000000000015,6,2,COC1=CC(O)=C(Cl)C2=C1C(=O)O[C@H](C)CCCCC[C@H](O)CC(=O)C2,CNP0099246.4,0.011831710115075111,0.9999980926513672,0.552278995513916,0.43991339206695557,0.3381539465101109,524
456.97400000000016,3.6838000000000015,3,2,CCC(C)[C@H](NC(=O)N1C[C@H]2C[C@@H](C1)C1=CC=CC(=O)N1C2)C(=O)NC1=CC=CC(Cl)=C1,CNP0376050.1,0.0007229914190247655,0.9999980926513672,0.001373858074657619,0.919706404209137,0.39450129224361735,525
466.57400000000035,4.140500000000004,6,0,CC(=O)O[C@@H]1C[C@H]2C(C)(C)C(=O)C=C[C@]2(C)[C@H]2CC[C@@]3(C)C(=CC(=O)[C@H]3C3=CCOC3=O)[C@@]21C,CNP0285644.2,0.010348081588745117,0.9999980926513672,0.7156020402908325,0.9881848096847534,0.3420568335588633,526
435.56400000000014,3.9567000000000023,4,3,CC(C)(O)[C@@H]1O[C@H]2CC[C@@]3(C)[C@@](O)(CC[C@H]4CC5=C(NC6=CC=CC=C56)[C@@]43C)C2=CC1=O,CNP0236994.2,0.9979440569877625,0.9999980926513672,0.4577341377735138,0.7764517664909363,0.31354411340230753,527
495.64500000000044,3.5195200000000026,4,3,CC1=CC=C(S(=O)(=O)NC(CC2=CNC3=CC=CC=C23)C(=O)N2CCC3(O)CCCCC3C2)C=C1,CNP0219002.0,0.9904659986495972,0.9999980926513672,0.9177243113517761,0.9988698363304138,0.5433333333333333,528
384.8560000000002,3.4262000000000015,6,2,COC1=CC(O)=C(Cl)C2=C1C(=O)O[C@H](C)CCCCC[C@@H](O)CC(=O)C2,CNP0099246.1,0.011831710115075111,0.9999980926513672,0.552278995513916,0.43991339206695557,0.3381539465101109,529
476.6980000000003,4.1178000000000035,5,4,CC(C)[C@@H](CCO)CC[C@@H](C)[C@H]1C[C@@H](O)[C@H]2[C@@H]3C(=O)C=C4C[C@@H](O)CC[C@]4(C)[C@@H]3[C@H](O)C[C@@]21C,CNP0194649.3,0.0010084693785756826,0.9999980926513672,0.00029118816019035876,0.4792290925979614,0.35872350022552996,530
384.8560000000002,3.4262000000000015,6,2,COC1=CC(O)=C(Cl)C2=C1C(=O)O[C@@H](C)CCCCC[C@H](O)CC(=O)C2,CNP0099246.2,0.011831710115075111,0.9999980926513672,0.552278995513916,0.43991339206695557,0.3381539465101109,531
435.56400000000014,3.9567000000000023,4,3,CC(C)(O)[C@H]1O[C@H]2CC[C@@]3(C)[C@@](O)(CC[C@H]4CC5=C(NC6=CC=CC=C56)[C@@]43C)C2=CC1=O,CNP0236994.1,0.9979440569877625,0.9999980926513672,0.4577341377735138,0.7764517664909363,0.31354411340230753,532
448.9760000000001,3.1716200000000017,4,0,CC1=NN2C(=C1)N(CC1CC1)C(=O)CC21CCN(S(=O)(=O)C2=CC=C(Cl)C=C2)CC1,CNP0557933.0,0.5032504200935364,0.9999980926513672,0.9641175270080566,0.9999308586120605,0.597372330547818,533
458.5990000000002,4.3209000000000035,6,3,CC[C@H](CC[C@H](CC(=O)CCC1=CC(OC)=C(O)C=C1CNC)OC(C)=O)CC1=CNC=C1,CNP0419849.1,0.0053834132850170135,0.9999980926513672,0.0040021613240242004,0.984956681728363,0.41861651498241764,534
376.53700000000015,4.282500000000004,4,1,COC(=O)CC[C@]12C[C@]13CC[C@]1(C)C(=O)CC[C@@]1(C)[C@@H]3CC[C@H]2C(C)(C)O,CNP0311948.1,0.998833954334259,0.9999980926513672,0.9984568357467651,0.9398621320724487,0.3348206131767776,535
491.37500000000017,3.022800000000001,7,4,COC(CC[C@H](C)[C@@H](OC(=O)C[C@@H](O)[C@@H](C)O)[C@@H](C)C(=O)O)C1=CC(O)=CC=C1Br,CNP0332829.2,0.8507802486419678,0.9999980926513672,0.9858168959617615,0.9552002549171448,0.43333333333333335,536
456.97400000000016,3.6838000000000015,3,2,CC[C@@H](C)[C@H](NC(=O)N1C[C@H]2C[C@@H](C1)C1=CC=CC(=O)N1C2)C(=O)NC1=CC=CC(Cl)=C1,CNP0376050.3,0.0007229914190247655,0.9999980926513672,0.001373858074657619,0.919706404209137,0.39450129224361735,537
476.6980000000003,4.1178000000000035,5,4,CC(C)[C@@H](CCO)CC[C@@H](C)C1C[C@@H](O)C2C3C(=O)C=C4C[C@@H](O)CC[C@]4(C)C3[C@H](O)C[C@]12C,CNP0194649.2,0.0010084693785756826,0.9999980926513672,0.00029118816019035876,0.4792290925979614,0.35872350022552996,538
476.6980000000003,4.1178000000000035,5,4,CC(C)[C@@H](CCO)CC[C@@H](C)[C@H]1C[C@@H](O)[C@H]2[C@@H]3C(=O)C=C4C[C@@H](O)CC[C@]4(C)[C@H]3[C@H](O)C[C@@]21C,CNP0194649.1,0.0010084693785756826,0.9999980926513672,0.00029118816019035876,0.4792290925979614,0.35872350022552996,539
456.97400000000016,3.6838000000000015,3,2,CC[C@H](C)[C@H](NC(=O)N1C[C@H]2C[C@@H](C1)C1=CC=CC(=O)N1C2)C(=O)NC1=CC=CC(Cl)=C1,CNP0376050.2,0.0007229914190247655,0.9999980926513672,0.001373858074657619,0.919706404209137,0.39450129224361735,540
384.8560000000002,3.4262000000000015,6,2,COC1=CC(O)=C(Cl)C2=C1C(=O)O[C@@H](C)CCCCC[C@@H](O)CC(=O)C2,CNP0099246.3,0.011831710115075111,0.9999980926513672,0.552278995513916,0.43991339206695557,0.3381539465101109,541
466.57400000000035,4.140500000000004,6,0,CC(=O)O[C@@H]1C[C@@H]2C(C)(C)C(=O)C=C[C@]2(C)[C@H]2CC[C@@]3(C)C(=CC(=O)[C@H]3C3=CCOC3=O)[C@@]21C,CNP0285644.3,0.010348081588745117,0.9999980926513672,0.7156020402908325,0.9881848096847534,0.3420568335588633,542
491.37500000000017,3.022800000000001,7,4,CO[C@@H](CC[C@H](C)[C@@H](OC(=O)C[C@@H](O)[C@@H](C)O)[C@@H](C)C(=O)O)C1=CC(O)=CC=C1Br,CNP0332829.1,0.8507802486419678,0.9999980926513672,0.9858168959617615,0.9552002549171448,0.43333333333333335,543
491.37500000000017,3.022800000000001,7,4,CO[C@H](CC[C@@H](C)[C@H](OC(=O)C[C@H](O)[C@H](C)O)[C@H](C)C(=O)O)C1=CC(O)=CC=C1Br,CNP0332829.3,0.8507802486419678,0.9999980926513672,0.9858168959617615,0.9552002549171448,0.43333333333333335,544
466.57400000000035,4.140500000000004,6,0,CC(=O)O[C@@H]1C[C@H]2C(C)(C)C(=O)C=C[C@]2(C)[C@H]2CC[C@]3(C)C(=CC(=O)[C@H]3C3=CCOC3=O)[C@@]21C,CNP0285644.1,0.010348081588745117,0.9999980926513672,0.7156020402908325,0.9881848096847534,0.3420568335588633,545
476.5660000000003,3.0950200000000017,8,2,COC(=O)CC[C@]1(C)[C@H]2CC3=C(O[C@@]2(C)C[C@@H](O)[C@H]1C(C)(C)O)C(C)=C1COC(=O)C1=C3OC,CNP0303203.1,0.5876339077949524,0.9999980926513672,0.7275198698043823,0.5952228903770447,0.3381539465101109,546
422.5620000000003,4.911700000000004,3,3,C[C@@H](CCC(=O)O)[C@H]1CC[C@H]2[C@@H](C(=O)O)[C@@H]([C@@]3(C)CCCC[C@H]3C(=O)O)CC[C@]12C,CNP0440243.2,0.977497398853302,0.9999979734420776,0.9444101452827454,0.9860966801643372,0.43666666666666665,547
422.5620000000003,4.911700000000004,3,3,C[C@@H](CCC(=O)O)[C@@H]1CC[C@@H]2[C@@H](C(=O)O)[C@@H]([C@@]3(C)CCCC[C@H]3C(=O)O)CC[C@@]21C,CNP0440243.1,0.977497398853302,0.9999979734420776,0.9444101452827454,0.9860966801643372,0.43666666666666665,548
400.5590000000003,4.470600000000005,4,1,COC(=O)C(O)C[C@@H](C)[C@H]1CCC2C3C=CC4=CC(=O)CC[C@]4(C)C3CC[C@@]21C,CNP0326993.1,0.014703357592225075,0.9999979734420776,0.02499266155064106,0.9136505126953125,0.38872350022553,549
422.5620000000003,4.911700000000004,3,3,C[C@@H](CCC(=O)O)[C@@H]1CC[C@H]2[C@@H](C(=O)O)[C@@H]([C@@]3(C)CCCC[C@H]3C(=O)O)CC[C@@]21C,CNP0440243.3,0.977497398853302,0.9999979734420776,0.9444101452827454,0.9860966801643372,0.43666666666666665,550
422.5620000000003,4.911700000000004,3,3,C[C@@H](CCC(=O)O)[C@H]1CC[C@@H]2[C@@H](C(=O)O)[C@@H]([C@@]3(C)CCCC[C@H]3C(=O)O)CC[C@@]21C,CNP0440243.4,0.977497398853302,0.9999979734420776,0.9444101452827454,0.9860966801643372,0.43666666666666665,551
386.53200000000027,4.382200000000004,3,2,C[C@H](C[C@@H](O)C(=O)O)[C@H]1CC[C@H]2[C@@H]3C=CC4=CC(=O)CC[C@]4(C)[C@H]3CC[C@]12C,CNP0104997.1,0.11000769585371017,0.9999978542327881,0.8898770809173584,0.9953905344009399,0.4353901668921967,552
486.5940000000003,2.8536,7,1,COC1=CC=C(OC)C(S(=O)(=O)NC[C@H]2C[C@@H]3CCN2C[C@@H]3C2=CC(C3=CC=CO3)=NN2C)=C1,CNP0010962.2,0.011970055289566517,0.9999978542327881,0.0015877956757321954,0.972323477268219,0.5839317385281982,553
402.4430000000001,2.969220000000001,7,2,CCCC1=CC2=C(CO1)C(=O)[C@](C)(OC(=O)C1=C(C)C=C(O)C=C1OC)[C@H](O)C2,CNP0179442.1,0.0049868556670844555,0.9999978542327881,0.00010188775195274502,0.866141140460968,0.36333333333333334,554
496.56000000000023,4.947700000000004,7,3,C[C@@H]1CC[C@]2(CC[C@@H](C)[C@@H](CC3=NC4=C(C(=O)O)C(O)=CC=C4O3)O2)O[C@@H]1[C@H](C)C(=O)C1=CC=CN1,CNP0319961.2,0.9101080894470215,0.9999978542327881,0.39789479970932007,0.9989036321640015,0.4714872798434442,555
486.5940000000003,2.8536,7,1,COC1=CC=C(OC)C(S(=O)(=O)NC[C@H]2C[C@@H]3CC[N@@]2C[C@@H]3C2=CC(C3=CC=CO3)=NN2C)=C1,CNP0010962.1,0.011970055289566517,0.9999978542327881,0.0015877956757321954,0.972323477268219,0.5839317385281982,556
428.48100000000017,3.5057000000000027,7,1,CCOC(=O)C1=CC(=C2CCC(=O)CC2)C2=C(C=C3O[C@H](C(C)(C)O)CC3=C2OC)O1,CNP0417584.1,0.888136088848114,0.9999978542327881,0.9571844935417175,0.5455704927444458,0.3381539465101109,557
496.56000000000023,4.947700000000004,7,3,C[C@@H]1CC[C@@]2(CC[C@H](C)[C@@H](CC3=NC4=C(C(=O)O)C(O)=CC=C4O3)O2)O[C@H]1[C@H](C)C(=O)C1=CC=CN1,CNP0319961.1,0.9101080894470215,0.9999978542327881,0.39789479970932007,0.9989036321640015,0.4714872798434442,558
496.56000000000023,4.947700000000004,7,3,C[C@@H]1CC[C@]2(CC[C@@H](C)[C@@H](CC3=NC4=C(C(=O)O)C(O)=CC=C4O3)O2)O[C@H]1[C@H](C)C(=O)C1=CC=CN1,CNP0319961.3,0.9101080894470215,0.9999978542327881,0.39789479970932007,0.9989036321640015,0.4714872798434442,559
387.5240000000002,3.9788000000000032,3,2,CCCNC(=O)N1CC[C@H]2CC(=O)NC3=CC(C(C)C)=CC=C3OCC[C@H]2C1,CNP0568106.1,0.0003434938262216747,0.9999978542327881,0.0004444457881618291,0.9938755631446838,0.3996806790668398,560
409.4420000000002,2.733500000000001,6,3,COC1=CC=C(C(CC(=O)NCCC2=CNC=N2)C2=CC3=C(C=C2O)OCO3)C=C1,CNP0414333.0,0.008568909950554371,0.9999977350234985,0.0006812084466218948,0.6502951383590698,0.3566666666666667,561
442.55600000000027,3.565120000000002,6,2,COC1=CC=C(C(CC(=O)NCC2(N(C)C)CCCCC2)C2=C(O)C(=O)C=C(C)O2)C=C1,CNP0414529.0,0.03250426426529884,0.9999977350234985,0.0014839513460174203,0.9931901097297668,0.43,562
499.6810000000004,3.5825000000000022,5,2,CC(=O)NC1=CC=C(S(=O)(=O)NC[C@H]2C[C@@H]3CC[N@@]2C[C@@H]3C2=CC(C3CCCCC3)=NN2C)C=C1,CNP0011335.1,0.004602587316185236,0.9999977350234985,0.0076043796725571156,0.9995624423027039,0.5981539465101109,563
488.70900000000046,4.6448000000000045,5,3,CC(C)(O)[C@@H]1CC[C@](C)([C@H]2[C@@H](O)C[C@@]3(C)[C@@H]4C[C@H](O)[C@H]5C(C)(C)C(=O)CC[C@@]56C[C@@]46CC[C@]23C)O1,CNP0228475.1,0.8427113890647888,0.9999977350234985,0.9955103397369385,0.9510851502418518,0.3,564
373.4490000000002,3.645240000000002,5,1,CCOC(=O)OC1=C(C2=CC(C)=CC=C2C)C(=O)N[C@]12CC[C@@H](OC)CC2,CNP0347467.1,0.10126928240060806,0.9999977350234985,0.9627323746681213,0.999678373336792,0.4314872798434442,565
499.6810000000004,3.5825000000000022,5,2,CC(=O)NC1=CC=C(S(=O)(=O)NC[C@H]2C[C@@H]3CCN2C[C@@H]3C2=CC(C3CCCCC3)=NN2C)C=C1,CNP0011335.2,0.004602587316185236,0.9999977350234985,0.0076043796725571156,0.9995624423027039,0.5981539465101109,566
490.63700000000034,2.987100000000002,7,3,COC(=O)CC[C@@H](C)[C@H]1CC(=O)[C@@]2(C)C3=C(C(=O)C[C@]12C)[C@@]1(C)CC[C@H](O)[C@@](C)(CO)[C@@H]1C[C@@H]3O,CNP0262492.3,0.020779917016625404,0.999997615814209,0.0009815243538469076,0.0765039473772049,0.37051175416264454,567
359.2160000000001,3.4174000000000024,4,1,OCC1=NN=C2CN=C(C3=CC=CC=C3Cl)C3=CC(Cl)=CC=C3N12,CNP0576578.0,0.00840124674141407,0.999997615814209,0.9954925775527954,0.9987925291061401,0.41333333333333333,568
490.6810000000003,3.5834000000000032,6,4,CC(O)CC(=O)C[C@@H](C)[C@H]1C[C@H](O)[C@@]2(C)C3=C(C(=O)C[C@]12C)[C@@]1(C)CC[C@H](O)C(C)(C)[C@@H]1C[C@@H]3O,CNP0273890.1,0.0019323675660416484,0.999997615814209,0.0017151362262666225,0.9678005576133728,0.3459019210548412,569
490.63700000000034,2.987100000000002,7,3,COC(=O)CC[C@@H](C)[C@H]1CC(=O)[C@@]2(C)C3=C(C(=O)C[C@]12C)[C@@]1(C)CC[C@H](O)[C@](C)(CO)C1C[C@@H]3O,CNP0262492.1,0.020779917016625404,0.999997615814209,0.0009815243538469076,0.0765039473772049,0.37051175416264454,570
490.63700000000034,2.987100000000002,7,3,COC(=O)CCC(C)[C@H]1CC(=O)[C@@]2(C)C3=C(C(=O)C[C@]12C)[C@@]1(C)CC[C@H](O)[C@@](C)(CO)[C@@H]1C[C@@H]3O,CNP0262492.2,0.020779917016625404,0.999997615814209,0.0009815243538469076,0.0765039473772049,0.37051175416264454,571
430.4970000000001,3.097200000000001,6,2,CC12CCC(O)CC1CCC1C2C(=O)OC12CCC(C1=CC(=O)OC=C1)C2(C)C(=O)O,CNP0509524.0,0.001767061068676412,0.9999974966049194,0.002422332065179944,0.9903410077095032,0.39539016689219664,572
452.62400000000014,3.747500000000003,4,1,CCCS(=O)(=O)NC[C@H]1C[C@@H]2CC[N@@]1C[C@@H]2C1=CC(C2=CC=C3C=CC=CC3=C2)=NN1C,CNP0336122.1,0.000544109265320003,0.9999974966049194,0.0014655384002253413,0.9977906942367554,0.5548206131767776,573
420.5310000000004,2.7708000000000004,5,1,O=C(NC1=CC=C2OCCOC2=C1)[C@H]1CN(S(=O)(=O)C2CC2)CC12CCCCC2,CNP0595697.1,0.03399445861577988,0.9999974966049194,0.7943807244300842,0.9980483055114746,0.5466666666666666,574
452.62400000000014,3.747500000000003,4,1,CCCS(=O)(=O)NC[C@H]1C[C@@H]2CCN1C[C@@H]2C1=CC(C2=CC=C3C=CC=CC3=C2)=NN1C,CNP0336122.2,0.000544109265320003,0.9999974966049194,0.0014655384002253413,0.9977906942367554,0.5548206131767776,575
425.4370000000001,3.1599000000000004,6,3,CC[C@@H](C)[C@H](NC(=O)COC1=CC(O)=C2C(=O)C=C(C3=CC=CC=C3)OC2=C1)C(=O)O,CNP0395863.1,0.03109569475054741,0.9999974966049194,0.0008291490375995636,0.9985985159873962,0.4666666666666667,576
420.5310000000004,2.7708000000000004,5,1,O=C(NC1=CC=C2OCCOC2=C1)[C@@H]1CN(S(=O)(=O)C2CC2)CC12CCCCC2,CNP0595697.2,0.03399445861577988,0.9999974966049194,0.7943807244300842,0.9980483055114746,0.5466666666666666,577
358.5300000000002,4.595500000000005,3,0,CCCC(=O)N1C2=NC(CCC)=NN2C2(CCCCC2)[C@@H]2CCCC[C@@H]21,CNP0587681.1,0.9942375421524048,0.9999973773956299,0.8869394063949585,0.9990662932395935,0.4860159777306842,578
391.47100000000006,4.3842000000000025,4,1,COC1=CC2=C(C=C1OC)C1=C(C2)C(C(=O)NC2=CC=C(C(C)C)C=C2)=NN1C,CNP0396594.0,0.5680649876594543,0.9999971389770508,0.8857662677764893,0.9993721842765808,0.5425979680738819,579
405.5420000000002,4.897200000000005,3,3,CCC(C)CC(C(=O)NC=CC1=CNC2=CC=CC=C12)N(C)CC1=CC=C(O)C=C1,CNP0297499.0,0.9998160004615784,0.9999971389770508,0.9847168922424316,0.9997320771217346,0.49634734573350653,580
392.53600000000023,2.7375000000000007,5,2,COCC(O)C1CCC2C3C(=O)C=C4CC(OC)C(O)CC4(C)C3CCC12C,CNP0119244.0,0.003842518199235201,0.9999970197677612,0.001319294678978622,0.48522713780403137,0.34539016689219665,581
414.41000000000025,2.9628000000000014,8,3,COC1=CC(C2=COC3=CC(O)=CC(O)=C3C2=O)=C2O[C@@H](C(C)(C)O)CC2=C1OC,CNP0211379.1,0.8992159962654114,0.9999970197677612,0.8237757086753845,0.9895135164260864,0.35297455968688846,582
440.00900000000024,3.2643000000000013,4,1,O=C(NC[C@@H]1CCCN2CCCC[C@H]12)C1=CC=C(Cl)C(N2CCCCS2(=O)=O)=C1,CNP0400434.1,0.0009192185825668275,0.9999970197677612,0.8393992185592651,0.9901131391525269,0.46815394651011083,583
388.5480000000002,4.606200000000005,3,2,C[C@H](CCC(=O)O)[C@@H]1CC[C@@H]2[C@@H]3CC[C@@H]4C[C@H](O)CC[C@]4(C)C3=CC(=O)[C@@]21C,CNP0508157.3,0.7524632215499878,0.9999969005584717,0.2777259349822998,0.9769789576530457,0.4666666666666667,584
388.5480000000002,4.606200000000005,3,2,C[C@H](CCC(=O)O)[C@@H]1CC[C@@H]2[C@@H]3CC[C@H]4C[C@H](O)CC[C@]4(C)C3=CC(=O)[C@@]21C,CNP0508157.4,0.7524632215499878,0.9999969005584717,0.2777259349822998,0.9769789576530457,0.4666666666666667,585
388.5480000000002,4.606200000000005,3,2,C[C@H](CCC(=O)O)[C@@H]1CC[C@@H]2[C@H]3CC[C@@H]4C[C@H](O)CC[C@]4(C)C3=CC(=O)[C@@]21C,CNP0508157.1,0.7524632215499878,0.9999969005584717,0.2777259349822998,0.9769789576530457,0.4666666666666667,586
388.5480000000002,4.606200000000005,3,2,C[C@H](CCC(=O)O)[C@@H]1CC[C@@H]2[C@H]3CC[C@H]4C[C@H](O)CC[C@]4(C)C3=CC(=O)[C@@]21C,CNP0508157.2,0.7524632215499878,0.9999969005584717,0.2777259349822998,0.9769789576530457,0.4666666666666667,587
441.984,4.798600000000004,3,1,CCC1=CC=CC=C1S(=O)(=O)N1CCC2(CC1)NC1=CC=C(Cl)C=C1N1C=CC=C12,CNP0606104.0,0.9582129120826721,0.9999967813491821,0.9802693724632263,0.966041088104248,0.5033333333333333,588
460.0260000000003,3.1929000000000016,6,0,CN(C[C@@H]1CCCN2CCCC[C@H]12)C(=O)CN1C=NC2=C(N3CCCCC3)N=C(Cl)N=C21,CNP0412765.1,0.0032331866677850485,0.9999967813491821,0.4896310865879059,0.922671377658844,0.49333333333333335,589
432.64500000000027,4.653400000000004,4,3,CC(C)[C@@H](O)CC[C@@H](C)[C@H]1CC(=O)C2=C3C[C@H](O)[C@H]4C[C@@H](O)CC[C@]4(C)[C@H]3CC[C@@]21C,CNP0210027.1,0.007153134327381849,0.9999967813491821,0.25235918164253235,0.8230023384094238,0.4,590
392.5030000000001,3.1660000000000013,5,1,COC1=CC=CC=C1N1CCN(CCC2=C(C3=CC=C(O)C=C3)N(C)N=C2)CC1,CNP0510055.0,0.14535652101039886,0.999996542930603,0.9828180074691772,0.9967717528343201,0.44902447431920034,591
460.5670000000003,4.124220000000004,7,1,COC(=O)CC[C@]1(C)[C@H]2CC3=C(O[C@@]2(C)CC[C@H]1C(C)(C)O)C(C)=C1COC(=O)C1=C3OC,CNP0131703.1,0.9732835292816162,0.9999964237213135,0.9702273607254028,0.9033799171447754,0.3516980599124184,592
486.03700000000026,4.967620000000005,4,0,CCN1C2=CC(C)=CC=C2N2C=CC=C2C12CCN(S(=O)(=O)C1=CC(Cl)=CC=C1OC)CC2,CNP0510995.0,0.9767444133758545,0.9999963045120239,0.9972520470619202,0.9999567270278931,0.5033333333333333,593
376.49300000000017,2.7968000000000015,4,3,CC(C(=O)O)C1CCC2C3C(C[C@H](O)[C@]12C)[C@@]1(C)CCC(=O)C=C1C[C@H]3O,CNP0234824.1,0.08430932462215424,0.9999963045120239,0.10531439632177353,0.9925274848937988,0.43872350022552997,594
376.49300000000017,2.796800000000001,4,3,C[C@H](C(=O)O)[C@H]1CC[C@H]2[C@@H]3[C@H](O)CC4=CC(=O)CC[C@]4(C)[C@H]3C[C@H](O)[C@]12C,CNP0234824.2,0.08430932462215424,0.9999963045120239,0.10531439632177353,0.9925274848937988,0.43872350022552997,595
376.49300000000017,2.796800000000001,4,3,C[C@@H](C(=O)O)[C@H]1CC[C@H]2[C@@H]3[C@H](O)CC4=CC(=O)CC[C@]4(C)[C@H]3C[C@H](O)[C@]12C,CNP0234824.3,0.08430932462215424,0.9999963045120239,0.10531439632177353,0.9925274848937988,0.43872350022552997,596
475.95800000000014,3.0721000000000016,7,2,CC(=O)NC1=CC=C(S(=O)(=O)N[C@H]2C[C@@H](C3=NC(C4=CC=C(Cl)C=C4)=NO3)N(C)C2)C=C1,CNP0378707.1,0.9996398687362671,0.9999963045120239,0.9995875954627991,0.9997238516807556,0.7233333333333334,597
382.5080000000001,3.278500000000002,4,1,CN1N=C(C2CCCC2)C=C1[C@H]1C[N@]2CC[C@H]1C[C@@H]2CNC(=O)C1=CC=CO1,CNP0011370.1,0.0005906704463995993,0.9999961853027344,0.0005970714846625924,0.9510275721549988,0.40717842082931116,598
382.5080000000001,3.278500000000002,4,1,CN1N=C(C2CCCC2)C=C1[C@H]1CN2CC[C@H]1C[C@@H]2CNC(=O)C1=CC=CO1,CNP0011370.2,0.0005906704463995993,0.9999961853027344,0.0005970714846625924,0.9510275721549988,0.40717842082931116,599
463.55600000000027,2.763440000000001,7,1,CC[C@@H]1CN(S(=O)(=O)C2=C(C)ON=C2C)CC[C@H]1CC(=O)NCC1=CC=C2OCOC2=C1,CNP0438279.1,0.003659270703792572,0.9999960660934448,0.0005388544523157179,0.7637011408805847,0.5568590998961509,600
382.55200000000013,4.028400000000003,4,1,CN1N=C(C2CCCCC2)C=C1[C@H]1C[N@]2CC[C@H]1C[C@@H]2CNCC1=CC=CO1,CNP0458906.1,7.851181726437062e-05,0.9999960660934448,0.00010345834016334265,0.7912039160728455,0.4271784208293112,601
463.55600000000027,2.763440000000001,7,1,CC[C@H]1CN(S(=O)(=O)C2=C(C)ON=C2C)CC[C@H]1CC(=O)NCC1=CC=C2OCOC2=C1,CNP0438279.2,0.003659270703792572,0.9999960660934448,0.0005388544523157179,0.7637011408805847,0.5568590998961509,602
368.85700000000026,4.455400000000004,5,1,COC1=CC(O)=C(Cl)C2=C1C(=O)O[C@@H](C)CCCCCCCC(=O)C2,CNP0463936.1,0.27123457193374634,0.9999960660934448,0.9471459984779358,0.8863048553466797,0.3248206131767776,603
350.80199999999996,3.916500000000002,4,2,CC(C)CC(=O)N[C@H](C)C1=C(C(=O)O)C(C2=CC=C(Cl)C=C2)=NO1,CNP0015367.1,0.932336151599884,0.9999959468841553,0.9987019300460815,0.9998284578323364,0.5348206131767775,604
471.56500000000017,3.618500000000002,7,1,CC(=O)N1CCN(C2=CC(C3=NOC([C@@H]4CCCN4CC4=CNC5=CC=CC=C45)=N3)=CC=N2)CC1,CNP0010599.1,0.027976144105196,0.9999959468841553,0.01907428726553917,0.9992815852165222,0.4625107881687332,605
476.6100000000003,4.425100000000003,5,2,COC(=O)CC[C@H](C)[C@H]1CC[C@H]2[C@H]3C(=O)C[C@@H]4C[C@H](C(=O)O)CC[C@]4(C)[C@@H]3C[C@H](C(=O)O)[C@]12C,CNP0468574.4,0.42410001158714294,0.9999958276748657,0.6287456154823303,0.9914458990097046,0.39666666666666667,606
476.6100000000003,4.425100000000003,5,2,COC(=O)CC[C@H](C)[C@H]1CC[C@@H]2[C@H]3C(=O)C[C@@H]4C[C@H](C(=O)O)CC[C@]4(C)[C@@H]3C[C@H](C(=O)O)[C@@]21C,CNP0468574.1,0.42410001158714294,0.9999958276748657,0.6287456154823303,0.9914458990097046,0.39666666666666667,607
466.57800000000015,4.265420000000004,6,2,CC1=CC(C(=O)C2=C(O)C(=O)N(CCCN(C)C)[C@@H]2C2=CC=C(O)C=C2)=CC=C1OCC(C)C,CNP0371925.2,0.010340931825339794,0.9999958276748657,0.1927049607038498,0.9997614026069641,0.4225685877215079,608
448.3540000000001,4.571900000000003,7,3,CN(C)C[C@H](O)COC1=CC=C(NC2=NC=CC(NC3=CC(Cl)=CC=C3Cl)=N2)C=C1,CNP0542068.1,0.0018075540428981185,0.9999958276748657,0.002860167995095253,0.9931459426879883,0.36832950938912784,609
448.3540000000001,4.571900000000003,7,3,CN(C)C[C@@H](O)COC1=CC=C(NC2=NC=CC(NC3=CC(Cl)=CC=C3Cl)=N2)C=C1,CNP0542068.2,0.0018075540428981185,0.9999958276748657,0.002860167995095253,0.9931459426879883,0.36832950938912784,610
476.6100000000003,4.425100000000003,5,2,COC(=O)CC[C@H](C)[C@H]1CC[C@H]2[C@H]3C(=O)C[C@@H]4C[C@H](C(=O)O)CC[C@]4(C)[C@H]3C[C@H](C(=O)O)[C@]12C,CNP0468574.3,0.42410001158714294,0.9999958276748657,0.6287456154823303,0.9914458990097046,0.39666666666666667,611
476.6100000000003,4.425100000000003,5,2,COC(=O)CC[C@H](C)[C@H]1CC[C@@H]2[C@H]3C(=O)C[C@@H]4C[C@H](C(=O)O)CC[C@]4(C)[C@H]3C[C@H](C(=O)O)[C@@]21C,CNP0468574.2,0.42410001158714294,0.9999958276748657,0.6287456154823303,0.9914458990097046,0.39666666666666667,612
489.48000000000025,3.5702000000000016,8,2,COC(=O)[C@@H](CC1=CC=C(O)C=C1)NC(=O)COC1=CC=C2C(=O)C(OC3=CC=CC=C3)=COC2=C1,CNP0363783.1,0.9996057152748108,0.9999958276748657,0.9814156293869019,0.9997175335884094,0.67,613
466.57800000000015,4.265420000000004,6,2,CC1=CC(C(=O)C2=C(O)C(=O)N(CCCN(C)C)[C@H]2C2=CC=C(O)C=C2)=CC=C1OCC(C)C,CNP0371925.1,0.010340931825339794,0.9999958276748657,0.1927049607038498,0.9997614026069641,0.4225685877215079,614
484.6370000000003,4.397000000000004,7,2,CC[C@@H]1CC[C@@H](C2=CCN=C2)[C@H]([C@H](CC(=O)CCC2=CC(OC)=C(O)C=C2CNC)OC(C)=O)C1,CNP0473000.1,0.0026574237272143364,0.9999957084655762,0.004473197273910046,0.5257434248924255,0.40265203080129863,615
486.69300000000044,4.866300000000005,5,2,C[C@@H]1C[C@H]2O[C@@]3(O[C@@H]2C(C)(C)O)[C@H](O)[C@@]2(C)[C@@H]4CC[C@H]5C(C)(C)C(=O)CC[C@@]56C[C@@]46CC[C@]2(C)[C@@H]13,CNP0122191.2,0.019297894090414047,0.9999957084655762,0.6600518226623535,0.07089664041996002,0.3433333333333333,616
436.5080000000002,3.267900000000001,4,3,CC[C@H](C)[C@H](NC(=O)[C@@H](NC(=O)C1=CC=CC2=C1C1=CC=CC=C1C2=O)C(C)C)C(=O)O,CNP0545306.3,0.9634032249450684,0.9999957084655762,0.5359852313995361,0.9803565144538879,0.5066666666666667,617
486.6930000000004,4.866300000000006,5,2,C[C@@H]1CC2O[C@]3(O[C@H]2C(C)(C)O)C1[C@@]1(C)CC[C@@]24C[C@@]25CCC(=O)C(C)(C)C5CCC4[C@]1(C)[C@H]3O,CNP0122191.1,0.019297899678349495,0.9999957084655762,0.6600518226623535,0.07089664041996002,0.3433333333333333,618
486.64900000000034,4.613000000000006,6,1,CCOC(=O)CC[C@@H](C)[C@H]1CC(=O)[C@@]2(C)C3=C(C(=O)C[C@]12C)[C@@]1(C)CCC(=O)C(C)(C)[C@@H]1C[C@@H]3O,CNP0272470.1,0.0065145231783390045,0.9999957084655762,0.14815130829811096,0.9268876910209656,0.3905117541626445,619
380.51000000000016,2.8188000000000013,4,1,CC(C)C1=CC=C2OCC[C@H]3CN(S(C)(=O)=O)CC[C@H]3CC(=O)NC2=C1,CNP0547360.1,0.03707681968808174,0.9999957084655762,0.0036440405528992414,0.9977753758430481,0.5502107800689742,620
436.5080000000002,3.267900000000001,4,3,CC[C@@H](C)[C@H](NC(=O)[C@@H](NC(=O)C1=CC=CC2=C1C1=CC=CC=C1C2=O)C(C)C)C(=O)O,CNP0545306.2,0.9634032249450684,0.9999957084655762,0.5359852313995361,0.9803565144538879,0.5066666666666667,621
436.5080000000002,3.267900000000001,4,3,CCC(C)[C@H](NC(=O)[C@@H](NC(=O)C1=CC=CC2=C1C1=CC=CC=C1C2=O)C(C)C)C(=O)O,CNP0545306.1,0.9634032249450684,0.9999957084655762,0.5359852313995361,0.9803565144538879,0.5066666666666667,622
408.54600000000045,4.464720000000004,4,0,COCC(=O)N1C2=NC(C3=CC=C(C)C=C3)=NN2C2(CCCCC2)[C@@H]2CCCC[C@@H]21,CNP0501426.1,0.9371882677078247,0.9999955892562866,0.8414334058761597,0.9987682700157166,0.6197080847104625,623
418.5300000000003,3.814700000000003,5,1,CC(=O)OC[C@]1(C(=O)O)[C@H]2CCC34C[C@@H]5[C@H](CC3[C@]2(C)CC[C@H]1OC(C)=O)[C@]5(C)C4,CNP0126252.2,0.09838448464870453,0.9999955892562866,0.037240300327539444,0.9960695505142212,0.36333333333333334,624
418.5300000000003,3.814700000000003,5,1,CC(=O)OC[C@]1(C(=O)O)[C@H]2CCC34C[C@@H]5[C@@H](CC3[C@]2(C)CC[C@H]1OC(C)=O)[C@]5(C)C4,CNP0126252.1,0.09838448464870453,0.9999955892562866,0.037240300327539444,0.9960695505142212,0.36333333333333334,625
396.52400000000017,3.0356000000000014,6,2,CCCC[C@H](O)[C@H]1CC[C@H]([C@H]2CC[C@H]([C@H](O)CCCC3=C[C@H](C)OC3=O)O2)O1,CNP0087466.1,0.9109742641448975,0.9999955892562866,0.9113032817840576,0.515850305557251,0.40539016689219665,626
378.5090000000001,4.398400000000004,4,1,CC(=O)OCC1=CC(=O)C[C@@H]2[C@@](C)(CC[C@@H](C)CC(=O)O)[C@@H](C)CC[C@]12C,CNP0290745.4,0.2092934250831604,0.9999953508377075,0.42453786730766296,0.9917002320289612,0.4633333333333333,627
378.5090000000001,4.398400000000004,4,1,CC(=O)OCC1=CC(=O)C[C@H]2[C@](C)(CC[C@@H](C)CC(=O)O)[C@@H](C)CC[C@]12C,CNP0290745.10,0.2092934250831604,0.9999953508377075,0.42453786730766296,0.9917002320289612,0.4633333333333333,628
378.5090000000001,4.398400000000004,4,1,CC(=O)OCC1=CC(=O)C[C@@H]2[C@@](C)(CC[C@@H](C)CC(=O)O)[C@H](C)CC[C@@]12C,CNP0290745.5,0.2092934250831604,0.9999953508377075,0.42453786730766296,0.9917002320289612,0.4633333333333333,629
378.5090000000001,4.398400000000004,4,1,CC(=O)OCC1=CC(=O)C[C@H]2[C@@](C)(CC[C@H](C)CC(=O)O)[C@@H](C)CC[C@]12C,CNP0290745.9,0.2092934250831604,0.9999953508377075,0.42453786730766296,0.9917002320289612,0.4633333333333333,630
400.4710000000002,3.936600000000003,6,1,CCOC(=O)C1=CC(=C2CCCC2)C2=C(C=C3O[C@H](C(C)(C)O)CC3=C2OC)O1,CNP0099724.1,0.9671953320503235,0.9999953508377075,0.9990200996398926,0.40672656893730164,0.35482061317677754,631
470.5510000000003,2.7380000000000004,5,4,CSCC[C@H](NC(=O)[C@H](CC1=CC=CC=C1)NC(=O)N1CC(O)=NC2=CC=CC=C21)C(=O)O,CNP0498356.1,0.431837797164917,0.9999953508377075,0.7022647857666016,0.9992384910583496,0.4066666666666667,632
378.5090000000001,4.398400000000004,4,1,CC(=O)OCC1=CC(=O)C[C@H]2[C@@](C)(CC[C@@H](C)CC(=O)O)[C@@H](C)CC[C@]12C,CNP0290745.11,0.2092934250831604,0.9999953508377075,0.42453786730766296,0.9917002320289612,0.4633333333333333,633
378.5090000000001,4.398400000000004,4,1,CC(=O)OCC1=CC(=O)C[C@@H]2[C@](C)(CC[C@@H](C)CC(=O)O)[C@@H](C)CC[C@]12C,CNP0290745.2,0.2092934250831604,0.9999953508377075,0.42453786730766296,0.9917002320289612,0.4633333333333333,634
390.4760000000002,3.654900000000003,5,1,CC(=O)O[C@@H]1C[C@]2(C)C(C(=O)O)=CCC[C@H]2[C@](C)(CCC2=CCOC2=O)[C@H]1C,CNP0175728.1,0.9091182947158813,0.9999953508377075,0.9659317135810852,0.9955320358276367,0.38539016689219663,635
398.5550000000003,3.4652400000000023,4,2,CC1=NN(C(C)C)C(C)=C1C1=NNC(C(=O)NC[C@H]2CCCN3CCCC[C@H]23)=C1,CNP0405574.1,0.0002394043403910473,0.9999953508377075,0.05462251976132393,0.9983226656913757,0.5414689330039543,636
378.5090000000001,4.398400000000004,4,1,CC(=O)OCC1=CC(=O)C[C@@H]2[C@](C)(CC[C@H](C)CC(=O)O)[C@@H](C)CC[C@]12C,CNP0290745.6,0.2092934250831604,0.9999953508377075,0.42453786730766296,0.9917002320289612,0.4633333333333333,637
378.5090000000001,4.398400000000004,4,1,CC(=O)OCC1=CC(=O)C[C@@H]2[C@@](C)(CC[C@@H](C)CC(=O)O)[C@@H](C)CC[C@@]12C,CNP0290745.3,0.2092934250831604,0.9999953508377075,0.42453786730766296,0.9917002320289612,0.4633333333333333,638
390.4760000000002,3.654900000000003,5,1,CC(=O)O[C@H]1C[C@]2(C)C(C(=O)O)=CCC[C@H]2[C@](C)(CCC2=CCOC2=O)[C@H]1C,CNP0175728.2,0.9091182947158813,0.9999953508377075,0.9659317135810852,0.9955320358276367,0.38539016689219663,639
378.5090000000001,4.398400000000004,4,1,CC(=O)OCC1=CC(=O)C[C@@H]2[C@@](C)(CC[C@H](C)CC(=O)O)[C@@H](C)CC[C@]12C,CNP0290745.7,0.2092934250831604,0.9999953508377075,0.42453786730766296,0.9917002320289612,0.4633333333333333,640
378.5090000000001,4.398400000000004,4,1,CC(=O)OCC1=CC(=O)C[C@@H]2[C@@](C)(CC[C@@H](C)CC(=O)O)[C@H](C)CC[C@]12C,CNP0290745.1,0.2092934250831604,0.9999953508377075,0.42453786730766296,0.9917002320289612,0.4633333333333333,641
378.5090000000001,4.398400000000004,4,1,CC(=O)OCC1=CC(=O)C[C@H]2[C@](C)(CC[C@H](C)CC(=O)O)[C@@H](C)CC[C@]12C,CNP0290745.8,0.2092934250831604,0.9999953508377075,0.42453786730766296,0.9917002320289612,0.4633333333333333,642
356.809,4.544000000000004,4,2,C[C@@H](NCC1=CC=CC(Cl)=C1)C1=C(C(=O)O)C(C2=CC=CC=C2)=NO1,CNP0490522.1,0.9984123706817627,0.9999953508377075,0.9995753169059753,0.9974628686904907,0.4763968048670183,643
470.5510000000003,2.7380000000000004,5,4,CSCC[C@@H](NC(=O)[C@H](CC1=CC=CC=C1)NC(=O)N1CC(O)=NC2=CC=CC=C21)C(=O)O,CNP0498356.2,0.431837797164917,0.9999953508377075,0.7022647857666016,0.9992384910583496,0.4066666666666667,644
467.6500000000003,4.413800000000004,5,2,CO[C@@]12CC[C@@]3(C[C@@H]1[C@@](C)(O)C(C)(C)C)[C@H]1CC4=CC=C(O)C5=C4[C@@]3(CCN1CC1CC1)[C@H]2O5,CNP0079857.5,0.010918022133409977,0.9999953508377075,0.14953801035881042,0.998299777507782,0.32183809949913533,645
467.6500000000003,4.413800000000004,5,2,CO[C@]12CC[C@@]3(C[C@@H]1[C@](C)(O)C(C)(C)C)[C@H]1CC4=CC=C(O)C5=C4[C@@]3(CCN1CC1CC1)[C@H]2O5,CNP0079857.4,0.010918022133409977,0.9999953508377075,0.14953801035881042,0.998299777507782,0.32183809949913533,646
467.6500000000003,4.413800000000004,5,2,CO[C@@]12CC[C@@]3(C[C@@H]1[C@](C)(O)C(C)(C)C)[C@H]1CC4=CC=C(O)C5=C4[C@@]3(CCN1CC1CC1)[C@H]2O5,CNP0079857.2,0.010918022133409977,0.9999953508377075,0.14953801035881042,0.998299777507782,0.32183809949913533,647
413.32600000000014,3.198800000000001,3,0,CN(CC(=O)N1CCC2=CC=CC=C2C1)S(=O)(=O)C1=CC(Cl)=CC=C1Cl,CNP0402179.0,0.00798704568296671,0.999995231628418,0.9578109383583069,0.9833860993385315,0.5466666666666666,648
355.4380000000001,4.560000000000003,4,2,CC[C@H](C)C[C@@H](C1=NC(C(=O)O)=C(C2=CNC3=CC=CC=C23)O1)N(C)C,CNP0176219.1,0.7123197913169861,0.999995231628418,0.744864821434021,0.9935717582702637,0.5,649
460.6110000000002,3.9263000000000035,5,3,C[C@H](CCC(=O)O)[C@H]1CC(=O)[C@@]2(C)C3=C(C(=O)C[C@]12C)[C@@]1(C)CC[C@H](O)C(C)(C)[C@H]1C[C@@H]3O,CNP0375310.2,0.10581763833761215,0.999995231628418,0.007441751658916473,0.9805870056152344,0.43384508749597783,650
460.6110000000002,3.9263000000000035,5,3,C[C@H](CCC(=O)O)[C@H]1CC(=O)[C@@]2(C)C3=C(C(=O)C[C@]12C)[C@@]1(C)CC[C@H](O)C(C)(C)[C@@H]1C[C@@H]3O,CNP0375310.1,0.10581763833761215,0.999995231628418,0.007441751658916473,0.9805870056152344,0.43384508749597783,651
488.6210000000003,3.3513000000000024,6,3,C[C@H](CC(=O)C[C@@H](C)[C@H]1C[C@H](O)[C@H]2C3=C(C(=O)C[C@H]12)[C@@]1(C)CCC(=O)C(C)(C)[C@@H]1C[C@@H]3O)C(=O)O,CNP0312977.1,0.6326791644096375,0.9999951124191284,0.8684807419776917,0.9953593611717224,0.4314872798434442,652
442.89900000000017,4.264000000000004,6,1,COC1=CC2=C(C=C1OC)CN(C(=O)C1=C([C@H](C)O)C(C3=CC=C(Cl)C=C3)=NO1)CC2,CNP0389723.1,0.9946687817573547,0.9999951124191284,0.9993793964385986,0.9853348731994629,0.4570135569013731,653
402.4430000000002,2.826600000000001,7,3,COC1=CC2=C(O[C@H]3C4=CC=C(O)C=C4OC[C@@]23O)C(CCC(C)(C)O)=C1OC,CNP0112132.1,0.018903084099292755,0.9999949932098389,0.5790914297103882,0.9192715287208557,0.3381539465101109,654
462.5060000000002,2.9827000000000004,5,4,CCC(C)[C@H](NC(=O)[C@@H](CC1=CNC2=CC=CC=C12)N1C(O)=NC2=CC=CC=C2C1=O)C(=O)O,CNP0571683.1,0.9860296845436096,0.9999949932098389,0.9275492429733276,0.9996907711029053,0.5845012922436174,655
393.39900000000006,2.9590000000000005,5,2,COC1=CC2=C(C=C1OC)C1=C(C2)C(C(=O)NC2=CC=C(C(=O)O)C=C2)=NN1C,CNP0396505.0,0.9993866682052612,0.9999949932098389,0.9962753057479858,0.9997618794441223,0.49068361039126224,656
468.53500000000025,3.040800000000001,7,2,COC1=CC=C2N=C(C3=C(O)C(C4=CC=CC=C4)=NN(CCC(C)C)C3=O)NS(=O)(=O)C2=C1,CNP0500406.0,0.8114291429519653,0.9999948740005493,0.7377172708511353,0.995501697063446,0.6057370571269031,657
464.59900000000033,2.8985000000000016,7,3,CC(=O)O[C@@H]1C[C@@H](C)[C@](O)(CCC2=CC(=O)OC2)[C@]2(CO)[C@@H]1[C@](C)(C1CCCC1)CC[C@@H]2O,CNP0090049.1,0.07610930502414703,0.9999948740005493,0.0009575567091815174,0.6864076852798462,0.3630140124001731,658
432.64500000000027,4.653400000000004,4,3,CC(C)CC[C@@H](O)[C@@H](C)[C@H]1CC[C@@]2(O)C3=CC(=O)[C@@H]4C[C@@H](O)CC[C@]4(C)[C@H]3CC[C@]12C,CNP0506427.1,0.17228509485721588,0.9999948740005493,0.0025521977804601192,0.21713098883628845,0.4176238455079765,659
427.5040000000002,4.952520000000003,3,3,CC1=CC=CC(NC(=O)[C@@H](CC2=CNC3=CC=CC=C23)NC(=O)OCC2=CC=CC=C2)=C1,CNP0591375.2,0.0397694930434227,0.9999948740005493,0.9958555102348328,0.9990993738174438,0.4483392018779343,660
427.5040000000002,4.952520000000003,3,3,CC1=CC=CC(NC(=O)[C@H](CC2=CNC3=CC=CC=C23)NC(=O)OCC2=CC=CC=C2)=C1,CNP0591375.1,0.0397694930434227,0.9999948740005493,0.9958555102348328,0.9990993738174438,0.4483392018779343,661
481.67700000000025,4.599500000000004,5,3,CO[C@H]1CC(=O)[C@H]2[C@@H]3[C@H]4CC[C@@]5(CC[C@H](CC6=CC=CC(NC[C@H](C)O)=C6)C5)[C@]3(C)[C@](C)(C4)[C@@]12O,CNP0439019.2,0.006239142268896103,0.9999947547912598,0.007874883711338043,0.9523760080337524,0.4063078930202218,662
410.90500000000003,4.574200000000004,3,2,C[C@@H](NC(=O)N1CCOC[C@H]1C1=NC(C2=CC=C(Cl)C=C2)=CN1)C1=CC=CC=C1,CNP0004876.1,0.004921576473861933,0.9999947547912598,0.9323362708091736,0.9995385408401489,0.4633333333333333,663
481.67700000000025,4.599500000000004,5,3,CO[C@@H]1CC(=O)[C@@H]2[C@@H]3[C@@H]4CC[C@@]5(CC[C@@H](CC6=CC=CC(NC[C@H](C)O)=C6)C5)[C@]3(C)[C@@](C)(C4)[C@]21O,CNP0439019.1,0.006239142268896103,0.9999947547912598,0.007874883711338043,0.9523760080337524,0.4063078930202218,664
391.25400000000013,3.988800000000002,3,2,COC(=O)[C@@H](CC1=CNC2=CC=CC=C12)NC(=O)C1=CC=C(Cl)C=C1Cl,CNP0508573.2,0.9906253814697266,0.9999947547912598,0.9906755685806274,0.9979390501976013,0.5066666666666667,665
391.25400000000013,3.988800000000002,3,2,COC(=O)[C@H](CC1=CNC2=CC=CC=C12)NC(=O)C1=CC=C(Cl)C=C1Cl,CNP0508573.1,0.9906253814697266,0.9999947547912598,0.9906755685806274,0.9979390501976013,0.5066666666666667,666
492.57600000000036,3.7633000000000028,4,3,CC(C)C1C(O)=NC2=CC=CC=C2N1C(=O)NC(CC1=CC=CC=C1)C(=O)N1CCC(C(=O)O)CC1,CNP0532204.0,0.884681761264801,0.9999946355819702,0.8592610359191895,0.9995988011360168,0.41059840519486496,667
488.6540000000004,3.2512000000000008,6,1,COC1=CC=C(OC)C(S(=O)(=O)NC[C@H]2C[C@@H]3CC[N@@]2C[C@@H]3C2=CC(C3CCCC3)=NN2C)=C1,CNP0011327.1,0.025990642607212067,0.9999946355819702,0.0024300410877913237,0.9611270427703857,0.5572650718615315,668
488.6540000000004,3.2512000000000008,6,1,COC1=CC=C(OC)C(S(=O)(=O)NC[C@H]2C[C@@H]3CCN2C[C@@H]3C2=CC(C3CCCC3)=NN2C)=C1,CNP0011327.2,0.025990642607212067,0.9999946355819702,0.0024300410877913237,0.9611270427703857,0.5572650718615315,669
488.6210000000004,3.1953000000000022,7,2,COC(=O)CC[C@@H](C)[C@H]1CC(=O)[C@@]2(C)C3=C(C(=O)C[C@]12C)[C@@]1(C)CC[C@H](O)[C@@](C)(CO)[C@@H]1CC3=O,CNP0160346.2,0.015134899877011776,0.9999945163726807,0.0003504790074657649,0.023251252248883247,0.37384508749597783,670
488.6210000000004,3.1953000000000022,7,2,COC(=O)CCC(C)[C@H]1CC(=O)[C@@]2(C)C3=C(C(=O)C[C@]12C)[C@@]1(C)CC[C@H](O)[C@@](C)(CO)[C@@H]1CC3=O,CNP0160346.1,0.015134899877011776,0.9999945163726807,0.0003504790074657649,0.023251252248883247,0.37384508749597783,671
490.72500000000036,4.650400000000005,5,4,C[C@@H](C[C@@H](O)[C@H](O)C(C)(C)O)[C@@H]1CC[C@]2(C)C3=CC(=O)[C@H]4C(C)(C)[C@@H](O)CC[C@]4(C)[C@H]3CC[C@@]12C,CNP0219053.1,0.8990875482559204,0.9999945163726807,0.8987688422203064,0.964046835899353,0.38333333333333336,672
487.6630000000003,2.7808,6,4,CSCC[C@H](NC(=O)[C@H]1CC[C@H](CNC(=O)[C@@H](NC(=O)OC(C)(C)C)C(C)C)CC1)C(=O)O,CNP0340462.1,0.04777098819613457,0.9999945163726807,0.7354599237442017,0.9943654537200928,0.48762384550797644,673
440.53600000000034,4.6555000000000035,6,2,C[C@@]1(O)CCC[C@@H]2C3=C(C=C4OC(C5(O)CCCC5)=CC(=O)C4=C3OC3CCCC3)O[C@@H]21,CNP0045994.1,0.8563821911811829,0.9999943971633911,0.27788978815078735,0.9226652979850769,0.28885961039126223,674
490.99100000000027,3.8804000000000016,3,2,O=C(NC1=CC=CC(Cl)=C1)[C@H](CC1=CC=CC=C1)NC(=O)N1C[C@H]2C[C@@H](C1)C1=CC=CC(=O)N1C2,CNP0375093.1,0.020458117127418518,0.9999942779541016,0.7974082231521606,0.9972892999649048,0.36872350022552997,675
445.97600000000006,3.586540000000002,4,1,CC1=NN(C)C(C)=C1S(=O)(=O)N1CCC2(CC1)NC1=CC=C(Cl)C=C1N1C=CC=C12,CNP0507933.0,0.04316677898168564,0.999994158744812,0.6184977293014526,0.9892197251319885,0.5776238455079765,676
483.5170000000003,3.2661200000000017,8,3,COC1=CC=C(C(CC(=O)NCCC2=CC=C(O)C=C2)C2=C(O)C=C(C)OC2=O)C(OC)=C1OC,CNP0410527.0,0.09827358275651932,0.999994158744812,0.029883719980716705,0.9945857524871826,0.37333333333333335,677
417.50200000000024,3.317740000000002,5,3,CC1=C2OC[C@H](C(C)(C)O)CC2=C2C=C(C)N([C@@H](CC(C)C)C(=O)O)C(=O)C2=C1O,CNP0511684.1,0.9646463394165039,0.9999940395355225,0.9916471242904663,0.9999160766601562,0.4663473457335065,678
407.5140000000002,4.716740000000003,3,3,CC1=CC(C)=CC(NC(=O)[C@@H](CC2=CNC3=CC=CC=C23)NC(=O)OCC(C)C)=C1,CNP0575971.1,0.0025737748946994543,0.9999939203262329,0.8699218034744263,0.9961439371109009,0.5149961760557945,679
490.5490000000002,2.855700000000002,9,4,COC1=CC(C[C@H](O)[C@H](CC(=O)C[C@H](CCCO)C2=CC=C(O)C(OC)=C2)OC(C)=O)=CC=C1O,CNP0417082.1,0.0027168761007487774,0.9999939203262329,0.0066824364475905895,0.5430229902267456,0.33,680
452.5030000000002,4.526700000000005,7,3,CC[C@]1(C)C=CC2=C(C=C(O)C3=C2O[C@@H]2C4=CC=C(O)C=C4O[C@H](C(C)(C)O)C[C@@H]2C3=O)O1,CNP0422077.2,0.5201793909072876,0.9999939203262329,0.028101084753870964,0.6816046833992004,0.3,681
452.5030000000002,4.526700000000005,7,3,CC[C@@]1(C)C=CC2=C(C=C(O)C3=C2O[C@H]2C4=CC=C(O)C=C4O[C@H](C(C)(C)O)C[C@@H]2C3=O)O1,CNP0422077.1,0.5201793909072876,0.9999939203262329,0.028101084753870964,0.6816046833992004,0.3,682
407.5140000000002,4.716740000000003,3,3,CC1=CC(C)=CC(NC(=O)[C@H](CC2=CNC3=CC=CC=C23)NC(=O)OCC(C)C)=C1,CNP0575971.2,0.0025737748946994543,0.9999939203262329,0.8699218034744263,0.9961439371109009,0.5149961760557945,683
390.56400000000014,4.686100000000006,3,2,C[C@H](CCC(=O)O)[C@H]1CC[C@H]2[C@@H]3C(=O)C[C@@H]4CCCC[C@]4(C)[C@H]3CC(O)[C@]12C,CNP0564987.1,0.2805730104446411,0.9999938011169434,0.5227697491645813,0.7856378555297852,0.43,684
419.5650000000001,4.8418000000000045,3,2,CC(C)(O)[C@H]1O[C@H]2CC[C@@]3(C)C(CC[C@H]4CC5=C(NC6=CC=CC=C56)[C@@]43C)C2=CC1=O,CNP0159945.2,0.9998476505279541,0.9999936819076538,0.8607367873191833,0.5943037271499634,0.27354411340230755,685
488.62100000000027,3.3513000000000024,6,3,C[C@H](CC(=O)C[C@@H](C)[C@H]1CC(=O)[C@H]2C3=C(C(=O)C[C@@H]21)[C@@]1(C)CC[C@H](O)C(C)(C)[C@@H]1C[C@@H]3O)C(=O)O,CNP0224425.1,0.3380260467529297,0.9999936819076538,0.5294461846351624,0.9947131276130676,0.4448206131767775,686
419.5650000000001,4.8418000000000045,3,2,CC(C)(O)[C@H]1O[C@H]2CC[C@@]3(C)[C@@H](CC[C@H]4CC5=C(NC6=CC=CC=C56)[C@@]43C)C2=CC1=O,CNP0159945.1,0.9998476505279541,0.9999936819076538,0.8607367873191833,0.5943037271499634,0.27354411340230755,687
399.8420000000001,2.746900000000001,7,2,CN1C[C@@H](NC(=O)NC2=CC=C(Cl)C=C2)C[C@H]1C1=NC(C2=CN=CN=C2)=NO1,CNP0305421.1,0.015331629663705826,0.9999936819076538,0.8019654154777527,0.9995957016944885,0.5648206131767776,688
465.9590000000003,2.7955000000000014,5,1,COC1=CC=C(CN2[C@@H]3CN(C(=O)NC4=CC=CC(Cl)=C4)C[C@@H]3OCCS2(=O)=O)C=C1,CNP0571016.1,0.000620716018602252,0.9999936819076538,0.010038276202976704,0.0919584408402443,0.51,689
499.09200000000027,4.484800000000004,5,1,CCC(=O)N(C)CCCC(=CCl)CCC(C)C(O)C(C)C(=O)N1C(=O)C=C(OC)C1CC(C)C,CNP0450554.0,0.06887537240982056,0.9999935626983643,0.5602759122848511,0.991663932800293,0.51,690
358.4450000000001,4.131200000000003,4,1,C1=CC=C(CC2=NN=C([C@H]3CCN(CC4=CNC5=CC=CC=C45)C3)O2)C=C1,CNP0073088.1,0.0006474491092376411,0.9999935626983643,0.017662564292550087,0.9901943802833557,0.26384508749597785,691
448.5150000000003,4.418200000000003,6,3,C[C@@]1(C/C=C/C2=CC=CC=C2)OC2=CC3=C(C(O)=C2C[C@H]1O)C(=O)C=C(C1(O)CCCC1)O3,CNP0242763.1,0.9896049499511719,0.9999934434890747,0.9475712180137634,0.9677978157997131,0.2514872798434442,692
439.97200000000026,4.957900000000003,5,2,O=C(NC1=CC=CC(Cl)=C1)[C@@H]1SC2=NN=C(C3=CC=CC=C3)N2NC12CCCCC2,CNP0582554.2,0.9999608993530273,0.9999934434890747,0.9999030828475952,0.9997255206108093,0.4533333333333333,693
439.97200000000026,4.957900000000003,5,2,O=C(NC1=CC=CC(Cl)=C1)[C@H]1SC2=NN=C(C3=CC=CC=C3)N2NC12CCCCC2,CNP0582554.1,0.9999608993530273,0.9999934434890747,0.9999030828475952,0.9997255206108093,0.4533333333333333,694
444.5350000000003,3.730400000000003,4,2,CC(CC1=CNC2=CC=CC=C12)NC(=O)COC1=CC=C2N=C3CCCCCN3C(=O)C2=C1,CNP0337039.0,0.0011488063028082252,0.9999933242797852,0.00039771251613274217,0.9992234706878662,0.441824,695
429.56500000000034,2.9713000000000003,5,0,CC(C)C(=O)N1C2=NC(C(=O)N3CCOCC3)=NN2C2(CCCCC2)[C@@H]2CCCC[C@@H]21,CNP0567403.1,0.9954233765602112,0.9999933242797852,0.9943603873252869,0.9996558427810669,0.5835220599124183,696
478.63700000000017,3.2730200000000025,4,3,CC[C@@H](C)[C@H](N)C(=O)N1CCC(C(=O)N[C@@H](CC2=CC=CC=C2)C(=O)NC2=CC=C(C)C=C2)CC1,CNP0389877.2,0.0016146916896104813,0.9999933242797852,0.8844124674797058,0.9999761581420898,0.48762384550797644,697
458.6830000000002,4.468800000000005,4,4,CC(C)[C@@H]1C[C@@H](O)[C@H]2[C@@]1(CO)CC[C@@]1(C)[C@H]3C(=CC[C@]21C)C1=CC[C@H](O)C(C)(C)[C@H]1C[C@@H]3O,CNP0140483.1,0.00592178525403142,0.9999933242797852,0.012706893496215343,0.8579550385475159,0.36,698
380.49200000000036,4.512900000000005,4,0,O=C(C1CC1)N1C2=NC(C3=CC=CO3)=NN2C2(CCCCC2)[C@@H]2CCCC[C@@H]21,CNP0599471.1,0.9669488668441772,0.9999932050704956,0.9410629868507385,0.9998288154602051,0.5078620312205734,699
404.50300000000016,3.682500000000003,6,2,COC1=CC(C(=O)OC[C@@H](C)[C@H]2CC[C@]3(C)C[C@H](O)[C@]4(C)CC[C@]23O4)=CC=C1O,CNP0277205.1,0.009515251964330673,0.9999932050704956,0.9211516976356506,0.7848172783851624,0.36,700
460.7030000000003,3.8235000000000032,4,3,CC(=O)N[C@H]1CC[C@]23C[C@]24CC[C@]2(C)[C@@H]([C@H](C)N(C)C)[C@H](O)C[C@@]2(C)[C@H]4CC[C@@H]3[C@]1(C)CO,CNP0602583.1,0.0023542954586446285,0.9999932050704956,0.008164573460817337,0.9609470963478088,0.33,701
399.5350000000003,4.300200000000003,3,3,CC(C)COC(=O)N[C@@H](CC1=CNC2=CC=CC=C12)C(=O)NC1CCCCCC1,CNP0588323.2,0.00019815358973573893,0.9999932050704956,0.9402666687965393,0.9972437620162964,0.5273723305478181,702
399.5350000000003,4.300200000000003,3,3,CC(C)COC(=O)N[C@H](CC1=CNC2=CC=CC=C12)C(=O)NC1CCCCCC1,CNP0588323.1,0.00019815358973573893,0.9999932050704956,0.9402666687965393,0.9972437620162964,0.5273723305478181,703
451.47500000000025,3.206900000000001,7,4,COC1=CC=C(C(CC(=O)NCC(O)C2=CC=CC(O)=C2)C2=CC3=C(C=C2O)OCO3)C=C1,CNP0405288.0,0.147239550948143,0.999993085861206,0.08477690815925598,0.6136764287948608,0.38333333333333336,704
407.5510000000002,3.5230000000000024,6,0,CCC1C(CC(C)C(=O)OC)OC23CCC(C4CC(C)C(=O)O4)N2CCCCC13,CNP0079100.0,0.0010631198529154062,0.9999929666519165,0.0007971878512762487,0.9991280436515808,0.38295621284739856,705
460.5230000000003,2.758820000000001,8,2,COC1=C2C[C@@H]3[C@](C)(C[C@H](O)[C@@]45O[C@@](O)(CC[C@]34C)OC5(C)C)OC2=C(C)C2=C1C(=O)OC2,CNP0348356.8,0.02318483591079712,0.999992847442627,0.003923445474356413,0.2152259200811386,0.31482061317677756,706
460.5230000000003,2.758820000000001,8,2,COC1=C2C[C@@H]3C4(C)CC[C@]5(O)OC(C)(C)[C@]4(O5)[C@H](O)C[C@]3(C)OC2=C(C)C2=C1C(=O)OC2,CNP0348356.1,0.02318483591079712,0.999992847442627,0.003923445474356413,0.2152259200811386,0.31482061317677756,707
460.5230000000003,2.758820000000001,8,2,COC1=C2C[C@@H]3[C@@](C)(C[C@H](O)[C@@]45O[C@@](O)(CC[C@]34C)OC5(C)C)OC2=C(C)C2=C1C(=O)OC2,CNP0348356.5,0.02318483591079712,0.999992847442627,0.003923445474356413,0.2152259200811386,0.31482061317677756,708
460.5230000000003,2.758820000000001,8,2,COC1=C2C[C@@H]3[C@]4(C)CC[C@@]5(O)OC(C)(C)[C@@]4(O5)[C@H](O)C[C@]3(C)OC2=C(C)C2=C1C(=O)OC2,CNP0348356.10,0.02318483591079712,0.999992847442627,0.003923445474356413,0.2152259200811386,0.31482061317677756,709
460.5230000000003,2.758820000000001,8,2,COC1=C2C[C@@H]3[C@](C)(C[C@@H](O)[C@@]45O[C@@](O)(CC[C@]34C)OC5(C)C)OC2=C(C)C2=C1C(=O)OC2,CNP0348356.4,0.02318483591079712,0.999992847442627,0.003923445474356413,0.2152259200811386,0.31482061317677756,710
460.5230000000003,2.758820000000001,8,2,COC1=C2C[C@H]3[C@]4(C)CC[C@@]5(O)OC(C)(C)[C@@]4(O5)[C@H](O)C[C@]3(C)OC2=C(C)C2=C1C(=O)OC2,CNP0348356.7,0.02318483591079712,0.999992847442627,0.003923445474356413,0.2152259200811386,0.31482061317677756,711
460.5230000000003,2.758820000000001,8,2,COC1=C2C[C@H]3[C@](C)(C[C@@H](O)[C@]45O[C@](O)(CC[C@]34C)OC5(C)C)OC2=C(C)C2=C1C(=O)OC2,CNP0348356.2,0.02318483591079712,0.999992847442627,0.003923445474356413,0.2152259200811386,0.31482061317677756,712
460.5230000000003,2.758820000000001,8,2,COC1=C2C[C@@H]3[C@@](C)(C[C@@H](O)[C@@]45O[C@@](O)(CC[C@]34C)OC5(C)C)OC2=C(C)C2=C1C(=O)OC2,CNP0348356.9,0.02318483591079712,0.999992847442627,0.003923445474356413,0.2152259200811386,0.31482061317677756,713
460.5230000000003,2.758820000000001,8,2,COC1=C2C[C@H]3[C@@](C)(C[C@@H](O)[C@@]45O[C@@](O)(CC[C@@]34C)OC5(C)C)OC2=C(C)C2=C1C(=O)OC2,CNP0348356.3,0.02318483591079712,0.999992847442627,0.003923445474356413,0.2152259200811386,0.31482061317677756,714
460.5230000000003,2.758820000000001,8,2,COC1=C2C[C@@H]3[C@@](C)(C[C@@H](O)[C@@]45O[C@@](O)(CC[C@@]34C)OC5(C)C)OC2=C(C)C2=C1C(=O)OC2,CNP0348356.6,0.02318483591079712,0.999992847442627,0.003923445474356413,0.2152259200811386,0.31482061317677756,715
394.5520000000002,3.667000000000003,5,2,CC(CC[C@]1(C)C2=CC(=O)CC(C)(C)[C@H]2CC[C@@H]1C)CC(=O)OC[C@H](O)CO,CNP0136705.1,0.8813011050224304,0.9999927282333374,0.9813140630722046,0.9484362006187439,0.3981539465101109,716
458.5990000000002,4.3209000000000035,6,3,CCCC[C@H](CC1=CNC=C1)[C@H](CC(=O)CCC1=CC(OC)=C(O)C=C1CNC)OC(C)=O,CNP0098667.1,0.0008248314261436462,0.9999927282333374,0.00010933777230093256,0.7234349846839905,0.4048206131767776,717
390.5640000000002,3.195000000000002,4,4,C[C@H](O)[C@H]1CC[C@@]2(C)C3=CC[C@H]4C(C)(C)[C@@H](O)[C@H](O)[C@@H](O)[C@]4(C)C3=CC[C@]12C,CNP0600397.2,0.8174944519996643,0.9999926090240479,0.9507598280906677,0.9040966033935547,0.34,718
453.5430000000005,3.222100000000002,6,0,O=C(C1=NN2C(=N1)N(C(=O)C1=CC=CO1)[C@H]1CCCC[C@H]1C21CCCCC1)N1CCOCC1,CNP0564958.1,0.9839942455291748,0.9999926090240479,0.9081022143363953,0.9986547231674194,0.5066446131767776,719
390.5640000000002,3.195000000000002,4,4,C[C@@H](O)[C@H]1CC[C@@]2(C)C3=CC[C@H]4C(C)(C)[C@@H](O)[C@H](O)[C@@H](O)[C@]4(C)C3=CC[C@]12C,CNP0600397.1,0.8174944519996643,0.9999926090240479,0.9507598280906677,0.9040966033935547,0.34,720
460.5750000000003,3.209500000000001,4,4,CC[C@H](C)[C@H](NC(=O)N1C2=CC=CC=C2NC(=O)[C@@H]1C(C)C)C(=O)N[C@@H](CC(C)C)C(=O)O,CNP0402370.3,0.01660352200269699,0.9999926090240479,0.2490549087524414,0.9995869994163513,0.49577779201808736,721
460.5750000000003,3.209500000000001,4,4,CCC(C)[C@H](NC(=O)N1C2=CC=CC=C2NC(=O)[C@@H]1C(C)C)C(=O)N[C@@H](CC(C)C)C(=O)O,CNP0402370.1,0.01660352200269699,0.9999926090240479,0.2490549087524414,0.9995869994163513,0.49577779201808736,722
385.8510000000001,4.117200000000002,3,3,CCOC(=O)N[C@H](CC1=CNC2=CC=CC=C12)C(=O)NC1=CC=CC=C1Cl,CNP0549434.1,0.0039829411543905735,0.9999926090240479,0.9811496734619141,0.9915407299995422,0.46,723
426.51300000000026,3.861120000000003,6,1,COC1=C2CN(C)CCC2=C(NC(=O)COC2=CC(C)=CC=C2C(C)C)C2=C1OCO2,CNP0348819.0,0.00351696670986712,0.9999926090240479,0.0005444015841931105,0.6780979037284851,0.4554190183716425,724
460.5750000000003,3.209500000000001,4,4,CC[C@@H](C)[C@H](NC(=O)N1C2=CC=CC=C2NC(=O)[C@@H]1C(C)C)C(=O)N[C@@H](CC(C)C)C(=O)O,CNP0402370.2,0.01660352200269699,0.9999926090240479,0.2490549087524414,0.9995869994163513,0.49577779201808736,725
384.5490000000004,4.780600000000004,4,0,CCC1=NN2C(=N1)N(C(=O)C1=CC=CS1)[C@H]1CCCC[C@H]1C21CCCCC1,CNP0560195.1,0.9993230104446411,0.9999924898147583,0.9644086956977844,0.9978811144828796,0.43119536455390667,726
368.52500000000003,4.067800000000003,4,1,CCCCN(CCCC)CC(=O)NC1=C2CCN(C)C2=NC2=CC=CC=C12,CNP0460589.0,0.002137472853064537,0.9999924898147583,0.0016102440422400832,0.9984332919120789,0.46482061317677753,727
432.6450000000002,4.8196000000000065,4,4,C=C1CC[C@H](O)C/C1=C/C=C1\CCC[C@@]2(C)[C@H]1CC[C@@H]2[C@@](C)(O)CC(O)CC(C)(C)O,CNP0082146.1,0.20536376535892487,0.9999924898147583,0.9475555419921875,0.9107704162597656,0.37,728
361.39400000000006,3.249200000000001,6,2,CCC(C)CC(C)C(=O)OC1(C)C(=O)C2=CN=C(C(=O)O)C=C2C=C1O,CNP0074013.0,0.9999279975891113,0.9999924898147583,0.8722935318946838,0.9964061379432678,0.48,729
392.86400000000015,2.8839000000000006,4,2,COC(=O)[C@@H](CC1=CNC2=CC=CC=C12)NS(=O)(=O)C1=CC=C(Cl)C=C1,CNP0505530.1,0.9997013211250305,0.9999923706054688,0.9994321465492249,0.9998190999031067,0.59,730
392.86400000000015,2.8839000000000006,4,2,COC(=O)[C@H](CC1=CNC2=CC=CC=C12)NS(=O)(=O)C1=CC=C(Cl)C=C1,CNP0505530.2,0.9997013211250305,0.9999923706054688,0.9994321465492249,0.9998190999031067,0.59,731
490.72500000000036,4.436600000000005,5,4,CC(C)(O)[C@@H]1CC[C@](C)([C@H]2[C@@H](O)C[C@@]3(C)[C@@H]4CC[C@H]5C(C)(C)[C@@H](O)CC[C@@]56C[C@@]46C[C@H](O)[C@]23C)O1,CNP0330921.1,0.992983341217041,0.9999923706054688,0.9935939908027649,0.969955325126648,0.32666666666666666,732
465.46200000000033,3.090300000000001,9,1,COC1=C2CN(C)CCC2=C(NC(=O)C2=NOC(C3=CC=C4OCCOC4=C3)=C2)C2=C1OCO2,CNP0396548.0,0.028640050441026688,0.9999923706054688,0.64313805103302,0.9788993000984192,0.45964122635355514,733
356.46900000000005,4.785700000000005,2,1,O=C1NC(CC2=CC=CC=C2)=NC2=C1C1(CCCCC1)CC1=CC=CC=C12,CNP0521550.0,0.998948872089386,0.9999922513961792,0.9951243996620178,0.9990043044090271,0.27,734
489.6130000000002,2.9764999999999997,5,3,CCC(C)[C@H](NC(=O)C1CCN(C(=O)[C@H](CC2=CC=CC=C2)NC(=O)OC(C)(C)C)CC1)C(=O)O,CNP0378548.1,0.5072530508041382,0.9999922513961792,0.3501760959625244,0.9997242093086243,0.49666666666666665,735
430.6290000000003,4.8616000000000055,4,2,CC(C)CC(=O)CC(C)C1CCC2C3=CC(=O)C4CC(O)CCC4(C)C3(O)CCC21C,CNP0330381.0,0.007096126209944487,0.9999922513961792,0.0019873296841979027,0.43442800641059875,0.37,736
489.6130000000002,2.9764999999999997,5,3,CC[C@@H](C)[C@H](NC(=O)C1CCN(C(=O)[C@H](CC2=CC=CC=C2)NC(=O)OC(C)(C)C)CC1)C(=O)O,CNP0378548.3,0.5072530508041382,0.9999922513961792,0.3501760959625244,0.9997242093086243,0.49666666666666665,737
489.6130000000002,2.9764999999999997,5,3,CC[C@H](C)[C@H](NC(=O)C1CCN(C(=O)[C@H](CC2=CC=CC=C2)NC(=O)OC(C)(C)C)CC1)C(=O)O,CNP0378548.2,0.5072530508041382,0.9999922513961792,0.3501760959625244,0.9997242093086243,0.49666666666666665,738
488.7090000000004,4.8586000000000045,5,3,CC(CC(O)C(O)C(C)(C)O)C1CCC2(C)C3=CC(=O)C4C(C)(C)C(=O)CCC4(C)C3CCC12C,CNP0116699.0,0.8473683595657349,0.9999921321868896,0.8568513989448547,0.9445675611495972,0.38333333333333336,739
376.847,4.6552000000000024,2,3,O=C(NCC1=CC=CC=C1)C1=CC(C2=NNC=C2C2=CC=CC(Cl)=C2)=CN1,CNP0513741.0,0.1395515352487564,0.9999921321868896,0.5417050123214722,0.9887998104095459,0.3952037481723391,740
372.5050000000002,4.4539200000000045,4,1,COC(=O)[C@@H](C)[C@H]1CC[C@H]2[C@H](CCC3=CC(O)=CC=C3C)C(=O)CC[C@]12C,CNP0292863.1,0.016700755804777145,0.9999920129776001,0.004612728487700224,0.9775254130363464,0.375691140985867,741
489.55000000000024,3.1920400000000018,10,3,COC1=CC(C(CC(=O)NC(CCSC)C2=NC(C)=NO2)C2=C(O)C(=O)C=C(C)O2)=CC=C1O,CNP0413158.0,0.4910803735256195,0.9999920129776001,0.8816983699798584,0.9995424747467041,0.5,742
384.9290000000003,3.4288200000000018,3,1,CC1=CC(Cl)=CC=C1NC(=O)[C@@H]1CN(S(C)(=O)=O)CC12CCCCC2,CNP0523677.1,0.9978600144386292,0.9999920129776001,0.9513389468193054,0.9981569647789001,0.5681539465101109,743
384.9290000000003,3.4288200000000018,3,1,CC1=CC(Cl)=CC=C1NC(=O)[C@H]1CN(S(C)(=O)=O)CC12CCCCC2,CNP0523677.2,0.9978600144386292,0.9999920129776001,0.9513389468193054,0.9981569647789001,0.5681539465101109,744
442.5080000000002,3.5822000000000016,7,4,CC1(C)CCC2=C(C=CC(C(O)CC(=O)C3=CC4=C(C=C3O)OC(C(C)(C)O)C4)=C2O)O1,CNP0152284.0,0.872528612613678,0.9999920129776001,0.9846125245094299,0.9378798007965088,0.3433333333333333,745
482.5620000000003,3.1499400000000017,7,1,CC1=CC=CC(C)=C1N(CC(=O)NC1=CC=C(C2=NOC=N2)C=C1)C(=O)C1CCS(=O)(=O)CC1,CNP0552393.0,0.000164527737069875,0.9999920129776001,0.0023038575891405344,0.9991298317909241,0.5892352543881744,746
384.38400000000007,2.954200000000001,7,3,COC1=CC2=C(C3=C1CC(C(C)(C)O)O3)C(=O)C(C1=CC=C(O)C=C1O)=CO2,CNP0131315.0,0.5897505879402161,0.9999918937683105,0.7956258654594421,0.9800187945365906,0.35482061317677754,747
477.47300000000024,3.653400000000002,9,2,COC1=CC=C(C(CC(=O)NCCC2=NC(C3=CC=CO3)=NO2)C2=CC3=C(C=C2O)OCO3)C=C1,CNP0414327.0,0.017251763492822647,0.999991774559021,0.0034532479476183653,0.3109923303127289,0.4105117541626445,748
390.52000000000015,3.949500000000003,5,1,CC[C@H](C)C(=O)O[C@H]1CCC=C2C=C[C@H](C)[C@H](CC[C@@H]3C[C@@H](O)CC(=O)O3)C21,CNP0120181.2,0.006467830389738083,0.9999916553497314,0.42410770058631897,0.9117568731307983,0.3720568335588633,749
390.52000000000015,3.949500000000003,5,1,CC[C@@H](C)C(=O)O[C@@H]1CCC=C2C=C[C@@H](C)[C@H](CC[C@H]3C[C@@H](O)CC(=O)O3)[C@@H]21,CNP0120181.9,0.006467830389738083,0.9999916553497314,0.42410770058631897,0.9117568731307983,0.3720568335588633,750
390.52000000000015,3.949500000000003,5,1,CC[C@H](C)C(=O)O[C@@H]1CCC=C2C=C[C@@H](C)[C@@H](CC[C@@H]3C[C@H](O)CC(=O)O3)[C@@H]21,CNP0120181.8,0.006467830389738083,0.9999916553497314,0.42410770058631897,0.9117568731307983,0.3720568335588633,751
390.52000000000015,3.949500000000003,5,1,CC[C@H](C)C(=O)O[C@H]1CCC=C2C=C[C@H](C)[C@H](CC[C@H]3C[C@@H](O)CC(=O)O3)[C@H]21,CNP0120181.11,0.006467830389738083,0.9999916553497314,0.42410770058631897,0.9117568731307983,0.3720568335588633,752
390.52000000000015,3.949500000000003,5,1,CC[C@@H](C)C(=O)O[C@@H]1CCC=C2C=C[C@@H](C)[C@@H](CC[C@@H]3C[C@H](O)CC(=O)O3)[C@@H]21,CNP0120181.5,0.006467830389738083,0.9999916553497314,0.42410770058631897,0.9117568731307983,0.3720568335588633,753
488.7090000000004,4.6448000000000045,5,3,CC(C)(O)[C@@H]1CC[C@](C)([C@H]2[C@@H](O)C[C@@]3(C)[C@@H]4CC[C@H]5C(C)(C)[C@@H](O)CC[C@@]56C[C@@]46CC(=O)[C@]23C)O1,CNP0257464.1,0.8581788539886475,0.9999916553497314,0.9763597846031189,0.9800007939338684,0.3233333333333333,754
390.52000000000015,3.949500000000003,5,1,CC[C@H](C)C(=O)O[C@H]1CCC=C2C=C[C@@H](C)[C@@H](CC[C@@H]3C[C@H](O)CC(=O)O3)[C@@H]21,CNP0120181.7,0.006467830389738083,0.9999916553497314,0.42410770058631897,0.9117568731307983,0.3720568335588633,755
390.52000000000015,3.949500000000003,5,1,CC[C@H](C)C(=O)O[C@H]1CCC=C2C=C[C@H](C)[C@H](CC[C@@H]3C[C@@H](O)CC(=O)O3)[C@@H]21,CNP0120181.3,0.006467830389738083,0.9999916553497314,0.42410770058631897,0.9117568731307983,0.3720568335588633,756
390.52000000000015,3.949500000000003,5,1,CC[C@@H](C)C(=O)O[C@H]1CCC=C2C=C[C@@H](C)[C@@H](CC[C@@H]3C[C@H](O)CC(=O)O3)[C@@H]21,CNP0120181.12,0.006467830389738083,0.9999916553497314,0.42410770058631897,0.9117568731307983,0.3720568335588633,757
390.52000000000015,3.949500000000003,5,1,CC[C@H](C)C(=O)O[C@H]1CCC=C2C=C[C@H](C)[C@@H](CC[C@@H]3C[C@@H](O)CC(=O)O3)[C@H]21,CNP0120181.6,0.006467830389738083,0.9999916553497314,0.42410770058631897,0.9117568731307983,0.3720568335588633,758
390.52000000000015,3.949500000000003,5,1,CC[C@H](C)C(=O)O[C@H]1CCC=C2C=C[C@H](C)[C@H](CC[C@@H]3C[C@@H](O)CC(=O)O3)[C@H]21,CNP0120181.1,0.006467830389738083,0.9999916553497314,0.42410770058631897,0.9117568731307983,0.3720568335588633,759
446.6280000000002,4.747300000000005,4,3,CC(CCC(=O)O)C1CCC2(C)C3=C(C(=O)CC12C)C1(C)CCC(O)C(C)(C)C1CC3O,CNP0131782.0,0.1666564792394638,0.9999916553497314,0.09856219589710236,0.9653545618057251,0.43051175416264453,760
390.52000000000015,3.949500000000003,5,1,CC[C@H](C)C(=O)O[C@H]1CCC=C2C=C[C@H](C)[C@@H](CC[C@H]3C[C@@H](O)CC(=O)O3)[C@H]21,CNP0120181.10,0.006467830389738083,0.9999916553497314,0.42410770058631897,0.9117568731307983,0.3720568335588633,761
390.52000000000015,3.949500000000003,5,1,CC[C@H](C)C(=O)O[C@H]1CCC=C2C=C[C@H](C)C(CCC3C[C@@H](O)CC(=O)O3)[C@H]21,CNP0120181.4,0.006467830389738083,0.9999916553497314,0.42410770058631897,0.9117568731307983,0.3720568335588633,762
488.70900000000034,4.261900000000003,5,4,CC(C)[C@@H]1C[C@@H](O)[C@H]2[C@@]1(CO)CC[C@@]1(C)C3=C([C@H](O)C[C@]21C)[C@@]1(C)CC[C@H](O)C(C)(C)[C@@H]1CC3=O,CNP0231708.1,0.011773431673645973,0.9999915361404419,0.0031288722530007362,0.8152557015419006,0.37666666666666665,763
471.59400000000034,4.018200000000003,7,2,CCOC(=O)C1=C/C(=C\CC(C)C)C2=C(C=C3O[C@H]([C@](C)(O)C4CCNCC4)CC3=C2OC)O1,CNP0255715.1,0.9981719255447388,0.9999915361404419,0.9818414449691772,0.23548240959644318,0.48872350022552996,764
447.4910000000002,3.9381200000000023,6,3,COC1=CC=C(C(CC(=O)N[C@@H](C)C2=NC3=CC=CC=C3N2)C2=C(O)C(=O)C=C(C)O2)C=C1,CNP0143500.1,0.3096558749675751,0.9999914169311523,0.5679178237915039,0.9990904331207275,0.4666666666666667,765
416.4810000000002,2.9502000000000015,4,2,CC(CC1=CNC2=CC=CC=C12)NC(=O)COC1=CC=C2N=C3CCCN3C(=O)C2=C1,CNP0394703.0,0.004320171196013689,0.9999914169311523,0.002316734753549099,0.9995924830436707,0.401824,766
485.7090000000003,4.943600000000004,5,1,CC(C)[C@@H]1CC[C@]2(C)[C@H]3CC[C@@]45CCC[C@@H]4[C@]2(C[C@H](O)C(=O)[C@@]2(C)CO[C@]4(C)CC[C@H]2O4)[C@@H]1N5C3,CNP0425296.1,0.9787653088569641,0.9999912977218628,0.9901178479194641,0.9992558360099792,0.3681539465101109,767
455.4670000000003,2.7990000000000013,10,1,COC1=CC=C(CN2C[C@H](O)C[C@H]2C2=NC(C3=CC=C4OCOC4=C3)=NO2)C(OC)=C1OC,CNP0339981.1,0.007310591172426939,0.9999911785125732,0.0024201967753469944,0.2854587435722351,0.4719990340060887,768
372.54900000000015,4.991000000000006,3,2,CO[C@@H]1C=C(O)[C@@H]2[C@@H]3C[C@H]4CC[C@@]5(CCC6(CCCC6)C5)[C@]3(C)[C@@]4(C)[C@]21O,CNP0416220.1,0.9699132442474365,0.9999911785125732,0.8359776139259338,0.8176031112670898,0.28148727984344424,769
408.53500000000014,3.4696000000000016,5,3,CCC(C)C(=O)O[C@H]1CCC=C2C=C[C@H](C)[C@H](CC[C@@H](O)C[C@@H](O)CC(=O)O)[C@H]21,CNP0282416.1,0.9921499490737915,0.9999910593032837,0.993279755115509,0.758367657661438,0.43666666666666665,770
408.53500000000014,3.4696000000000016,5,3,CC[C@H](C)C(=O)O[C@H]1CCC=C2C=C[C@H](C)[C@H](CC[C@@H](O)C[C@@H](O)CC(=O)O)[C@H]21,CNP0282416.2,0.9921499490737915,0.9999910593032837,0.993279755115509,0.758367657661438,0.43666666666666665,771
408.53500000000014,3.4696000000000016,5,3,CC[C@@H](C)C(=O)O[C@H]1CCC=C2C=C[C@H](C)[C@H](CC[C@@H](O)C[C@@H](O)CC(=O)O)[C@H]21,CNP0282416.3,0.9921499490737915,0.9999910593032837,0.993279755115509,0.758367657661438,0.43666666666666665,772
439.97200000000026,4.957900000000003,5,2,O=C(NC1=CC=C(Cl)C=C1)[C@H]1SC2=NN=C(C3=CC=CC=C3)N2NC12CCCCC2,CNP0594323.1,0.9855923652648926,0.9999909400939941,0.9993756413459778,0.9997876286506653,0.43666666666666665,773
439.97200000000026,4.957900000000003,5,2,O=C(NC1=CC=C(Cl)C=C1)[C@@H]1SC2=NN=C(C3=CC=CC=C3)N2NC12CCCCC2,CNP0594323.2,0.9855923652648926,0.9999909400939941,0.9993756413459778,0.9997876286506653,0.43666666666666665,774
404.85000000000014,3.0827000000000018,6,1,COC1=C2CN(C)CCC2=C(NC(=O)COC2=CC=CC=C2Cl)C2=C1OCO2,CNP0396479.0,0.001455988734960556,0.9999908208847046,0.0010433713905513287,0.1046309843659401,0.3814872798434442,775
434.6610000000002,4.757000000000007,4,4,CC1CCC(O)CC1=CC=C1CCCC2(C)C1CCC2C(C)CC(O)CC(C)(O)CO,CNP0228519.0,0.018888480961322784,0.9999908208847046,0.4580194056034088,0.0653112456202507,0.4009571788413098,776
446.5400000000003,3.8212200000000034,7,2,COC(=O)CC[C@]1(C)[C@H]2CC3=C(O)C4=C(COC4=O)C(C)=C3O[C@@]2(C)CC[C@H]1C(C)(C)O,CNP0548930.1,0.9711180329322815,0.9999908208847046,0.9539900422096252,0.5299462080001831,0.3635441134023075,777
428.6100000000001,3.783000000000003,6,4,C[C@@H](O)C[C@@H](O)C[C@@H]1CCCCCCCCCCCC[C@H](O)C[C@H](O)/C=C\C(=O)O1,CNP0478172.1,0.027051405981183052,0.9999908208847046,0.9092760682106018,0.48563095927238464,0.37333333333333335,778
490.9430000000001,4.597100000000003,5,2,COC1=CC=C(C(=O)COC(=O)[C@H](CC2=CNC3=CC=CC=C23)NC(=O)C2=CC=C(Cl)C=C2)C=C1,CNP0515480.1,0.9367538094520569,0.9999908208847046,0.8451958894729614,0.9788929224014282,0.37333333333333335,779
401.45900000000023,2.8012200000000007,6,4,CC1=CC(=O)C(O)=C(C2(CC(=O)NCC(O)C3=CC=C(O)C=C3)CCCCC2)O1,CNP0541573.0,0.8796813488006592,0.9999908208847046,0.7670494318008423,0.9976045489311218,0.5033333333333333,780
490.9430000000001,4.597100000000003,5,2,COC1=CC=C(C(=O)COC(=O)[C@@H](CC2=CNC3=CC=CC=C23)NC(=O)C2=CC=C(Cl)C=C2)C=C1,CNP0515480.2,0.9367538094520569,0.9999908208847046,0.8451958894729614,0.9788929224014282,0.37333333333333335,781
447.5720000000002,3.9147000000000025,7,2,COC1=CC2=C(C(=O)O[C@@H](C)CCCC(=O)CCC/C=C/2)C(OCC(O)CNC(C)C)=C1,CNP0322038.2,0.18255490064620972,0.999990701675415,0.8298330307006836,0.2881745398044586,0.3476238455079765,782
447.5720000000002,3.9147000000000025,7,2,COC1=CC2=C(C(=O)O[C@@H](C)CCCC(=O)CCC/C=C/2)C(OC[C@@H](O)CNC(C)C)=C1,CNP0322038.3,0.18255490064620972,0.999990701675415,0.8298330307006836,0.2881745398044586,0.3476238455079765,783
447.5720000000002,3.9147000000000025,7,2,COC1=CC2=C(C(=O)O[C@@H](C)CCCC(=O)CCC/C=C/2)C(OC[C@H](O)CNC(C)C)=C1,CNP0322038.4,0.18255490064620972,0.999990701675415,0.8298330307006836,0.2881745398044586,0.3476238455079765,784
445.3610000000001,3.986500000000002,3,3,CC[C@@H](C)C1=N[C@@](C(=O)N/C=C\C2=CNC3=CC=C(Br)C=C23)(C(C)C)NC1=O,CNP0144244.1,0.9997619986534119,0.9999905824661255,0.9999750852584839,0.9998199343681335,0.52,785
414.6780000000003,4.972700000000005,3,1,C[C@@H]1[C@@H]2CC[C@@H]3C(=CC[C@]4(C)[C@@H]([C@H](C)N(C)C)[C@H](O)C[C@@]34C)C=C2CC[C@@H]1N(C)C,CNP0156930.1,0.005971767008304596,0.9999905824661255,0.5142509341239929,0.9918592572212219,0.33964122635355515,786
471.5350000000001,2.743480000000001,7,2,CC(C)C1=CC=C(NC(=O)O[C@@H]2CO[C@H]3[C@@H]2OC[C@@H]3NS(=O)(=O)C2=CC=CC=C2C#N)C=C1,CNP0055120.1,0.9976599216461182,0.9999904632568359,0.9998714923858643,0.9948567152023315,0.5811647509578545,787
474.5500000000002,3.884900000000003,8,3,COC1=CC(CC[C@H](CC(=O)C[C@H](CCCO)C2=CC=C(O)C(OC)=C2)OC(C)=O)=CC=C1O,CNP0093012.1,0.0040511637926101685,0.9999903440475464,0.7054893374443054,0.840648353099823,0.27666666666666667,788
485.7570000000003,4.287700000000003,4,2,CC(=O)N1CCC[C@H]2[C@@H](C[C@@H]3CC[C@]4(O)[C@@H]5C[C@@H]6[C@@H](C[C@@H](C)C[C@@H]6N(C)C5)C[C@@H]4N3)C[C@H](C)C[C@H]21,CNP0261457.2,0.00037373878876678646,0.9999903440475464,0.00029017854831181467,0.999530553817749,0.38666666666666666,789
485.7570000000003,4.287700000000003,4,2,CC(=O)N1CCC[C@@H]2[C@@H](C[C@H]3CC[C@]4(O)[C@H]5C[C@@H]6[C@@H](C[C@@H](C)C[C@@H]6N(C)C5)C[C@@H]4N3)C[C@H](C)C[C@@H]21,CNP0261457.1,0.00037373878876678646,0.9999903440475464,0.00029017854831181467,0.999530553817749,0.38666666666666666,790
485.7570000000003,4.287700000000003,4,2,CC(=O)N1CCC[C@@H]2[C@@H](C[C@H]3CC[C@]4(O)[C@@H]5C[C@@H]6[C@@H](C[C@@H](C)C[C@@H]6N(C)C5)C[C@@H]4N3)C[C@H](C)C[C@@H]21,CNP0261457.3,0.00037373878876678646,0.9999903440475464,0.00029017854831181467,0.999530553817749,0.38666666666666666,791
406.60700000000037,4.5663000000000045,4,2,COC(=O)CC[C@H](C)[C@H]1CC[C@@H]2[C@H]3[C@H](O)[C@H](O)[C@@H]4CCCC[C@]4(C)[C@@H]3CC[C@@]21C,CNP0296204.4,0.9614891409873962,0.9999901056289673,0.7960398197174072,0.2683607041835785,0.36333333333333334,792
406.60700000000037,4.5663000000000045,4,2,COC(=O)CC[C@H](C)[C@H]1CC[C@H]2[C@H]3[C@H](O)[C@H](O)[C@@H]4CCCC[C@]4(C)[C@@H]3CC[C@]12C,CNP0296204.7,0.9614891409873962,0.9999901056289673,0.7960398197174072,0.2683607041835785,0.36333333333333334,793
406.60700000000037,4.5663000000000045,4,2,COC(=O)CC[C@H](C)[C@H]1CC[C@H]2[C@H]3[C@@H](O)[C@@H](O)[C@@H]4CCCC[C@]4(C)[C@@H]3CC[C@]12C,CNP0296204.8,0.9614891409873962,0.9999901056289673,0.7960398197174072,0.2683607041835785,0.36333333333333334,794
406.60700000000037,4.5663000000000045,4,2,COC(=O)CC[C@H](C)[C@H]1CC[C@@H]2[C@H]3[C@H](O)[C@H](O)[C@@H]4CCCC[C@]4(C)[C@H]3CC[C@@]21C,CNP0296204.5,0.9614891409873962,0.9999901056289673,0.7960398197174072,0.2683607041835785,0.36333333333333334,795
406.60700000000037,4.5663000000000045,4,2,COC(=O)CC[C@H](C)[C@H]1CC[C@@H]2[C@H]3[C@@H](O)[C@@H](O)[C@@H]4CCCC[C@]4(C)[C@@H]3CC[C@@]21C,CNP0296204.6,0.9614891409873962,0.9999901056289673,0.7960398197174072,0.2683607041835785,0.36333333333333334,796
406.60700000000037,4.5663000000000045,4,2,COC(=O)CC[C@H](C)[C@H]1CC[C@@H]2[C@H]3[C@@H](O)[C@@H](O)[C@@H]4CCCC[C@]4(C)[C@H]3CC[C@@]21C,CNP0296204.1,0.9614891409873962,0.9999901056289673,0.7960398197174072,0.2683607041835785,0.36333333333333334,797
406.60700000000037,4.5663000000000045,4,2,COC(=O)CC[C@H](C)[C@H]1CC[C@H]2[C@H]3[C@H](O)[C@H](O)[C@@H]4CCCC[C@]4(C)[C@H]3CC[C@]12C,CNP0296204.3,0.9614891409873962,0.9999901056289673,0.7960398197174072,0.2683607041835785,0.36333333333333334,798
406.60700000000037,4.5663000000000045,4,2,COC(=O)CC[C@H](C)[C@H]1CC[C@H]2[C@H]3[C@@H](O)[C@@H](O)[C@@H]4CCCC[C@]4(C)[C@H]3CC[C@]12C,CNP0296204.2,0.9614891409873962,0.9999901056289673,0.7960398197174072,0.2683607041835785,0.36333333333333334,799
491.54400000000027,4.2798200000000035,7,4,COC1=CC(C(CC(=O)N[C@H](C2=NC3=CC=CC=C3N2)C(C)C)C2=C(O)C(=O)C=C(C)O2)=CC=C1O,CNP0365543.1,0.12020737677812576,0.9999898672103882,0.9015798568725586,0.9991313815116882,0.46,800
469.6300000000005,3.8956000000000026,5,0,O=C(C1=NN2C(=N1)N(C(=O)C1CCCCC1)[C@H]1CCCC[C@H]1C21CCCCC1)N1CCOCC1,CNP0487807.1,0.9866105914115906,0.9999898672103882,0.9718613624572754,0.9998993873596191,0.5066446131767776,801
413.308,4.791920000000005,3,3,CC1=CC([C@H]2[C@@H](C(C)C)CC[C@@]2(C)CC(=O)O)=C(C(=O)O)C(O)=C1Br,CNP0201586.1,0.9842707514762878,0.9999897480010986,0.9854711294174194,0.7576318383216858,0.44,802
364.49300000000017,4.465120000000004,3,0,CC1=CC=C(C(=O)N2C3=NC=NN3C3(CCCCC3)[C@@H]3CCCC[C@@H]32)C=C1,CNP0606275.1,0.5777639746665955,0.99998939037323,0.7928106784820557,0.9980733394622803,0.3563078930202218,803
488.66500000000036,4.2523000000000035,5,4,CC1(C)[C@H](O)CC[C@]2(C)[C@H]3C(=O)C=C4[C@@](C)(CC[C@@]5(C)CC[C@](O)(C(=O)O)C[C@]45O)[C@]3(C)CC[C@@H]12,CNP0094542.3,0.8055659532546997,0.9999892711639404,0.9742934107780457,0.9958416819572449,0.41,804
494.63600000000037,3.8149000000000015,5,2,COC1=CC=C(C2=NN(C)C([C@H]3C[N@]4CC[C@H]3C[C@@H]4CNC(=O)CC3(CC(=O)O)CCCC3)=C2)C=C1,CNP0472046.3,0.002582566812634468,0.9999892711639404,0.000561737862881273,0.2455466091632843,0.4548206131767775,805
488.6650000000004,4.252300000000004,5,4,CC1(C)[C@H](O)CC[C@@]2(C)[C@@H]1CC[C@]1(C)[C@H]2C(=O)C=C2[C@]1(C)CC[C@@]1(C)CC[C@](O)(C(=O)O)C[C@]21O,CNP0094542.2,0.8055659532546997,0.9999892711639404,0.9742934107780457,0.9958416819572449,0.41,806
494.63600000000037,3.8149000000000015,5,2,COC1=CC=C(C2=NN(C)C([C@@H]3C[N@@]4CC[C@H]3C[C@@H]4CNC(=O)CC3(CC(=O)O)CCCC3)=C2)C=C1,CNP0472046.1,0.002582566812634468,0.9999892711639404,0.000561737862881273,0.2455466091632843,0.4548206131767775,807
494.63600000000037,3.8149000000000015,5,2,COC1=CC=C(C2=NN(C)C([C@H]3CN4CC[C@H]3C[C@@H]4CNC(=O)CC3(CC(=O)O)CCCC3)=C2)C=C1,CNP0472046.2,0.002582566812634468,0.9999892711639404,0.000561737862881273,0.2455466091632843,0.4548206131767775,808
488.6650000000004,4.2523000000000035,5,4,CC1(C)C(O)CC[C@@]2(C)C1CC[C@]1(C)C2C(=O)C=C2C3(O)C[C@@](O)(C(=O)O)CC[C@]3(C)CCC21C,CNP0094542.1,0.8055659532546997,0.9999892711639404,0.9742934107780457,0.9958416819572449,0.41,809
498.53900000000027,3.578000000000003,7,1,COC1=C2CN(C)CCC2=C(NC(=O)C2=CC=C(C3=NN(C)C(=O)C4=CC=CC=C34)C=C2)C2=C1OCO2,CNP0396379.0,0.011018543504178524,0.9999890327453613,0.12601162493228912,0.9666036367416382,0.5065186730891961,810
357.32500000000005,3.8680000000000003,3,4,O=C1N=C(O)C2=C1C1=C(NC3=CC(O)=CC=C13)OC1=CC=CC3=C1C2=CN3,CNP0603118.0,0.9961826205253601,0.9999887943267822,0.9988603591918945,0.9967114925384521,0.21666666666666667,811
484.6330000000004,4.821200000000005,6,0,CCOC(=O)CC[C@@H](C)[C@H]1CC(=O)[C@@]2(C)C3=C(C(=O)C[C@]12C)[C@@]1(C)CCC(=O)C(C)(C)[C@@H]1CC3=O,CNP0117863.1,0.037889786064624786,0.9999884366989136,0.2621026933193207,0.8326153755187988,0.38051175416264454,812
481.93200000000024,4.124400000000003,6,1,COC1=CC=C(C(=O)N[C@H](CC2=CC=CC=C2)C(=O)OCC(=O)C2=CC=C(Cl)C=C2)C=C1OC,CNP0514442.2,0.999996542930603,0.9999884366989136,0.9999364614486694,0.9975221753120422,0.48,813
481.93200000000024,4.124400000000003,6,1,COC1=CC=C(C(=O)N[C@@H](CC2=CC=CC=C2)C(=O)OCC(=O)C2=CC=C(Cl)C=C2)C=C1OC,CNP0514442.1,0.999996542930603,0.9999884366989136,0.9999364614486694,0.9975221753120422,0.48,814
372.4650000000002,4.198300000000004,5,1,CCN(C(=O)C1=C([C@H](C)O)C(C2=CC=C(OC)C=C2)=NO1)C1CCCCC1,CNP0007434.1,0.42891621589660645,0.9999884366989136,0.05032338201999664,0.9896344542503357,0.5272059901308573,815
369.4610000000001,4.937620000000005,4,1,CC[C@@H](C)NC(=O)C1=C(C)C2=C3C(=O)CC4(CCCCC4)OC3=CC=C2O1,CNP0596371.1,0.1247434914112091,0.999988317489624,0.7040104269981384,0.9991656541824341,0.411824,816
369.4610000000001,4.937620000000005,4,1,CC[C@H](C)NC(=O)C1=C(C)C2=C3C(=O)CC4(CCCCC4)OC3=CC=C2O1,CNP0596371.2,0.1247434914112091,0.999988317489624,0.7040104269981384,0.9991656541824341,0.411824,817
437.4960000000002,3.374500000000002,7,1,COC1=CC=C(C2=NOC(C(=O)N3CCN(C4=CC=CC=C4OC)CC3)=C2[C@H](C)O)C=C1,CNP0007956.1,0.48997825384140015,0.999988317489624,0.9163611531257629,0.9956470131874084,0.5311285061969994,818
458.5140000000002,4.752200000000004,5,2,COC1=CC=C(C(CC(=O)NCC2=CC=C3OCOC3=C2)C2=CNC3=CC=CC(OC)=C23)C=C1,CNP0274173.0,0.15046042203903198,0.9999881982803345,0.21917079389095306,0.7044731378555298,0.38,819
376.4490000000001,3.2719000000000027,6,2,CCCOC1=C2C[C@@H](C(C)(C)O)OC2=C(C(C)C)C2=C1C(=O)C=C(CO)O2,CNP0092420.1,0.6668730974197388,0.9999880790710449,0.10613946616649628,0.8560087084770203,0.35059840519486496,820
446.56900000000036,2.956900000000001,5,2,CCOC(=O)[C@@H](CC1=CNC2=CC=CC=C12)NS(=O)(=O)C[C@@]12CC[C@@H](CC1=O)C2(C)C,CNP0346181.1,0.9951790571212769,0.9999880790710449,0.9906065464019775,0.9997751116752625,0.5666666666666667,821
446.56900000000036,2.956900000000001,5,2,CCOC(=O)[C@H](CC1=CNC2=CC=CC=C12)NS(=O)(=O)C[C@@]12CC[C@@H](CC1=O)C2(C)C,CNP0346181.2,0.9951790571212769,0.9999880790710449,0.9906065464019775,0.9997751116752625,0.5666666666666667,822
446.56900000000036,2.956900000000001,5,2,CCOC(=O)[C@H](CC1=CNC2=CC=CC=C12)NS(=O)(=O)C[C@]12CC[C@H](CC1=O)C2(C)C,CNP0346181.5,0.9951790571212769,0.9999880790710449,0.9906065464019775,0.9997751116752625,0.5666666666666667,823
446.56900000000036,2.956900000000001,5,2,CCOC(=O)[C@@H](CC1=CNC2=CC=CC=C12)NS(=O)(=O)C[C@@]12CC[C@H](CC1=O)C2(C)C,CNP0346181.4,0.9951790571212769,0.9999880790710449,0.9906065464019775,0.9997751116752625,0.5666666666666667,824
446.56900000000036,2.956900000000001,5,2,CCOC(=O)[C@@H](CC1=CNC2=CC=CC=C12)NS(=O)(=O)C[C@]12CC[C@H](CC1=O)C2(C)C,CNP0346181.6,0.9951790571212769,0.9999880790710449,0.9906065464019775,0.9997751116752625,0.5666666666666667,825
446.56900000000036,2.956900000000001,5,2,CCOC(=O)[C@H](CC1=CNC2=CC=CC=C12)NS(=O)(=O)C[C@@]12CC[C@H](CC1=O)C2(C)C,CNP0346181.3,0.9951790571212769,0.9999880790710449,0.9906065464019775,0.9997751116752625,0.5666666666666667,826
432.5570000000003,4.681100000000004,5,1,CC[C@@H](C)C(=O)O[C@H]1C=C(C(=O)O)[C@H](CCC2=CCOC2=O)[C@@]2(C)CCCC(C)(C)[C@H]12,CNP0150853.1,0.948502779006958,0.9999879598617554,0.9031293988227844,0.8832252025604248,0.48,827
381.51300000000015,3.041900000000001,6,3,CC[C@H](CC[C@H](O)C[C@@H](CCC1=CC=C(O)C(OC)=C1)OC(C)=O)CNC,CNP0201930.1,0.051287148147821426,0.9999879598617554,0.9374387860298157,0.9832363724708557,0.4137959018056401,828
464.58800000000025,3.1759000000000013,5,4,CSCCC(NC(=O)C(NC(=O)N1C2=CC=CC=C2N=C(O)C1C(C)C)C(C)C)C(=O)O,CNP0521848.0,0.0009116182336583734,0.9999878406524658,0.0011570960050448775,0.9982269406318665,0.47393173852819825,829
482.53300000000024,4.701700000000004,7,3,C[C@H](C(=O)C1=CC=CN1)[C@H]1O[C@@]2(CCCC(CC3=NC4=C(C(=O)O)C(O)=CC=C4O3)O2)CC[C@@H]1C,CNP0334323.2,0.9826599955558777,0.9999877214431763,0.6580620408058167,0.9868224859237671,0.44813559967062094,830
357.45000000000016,2.949700000000001,4,2,COC[C@]1(O)C(C(=O)O)=C2C[C@H]3CC[C@@H](C)[C@@]24[C@@H]1C1=C(C[C@@]34C)N=CC1,CNP0498323.1,0.517988920211792,0.9999877214431763,0.057769548147916794,0.9970937967300415,0.43815394651011086,831
482.5330000000002,4.701700000000003,7,3,C[C@@H]1CC[C@]2(CCC[C@@H](CC3=NC4=C(C(=O)O)C(O)=CC=C4O3)O2)O[C@@H]1[C@H](C)C(=O)C1=CC=CN1,CNP0334323.1,0.9826599955558777,0.9999877214431763,0.6580620408058167,0.9868224859237671,0.44813559967062094,832
423.5750000000002,3.698400000000003,6,3,C/C1=C/C(=O)O[C@@H](C[C@@H](O)[C@@H]2CSC(O)=N2)C[C@H](O)CC[C@H](C)/C=C\C=C\CC1,CNP0543612.1,0.9973101615905762,0.9999873638153076,0.9999817609786987,0.9439808130264282,0.38726507186153164,833
449.46300000000025,4.6033000000000035,7,2,COC1=CC(C2=C3OC4=CC(O)=CC=C4C3=NC3=C2C(=O)NN3C(C)C)=CC(OC)=C1OC,CNP0399976.0,0.9630433917045593,0.9999872446060181,0.9991849064826965,0.9998461008071899,0.5320568335588634,834
468.66700000000026,3.508320000000002,5,2,CC1=CC=CC(CNC2=NCCNC23CCN(S(=O)(=O)C2=CC=C(CC(C)C)C=C2)CC3)=C1,CNP0507578.0,0.9722104668617249,0.9999871253967285,0.713064432144165,0.9997242093086243,0.5457777920180874,835
455.5550000000002,3.8335000000000026,5,2,CC[C@@H](C)[C@H](NC(=O)N1CCC2=CC(OC)=C(OC)C=C2C1)C(=O)NC1=CC=C(OC)C=C1,CNP0392969.3,6.648920680163428e-05,0.9999868869781494,0.00012544907804112881,0.9981696605682373,0.3333333333333333,836
455.5550000000002,3.8335000000000026,5,2,CC[C@H](C)[C@H](NC(=O)N1CCC2=CC(OC)=C(OC)C=C2C1)C(=O)NC1=CC=C(OC)C=C1,CNP0392969.2,6.648920680163428e-05,0.9999868869781494,0.00012544907804112881,0.9981696605682373,0.3333333333333333,837
455.5550000000002,3.8335000000000026,5,2,CCC(C)[C@H](NC(=O)N1CCC2=CC(OC)=C(OC)C=C2C1)C(=O)NC1=CC=C(OC)C=C1,CNP0392969.1,6.648920680163428e-05,0.9999868869781494,0.00012544907804112881,0.9981696605682373,0.3333333333333333,838
392.4920000000002,2.9640000000000013,6,1,CC(=O)O[C@H]1C[C@@H](O)[C@]2(C)C3=C(CC[C@@H]2[C@]1(C)CCC(=O)C(C)C)COC3=O,CNP0253491.1,0.00257094856351614,0.9999866485595703,0.0778089240193367,0.8742916584014893,0.35539016689219666,839
460.65500000000037,3.7903000000000033,5,4,C[C@@H]([C@@H](O)[C@@H](O)[C@](C)(O)[C@H]1CC[C@H]2[C@@H]3C=CC4=CC(=O)CC[C@]4(C)[C@H]3CC[C@]12C)C(C)(C)O,CNP0468212.1,0.9770033955574036,0.9999865293502808,0.9811000823974609,0.94576495885849,0.38205683355886333,840
402.5750000000002,4.564100000000005,3,3,C[C@H](C(=O)O)[C@H]1CC[C@@]2(C)C3=CC[C@H]4C(C)(C)[C@@H](O)CC[C@]4(C)C3=C[C@@H](O)[C@]12C,CNP0326529.1,0.30898138880729675,0.9999865293502808,0.00474651949480176,0.8875477910041809,0.43,841
402.5750000000002,4.564100000000005,3,3,C[C@H](C(=O)O)[C@H]1CC[C@@]2(C)C3=CC[C@H]4C(C)(C)C(O)CC[C@]4(C)C3=C[C@@H](O)[C@]12C,CNP0326529.2,0.30898138880729675,0.9999865293502808,0.00474651949480176,0.8875477910041809,0.43,842
406.5630000000002,4.780860000000005,5,1,CCC1OC(C2=C(C)C=C(C)C=C2C)O[C@@]1(C)[C@H](O)[C@@H](C)COC(=O)C(C)(C)C,CNP0174928.1,0.5965303778648376,0.9999865293502808,0.08604105561971664,0.32977181673049927,0.39569114098586694,843
350.4990000000001,4.829300000000004,3,1,COC(=O)C1=CCC[C@@H]2[C@@](C)(CC[C@H](C)CC(=O)O)[C@H](C)CC[C@]12C,CNP0232949.1,0.6826910972595215,0.9999865293502808,0.7817308306694031,0.9866652488708496,0.4633333333333333,844
411.4540000000001,3.0676000000000014,6,3,CC[C@H](C)[C@@H](CO)NC(=O)COC1=CC(O)=C2C(=O)C=C(C3=CC=CC=C3)OC2=C1,CNP0320727.1,0.007764543406665325,0.9999864101409912,0.0001702474692137912,0.9935588240623474,0.43,845
449.55100000000016,4.631520000000004,5,3,CCOC(=O)C1=CC=C(NC(=O)[C@H]2C[C@H](CC(C)C)N[C@]23C(O)=NC2=CC=C(C)C=C23)C=C1,CNP0497410.1,0.0028469013050198555,0.9999862909317017,0.8045687675476074,0.9997871518135071,0.49541901837164254,846
462.5500000000003,2.8744200000000006,5,2,CC1=NN(C)C(C(=O)NC2=CC=C([C@@H](O)[C@H]3COCC(=O)N3CCCC3=CC=CC=C3)C=C2)=C1,CNP0005130.1,0.0046604773961007595,0.9999862909317017,0.004940242040902376,0.9772914052009583,0.45419197773068426,847
404.59100000000024,4.774500000000005,4,1,COC(=O)CCC(C)C1CCC2C3CCC4CC(O)CCC4(C)C3CC(=O)C12C,CNP0151169.0,0.06511183828115463,0.9999862909317017,0.5853754281997681,0.9023314118385315,0.36333333333333334,848
472.62200000000036,4.2229000000000045,6,1,COC(=O)CC[C@@H](C)[C@H]1CC(=O)[C@@]2(C)C3=C(C(=O)C[C@]12C)[C@@]1(C)CCC(=O)C(C)(C)[C@@H]1C[C@@H]3O,CNP0215877.1,0.017980769276618958,0.999985933303833,0.1144447848200798,0.8302090167999268,0.37384508749597783,849
362.4660000000001,4.085800000000003,4,1,CO[C@@H]1OC(=O)C=C1CC[C@@]1(C)[C@H](C)CC[C@@]2(C)C(C(=O)O)=CCC[C@H]12,CNP0571722.2,0.9999098777770996,0.9999858140945435,0.9973873496055603,0.987296462059021,0.39205683355886334,850
362.4660000000001,4.085800000000003,4,1,CO[C@H]1OC(=O)C=C1CC[C@@]1(C)[C@H](C)CC[C@@]2(C)C(C(=O)O)=CCC[C@H]12,CNP0571722.1,0.9999098777770996,0.9999858140945435,0.9973873496055603,0.987296462059021,0.39205683355886334,851
401.45900000000023,2.8012200000000007,6,4,CC1=CC(=O)C(O)=C(C2(CC(=O)NCC(O)C3=CC=CC(O)=C3)CCCCC2)O1,CNP0586236.0,0.5584277510643005,0.9999856948852539,0.09817133098840714,0.9910125136375427,0.44,852
430.5410000000003,4.269700000000004,6,2,CC(C)CCC1=C(CO)OC2=CC3=C(C[C@@H](C(C)(C)O)O3)C(OC3CCCC3)=C2C1=O,CNP0214039.1,0.4424508810043335,0.9999855756759644,0.7151078581809998,0.7257673740386963,0.38226761362783757,853
433.59200000000016,4.825400000000005,3,3,CC(C)(O)[C@H]1C[C@H]2CC[C@@]3(C)[C@@](O)(CC[C@H]4CC5=C(NC6=CC=CC=C56)[C@@]43C)C2=CC1=O,CNP0543789.1,0.9800707697868347,0.9999852180480957,0.315601646900177,0.4131057858467102,0.3248206131767776,854
450.61600000000027,3.584100000000002,6,3,CCC(C)CC(C)CC(O)(CO)C(=O)O[C@@H]1CC[C@H](C)[C@@]2(C)C=C([C@@H](C)CO)C(=O)C=C12,CNP0314290.1,0.9441272020339966,0.9999850988388062,0.9678055047988892,0.9954758286476135,0.47482061317677754,855
450.61600000000027,3.584100000000002,6,3,CCC(C)CC(C)CC(O)(CO)C(=O)O[C@@H]1CC[C@H](C)[C@@]2(C)C=C([C@H](C)CO)C(=O)C=C12,CNP0314290.2,0.9441272020339966,0.9999850988388062,0.9678055047988892,0.9954758286476135,0.47482061317677754,856
460.5670000000003,4.744620000000005,6,2,COC1=C(C)C(OC[C@@H]2[C@@]3(C)CCCC(C)(C)[C@@H]3CC[C@@]2(C)O)=C2COC(=O)C2=C1C(=O)O,CNP0471954.1,0.9994625449180603,0.999984860420227,0.9927998781204224,0.30779314041137695,0.3668774467356409,857
435.61100000000016,4.901300000000005,6,3,CCS[C@H](CNC(=O)C[C@@H](SCC)C1=CC=C(O)C(OC)=C1)C1=CC=C(O)C=C1,CNP0406649.1,0.9628118276596069,0.999984860420227,0.9333438277244568,0.9993545413017273,0.39666666666666667,858
440.5770000000003,3.4775000000000023,6,3,CCO[C@@H]1O[C@H](OCC)[C@@](O)(CC[C@]2(C)[C@@H](C)CC[C@]3(C)C(C(=O)O)=CCC[C@@H]23)[C@@H]1O,CNP0184832.1,0.9984890222549438,0.999984622001648,0.9981379508972168,0.8888283371925354,0.42872350022552996,859
489.61300000000034,3.075500000000001,5,3,CC[C@@H](C)[C@H](NC(=O)C1(C2=CC=CC=C2)CCN(C(=O)OC(C)(C)C)CC1)C(=O)N[C@H](C)C(=O)O,CNP0371225.2,0.023544475436210632,0.9999845027923584,0.0008713685674592853,0.9972193241119385,0.45666666666666667,860
462.5020000000003,4.2676200000000035,6,2,COC(=O)[C@@H](CC1=CNC2=CC=CC=C12)NC(=O)C1=C(C)OC(C2=CC=C(OC)C(OC)=C2)=C1,CNP0585696.2,0.8761661052703857,0.9999845027923584,0.9172948002815247,0.9917412996292114,0.49666666666666665,861
489.61300000000034,3.075500000000001,5,3,CC[C@H](C)[C@H](NC(=O)C1(C2=CC=CC=C2)CCN(C(=O)OC(C)(C)C)CC1)C(=O)N[C@H](C)C(=O)O,CNP0371225.3,0.023544475436210632,0.9999845027923584,0.0008713685674592853,0.9972193241119385,0.45666666666666667,862
462.5020000000003,4.2676200000000035,6,2,COC(=O)[C@H](CC1=CNC2=CC=CC=C12)NC(=O)C1=C(C)OC(C2=CC=C(OC)C(OC)=C2)=C1,CNP0585696.1,0.8761661052703857,0.9999845027923584,0.9172948002815247,0.9917412996292114,0.49666666666666665,863
489.61300000000034,3.075500000000001,5,3,CCC(C)[C@H](NC(=O)C1(C2=CC=CC=C2)CCN(C(=O)OC(C)(C)C)CC1)C(=O)N[C@H](C)C(=O)O,CNP0371225.1,0.023544475436210632,0.9999845027923584,0.0008713685674592853,0.9972193241119385,0.45666666666666667,864
396.4800000000002,3.1380000000000017,7,2,CC[C@H](O)CC[C@@H](C[C@@H](CCC1=CC=C(O)C(OC)=C1)OC(C)=O)OC(C)=O,CNP0093055.1,0.06382833421230316,0.9999843835830688,0.805245578289032,0.8438177108764648,0.38666666666666666,865
482.5730000000003,4.676000000000004,7,1,CCOC(=O)C1=CC(=C2CCC(=O)CC2)C2=C(C=C3O[C@H]([C@@](C)(O)C4CCCC4)CC3=C2OC)O1,CNP0286588.1,0.8973349332809448,0.9999843835830688,0.8880788683891296,0.12567341327667236,0.3502107800689742,866
358.4340000000001,3.917600000000003,5,3,CC[C@@](O)(CC(C)C)C(=O)OC(C1=CC=C(O)C=C1)C1=CC=C(O)C=C1,CNP0481744.1,0.9104784727096558,0.9999842643737793,0.9164389371871948,0.9982956051826477,0.45666666666666667,867
402.4430000000001,3.1204000000000023,7,4,COC1=CC=C2C(=C1OC)C[C@@H](C(C)(C)O)[C@@H]2CC(=O)C1=C(O)C=C(O)C=C1O,CNP0425019.1,0.9959069490432739,0.9999841451644897,0.9975624084472656,0.9761223196983337,0.3790244743192003,868
436.50100000000015,3.209900000000002,8,3,CCC(OC(CO)CC1=CC(OC)=C(O)C(OC)=C1)C(OC)C1=CC=C(O)C(OC)=C1,CNP0079537.0,0.013208475895226002,0.9999840259552002,0.07985382527112961,0.2534550428390503,0.27,869
376.84,4.450700000000003,4,2,C[C@@H](NC(=O)C1CCCCC1)C1=C(C(=O)O)C(C2=CC=C(Cl)C=C2)=NO1,CNP0014788.1,0.9660995006561279,0.9999840259552002,0.9883634448051453,0.9995741248130798,0.5188596103912623,870
410.31500000000005,4.632500000000004,1,2,CC(CC1=CNC2=CC=CC=C12)NC(=O)CN1C=CC2=CC(Br)=CC=C21,CNP0357203.0,0.0013953946763649583,0.9999839067459106,0.6455528140068054,0.9918559789657593,0.4033333333333333,871
446.49600000000027,4.430720000000004,8,2,CC[C@@H](C)[C@H](OC(C)=O)C1=CC=C(OC2=C(O)C=C(C)C=C2CO)C(C(=O)OC)=C1OC,CNP0424505.1,0.006350851152092218,0.9999839067459106,0.3833688795566559,0.923712968826294,0.3390244743192003,872
362.46600000000007,2.8607000000000014,5,1,COC(=O)C1=C[C@]23C[C@@H](C)CC[C@@H]2[C@@]2(C)C(=O)C[C@@H](C(C)C)[C@@](O)(O3)[C@@H]12,CNP0231317.2,0.8575966954231262,0.999983549118042,0.0028866343200206757,0.9898785352706909,0.39872350022553,873
362.46600000000007,2.8607000000000014,5,1,COC(=O)C1=C[C@]23C[C@@H](C)CC[C@@H]2[C@@]2(C)C(=O)C[C@H](C(C)C)[C@@](O)(O3)[C@@H]12,CNP0231317.3,0.8575966954231262,0.999983549118042,0.0028866343200206757,0.9898785352706909,0.39872350022553,874
356.51400000000024,4.376300000000004,3,0,CC(C)C1=NN2C(=N1)N(C(=O)C1CC1)[C@H]1CCCC[C@H]1C21CCCCC1,CNP0600406.1,0.19832304120063782,0.999983549118042,0.8278214931488037,0.9998660087585449,0.5169915034114839,875
413.86500000000024,2.938720000000001,7,0,COC1=C2OCOC2=CC2=C1[C@H](C1=NN=NN1C1=CC=C(C)C(Cl)=C1)N(C)CC2,CNP0139104.1,0.0019399593584239483,0.999983549118042,0.9782056212425232,0.1181604266166687,0.47815394651011084,876
413.86500000000024,2.938720000000001,7,0,COC1=C2OCOC2=CC2=C1[C@@H](C1=NN=NN1C1=CC=C(C)C(Cl)=C1)N(C)CC2,CNP0139104.2,0.0019399593584239483,0.999983549118042,0.9782056212425232,0.1181604266166687,0.47815394651011084,877
362.46600000000007,2.8607000000000014,5,1,COC(=O)C1=C[C@@]23C[C@H](C)CC[C@H]2[C@]2(C)C(=O)C[C@@H](C(C)C)[C@@](O)(O3)[C@H]12,CNP0231317.1,0.8575966954231262,0.999983549118042,0.0028866343200206757,0.9898785352706909,0.39872350022553,878
418.4490000000002,4.3366000000000025,5,2,COC1=CC=CC2=C1C(C(CC(=O)NCC1=CC=CO1)C1=CC=C3OCOC3=C1)=CN2,CNP0234437.0,0.04324795678257942,0.9999834299087524,0.4602978527545929,0.9393317103385925,0.3909571788413098,879
364.43800000000005,2.9486000000000008,6,3,CC(C)C(=O)C1=C(O)C=C(O)C2=C1O[C@]1(C)CC[C@@H](C(C)(C)O)O[C@@H]1C2,CNP0523426.2,0.9302695393562317,0.9999833106994629,0.724902868270874,0.9712382555007935,0.3768774467356409,880
364.43800000000005,2.9486000000000008,6,3,CC(C)C(=O)C1=C(O)C=C(O)C2=C1O[C@@]1(C)CC[C@H](C(C)(C)O)O[C@H]1C2,CNP0523426.1,0.9302695393562317,0.9999833106994629,0.724902868270874,0.9712382555007935,0.3768774467356409,881
456.58700000000044,2.9824800000000016,5,2,C[C@@](C#N)(COCC1=CC=CC=C1)NC(=O)[C@H](CC1CCCCC1)NC(=O)N1CCOCC1,CNP0562578.1,0.006543940864503384,0.9999828338623047,0.21923479437828064,0.9997958540916443,0.41539016689219666,882
436.5890000000002,4.237800000000004,6,1,CC(=O)OC[C@@H](O)COC(=O)CC(C)CC[C@]1(C)C2=CC(=O)CC(C)(C)[C@H]2CC[C@@H]1C,CNP0128825.1,0.9565469622612,0.9999828338623047,0.9796909689903259,0.9918419122695923,0.3881539465101109,883
410.5510000000002,2.800700000000001,6,3,CC[C@H]1OC(=O)C[C@@H](O)[C@H](C)[C@@H](O)[C@@H]([C@H](C)O)C[C@@H](C)C(=O)/C=C/C(C)=C/[C@@H]1C,CNP0114466.2,0.7822629809379578,0.9999828338623047,0.034540336579084396,0.7922699451446533,0.41333333333333333,884
410.5510000000002,2.800700000000001,6,3,CC[C@H]1OC(=O)C[C@@H](O)[C@H](C)[C@@H](O)[C@@H](C(C)O)C[C@@H](C)C(=O)/C=C/C(C)=C/[C@@H]1C,CNP0114466.1,0.7822629809379578,0.9999828338623047,0.034540336579084396,0.7922699451446533,0.41333333333333333,885
451.56300000000016,3.2767000000000017,5,4,CC(C)(O)[C@H]1O[C@@]2(O)CC[C@@]3(C)[C@@](O)(CC[C@H]4CC5=C(NC6=CC=CC=C56)[C@@]43C)C2=CC1=O,CNP0191902.1,0.9968271851539612,0.9999827146530151,0.41425615549087524,0.21524424850940704,0.35148727984344424,886
490.7250000000004,4.484300000000004,5,4,C[C@H](C[C@@H](O)[C@@H](O)C(C)(C)O)[C@H]1CC[C@@]2(C)[C@@H]3[C@@H](O)C[C@H]4C(C)(C)C(=O)CC[C@@]45C[C@@]35CC[C@]12C,CNP0085062.1,0.10477858036756516,0.9999827146530151,0.9895392060279846,0.21947360038757324,0.35333333333333333,887
484.62200000000024,3.2516000000000016,4,2,O=C(NC1CCCCC1)N1C[C@@H]2C[C@H](C1)C1=CC=C(NS(=O)(=O)CC3=CC=CC=C3)C(=O)N1C2,CNP0120689.1,0.5143836736679077,0.9999827146530151,0.3638661205768585,0.9985206723213196,0.5837959018056401,888
483.65000000000026,3.4639000000000015,5,4,CC[C@@H](C)[C@H](NC(=O)[C@H]1CC[C@H](CNC(=O)[C@@H](CC(C)C)NC(=O)OC(C)(C)C)CC1)C(=O)O,CNP0186164.2,0.38558319211006165,0.9999823570251465,0.9449412226676941,0.9975222945213318,0.5276238455079765,889
483.65000000000026,3.4639000000000015,5,4,CC[C@H](C)[C@H](NC(=O)[C@H]1CC[C@H](CNC(=O)[C@@H](CC(C)C)NC(=O)OC(C)(C)C)CC1)C(=O)O,CNP0186164.3,0.38558319211006165,0.9999823570251465,0.9449412226676941,0.9975222945213318,0.5276238455079765,890
483.65000000000026,3.4639000000000015,5,4,CCC(C)[C@H](NC(=O)[C@H]1CC[C@H](CNC(=O)[C@@H](CC(C)C)NC(=O)OC(C)(C)C)CC1)C(=O)O,CNP0186164.1,0.38558319211006165,0.9999823570251465,0.9449412226676941,0.9975222945213318,0.5276238455079765,891
446.72000000000037,4.249000000000004,4,2,C[C@@H]([C@H]1[C@H](O)C[C@@]2(C)[C@@H]3CC[C@H]4[C@@](C)(CO)[C@@H](N(C)C)CC[C@@]45C[C@@]35CC[C@]12C)N(C)C,CNP0260861.1,0.0018406037706881762,0.9999822378158569,0.44662877917289734,0.9560343623161316,0.31666666666666665,892
446.72000000000037,4.249000000000004,4,2,C[C@@H]([C@H]1[C@H](O)C[C@@]2(C)[C@@H]3CC[C@H]4[C@](C)(CO)[C@@H](N(C)C)CC[C@@]45C[C@@]35CC[C@@]12C)N(C)C,CNP0260861.2,0.0018406037706881762,0.9999822378158569,0.44662877917289734,0.9560343623161316,0.31666666666666665,893
389.49600000000015,2.8877000000000015,4,2,CC[C@@H]1CN(C(=O)NC(C)C)CC[C@H]1CC(=O)NCC1=CC=C2OCOC2=C1,CNP0468206.1,0.00010792847024276853,0.9999821186065674,9.343140118289739e-05,0.9956756234169006,0.3170530096146578,894
389.49600000000015,2.8877000000000015,4,2,CC[C@H]1CN(C(=O)NC(C)C)CC[C@H]1CC(=O)NCC1=CC=C2OCOC2=C1,CNP0468206.2,0.00010792847024276853,0.9999821186065674,9.343140118289739e-05,0.9956756234169006,0.3170530096146578,895
472.61900000000014,3.179100000000001,7,3,CO[C@H]1[C@@H](C)[C@@H]([C@H](C)[C@H]2O[C@@]3(CCC(C)(C)O3)C[C@](C)(O)[C@H]2C)O[C@@](O)([C@@H](C)C(=O)O)[C@@H]1C,CNP0495812.2,0.1761113554239273,0.9999818801879883,0.5963269472122192,0.9981288313865662,0.41,896
472.61900000000014,3.179100000000001,7,3,CO[C@H]1[C@@H](C)[C@@H]([C@H](C)[C@H]2O[C@@]3(CCC(C)(C)O3)C[C@](C)(O)[C@H]2C)O[C@@](O)([C@H](C)C(=O)O)[C@@H]1C,CNP0495812.1,0.1761113554239273,0.9999818801879883,0.5963269472122192,0.9981288313865662,0.41,897
373.5450000000002,2.9647000000000006,3,2,CCNC(=O)NC[C@H]1C[C@@H]2CC[N@@]1C[C@@H]2C1=CC(C2CCCCC2)=NN1C,CNP0011372.1,6.301544635789469e-05,0.9999808073043823,0.00014575842942576855,0.678949773311615,0.46384508749597786,898
373.5450000000002,2.9647000000000006,3,2,CCNC(=O)NC[C@H]1C[C@@H]2CCN1C[C@@H]2C1=CC(C2CCCCC2)=NN1C,CNP0011372.2,6.301544635789469e-05,0.9999808073043823,0.00014575842942576855,0.678949773311615,0.46384508749597786,899
462.62700000000035,2.947300000000001,6,4,CC(C(O)CCC(C)(C)O)C1CCC2(O)C3=CC(=O)C4CC(=O)C(O)CC4(C)C3CCC12C,CNP0128673.0,0.9830410480499268,0.9999805688858032,0.2291029691696167,0.6423236131668091,0.4033333333333333,900
489.6090000000004,3.1605000000000008,6,3,C[C@@H](O)[C@H](NC(=O)CCC(=O)O[C@@H]1CC[C@H]2[C@@H]3CCC4=CC(=O)CC[C@]4(C)[C@H]3CC[C@]12C)C(=O)O,CNP0386396.2,0.958362877368927,0.9999803304672241,0.2892230451107025,0.9958670139312744,0.46,901
489.6090000000004,3.1605000000000008,6,3,CC(O)C(NC(=O)CCC(=O)OC1CC[C@H]2[C@@H]3CCC4=CC(=O)CC[C@]4(C)[C@H]3CC[C@]12C)C(=O)O,CNP0386396.1,0.958362877368927,0.9999803304672241,0.2892230451107025,0.9958670139312744,0.46,902
388.5560000000002,3.781800000000003,4,1,CCCNC(=O)OC[C@H]1C[C@@H]2CC[N@@]1C[C@@H]2C1=CC(C2CCCCC2)=NN1C,CNP0010946.1,0.00011455272033344954,0.9999803304672241,0.00032599351834505796,0.18822519481182098,0.5205117541626445,903
388.5560000000002,3.781800000000003,4,1,CCCNC(=O)OC[C@H]1C[C@@H]2CCN1C[C@@H]2C1=CC(C2CCCCC2)=NN1C,CNP0010946.2,0.00011455272033344954,0.9999803304672241,0.00032599351834505796,0.18822519481182098,0.5205117541626445,904
392.54700000000037,4.648000000000004,3,0,CCC1=NN2C(=N1)N(C(=O)CC1=CC=CC=C1)[C@H]1CCCC[C@H]1C21CCCCC1,CNP0528075.1,0.9932898879051208,0.9999803304672241,0.8532409071922302,0.9977705478668213,0.4527046978872401,905
489.6090000000004,3.1605000000000008,6,3,C[C@@H](O)[C@@H](NC(=O)CCC(=O)O[C@@H]1CC[C@H]2[C@@H]3CCC4=CC(=O)CC[C@]4(C)[C@H]3CC[C@]12C)C(=O)O,CNP0386396.4,0.958362877368927,0.9999803304672241,0.2892230451107025,0.9958670139312744,0.46,906
489.6090000000004,3.1605000000000008,6,3,C[C@H](O)[C@@H](NC(=O)CCC(=O)O[C@@H]1CC[C@H]2[C@@H]3CCC4=CC(=O)CC[C@]4(C)[C@H]3CC[C@]12C)C(=O)O,CNP0386396.3,0.958362877368927,0.9999803304672241,0.2892230451107025,0.9958670139312744,0.46,907
489.6090000000004,3.1605000000000008,6,3,C[C@H](O)[C@H](NC(=O)CCC(=O)O[C@@H]1CC[C@H]2[C@@H]3CCC4=CC(=O)CC[C@]4(C)[C@H]3CC[C@]12C)C(=O)O,CNP0386396.5,0.958362877368927,0.9999803304672241,0.2892230451107025,0.9958670139312744,0.46,908
452.57600000000014,3.866240000000003,4,1,COC1=CC=C(CCNC(=O)CN(C2=CC=CC(C)=C2C)S(=O)(=O)C2=CC=CC=C2)C=C1,CNP0517631.0,0.007765913847833872,0.9999802112579346,0.005731556098908186,0.9910481572151184,0.5296412263535552,909
486.60500000000036,3.269700000000002,7,3,CC1=C(C)C(=O)O[C@@H]([C@](C)(O)[C@]2(O)CC[C@@]3(O)[C@@H]4C[C@H]5OC(=O)CC=CC5=C(C)[C@H]4CC[C@]23C)C1,CNP0420449.1,0.0393395870923996,0.9999802112579346,0.0005841530510224402,0.02514771744608879,0.3768774467356409,910
488.5400000000003,4.500300000000004,6,3,COC1=CC=C(C(CC(=O)NCCC2=CNC3=CC=C(OC)C=C23)C2=CC3=C(C=C2O)OCO3)C=C1,CNP0228049.0,0.010032298043370247,0.999980092048645,0.003224784042686224,0.0600937195122242,0.31333333333333335,911
421.5890000000001,3.754900000000002,3,2,CN1N=C(C2CCCC2)C=C1[C@H]1CN2CC[C@H]1C[C@@H]2CNC(=O)NCC1=CC=CC=C1,CNP0011366.2,0.00020452622266020626,0.9999799728393555,0.0004428520333021879,0.8158407807350159,0.3771784208293112,912
421.5890000000001,3.754900000000002,3,2,CN1N=C(C2CCCC2)C=C1[C@H]1C[N@]2CC[C@H]1C[C@@H]2CNC(=O)NCC1=CC=CC=C1,CNP0011366.1,0.00020452622266020626,0.9999799728393555,0.0004428520333021879,0.8158407807350159,0.3771784208293112,913
422.54700000000037,3.016800000000001,5,1,COC1=CC(NC(=O)[C@H]2CN(S(=O)(=O)C3CC3)CC23CCCCC3)=CC(OC)=C1,CNP0559578.2,0.7207708358764648,0.9999798536300659,0.012378128245472908,0.9827712178230286,0.5542905121746431,914
422.54700000000037,3.016800000000001,5,1,COC1=CC(NC(=O)[C@@H]2CN(S(=O)(=O)C3CC3)CC23CCCCC3)=CC(OC)=C1,CNP0559578.1,0.7207708358764648,0.9999798536300659,0.012378128245472908,0.9827712178230286,0.5542905121746431,915
380.4440000000002,3.1457200000000016,4,2,CCOC(=O)[C@@H](CC1=CNC2=CC=CC=C12)NC(=O)COC1=CC=CC(C)=C1,CNP0576499.1,0.04985480755567551,0.9999797344207764,0.04396413639187813,0.9981563687324524,0.43666666666666665,916
380.4440000000002,3.1457200000000016,4,2,CCOC(=O)[C@H](CC1=CNC2=CC=CC=C12)NC(=O)COC1=CC=CC(C)=C1,CNP0576499.2,0.04985480755567551,0.9999797344207764,0.04396413639187813,0.9981563687324524,0.43666666666666665,917
384.819,4.113100000000003,4,2,C[C@@H](NC(=O)CC1=CC=CC=C1)C1=C(C(=O)O)C(C2=CC=C(Cl)C=C2)=NO1,CNP0572365.1,0.9339712858200073,0.9999793767929077,0.9930330514907837,0.9995014667510986,0.4448206131767775,918
412.61100000000016,4.812200000000005,5,3,C[C@@H](O)C[C@@H](O)C[C@@H]1CCCCCCCCCCCCCC[C@H](O)/C=C\C(=O)O1,CNP0472339.1,0.023875029757618904,0.9999792575836182,0.813424825668335,0.7438579201698303,0.36666666666666664,919
472.5780000000003,3.313500000000002,6,2,C[C@H](CCC(=O)O)[C@H]1CC(=O)[C@@]2(C)C3=C(C(=O)[C@H](O)[C@]12C)[C@@]1(C)CCC(=O)C(C)(C)[C@@H]1CC3=O,CNP0114926.2,0.023788264021277428,0.9999792575836182,0.014274639077484608,0.5329744219779968,0.42333333333333334,920
472.5780000000003,3.313500000000002,6,2,C[C@H](CCC(=O)O)[C@H]1CC(=O)[C@@]2(C)C3=C(C(=O)[C@@H](O)[C@]12C)[C@@]1(C)CCC(=O)C(C)(C)[C@@H]1CC3=O,CNP0114926.1,0.023788264021277428,0.9999792575836182,0.014274639077484608,0.5329744219779968,0.42333333333333334,921
492.6010000000003,3.7505200000000025,5,0,CCN1C2=CC(C)=CC=C2N2C=CC=C2C12CCN(S(=O)(=O)C1=CC=C3C(=C1)OC(=O)N3C)CC2,CNP0532226.0,0.6257157921791077,0.9999791383743286,0.2193303406238556,0.9999065399169922,0.5248206131767775,922
439.5370000000002,2.8908000000000014,5,1,COC1=CC=C(C2=CC(C(=O)NCCC3=CC=CC=C3)=NN2[C@@H]2CCS(=O)(=O)C2)C=C1,CNP0524667.2,0.0012932552490383387,0.9999790191650391,0.7305136322975159,0.9962982535362244,0.5448206131767775,923
439.5370000000002,2.8908000000000014,5,1,COC1=CC=C(C2=CC(C(=O)NCCC3=CC=CC=C3)=NN2[C@H]2CCS(=O)(=O)C2)C=C1,CNP0524667.1,0.0012932552490383387,0.9999790191650391,0.7305136322975159,0.9962982535362244,0.5448206131767775,924
464.68700000000024,4.563300000000004,5,3,CC(C)[C@@H](C)CC[C@H]1CO[C@@H](O)C[C@]2(C)[C@@H]1CC[C@@H]2[C@@H]1C[C@H](O)[C@H]2C[C@@H](O)CC[C@]2(C)C1=O,CNP0132114.2,0.007008648477494717,0.9999788999557495,0.009209913201630116,0.13055419921875,0.37774797454473025,925
464.6870000000003,4.563300000000004,5,3,CC(C)[C@@H](C)CC[C@H]1CO[C@@H](O)C[C@@]2(C)C([C@@H]3C[C@H](O)C4C[C@@H](O)CC[C@]4(C)C3=O)CC[C@H]12,CNP0132114.1,0.007008648477494717,0.9999788999557495,0.009209913201630116,0.13055419921875,0.37774797454473025,926
390.5200000000002,4.302900000000005,5,2,CCCC[C@@H]1CC[C@](CCC2=CC=C(O)C3=C2CCCO3)(OC(C)=O)C[C@H]1O,CNP0420340.1,0.006778859533369541,0.9999788999557495,0.00026007211999967694,0.05559620261192322,0.43411366711772664,927
464.6870000000003,4.563300000000004,5,3,CC(C)[C@@H](C)CC[C@H]1CO[C@@H](O)C[C@@]2(C)[C@@H]([C@@H]3C[C@H](O)[C@H]4C[C@@H](O)CC[C@]4(C)C3=O)CC[C@@H]12,CNP0132114.3,0.007008648477494717,0.9999788999557495,0.009209913201630116,0.13055419921875,0.37774797454473025,928
428.52500000000026,3.5625000000000027,5,1,C[C@H](C(=O)O)[C@H]1CC(=O)[C@@]2(C)C3=C(C(=O)C[C@]12C)[C@@]1(C)CCC(=O)C(C)(C)[C@@H]1CC3=O,CNP0159054.1,0.8138160705566406,0.9999786615371704,0.0731685683131218,0.9775875210762024,0.3971784208293112,929
467.5220000000003,3.3831000000000024,8,1,COC1=CC=C(C2=NOC([C@H](C)O)=C2C(=O)N2CCN(C3=CC=CC=C3OC)CC2)C=C1OC,CNP0288018.1,0.9787490963935852,0.9999785423278809,0.9999830722808838,0.9998182654380798,0.5644618395303327,930
354.49800000000005,3.468420000000002,5,1,CC1=NC(C2=CC=CO2)=CC([C@H]2CN3CC[C@H]2C[C@@H]3CNCC(C)C)=N1,CNP0489015.1,5.1284150686115026e-05,0.9999784231185913,0.0002134647947968915,0.9987175464630127,0.46503139324575177,931
356.49500000000023,4.218200000000004,4,0,O=C(C1=CC=CS1)N1C2=NC=NN2C2(CCCCC2)[C@@H]2CCCC[C@@H]21,CNP0496479.1,0.9995658993721008,0.9999783039093018,0.9917072653770447,0.9978353381156921,0.33964122635355515,932
362.42200000000014,3.8874200000000028,5,2,CO[C@]12CCCC[C@@H]1[C@H]1O[C@H](C)[C@@H](C)C3=C(C)C(O)=C(C(=O)O)C(=C31)O2,CNP0230426.2,0.9298394322395325,0.9999780654907227,0.9134570956230164,0.973861813545227,0.3552069561247687,933
362.42200000000014,3.8874200000000028,5,2,CO[C@]12CCCC[C@H]1[C@H]1O[C@H](C)[C@@H](C)C3=C(C)C(O)=C(C(=O)O)C(=C31)O2,CNP0230426.1,0.9298394322395325,0.9999780654907227,0.9134570956230164,0.973861813545227,0.3552069561247687,934
386.9270000000003,3.7348000000000026,3,1,CN1N=C(C2=CC=CC(Cl)=C2)C=C1C(=O)NC[C@@H]1CCCN2CCCC[C@H]12,CNP0247578.1,0.00010391146497568116,0.9999779462814331,0.0004581701068673283,0.9877234697341919,0.439213699596255,935
405.36600000000016,3.701900000000003,7,3,COC1=CC(C2=C3C=NNC3=NC3=C2OC2=CC(O)=CC=C23)=CC=C1OCC(=O)O,CNP0357637.0,0.07693922519683838,0.9999779462814331,0.9667560458183289,0.9642711281776428,0.40384508749597786,936
445.19900000000007,3.9857000000000022,2,3,CC[C@H](C)[C@H](NC)C(=O)NCCC1=CNC2=CC(Br)=C(Br)C=C12,CNP0425878.1,0.001063693780452013,0.9999775886535645,0.028658868744969368,0.9992533326148987,0.49666666666666665,937
430.5410000000002,3.3543000000000025,5,2,C[C@H](C(=O)O)[C@H]1CC(=O)[C@@]2(C)C3=C(C(=O)C[C@]12C)[C@@]1(C)CCC(=O)C(C)(C)[C@@H]1C[C@@H]3O,CNP0130375.1,0.07014831155538559,0.9999774694442749,0.017758384346961975,0.9809390306472778,0.41384508749597787,938
391.38300000000015,4.255700000000004,7,2,COC1=CC(C2=C3C=NNC3=NC3=C2OC2=CC(O)=CC=C23)=CC(OC)=C1OC,CNP0403195.0,0.9518846273422241,0.9999774694442749,0.9982327222824097,0.9804565906524658,0.4314872798434442,939
450.6190000000002,4.758400000000006,4,2,CO[C@H]1CC(=O)[C@@H]2[C@@H]3[C@@H]4C[C@@H]5CC[C@H]6C[C@]5(C[C@H]6CC5=CC=CC=C5O)[C@]3(C)[C@](C)(C4)[C@@]12O,CNP0443113.1,0.0002318327024113387,0.9999773502349854,6.766924343537539e-05,0.01682901941239834,0.2881539465101109,940
450.6190000000002,4.758400000000006,4,2,CO[C@@H]1CC(=O)[C@H]2[C@@H]3[C@H]4C[C@H]5CC[C@@H]6C[C@]5(C[C@H]6CC5=CC=CC=C5O)[C@]3(C)[C@](C)(C4)[C@@]12O,CNP0443113.2,0.0002318327024113387,0.9999773502349854,6.766924343537539e-05,0.01682901941239834,0.2881539465101109,941
496.6000000000004,4.671900000000004,6,3,COC1=C(O)C=C2C(=C1C(=O)O)C(=O)C=C1[C@@]2(C)CC[C@@]2(C)[C@@H]3C[C@@H](C)C(=O)[C@@H](O)[C@]3(C)CC[C@]12C,CNP0146104.1,0.9998762607574463,0.9999771118164062,0.9995604157447815,0.9947481751441956,0.43666666666666665,942
353.422,4.4174200000000035,4,2,CC1=C(O)C=CC2=C1OC1=C(CC(C)C)C3=C(N=C12)N(C(C)C)NC3=O,CNP0366529.0,0.28457602858543396,0.9999769926071167,0.3742380440235138,0.9990721940994263,0.4944146412113969,943
407.47000000000014,3.3659000000000026,6,1,COC1=CC=CC=C1N1CCN(C(=O)C2=C([C@H](C)O)ON=C2C2=CC=CC=C2)CC1,CNP0007957.1,0.9954142570495605,0.9999769926071167,0.9993380904197693,0.9992879033088684,0.5111285061969993,944
458.0060000000002,3.1010000000000018,6,2,CC(C)NC[C@@H](C(=O)N1CCN(C2=NC=NC3=C2[C@H](C)C[C@H]3O)CC1)C1=CC=C(Cl)C=C1,CNP0494142.1,0.9505854845046997,0.9999767541885376,0.7877212166786194,0.9997548460960388,0.5401924332294843,945
356.418,3.406200000000002,5,3,COC1=C(O)C=CC2=C1CC(C(C)(C)O)C2CC(=O)C1=CC=C(O)C=C1,CNP0235334.0,0.9963765740394592,0.999976634979248,0.9735957384109497,0.9829816222190857,0.4105117541626445,946
454.56000000000023,3.136600000000002,8,3,COC1=CC(CC[C@@H](C[C@H](OC(C)=O)[C@H](CCCO)CC[C@H](C)O)OC(C)=O)=CC=C1O,CNP0099259.1,8.063055429374799e-05,0.999976634979248,0.6229985952377319,0.6731602549552917,0.35244445868475405,947
362.861,2.956900000000001,4,1,COC[C@@H]1C[C@H](N2C=C(NC(C)=O)C=N2)CN1CC1=CC=CC(Cl)=C1,CNP0502745.1,0.00243515451438725,0.9999762773513794,0.15576906502246857,0.9876924157142639,0.5077537096487846,948
428.9160000000003,4.107540000000003,4,2,CCOC(=O)[C@@H](CC1=CNC2=CC=CC=C12)NC(=O)COC1=CC(C)=C(Cl)C(C)=C1,CNP0586858.2,0.03550830855965614,0.9999762773513794,0.42669224739074707,0.9947474598884583,0.4533333333333333,949
428.9160000000003,4.107540000000003,4,2,CCOC(=O)[C@H](CC1=CNC2=CC=CC=C12)NC(=O)COC1=CC(C)=C(Cl)C(C)=C1,CNP0586858.1,0.03550830855965614,0.9999762773513794,0.42669224739074707,0.9947474598884583,0.4533333333333333,950
444.70400000000024,4.335200000000004,4,2,C[C@@H]([C@H]1[C@@H](O)C[C@@]2(C)[C@@H]3CC[C@@H]4C(=CC3=CC[C@]12C)CC[C@H](N(C)C)[C@@]4(C)CO)N(C)C,CNP0136234.1,0.0008174123358912766,0.9999762773513794,0.007772611454129219,0.9036779999732971,0.31333333333333335,951
444.70400000000024,4.335200000000004,4,2,C[C@@H]([C@H]1[C@@H](O)C[C@@]2(C)[C@@H]3CC[C@@H]4C(=CC3=CC[C@]12C)CC[C@H](N(C)C)[C@]4(C)CO)N(C)C,CNP0136234.2,0.0008174123358912766,0.9999762773513794,0.007772611454129219,0.9036779999732971,0.31333333333333335,952
436.6770000000002,4.669200000000007,4,4,CC(C)CCC[C@@H](C)[C@H]1CC[C@H]2[C@]1(C)CC[C@@H]1[C@@]2(C)C[C@@H](O)[C@@]2(O)C[C@@H](O)CC[C@]12O,CNP0211967.1,0.0024245150852948427,0.9999761581420898,0.0014176868135109544,0.6618651151657104,0.3566666666666667,953
450.58300000000025,3.8043000000000022,5,1,CN1N=C(C2CCCCC2)C=C1[C@H]1C[N@]2CC[C@H]1C[C@@H]2CNC(=O)C1=CC2=C(C=C1)OCO2,CNP0273039.1,0.000862215762026608,0.9999761581420898,0.0007773652905598283,0.09990208595991135,0.4105117541626445,954
450.58300000000025,3.8043000000000022,5,1,CN1N=C(C2CCCCC2)C=C1[C@H]1CN2CC[C@H]1C[C@@H]2CNC(=O)C1=CC2=C(C=C1)OCO2,CNP0273039.2,0.000862215762026608,0.9999761581420898,0.0007773652905598283,0.09990208595991135,0.4105117541626445,955
439.8990000000002,3.0747000000000018,4,2,COC(=O)[C@H](CC1=CNC2=CC=CC=C12)NC(=O)C1CC(=O)N(C2=CC=CC=C2Cl)C1,CNP0198863.1,0.2853562831878662,0.9999759197235107,0.948349118232727,0.9982393980026245,0.4314872798434442,956
479.5770000000003,2.7738000000000005,5,1,CC[C@H](C)[C@@H](C(=O)N1CC2=CC(OC)=C(OC)C=C2C[C@H]1C(=O)NC)N1CC2=CC=CC=C2C1=O,CNP0413167.1,0.5224034786224365,0.9999755620956421,0.46150752902030945,0.9977126121520996,0.36333333333333334,957
424.56300000000033,2.8226199999999997,5,2,CC1=CC=C(S(=O)(=O)NC2(C(=O)N[C@@H](C)C(=O)OC(C)(C)C)CCCCC2)C=C1,CNP0201888.2,0.9990430474281311,0.9999755620956421,0.9991635084152222,0.9999760389328003,0.58,958
424.56300000000033,2.8226199999999997,5,2,CC1=CC=C(S(=O)(=O)NC2(C(=O)N[C@H](C)C(=O)OC(C)(C)C)CCCCC2)C=C1,CNP0201888.1,0.9990430474281311,0.9999755620956421,0.9991635084152222,0.9999760389328003,0.58,959
374.5210000000002,3.6043000000000034,4,2,C[C@]12CCCC[C@@H]1C[C@H](O)[C@H]1[C@@H]2CC[C@]2(C)[C@@H](C3=CC(=O)OC3)CC[C@]12O,CNP0263498.2,0.9914747476577759,0.9999754428863525,0.47606560587882996,0.07466617971658707,0.36872350022552997,960
374.5210000000002,3.6043000000000034,4,2,C[C@]12CCCC[C@@H]1C[C@H](O)[C@@H]1[C@@H]2CC[C@]2(C)[C@@H](C3=CC(=O)OC3)CC[C@]12O,CNP0263498.1,0.9914747476577759,0.9999754428863525,0.47606560587882996,0.07466617971658707,0.36872350022552997,961
374.5210000000002,3.6043000000000034,4,2,C[C@]12CCCC[C@H]1C[C@H](O)[C@@H]1[C@@H]2CC[C@]2(C)[C@H](C3=CC(=O)OC3)CC[C@]12O,CNP0263498.3,0.9914747476577759,0.9999754428863525,0.47606560587882996,0.07466617971658707,0.36872350022552997,962
402.44300000000015,2.9692200000000017,7,2,CCCC1=CC2=C(CO1)C(=O)[C@@](C)(O)[C@H](OC(=O)C1=C(C)C=C(OC)C=C1O)C2,CNP0348353.1,0.3541635274887085,0.999975323677063,8.14625236671418e-05,0.3385014533996582,0.34872350022553,963
402.44300000000015,2.9692200000000017,7,2,CCCC1=CC2=C(CO1)C(=O)[C@@](C)(O)[C@@H](OC(=O)C1=C(C)C=C(OC)C=C1O)C2,CNP0348353.3,0.3541635274887085,0.999975323677063,8.14625236671418e-05,0.3385014533996582,0.34872350022553,964
402.44300000000015,2.9692200000000017,7,2,CCCC1=CC2=C(CO1)C(=O)[C@](C)(O)[C@H](OC(=O)C1=C(C)C=C(OC)C=C1O)C2,CNP0348353.4,0.3541635274887085,0.999975323677063,8.14625236671418e-05,0.3385014533996582,0.34872350022553,965
402.44300000000015,2.9692200000000017,7,2,CCCC1=CC2=C(CO1)C(=O)[C@](C)(O)[C@@H](OC(=O)C1=C(C)C=C(OC)C=C1O)C2,CNP0348353.2,0.3541635274887085,0.999975323677063,8.14625236671418e-05,0.3385014533996582,0.34872350022553,966
446.6280000000004,3.9765000000000033,5,3,C[C@H]([C@H](O)CCC(C)(C)O)[C@H]1CC[C@@]2(O)C3=CC(=O)[C@@H]4CC(=O)CC[C@]4(C)[C@H]3CC[C@]12C,CNP0256001.1,0.9831739068031311,0.9999752044677734,0.5292260646820068,0.6840946674346924,0.4166666666666667,967
449.5030000000002,3.3713000000000024,6,3,COC1=CC=C(C(CC(=O)N[C@@H](CO)CC2=CC=CC=C2)C2=CC3=C(C=C2O)OCO3)C=C1,CNP0414193.1,0.6808494329452515,0.9999750852584839,0.019614048302173615,0.06187397241592407,0.49333333333333335,968
486.69300000000044,4.853000000000005,5,2,CC(C)(O)[C@@H]1CC[C@](C)([C@H]2C(=O)C[C@@]3(C)[C@@H]4C[C@@H](O)[C@H]5C(C)(C)C(=O)CC[C@@]56C[C@@]46CC[C@]23C)O1,CNP0163405.1,0.011753248050808907,0.9999749660491943,0.7568125128746033,0.9539194107055664,0.2833333333333333,969
488.58100000000024,3.7822000000000022,9,3,CC[C@H](O)CC[C@@H](C[C@@H](CCC1=CC(OC)=C(O)C=C1C1=CC=NC(N)=C1)OC(C)=O)OC(C)=O,CNP0070506.1,0.9936794638633728,0.9999747276306152,0.004795817658305168,0.9860503077507019,0.3781539465101109,970
392.4920000000002,3.7348000000000026,5,1,CC(=O)O[C@H]1C[C@@H](C)[C@](C)(CCC2=CC(=O)OC2)[C@H]2CCC[C@@H](C(=O)O)[C@]12C,CNP0304278.1,0.9213555455207825,0.9999746084213257,0.39575397968292236,0.9738060832023621,0.3796806790668398,971
414.3470000000002,3.7620000000000022,2,2,CN(C)[C@@H](CC1=CNC2=CC(Br)=CC=C12)C(=O)NCCC1=CC=CC=C1,CNP0460718.1,0.00011765985254896805,0.9999744892120361,0.0055557731539011,0.4295490086078644,0.38666666666666666,972
405.44700000000023,2.7262200000000005,7,2,COC1=CC=C(C(CC(=O)NC(C)C)C2=C(O)C=C(C)OC2=O)C(OC)=C1OC,CNP0409893.0,0.7607857584953308,0.9999744892120361,0.18559542298316956,0.9966689944267273,0.36666666666666664,973
461.5140000000003,3.7794200000000027,6,1,COC1=CC=C(C(=O)N[C@@H](CC2=CC=CC=C2)C(=O)OCC(=O)C2=CC=C(C)C=C2)C=C1OC,CNP0481584.2,0.9999774694442749,0.9999736547470093,0.9994664788246155,0.9991098046302795,0.49,974
461.5140000000003,3.7794200000000027,6,1,COC1=CC=C(C(=O)N[C@H](CC2=CC=CC=C2)C(=O)OCC(=O)C2=CC=C(C)C=C2)C=C1OC,CNP0481584.1,0.9999774694442749,0.9999736547470093,0.9994664788246155,0.9991098046302795,0.49,975
433.4600000000001,4.7736000000000045,6,4,COC1=C(O)C(C2(C3=CNC=C3)CCCC2)=C2OC(C3=CC=C(O)C=C3)=CC(=O)C2=C1O,CNP0449139.0,0.03213155269622803,0.9999732971191406,0.9158371686935425,0.9974514842033386,0.35333333333333333,976
389.4110000000001,2.9358000000000013,5,3,COC(=O)C(CC1=CNC2=CC=CC=C12)NC(=O)C1=CC(O)=NC2=CC=CC=C12,CNP0540198.0,0.9995834231376648,0.9999731779098511,0.9475595355033875,0.9985871315002441,0.49333333333333335,977
478.01400000000024,3.684400000000002,4,1,CC(C)(C)CC(=O)N1C[C@@H]2C[C@H](C1)C1=CC=C(NS(=O)(=O)C3=CC=C(Cl)C=C3)C(=O)N1C2,CNP0052039.1,0.9736452102661133,0.999972939491272,0.13758407533168793,0.9906564950942993,0.5878346255769507,978
478.01400000000024,3.684400000000002,4,1,CC(C)(C)CC(=O)N1C[C@H]2C[C@H](C1)C1=CC=C(NS(=O)(=O)C3=CC=C(Cl)C=C3)C(=O)N1C2,CNP0052039.2,0.9736452102661133,0.999972939491272,0.13758407533168793,0.9906564950942993,0.5878346255769507,979
446.59200000000027,2.7381,5,2,COC1=CC=CC=C1N1CCN(CC[C@H]2CN(C(=O)NC(C)C)CC[C@H]2CC(=O)O)CC1,CNP0231065.1,0.005141915753483772,0.9999723434448242,0.0016655036015436053,0.9964174032211304,0.33244445868475403,980
476.52900000000017,3.249600000000001,6,4,CC(=O)OCC[C@H](NC(=O)[C@@H](CC1=CC=C(O)C=C1)NC(=O)C1=CC=CC=C1)C1=CC=C(O)C=C1,CNP0091041.1,0.9999631643295288,0.9999723434448242,0.9974961876869202,0.9951319694519043,0.5533333333333333,981
456.56800000000027,2.8009000000000013,6,0,CCCN1C=NC2=C1CN(S(=O)(=O)C1=CC=CC3=C(N(C)C)C=CC=C13)[C@H](C(=O)OC)C2,CNP0413514.1,0.7099556922912598,0.9999722242355347,0.07807953655719757,0.99831223487854,0.5729745596868884,982
361.4420000000002,3.4165000000000028,4,2,CCC(C)C(NC(=O)N1C2=CC=CC=C2N=C(O)C1C(C)C)C(=O)OC,CNP0538345.0,0.07879939675331116,0.9999721050262451,0.5566669702529907,0.9988957643508911,0.45361241759503806,983
446.5110000000001,3.656600000000002,6,3,CCCC1=NC(C(C)(C)O)=C(C(=O)O)N1CC1=CC=C(C2=CC=CC=C2C2=NN=NN2)C=C1,CNP0577262.0,0.9999376535415649,0.9999717473983765,0.998263418674469,0.9785361886024475,0.4533333333333333,984
430.4820000000002,2.971340000000002,8,3,COC1=CC(C(CC(=O)NCC2=CSC(C)=N2)C2=C(O)C(=O)C=C(C)O2)=CC=C1O,CNP0411158.0,0.023865658789873123,0.9999717473983765,0.08224201202392578,0.9990569949150085,0.36333333333333334,985
372.54900000000015,4.508300000000005,3,1,CO[C@@H]1CC(=O)[C@@H]2[C@@H]3[C@H]4CC[C@@]5(CCC6(CCCC6)C5)[C@]3(C)[C@](C)(C4)[C@]21O,CNP0064943.1,0.026229895651340485,0.9999717473983765,0.007440800778567791,0.4425138533115387,0.30148727984344426,986
405.41000000000014,4.291700000000003,6,3,COC1=CC(C2=C3OC4=CC(O)=CC=C4C3=NC3=C2C(=O)NN3C(C)C)=CC=C1O,CNP0400068.0,0.0237275380641222,0.9999713897705078,0.9919227361679077,0.9991199374198914,0.5287235002255299,987
472.0100000000003,4.861640000000004,4,1,COC1=CC=C(Cl)C=C1S(=O)(=O)N1CCC2(CC1)NC1=CC=C(C)C(C)=C1N1C=CC=C12,CNP0557666.0,0.9906693696975708,0.9999709129333496,0.9802102446556091,0.9933409094810486,0.5457777920180874,988
496.44600000000037,3.5309000000000026,6,2,COC1=C2OCOC2=C(Br)C2=C1C(CC(=O)NC1CC(C)(C)NC(C)(C)C1)N(C)CC2,CNP0414742.0,0.018528593704104424,0.9999706745147705,0.6871733069419861,0.963484525680542,0.3829745596868885,989
360.4060000000002,2.891800000000001,5,2,CC1C2CC34COC(O2)C1(CC(O)C1=COC=C1)C3CCC=C4C(=O)O,CNP0147385.0,0.9992890357971191,0.999970555305481,0.9886525273323059,0.7052127718925476,0.36,990
428.48800000000017,4.7436000000000025,4,2,COC1=CC=CC2=C1C(C(CC(=O)NCC1=CC=CC=C1)C1=CC=C3OCOC3=C1)=CN2,CNP0400706.0,0.5058671236038208,0.9999704360961914,0.8691849112510681,0.7140436768531799,0.36333333333333334,991
427.8880000000001,2.7621,3,3,C[C@H](NC(=O)[C@H](CC1=CC=CC=C1)NC(=O)C1=CC2=CC(Cl)=CC=C2N1C)C(=O)O,CNP0531645.1,0.9851245284080505,0.9999704360961914,0.962130069732666,0.9991371035575867,0.5066666666666667,992
378.5090000000002,2.885200000000001,5,2,CC(=O)O[C@H]1CC[C@@](C)(CO)[C@@H]2C[C@H](O)[C@H]3C[C@@H](C(C)C)C(=O)C=C3[C@@]12C,CNP0127470.1,0.0022511319257318974,0.9999701976776123,0.0009585492662154138,0.2570927143096924,0.42,993
470.6060000000004,4.431100000000004,6,0,COC(=O)CC[C@@H](C)[C@H]1CC(=O)[C@@]2(C)C3=C(C(=O)C[C@]12C)[C@@]1(C)CCC(=O)C(C)(C)[C@@H]1CC3=O,CNP0198323.1,0.22383175790309906,0.9999700784683228,0.40292567014694214,0.6709758043289185,0.3638450874959778,994
470.6060000000004,4.431100000000004,6,0,COC(=O)CC[C@@H](C)[C@H]1CC(=O)[C@@]2(C)C3=C(C(=O)C[C@]12C)[C@@]1(C)CCC(=O)C(C)(C)C1CC3=O,CNP0198323.2,0.22383175790309906,0.9999700784683228,0.40292567014694214,0.6709758043289185,0.3638450874959778,995
432.6450000000002,4.677100000000006,4,4,C=C1CC[C@H](O)C/C1=C/C=C1\CCC[C@]2(C)[C@@H]([C@H](C)C[C@H](O)CC(C)(O)CO)CC[C@@H]12,CNP0142969.1,0.002069522626698017,0.9999698400497437,0.2293621003627777,0.16242776811122894,0.39666666666666667,996
432.6450000000002,4.6771000000000065,4,4,C=C1CC[C@H](O)C/C1=C/C=C1\CCC[C@@]2(C)[C@@H]1CC[C@@H]2[C@H](C)C[C@H](O)C[C@@](C)(O)CO,CNP0142969.2,0.002069522626698017,0.9999698400497437,0.22936208546161652,0.16242776811122894,0.39666666666666667,997
467.5180000000003,3.560520000000002,7,2,COC1=CC=C(C(CC(=O)NCCC2=CC=CC=C2)C2=C(O)C=C(C)OC2=O)C(OC)=C1OC,CNP0332232.0,0.004494059830904007,0.999969482421875,0.00013608862354885787,0.8210861682891846,0.31333333333333335,998
455.59600000000023,2.7799000000000005,5,3,CCC(C)[C@H](NC(=O)C1CCN(C(=O)[C@H](CC(C)C)NC(=O)OC(C)(C)C)CC1)C(=O)O,CNP0374983.1,0.03673849627375603,0.9999692440032959,0.18624700605869293,0.9995326995849609,0.514290512174643,999
455.59600000000023,2.7799000000000005,5,3,CC[C@H](C)[C@H](NC(=O)C1CCN(C(=O)[C@H](CC(C)C)NC(=O)OC(C)(C)C)CC1)C(=O)O,CNP0374983.3,0.03673849627375603,0.9999692440032959,0.18624700605869293,0.9995326995849609,0.514290512174643,1000
