mw,logp,n_hba,n_hbd,canonical_smiles,identifier,hybrid_pretrain_prob,hybrid_scratch_prob,hybrid_random_pretrain_prob,hybrid_random_scratch_prob,rf_prob,rank
497.6730000000003,4.830300000000004,6,1,CCCC[C@H](C)C[C@H](C)C(=O)N1CCC[C@H]1C(=O)O[C@@H](C(=O)O[C@H](C(=O)O)[C@@H](C)CC)[C@@H](C)CC,CNP0121132.1,1.0,1.0,0.9999984502792358,0.9999984502792358,0.51,1
497.6730000000003,4.830300000000004,6,1,CCCC[C@H](C)C[C@@H](C)C(=O)N1CCC[C@H]1C(=O)O[C@@H](C(=O)O[C@H](C(=O)O)[C@@H](C)CC)[C@@H](C)CC,CNP0121132.3,1.0,1.0,0.9999984502792358,0.9999984502792358,0.51,2
497.6730000000003,4.830300000000004,6,1,CCCCC(C)CC(C)C(=O)N1CCC[C@H]1C(=O)O[C@@H](C(=O)O[C@H](C(=O)O)[C@@H](C)CC)[C@@H](C)CC,CNP0121132.2,1.0,1.0,0.9999984502792358,0.9999984502792358,0.51,3
402.48700000000025,3.8079000000000027,6,2,CCCOC1=C2C[C@@H](C(C)(C)O)OC2=CC2=C1C(=O)C=C(C1(O)CCCCC1)O2,CNP0051858.1,1.0,1.0,0.9998706579208374,0.9999357461929321,0.3481539465101109,4
428.5400000000001,4.777400000000004,5,1,CCCCC1=NC2(CCCC2)C(=O)N1CC1=CC=C(C2=CC=CC=C2C2=NN=NN2)C=C1,CNP0515721.0,0.9999998807907104,0.9999986886978149,0.999872088432312,0.8709062933921814,0.4066666666666667,5
384.91100000000034,4.810100000000004,3,0,O=C(C1=CC=CC(Cl)=C1)N1C2=NC=NN2C2(CCCCC2)[C@@H]2CCCC[C@@H]21,CNP0495417.1,0.9999998807907104,1.0,0.9995383024215698,0.9999735355377197,0.44666666666666666,6
388.4600000000002,3.4178000000000024,6,2,CCCOC1=C2C[C@@H](C(C)(C)O)OC2=CC2=C1C(=O)C=C(C1(O)CCCC1)O2,CNP0054896.1,0.9999997615814209,1.0,0.9996161460876465,0.9998008608818054,0.3181539465101109,7
426.51300000000015,3.2280000000000015,5,2,CC[C@H](C)[C@H](NC(=O)OCC1=CC=CC=C1)C(=O)N[C@H](CC1=CC=CC=C1)C(=O)OC,CNP0505565.2,0.9999995231628418,1.0,0.9999853372573853,0.9999933242797852,0.64,8
426.51300000000015,3.2280000000000015,5,2,CC[C@H](C)[C@@H](NC(=O)OCC1=CC=CC=C1)C(=O)N[C@H](CC1=CC=CC=C1)C(=O)OC,CNP0505565.4,0.9999995231628418,1.0,0.9999853372573853,0.9999933242797852,0.64,9
426.51300000000015,3.2280000000000015,5,2,CC[C@H](C)[C@@H](NC(=O)OCC1=CC=CC=C1)C(=O)N[C@@H](CC1=CC=CC=C1)C(=O)OC,CNP0505565.3,0.9999995231628418,1.0,0.9999853372573853,0.9999933242797852,0.64,10
426.51300000000015,3.2280000000000015,5,2,CC[C@H](C)[C@H](NC(=O)OCC1=CC=CC=C1)C(=O)N[C@@H](CC1=CC=CC=C1)C(=O)OC,CNP0505565.1,0.9999995231628418,1.0,0.9999853372573853,0.9999933242797852,0.64,11
435.56400000000014,4.773400000000004,4,2,CC(C)(O)[C@@H]1OC(=O)C=C2[C@H](CC[C@@]3(C)[C@H]2CC[C@H]2CC4=C(NC5=CC=CC=C45)[C@@]23C)O1,CNP0482523.1,0.9999994039535522,1.0,0.9940675497055054,0.9926820397377014,0.3268774467356409,12
474.87800000000016,3.789500000000001,5,4,O=C(O)C1=CC=CC(NS(=O)(=O)C2=CC=C(Cl)C(C(=O)NC3=CC=CC=C3C(=O)O)=C2)=C1,CNP0583797.0,0.9999994039535522,0.9951887130737305,0.9999833106994629,0.9143690466880798,0.46,13
482.57700000000034,4.087600000000004,7,1,CCOC(=O)C1=C/C(=C\CN2C=CN=C2CC(C)C)C2=C(C=C3O[C@H](C(C)(C)O)CC3=C2OC)O1,CNP0089471.1,0.9999988079071045,1.0,0.9999909400939941,0.9999128580093384,0.537795172863666,14
374.4330000000003,3.027700000000001,6,2,COC1=C2C[C@@H](C(C)(C)O)OC2=CC2=C1C(=O)C=C(C1(O)CCCCC1)O2,CNP0366664.1,0.9999980926513672,1.0,0.9997995495796204,0.9998730421066284,0.35148727984344424,15
404.4220000000001,3.0702000000000016,4,4,O=C(O)C1=CC=C(NC(=O)[C@H](CC2=CC=C(O)C=C2)NC(=O)C2=CC=CC=C2)C=C1,CNP0594921.1,0.9999971389770508,0.9999982118606567,0.9999819993972778,0.9998868703842163,0.5433333333333333,16
482.0130000000001,4.4250000000000025,6,2,O=C(NCC1(C2=CC=C(Cl)C=C2)CCCCC1)C1=CC=CC2=NC(CSC3=NNN=N3)=CN12,CNP0332537.0,0.9999971389770508,0.04119803011417389,0.9947698712348938,0.04400273784995079,0.46866570067275537,17
428.96400000000045,4.809700000000005,4,0,COCC(=O)N1C2=NC(C3=CC=C(Cl)C=C3)=NN2C2(CCCCC2)[C@@H]2CCCC[C@@H]21,CNP0536941.1,0.9999966621398926,1.0,0.9987899661064148,0.9996328353881836,0.665691140985867,18
481.93200000000024,4.124400000000003,6,1,COC1=CC=C(C(=O)N[C@H](CC2=CC=CC=C2)C(=O)OCC(=O)C2=CC=C(Cl)C=C2)C=C1OC,CNP0514442.2,0.999996542930603,0.9999884366989136,0.9999364614486694,0.9975221753120422,0.48,19
481.93200000000024,4.124400000000003,6,1,COC1=CC=C(C(=O)N[C@@H](CC2=CC=CC=C2)C(=O)OCC(=O)C2=CC=C(Cl)C=C2)C=C1OC,CNP0514442.1,0.999996542930603,0.9999884366989136,0.9999364614486694,0.9975221753120422,0.48,20
449.2640000000001,4.552200000000001,5,4,O=C(C1=NC(O)=C(C=C2C=NC3=CC(O)=CC=C23)N1)C1=CNC2=CC=C(Br)C=C12,CNP0516641.0,0.999996542930603,0.9999998807907104,0.9999997615814209,0.9999624490737915,0.30333333333333334,21
477.9700000000002,3.0675000000000017,6,2,COC1=C2CN(C)CCC2=C(S(=O)(=O)NCCC2=CNC3=CC=C(Cl)C=C23)C2=C1OCO2,CNP0171574.0,0.9999953508377075,1.0,0.9999843835830688,0.9998949766159058,0.5929745596868885,22
454.5230000000002,3.6693000000000024,7,1,CCCOC1=C2C[C@@H](C(C)(C)O)OC2=CC2=C1/C(=C/CN1C=CN=C1)C=C(C(=O)OCC)O2,CNP0406772.1,0.999995231628418,1.0,0.9995331764221191,0.9997393488883972,0.4063078930202218,23
386.857,3.329600000000002,5,2,CC(C)CS(=O)(=O)N[C@H](C)C1=C(C(=O)O)C(C2=CC=C(Cl)C=C2)=NO1,CNP0015414.1,0.9999945163726807,1.0,0.9999998807907104,0.9999871253967285,0.6514872798434442,24
435.52800000000013,4.161700000000002,5,2,CCCCC(=O)N(CC1=CC=C(C2=CC=CC=C2C2=NN=NN2)C=C1)[C@H](C(=O)O)C(C)C,CNP0542698.1,0.9999945163726807,1.0,0.9996312856674194,0.9996579885482788,0.5266666666666666,25
400.56700000000035,4.537000000000004,4,0,COCC(=O)N1C2=NC(C3CCCCC3)=NN2C2(CCCCC2)[C@@H]2CCCC[C@@H]21,CNP0504100.1,0.9999938011169434,1.0,0.996577799320221,0.9996939897537231,0.5930414180437958,26
404.50700000000035,3.1145000000000005,5,2,COC(=O)[C@@H](CC1=CC=CC=C1)NC(=O)C1(NC(=O)OC(C)(C)C)CCCCC1,CNP0364275.1,0.9999915361404419,0.9999996423721313,0.996778666973114,0.9995598196983337,0.5433333333333333,27
490.60400000000016,3.5809000000000006,4,4,CC[C@H](C)[C@H](NC(C)=O)C(=O)N(C)[C@@H](CC1=CC=C(O)C=C1)C(=O)N/C=C/C1=CNC2=CC=CC=C12,CNP0513120.1,0.999990701675415,0.9999998807907104,0.9993840456008911,0.9999713897705078,0.6233333333333333,28
490.60400000000016,3.5809000000000006,4,4,CC[C@H](C)[C@H](NC(C)=O)C(=O)N(C)[C@@H](CC1=CC=C(O)C=C1)C(=O)N/C=C\C1=CNC2=CC=CC=C12,CNP0513120.2,0.999990701675415,0.9999998807907104,0.9993840456008911,0.9999713897705078,0.6233333333333333,29
430.5410000000002,4.818700000000005,6,1,CCCOC1=C2C[C@@H](C(C)(C)O)OC2=CC2=C1/C(=C/CC(C)C)C=C(C(=O)OCC)O2,CNP0093426.1,0.9999895095825195,1.0,0.9997645020484924,0.9782611727714539,0.42148727984344425,30
402.5750000000003,4.982700000000005,4,0,COC(=O)CC[C@H](C)[C@H]1CC[C@H]2[C@H]3C(=O)C[C@@H]4CCCC[C@]4(C)[C@H]3CC(=O)[C@]12C,CNP0060524.1,0.9999881982803345,1.0,0.9999749660491943,0.9993046522140503,0.37333333333333335,31
402.5750000000003,4.982700000000005,4,0,COC(=O)CC[C@H](C)[C@H]1CC[C@H]2[C@H]3C(=O)C[C@@H]4CCCC[C@]4(C)[C@@H]3CC(=O)[C@]12C,CNP0060524.2,0.9999881982803345,1.0,0.9999749660491943,0.9993046522140503,0.37333333333333335,32
402.5750000000003,4.982700000000005,4,0,COC(=O)CC[C@H](C)[C@H]1CC[C@@H]2[C@H]3C(=O)C[C@@H]4CCCC[C@]4(C)[C@H]3CC(=O)[C@@]21C,CNP0060524.4,0.9999881982803345,1.0,0.9999749660491943,0.9993046522140503,0.37333333333333335,33
402.5750000000003,4.982700000000005,4,0,COC(=O)CC[C@H](C)[C@H]1CC[C@@H]2[C@H]3C(=O)C[C@@H]4CCCC[C@]4(C)[C@@H]3CC(=O)[C@@]21C,CNP0060524.3,0.9999881982803345,1.0,0.9999749660491943,0.9993046522140503,0.37333333333333335,34
406.84700000000015,3.732700000000002,5,2,C[C@@H](NS(=O)(=O)C1=CC=CC=C1)C1=C(C(=O)O)C(C2=CC=C(Cl)C=C2)=NO1,CNP0140968.1,0.9999852180480957,0.9999183416366577,0.9999843835830688,0.9989268183708191,0.5488596103912623,35
360.50200000000024,3.4418000000000024,4,0,CCCC1=NN2C(=N1)N(C(=O)COC)[C@H]1CCCC[C@H]1C21CCCCC1,CNP0495632.1,0.999984622001648,0.9999998807907104,0.9850367903709412,0.9996092915534973,0.5863747513771291,36
364.82900000000006,3.2993000000000023,5,1,COC[C@H]1CCCN1C(=O)C1=C([C@H](C)O)ON=C1C1=CC=C(Cl)C=C1,CNP0192527.1,0.9999831914901733,1.0,0.9999983310699463,0.999990701675415,0.5963968048670183,37
384.91100000000034,4.810100000000004,3,0,O=C(C1=CC=CC=C1Cl)N1C2=NC=NN2C2(CCCCC2)[C@@H]2CCCC[C@@H]21,CNP0540071.1,0.9999831914901733,0.9999998807907104,0.9952902793884277,0.9995415210723877,0.43,38
461.5140000000003,3.7794200000000027,6,1,COC1=CC=C(C(=O)N[C@H](CC2=CC=CC=C2)C(=O)OCC(=O)C2=CC=C(C)C=C2)C=C1OC,CNP0481584.1,0.9999774694442749,0.9999736547470093,0.9994664788246155,0.9991098046302795,0.49,39
461.5140000000003,3.7794200000000027,6,1,COC1=CC=C(C(=O)N[C@@H](CC2=CC=CC=C2)C(=O)OCC(=O)C2=CC=C(C)C=C2)C=C1OC,CNP0481584.2,0.9999774694442749,0.9999736547470093,0.9994664788246155,0.9991098046302795,0.49,40
490.7250000000004,4.294100000000004,5,4,CC(C)(O)[C@@H]1CO[C@@](C)([C@H]2[C@@H](O)C[C@@]3(C)[C@@H]4C[C@H](O)[C@H]5C(C)(C)[C@@H](O)CC[C@@]56C[C@@]46CC[C@]23C)C1,CNP0254532.1,0.9999761581420898,1.0,0.9999909400939941,0.9997488856315613,0.33539016689219664,41
476.52900000000017,3.249600000000001,6,4,CC(=O)OCC[C@H](NC(=O)[C@@H](CC1=CC=C(O)C=C1)NC(=O)C1=CC=CC=C1)C1=CC=C(O)C=C1,CNP0091041.1,0.9999631643295288,0.9999723434448242,0.9974961876869202,0.9951319694519043,0.5533333333333333,42
451.5630000000002,3.8883000000000028,5,3,CC(C)(O)[C@@H]1OC(=O)C=C2[C@H](CC[C@@]3(C)[C@@]2(O)CC[C@H]2CC4=C(NC5=CC=CC=C45)[C@@]23C)O1,CNP0071338.1,0.9999626874923706,0.9999997615814209,0.9617998600006104,0.9723012447357178,0.35354411340230757,43
439.97200000000026,4.957900000000003,5,2,O=C(NC1=CC=CC(Cl)=C1)[C@H]1SC2=NN=C(C3=CC=CC=C3)N2NC12CCCCC2,CNP0582554.1,0.9999608993530273,0.9999934434890747,0.9999030828475952,0.9997255206108093,0.4533333333333333,44
439.97200000000026,4.957900000000003,5,2,O=C(NC1=CC=CC(Cl)=C1)[C@@H]1SC2=NN=C(C3=CC=CC=C3)N2NC12CCCCC2,CNP0582554.2,0.9999608993530273,0.9999934434890747,0.9999030828475952,0.9997255206108093,0.4533333333333333,45
439.97200000000026,4.957900000000003,5,2,O=C(NC1=CC=CC=C1Cl)[C@@H]1SC2=NN=C(C3=CC=CC=C3)N2NC12CCCCC2,CNP0603942.1,0.9999599456787109,0.9999983310699463,0.999810516834259,0.9997686743736267,0.48,46
439.97200000000026,4.957900000000003,5,2,O=C(NC1=CC=CC=C1Cl)[C@H]1SC2=NN=C(C3=CC=CC=C3)N2NC12CCCCC2,CNP0603942.2,0.9999599456787109,0.9999983310699463,0.999810516834259,0.9997686743736267,0.48,47
400.51200000000017,2.9212000000000007,6,2,CC[C@H](O)C[C@@H]1CC[C@@H]([C@@H](C)C(=O)O[C@@H](C)C[C@@H]2CC[C@@H]([C@@H](C)C(=O)O)O2)O1,CNP0280737.11,0.9999537467956543,1.0,0.9999418258666992,0.9994015693664551,0.48539016689219666,48
400.51200000000017,2.9212000000000007,6,2,CC[C@@H](O)C[C@@H]1CC[C@H]([C@@H](C)C(=O)O[C@@H](C)C[C@@H]2CC[C@H]([C@@H](C)C(=O)O)O2)O1,CNP0280737.9,0.9999537467956543,1.0,0.9999418258666992,0.9994015693664551,0.48539016689219666,49
400.51200000000017,2.9212000000000007,6,2,CC[C@@H](O)C[C@H]1CC[C@@H]([C@H](C)C(=O)O[C@@H](C)C[C@@H]2CC[C@H]([C@@H](C)C(=O)O)O2)O1,CNP0280737.1,0.9999537467956543,1.0,0.9999418258666992,0.9994015693664551,0.48539016689219666,50
400.51200000000017,2.9212000000000007,6,2,CC[C@@H](O)C[C@H]1CC[C@@H]([C@@H](C)C(=O)O[C@@H](C)C[C@@H]2CC[C@@H]([C@@H](C)C(=O)O)O2)O1,CNP0280737.6,0.9999537467956543,1.0,0.9999418258666992,0.9994015693664551,0.48539016689219666,51
400.51200000000017,2.9212000000000007,6,2,CC[C@H](O)C[C@H]1CC[C@H]([C@H](C)C(=O)O[C@H](C)C[C@H]2CC[C@H]([C@H](C)C(=O)O)O2)O1,CNP0280737.3,0.9999537467956543,1.0,0.9999418258666992,0.9994015693664551,0.48539016689219666,52
400.51200000000017,2.9212000000000007,6,2,CC[C@H](O)C[C@@H]1CC[C@H]([C@@H](C)C(=O)O[C@@H](C)C[C@@H]2CC[C@H]([C@@H](C)C(=O)O)O2)O1,CNP0280737.5,0.9999537467956543,1.0,0.9999418258666992,0.9994015693664551,0.48539016689219666,53
400.51200000000017,2.9212000000000007,6,2,CC[C@H](O)C[C@@H]1CC[C@H]([C@H](C)C(=O)O[C@H](C)C[C@@H]2CC[C@H]([C@H](C)C(=O)O)O2)O1,CNP0280737.4,0.9999537467956543,1.0,0.9999418258666992,0.9994015693664551,0.48539016689219666,54
400.51200000000017,2.9212000000000007,6,2,CC[C@H](O)C[C@H]1CC[C@@H]([C@@H](C)C(=O)O[C@@H](C)C[C@@H]2CC[C@@H]([C@@H](C)C(=O)O)O2)O1,CNP0280737.7,0.9999537467956543,1.0,0.9999418258666992,0.9994015693664551,0.48539016689219666,55
400.51200000000017,2.9212000000000007,6,2,CC[C@@H](O)C[C@H]1CC[C@H]([C@@H](C)C(=O)O[C@@H](C)C[C@@H]2CC[C@H]([C@@H](C)C(=O)O)O2)O1,CNP0280737.10,0.9999537467956543,1.0,0.9999418258666992,0.9994015693664551,0.48539016689219666,56
400.51200000000017,2.9212000000000007,6,2,CC[C@H](O)C[C@@H]1CC[C@H]([C@H](C)C(=O)O[C@H](C)C[C@@H]2CC[C@@H]([C@H](C)C(=O)O)O2)O1,CNP0280737.13,0.9999537467956543,1.0,0.9999418258666992,0.9994015693664551,0.48539016689219666,57
400.51200000000017,2.9212000000000007,6,2,CC[C@H](O)C[C@@H]1CC[C@H]([C@H](C)C(=O)O[C@H](C)C[C@@H]2CC[C@H]([C@@H](C)C(=O)O)O2)O1,CNP0280737.15,0.9999537467956543,1.0,0.9999418258666992,0.9994015693664551,0.48539016689219666,58
400.51200000000017,2.9212000000000007,6,2,CC[C@H](O)C[C@H]1CC[C@H]([C@@H](C)C(=O)O[C@@H](C)C[C@@H]2CC[C@H]([C@@H](C)C(=O)O)O2)O1,CNP0280737.8,0.9999537467956543,1.0,0.9999418258666992,0.9994015693664551,0.48539016689219666,59
400.51200000000017,2.9212000000000007,6,2,CC[C@@H](O)C[C@@H]1CC[C@@H]([C@@H](C)C(=O)O[C@@H](C)C[C@@H]2CC[C@@H]([C@@H](C)C(=O)O)O2)O1,CNP0280737.12,0.9999537467956543,1.0,0.9999418258666992,0.9994015693664551,0.48539016689219666,60
400.51200000000017,2.9212000000000007,6,2,CC[C@@H](O)C[C@H]1CC[C@H]([C@H](C)C(=O)O[C@@H](C)C[C@H]2CC[C@H]([C@H](C)C(=O)O)O2)O1,CNP0280737.2,0.9999537467956543,1.0,0.9999418258666992,0.9994015693664551,0.48539016689219666,61
400.51200000000017,2.9212000000000007,6,2,CC[C@H](O)C[C@@H]1CC[C@H]([C@H](C)C(=O)O[C@H](C)C[C@@H]2CC[C@@H]([C@@H](C)C(=O)O)O2)O1,CNP0280737.14,0.9999537467956543,1.0,0.9999418258666992,0.9994015693664551,0.48539016689219666,62
494.5880000000004,4.592000000000004,7,1,CCOC(=O)C1=C/C(=C\CN2C=CN=C2)C2=C(C=C3O[C@H](C(C)(C)O)CC3=C2OC2CCCCC2)O1,CNP0115667.1,0.9999529123306274,1.0,0.9999206066131592,0.9994725584983826,0.45503139324575176,63
398.4960000000002,3.1294000000000013,6,1,CC[C@H](C[C@@H]1CC[C@H]([C@H](C)C(=O)O)O1)OC(=O)[C@H](C)[C@H]1CC[C@@H](CC(C)=O)O1,CNP0308098.3,0.9999488592147827,1.0,0.9999961853027344,0.9998990297317505,0.4420568335588633,64
398.4960000000002,3.1294000000000013,6,1,CC[C@H](C[C@@H]1CC[C@H]([C@H](C)C(=O)O)O1)OC(=O)[C@H](C)[C@@H]1CC[C@H](CC(C)=O)O1,CNP0308098.4,0.9999488592147827,1.0,0.9999961853027344,0.9998990297317505,0.4420568335588633,65
398.4960000000002,3.1294000000000013,6,1,CC[C@H](C[C@@H]1CC[C@H]([C@H](C)C(=O)O)O1)OC(=O)[C@H](C)[C@@H]1CC[C@@H](CC(C)=O)O1,CNP0308098.2,0.9999488592147827,1.0,0.9999961853027344,0.9998990297317505,0.4420568335588633,66
398.4960000000002,3.1294000000000013,6,1,CC[C@H](C[C@@H]1CC[C@H]([C@H](C)C(=O)O)O1)OC(=O)[C@H](C)[C@H]1CC[C@H](CC(C)=O)O1,CNP0308098.1,0.9999488592147827,1.0,0.9999961853027344,0.9998990297317505,0.4420568335588633,67
474.60500000000013,3.875300000000001,3,3,CC[C@@H](C)[C@H](NC(C)=O)C(=O)N(C)[C@@H](CC1=CC=CC=C1)C(=O)N/C=C\C1=CNC2=CC=CC=C12,CNP0426029.2,0.9999473094940186,0.9999997615814209,0.9981805086135864,0.999919056892395,0.6233333333333333,68
474.60500000000013,3.875300000000001,3,3,CC[C@@H](C)[C@H](NC(C)=O)C(=O)N(C)[C@@H](CC1=CC=CC=C1)C(=O)N/C=C/C1=CNC2=CC=CC=C12,CNP0426029.1,0.9999473094940186,0.9999997615814209,0.9981805086135864,0.999919056892395,0.6233333333333333,69
384.91100000000034,4.810100000000004,3,0,O=C(C1=CC=C(Cl)C=C1)N1C2=NC=NN2C2(CCCCC2)[C@@H]2CCCC[C@@H]21,CNP0502311.1,0.9999420642852783,0.9999997615814209,0.9931614398956299,0.9995822310447693,0.39,70
496.97600000000017,3.4216000000000024,6,0,COC(=O)[C@@H]1CC2=C(CN1S(=O)(=O)C1=CC=CC3=CC=CN=C13)N(CC1=CC=C(Cl)C=C1)C=N2,CNP0116727.1,0.9999407529830933,0.9990467429161072,0.9846757054328918,0.9837828278541565,0.5842905121746431,71
388.4600000000002,3.6484000000000023,6,1,CCOC(=O)C1=C/C(=C\C(C)C)C2=C(C=C3O[C@H](C(C)(C)O)CC3=C2OC)O1,CNP0093404.1,0.9999387264251709,1.0,0.9999583959579468,0.9956106543540955,0.3881539465101109,72
446.5110000000001,3.656600000000002,6,3,CCCC1=NC(C(C)(C)O)=C(C(=O)O)N1CC1=CC=C(C2=CC=CC=C2C2=NN=NN2)C=C1,CNP0577262.0,0.9999376535415649,0.9999717473983765,0.998263418674469,0.9785361886024475,0.4533333333333333,73
494.5920000000002,4.055600000000002,4,4,CCC(C)C(NC(=O)C(CC1=CC=CC=C1)NC(=O)N1C2=CC=CC=C2N=C(O)C1C(C)C)C(=O)O,CNP0558788.0,0.9999333620071411,1.0,0.9996215105056763,0.9999784231185913,0.5405984051948649,74
428.52500000000026,4.340500000000003,6,2,CC(C)(O)[C@@H]1CC2=C(C=C3OC(C4(O)CCCCC4)=CC(=O)C3=C2OC2CCCC2)O1,CNP0371104.1,0.9999302625656128,1.0,0.9992721676826477,0.9992215633392334,0.35893428029450425,75
386.57300000000015,4.760500000000004,4,2,CC[C@@H](C)C[C@@H](C)[C@@H](OC(=O)[C@H](C)[C@@H](O)[C@@H](C)C[C@@H](C)CC)[C@@H](C)C(=O)O,CNP0149546.1,0.9999297857284546,0.9999985694885254,0.9998561143875122,0.9966773986816406,0.5314872798434442,76
460.53000000000014,3.5440000000000014,5,3,CC(=O)OCC[C@H](NC(=O)[C@@H](CC1=CC=C(O)C=C1)NC(=O)C1=CC=CC=C1)C1=CC=CC=C1,CNP0101356.1,0.9999290704727173,0.9999135732650757,0.9975565671920776,0.9925498962402344,0.5666666666666667,77
361.39400000000006,3.249200000000001,6,2,CCC(C)CC(C)C(=O)OC1(C)C(=O)C2=CN=C(C(=O)O)C=C2C=C1O,CNP0074013.0,0.9999279975891113,0.9999924898147583,0.8722935318946838,0.9964061379432678,0.48,78
433.2650000000001,4.846600000000001,4,3,O=C(C1=NC(O)=C(C=C2C=NC3=CC=CC=C23)N1)C1=CNC2=CC=C(Br)C=C12,CNP0593662.0,0.9999240636825562,0.9998527765274048,0.9999843835830688,0.9963676929473877,0.24,79
442.63700000000034,4.6288000000000045,6,2,COC(=O)[C@H](C)[C@H](O)CC[C@](C)(O)CCCC(C)CCC(=O)C(C)(C)CCCC(C)=O,CNP0112651.1,0.9999189376831055,1.0,0.9999281167984009,0.9992266893386841,0.4420568335588633,80
444.5310000000002,3.3183000000000007,4,2,CC(=O)N[C@H](COC(=O)[C@H](CC1=CC=CC=C1)NC(=O)C1=CC=CC=C1)CC1=CC=CC=C1,CNP0506157.1,0.9999167919158936,0.9981350898742676,0.996727705001831,0.5061156749725342,0.4666666666666667,81
444.5310000000002,3.3183000000000007,4,2,CC(=O)N[C@H](COC(=O)[C@@H](CC1=CC=CC=C1)NC(=O)C1=CC=CC=C1)CC1=CC=CC=C1,CNP0506157.2,0.9999167919158936,0.9981350898742676,0.996727705001831,0.5061156749725342,0.4666666666666667,82
480.5610000000004,4.059400000000004,7,1,CCOC(=O)C1=C/C(=C\CN2C=CN=C2)C2=C(C=C3O[C@H]([C@@](C)(O)C4CCCC4)CC3=C2OC)O1,CNP0089527.1,0.9999154806137085,1.0,0.9995377063751221,0.9995273351669312,0.42169805991241843,83
402.4870000000002,4.0385000000000035,6,1,CCOC(=O)C1=C/C(=C\CC(C)C)C2=C(C=C3O[C@H](C(C)(C)O)CC3=C2OC)O1,CNP0100589.1,0.9999128580093384,1.0,0.9999161958694458,0.9914698004722595,0.42148727984344425,84
362.4660000000001,4.085800000000003,4,1,CO[C@H]1OC(=O)C=C1CC[C@@]1(C)[C@H](C)CC[C@@]2(C)C(C(=O)O)=CCC[C@H]12,CNP0571722.1,0.9999098777770996,0.9999858140945435,0.9973873496055603,0.987296462059021,0.39205683355886334,85
372.8300000000001,3.0820000000000007,5,2,CC(C)S(=O)(=O)N[C@H](C)C1=C(C(=O)O)C(C2=CC=C(Cl)C=C2)=NO1,CNP0014833.1,0.9999098777770996,0.9999986886978149,0.999996542930603,0.9998725652694702,0.6121929437245955,86
362.4660000000001,4.085800000000003,4,1,CO[C@@H]1OC(=O)C=C1CC[C@@]1(C)[C@H](C)CC[C@@]2(C)C(C(=O)O)=CCC[C@H]12,CNP0571722.2,0.9999098777770996,0.9999858140945435,0.9973873496055603,0.987296462059021,0.39205683355886334,87
449.59100000000024,4.815900000000005,4,2,CO[C@]12CC[C@@]3(C)C(CC[C@H]4CC5=C(NC6=CC=CC=C56)[C@@]43C)C1=CC(=O)C(C(C)(C)O)O2,CNP0568364.2,0.9998929500579834,0.999998927116394,0.7845157980918884,0.42756742238998413,0.35333333333333333,88
449.59100000000024,4.815900000000005,4,2,CO[C@]12CC[C@@]3(C)[C@@H](CC[C@H]4CC5=C(NC6=CC=CC=C56)[C@@]43C)C1=CC(=O)[C@@H](C(C)(C)O)O2,CNP0568364.1,0.9998929500579834,0.999998927116394,0.7845157980918884,0.42756742238998413,0.35333333333333333,89
441.9150000000002,4.019300000000003,6,1,COC1=CC=CC=C1N1CCN(C(=O)C2=C([C@H](C)O)ON=C2C2=CC=C(Cl)C=C2)CC1,CNP0071385.1,0.9998927116394043,1.0,0.9999920129776001,0.9999067783355713,0.5650313932457517,90
459.9550000000001,3.0145000000000017,5,0,COC(=O)[C@@H]1CC2=C(CN1S(=O)(=O)CC1=CC=CC=C1)N(CC1=CC=C(Cl)C=C1)C=N2,CNP0151756.1,0.9998810291290283,0.9993770718574524,0.9979298114776611,0.9927588701248169,0.56,91
426.4690000000002,2.889100000000001,7,1,CCOC(=O)C1=C/C(=C\CN2C=CN=C2)C2=C(C=C3O[C@H](C(C)(C)O)CC3=C2OC)O1,CNP0311137.1,0.9998804330825806,1.0,0.9996922016143799,0.9997333884239197,0.3929745596868885,92
406.8910000000001,3.274000000000002,4,2,CCOC(=O)[C@@H](CC1=CNC2=CC=CC=C12)NS(=O)(=O)C1=CC=C(Cl)C=C1,CNP0602747.2,0.9998793601989746,0.9999988079071045,0.9999070167541504,0.9999047517776489,0.5733333333333334,93
406.8910000000001,3.274000000000002,4,2,CCOC(=O)[C@H](CC1=CNC2=CC=CC=C12)NS(=O)(=O)C1=CC=C(Cl)C=C1,CNP0602747.1,0.9998793601989746,0.9999988079071045,0.9999070167541504,0.9999047517776489,0.5733333333333334,94
496.6000000000004,4.671900000000004,6,3,COC1=C(O)C=C2C(=C1C(=O)O)C(=O)C=C1[C@@]2(C)CC[C@@]2(C)[C@@H]3C[C@@H](C)C(=O)[C@@H](O)[C@]3(C)CC[C@]12C,CNP0146104.1,0.9998762607574463,0.9999771118164062,0.9995604157447815,0.9947481751441956,0.43666666666666665,95
445.92800000000017,2.873400000000001,5,0,COC(=O)[C@@H]1CC2=C(CN1S(=O)(=O)C1=CC=CC=C1)N(CC1=CC=C(Cl)C=C1)C=N2,CNP0417520.1,0.9998726844787598,0.9976758360862732,0.9764312505722046,0.9718319177627563,0.57,96
384.48000000000036,3.7493000000000034,5,0,COCC(=O)N1C2=NC(C3=CC=CO3)=NN2C2(CCCCC2)[C@@H]2CCCC[C@@H]21,CNP0566079.1,0.9998476505279541,1.0,0.9615973830223083,0.9997925162315369,0.5890024208293111,97
419.5650000000001,4.8418000000000045,3,2,CC(C)(O)[C@H]1O[C@H]2CC[C@@]3(C)C(CC[C@H]4CC5=C(NC6=CC=CC=C56)[C@@]43C)C2=CC1=O,CNP0159945.2,0.9998476505279541,0.9999936819076538,0.8607367873191833,0.5943037271499634,0.27354411340230755,98
419.5650000000001,4.8418000000000045,3,2,CC(C)(O)[C@H]1O[C@H]2CC[C@@]3(C)[C@@H](CC[C@H]4CC5=C(NC6=CC=CC=C56)[C@@]43C)C2=CC1=O,CNP0159945.1,0.9998476505279541,0.9999936819076538,0.8607367873191833,0.5943037271499634,0.27354411340230755,99
376.88400000000024,4.843100000000004,4,1,CCN(C(=O)C1=C([C@H](C)O)ON=C1C1=CC=C(Cl)C=C1)C1CCCCC1,CNP0243833.1,0.9998451471328735,1.0,0.9994603991508484,0.9997832179069519,0.5288412635517723,100
371.43300000000016,2.9411000000000014,5,2,COC(=O)[C@H](CC1=CC=C(O)C=C1)NC(=O)C1=CC=C(OCC(C)C)C=C1,CNP0131337.2,0.9998397827148438,0.9999547004699707,0.9910455346107483,0.9990027546882629,0.5666666666666667,101
371.43300000000016,2.9411000000000014,5,2,COC(=O)[C@@H](CC1=CC=C(O)C=C1)NC(=O)C1=CC=C(OCC(C)C)C=C1,CNP0131337.1,0.9998397827148438,0.9999547004699707,0.9910455346107483,0.9990027546882629,0.5666666666666667,102
448.64400000000035,3.9124000000000034,5,4,C[C@@H](CCCC(C)(C)O)[C@H]1CC[C@]2(O)C3=CC(=O)[C@@]4(O)C[C@@H](O)CC[C@]4(C)[C@H]3CC[C@]12C,CNP0154423.1,0.9998375177383423,1.0,0.7603623867034912,0.6188520789146423,0.38333333333333336,103
482.6870000000002,4.044400000000002,5,2,CCCC[C@](C)(O[C@@H]1C[C@H](C)CC[C@@H]1C(C)C)C(=O)N[C@@H]1C(=O)N2[C@@H]1SC(C)(C)[C@H]2C(=O)O,CNP0456850.3,0.9998236298561096,0.9821919798851013,0.9454028010368347,0.9990280866622925,0.43333333333333335,104
482.6870000000002,4.044400000000002,5,2,CCCC[C@@](C)(O[C@@H]1C[C@H](C)CC[C@@H]1C(C)C)C(=O)N[C@H]1C(=O)N2[C@@H]1SC(C)(C)[C@H]2C(=O)O,CNP0456850.4,0.9998236298561096,0.9821919798851013,0.9454028010368347,0.9990280866622925,0.43333333333333335,105
482.6870000000002,4.044400000000002,5,2,CCCC[C@@](C)(O[C@@H]1C[C@H](C)CC[C@@H]1C(C)C)C(=O)N[C@@H]1C(=O)N2[C@@H]1SC(C)(C)[C@H]2C(=O)O,CNP0456850.1,0.9998236298561096,0.9821919798851013,0.9454028010368347,0.9990280866622925,0.43333333333333335,106
482.6870000000002,4.044400000000002,5,2,CCCC[C@](C)(O[C@@H]1C[C@H](C)CC[C@@H]1C(C)C)C(=O)N[C@H]1C(=O)N2[C@@H]1SC(C)(C)[C@H]2C(=O)O,CNP0456850.2,0.9998236298561096,0.9821919798851013,0.9454028010368347,0.9990280866622925,0.43333333333333335,107
434.48800000000017,4.906200000000004,5,3,CCCC1=C(OCC2=CC=C([C@H](O)C3=CC=CC(C(=O)O)=C3)C=C2)C=CC(C(C)=O)=C1O,CNP0599578.1,0.9998206496238708,0.9999992847442627,0.9145072102546692,0.9594317078590393,0.36,108
405.5420000000002,4.897200000000005,3,3,CCC(C)CC(C(=O)NC=CC1=CNC2=CC=CC=C12)N(C)CC1=CC=C(O)C=C1,CNP0297499.0,0.9998160004615784,0.9999971389770508,0.9847168922424316,0.9997320771217346,0.49634734573350653,109
490.61100000000016,4.4612000000000025,9,3,CCC(C)C1N=C(O)C2CSC(=N2)C(C)N=C(O)C2=COC(=N2)C(C)N=C(O)C2=CSC1=N2,CNP0239823.0,0.9998155236244202,0.9985257983207703,0.9998148083686829,0.9903723001480103,0.46,110
414.53900000000016,3.311300000000002,6,2,CC[C@@H](O)C[C@H]1CC[C@@H]([C@H](C)C(=O)O[C@@H](CC)C[C@@H]2CC[C@H]([C@@H](C)C(=O)O)O2)O1,CNP0348395.1,0.9997996687889099,1.0,0.9999775886535645,0.9994999170303345,0.4620568335588633,111
414.53900000000016,3.311300000000002,6,2,CC[C@H](O)C[C@@H]1CC[C@@H]([C@@H](C)C(=O)O[C@@H](CC)C[C@@H]2CC[C@@H]([C@@H](C)C(=O)O)O2)O1,CNP0348395.3,0.9997996687889099,1.0,0.9999775886535645,0.9994999170303345,0.4620568335588633,112
414.53900000000016,3.311300000000002,6,2,CC[C@@H](O)C[C@@H]1CC[C@@H]([C@@H](C)C(=O)O[C@@H](CC)C[C@@H]2CC[C@@H]([C@@H](C)C(=O)O)O2)O1,CNP0348395.8,0.9997996687889099,1.0,0.9999775886535645,0.9994999170303345,0.4620568335588633,113
414.53900000000016,3.311300000000002,6,2,CC[C@H](O)C[C@@H]1CC[C@H]([C@H](C)C(=O)O[C@H](CC)C[C@@H]2CC[C@@H]([C@H](C)C(=O)O)O2)O1,CNP0348395.13,0.9997996687889099,1.0,0.9999775886535645,0.9994999170303345,0.4620568335588633,114
414.53900000000016,3.311300000000002,6,2,CC[C@H](O)C[C@@H]1CC[C@H]([C@H](C)C(=O)O[C@H](CC)C[C@@H]2CC[C@@H]([C@@H](C)C(=O)O)O2)O1,CNP0348395.12,0.9997996687889099,1.0,0.9999775886535645,0.9994999170303345,0.4620568335588633,115
414.53900000000016,3.311300000000002,6,2,CC[C@H](O)C[C@H]1CC[C@@H]([C@@H](C)C(=O)O[C@@H](CC)C[C@@H]2CC[C@@H]([C@@H](C)C(=O)O)O2)O1,CNP0348395.2,0.9997996687889099,1.0,0.9999775886535645,0.9994999170303345,0.4620568335588633,116
414.53900000000016,3.311300000000002,6,2,CC[C@H](O)C[C@@H]1CC[C@H]([C@@H](C)C(=O)O[C@@H](CC)C[C@@H]2CC[C@H]([C@@H](C)C(=O)O)O2)O1,CNP0348395.9,0.9997996687889099,1.0,0.9999775886535645,0.9994999170303345,0.4620568335588633,117
414.53900000000016,3.311300000000002,6,2,CC[C@@H](O)C[C@H]1CC[C@@H]([C@@H](C)C(=O)O[C@@H](CC)C[C@@H]2CC[C@@H]([C@@H](C)C(=O)O)O2)O1,CNP0348395.7,0.9997996687889099,1.0,0.9999775886535645,0.9994999170303345,0.4620568335588633,118
414.53900000000016,3.311300000000002,6,2,CC[C@H](O)C[C@@H]1CC[C@H]([C@H](C)C(=O)O[C@H](CC)C[C@@H]2CC[C@H]([C@H](C)C(=O)O)O2)O1,CNP0348395.10,0.9997996687889099,1.0,0.9999775886535645,0.9994999170303345,0.4620568335588633,119
414.53900000000016,3.311300000000002,6,2,CC[C@@H](O)C[C@H]1CC[C@H]([C@@H](C)C(=O)O[C@@H](CC)C[C@@H]2CC[C@H]([C@@H](C)C(=O)O)O2)O1,CNP0348395.4,0.9997996687889099,1.0,0.9999775886535645,0.9994999170303345,0.4620568335588633,120
414.53900000000016,3.311300000000002,6,2,CC[C@H](O)C[C@H]1CC[C@H]([C@@H](C)C(=O)O[C@@H](CC)C[C@@H]2CC[C@H]([C@@H](C)C(=O)O)O2)O1,CNP0348395.5,0.9997996687889099,1.0,0.9999775886535645,0.9994999170303345,0.4620568335588633,121
414.53900000000016,3.311300000000002,6,2,CC[C@H](O)C[C@@H]1CC[C@H]([C@H](C)C(=O)O[C@H](CC)C[C@@H]2CC[C@H]([C@@H](C)C(=O)O)O2)O1,CNP0348395.11,0.9997996687889099,1.0,0.9999775886535645,0.9994999170303345,0.4620568335588633,122
414.53900000000016,3.311300000000002,6,2,CC[C@@H](O)C[C@@H]1CC[C@H]([C@@H](C)C(=O)O[C@@H](CC)C[C@@H]2CC[C@H]([C@@H](C)C(=O)O)O2)O1,CNP0348395.6,0.9997996687889099,1.0,0.9999775886535645,0.9994999170303345,0.4620568335588633,123
384.5010000000003,4.262400000000003,6,1,CCOC(=O)CSC1=NC(O)=C2C(=N1)C1=CC=CC=C1CC21CCCCC1,CNP0508607.0,0.9997835755348206,0.9999141693115234,0.9947288632392883,0.979939877986908,0.31,124
473.5730000000002,4.159200000000003,4,1,CCCOC1=CC=C(C2CN3C(=O)CN(C4CC4)C(=O)[C@]3(C)C3=C2C2=CC=CC=C2N3)C=C1OC,CNP0386104.1,0.9997736811637878,0.9999097585678101,0.3757094442844391,0.990436851978302,0.45666666666666667,125
445.3610000000001,3.986500000000002,3,3,CC[C@@H](C)C1=N[C@@](C(=O)N/C=C\C2=CNC3=CC=C(Br)C=C23)(C(C)C)NC1=O,CNP0144244.1,0.9997619986534119,0.9999905824661255,0.9999750852584839,0.9998199343681335,0.52,126
393.39900000000006,2.9590000000000005,5,2,COC1=CC2=C(C=C1OC)C1=C(C2)C(C(=O)NC2=CC=CC(C(=O)O)=C2)=NN1C,CNP0396434.0,0.9997512698173523,0.9994770884513855,0.9673663377761841,0.9927833080291748,0.48735027705792894,127
418.9060000000001,3.1137000000000015,6,1,CN1C[C@@H](NS(=O)(=O)C2=CC=CC=C2)C[C@H]1C1=NC(C2=CC=C(Cl)C=C2)=NO1,CNP0012618.1,0.999735414981842,0.999815046787262,0.9972298741340637,0.9906719923019409,0.6166666666666667,128
385.4600000000002,3.3312000000000017,5,2,COC(=O)[C@@H](CC1=CC=C(O)C=C1)NC(=O)C1=CC=C(OCCC(C)C)C=C1,CNP0378211.2,0.9997323155403137,0.9999045133590698,0.8870200514793396,0.998198926448822,0.55,129
385.4600000000002,3.3312000000000017,5,2,COC(=O)[C@H](CC1=CC=C(O)C=C1)NC(=O)C1=CC=C(OCCC(C)C)C=C1,CNP0378211.1,0.9997323155403137,0.9999045133590698,0.8870200514793396,0.998198926448822,0.55,130
414.5390000000002,3.0096000000000016,7,1,CC[C@@H](O)C[C@H]1CC[C@@H]([C@H](C)C(=O)O[C@@H](C)C[C@@H]2CC[C@H]([C@@H](C)C(=O)OC)O2)O1,CNP0575302.1,0.9997199177742004,1.0,0.9999226331710815,0.9985820055007935,0.46539016689219664,131
438.5720000000004,4.736300000000004,5,0,CCC1=NN2C(=N1)N(C(=O)C1=CC=C(OC)C(OC)=C1)[C@H]1CCCC[C@H]1C21CCCCC1,CNP0561128.1,0.9997163414955139,0.9999990463256836,0.993843674659729,0.9998718500137329,0.5147802128473985,132
392.86400000000015,2.8839000000000006,4,2,COC(=O)[C@H](CC1=CNC2=CC=CC=C12)NS(=O)(=O)C1=CC=C(Cl)C=C1,CNP0505530.2,0.9997013211250305,0.9999923706054688,0.9994321465492249,0.9998190999031067,0.59,133
392.86400000000015,2.8839000000000006,4,2,COC(=O)[C@@H](CC1=CNC2=CC=CC=C12)NS(=O)(=O)C1=CC=C(Cl)C=C1,CNP0505530.1,0.9997013211250305,0.9999923706054688,0.9994321465492249,0.9998190999031067,0.59,134
425.8720000000001,2.7054,3,3,O=C(N[C@@H](CC1=CC=CC=C1)C(=O)N1CC(C(=O)O)C1)C1=CC2=CC(Cl)=CC=C2N1,CNP0529166.1,0.999679684638977,1.0,0.9771580696105957,0.9998897314071655,0.48,135
417.5020000000002,3.317740000000003,5,3,CCC(C)[C@@H](C(=O)O)N1C(C)=CC2=C3C[C@@H](C(C)(C)O)COC3=C(C)C(O)=C2C1=O,CNP0556046.1,0.9996562004089355,1.0,0.9995063543319702,0.9999929666519165,0.48301401240017316,136
382.5080000000003,4.903000000000005,4,0,CCCC(=O)N1C2=NC(C3=CC=CO3)=NN2C2(CCCCC2)[C@@H]2CCCC[C@@H]21,CNP0498958.1,0.9996485710144043,1.0,0.9773986339569092,0.9998612403869629,0.550219838873107,137
475.95800000000014,3.0721000000000016,7,2,CC(=O)NC1=CC=C(S(=O)(=O)N[C@H]2C[C@@H](C3=NC(C4=CC=C(Cl)C=C4)=NO3)N(C)C2)C=C1,CNP0378707.1,0.9996398687362671,0.9999963045120239,0.9995875954627991,0.9997238516807556,0.7233333333333334,138
494.77300000000014,3.9056000000000015,5,4,COC1=CC=C(Cl)C=C1NC(=O)[C@H]1C[C@H](C(C)O)N[C@]12C(O)=NC1=CC=C(Br)C=C12,CNP0503816.1,0.9996383190155029,0.9999592304229736,0.9786710143089294,0.9974034428596497,0.4420568335588633,139
350.49900000000014,4.639100000000004,3,1,CO[C@H]1C[C@H](CC[C@@]2(C)[C@H](C)CC[C@@]3(C)C(C(=O)O)=CCC[C@H]23)CO1,CNP0155416.2,0.999612033367157,0.9999998807907104,0.9995889067649841,0.9977438449859619,0.42539016689219666,140
350.49900000000014,4.639100000000004,3,1,CO[C@@H]1C[C@H](CC[C@@]2(C)[C@H](C)CC[C@@]3(C)C(C(=O)O)=CCC[C@H]23)CO1,CNP0155416.1,0.999612033367157,0.9999998807907104,0.9995889067649841,0.9977438449859619,0.42539016689219666,141
489.48000000000025,3.5702000000000016,8,2,COC(=O)[C@@H](CC1=CC=C(O)C=C1)NC(=O)COC1=CC=C2C(=O)C(OC3=CC=CC=C3)=COC2=C1,CNP0363783.1,0.9996057152748108,0.9999958276748657,0.9814156293869019,0.9997175335884094,0.67,142
460.53000000000014,3.023900000000001,5,3,CC(=O)OC[C@H](CC1=CC=CC=C1)NC(=O)[C@H](CC1=CC=C(O)C=C1)NC(=O)C1=CC=CC=C1,CNP0204215.1,0.9995962977409363,0.9924081563949585,0.9832725524902344,0.08853793889284134,0.49333333333333335,143
495.57600000000036,2.868800000000001,8,2,CCOC(=O)C1=C/C(=C\CN2C=CN=C2)C2=C(C=C3O[C@H]([C@](C)(O)C4CCNCC4)CC3=C2OC)O1,CNP0097273.1,0.9995951056480408,0.9999996423721313,0.9945091605186462,0.9951086640357971,0.43318533975586265,144
428.5400000000001,4.777400000000004,5,1,CCCCC1=NC2(CCCC2)C(=O)N1CC1=CC=C(C2=CC=CC=C2C2=NNN=N2)C=C1,CNP0268007.0,0.9995933175086975,0.26945436000823975,0.9906050562858582,0.013452914543449879,0.36666666666666664,145
443.5690000000003,3.6083200000000026,5,1,COC1=CC=C(C)C=C1NC(=O)[C@H]1CN(S(=O)(=O)C2=CC=CN=C2)CC12CCCCC2,CNP0587869.2,0.9995911717414856,0.9851483106613159,0.1621123105287552,0.972337543964386,0.609619172863666,146
443.5690000000003,3.6083200000000026,5,1,COC1=CC=C(C)C=C1NC(=O)[C@@H]1CN(S(=O)(=O)C2=CC=CN=C2)CC12CCCCC2,CNP0587869.1,0.9995911717414856,0.9851483106613159,0.1621123105287552,0.972337543964386,0.609619172863666,147
389.4110000000001,2.9358000000000013,5,3,COC(=O)C(CC1=CNC2=CC=CC=C12)NC(=O)C1=CC(O)=NC2=CC=CC=C12,CNP0540198.0,0.9995834231376648,0.9999731779098511,0.9475595355033875,0.9985871315002441,0.49333333333333335,148
374.4330000000001,3.402400000000002,6,1,CC/C=C1\C=C(C(=O)OCC)OC2=CC3=C(C[C@@H](C(C)(C)O)O3)C(OC)=C12,CNP0088034.1,0.9995775818824768,1.0,0.9994410872459412,0.8711106181144714,0.35148727984344424,149
356.49500000000023,4.218200000000004,4,0,O=C(C1=CC=CS1)N1C2=NC=NN2C2(CCCCC2)[C@@H]2CCCC[C@@H]21,CNP0496479.1,0.9995658993721008,0.9999783039093018,0.9917072653770447,0.9978353381156921,0.33964122635355515,150
364.8290000000001,3.2993000000000015,5,1,COC[C@H]1CCCN1C(=O)C1=C([C@H](C)O)C(C2=CC=C(Cl)C=C2)=NO1,CNP0224762.1,0.9995586276054382,1.0,0.9999533891677856,0.9999632835388184,0.5863968048670183,151
412.4860000000002,2.8379000000000003,5,2,COC(=O)[C@H](CC1=CC=CC=C1)NC(=O)[C@@H](NC(=O)OCC1=CC=CC=C1)C(C)C,CNP0105105.3,0.999548614025116,1.0,0.9994107484817505,0.9998669624328613,0.5833333333333334,152
412.4860000000002,2.8379000000000003,5,2,COC(=O)[C@@H](CC1=CC=CC=C1)NC(=O)[C@@H](NC(=O)OCC1=CC=CC=C1)C(C)C,CNP0105105.2,0.999548614025116,1.0,0.9994107484817505,0.9998669624328613,0.5833333333333334,153
412.4860000000002,2.8379000000000003,5,2,COC(=O)[C@H](CC1=CC=CC=C1)NC(=O)[C@H](NC(=O)OCC1=CC=CC=C1)C(C)C,CNP0105105.1,0.999548614025116,1.0,0.9994107484817505,0.9998669624328613,0.5833333333333334,154
412.4860000000002,2.8379000000000003,5,2,COC(=O)[C@@H](CC1=CC=CC=C1)NC(=O)[C@H](NC(=O)OCC1=CC=CC=C1)C(C)C,CNP0105105.4,0.999548614025116,1.0,0.9994107484817505,0.9998669624328613,0.5833333333333334,155
435.5420000000003,3.9806000000000035,7,1,CCOC(=O)C1=C(NC(=O)[C@H]2CC(=O)OC23CCCCC3)SC2=C1CC(C)(C)OC2,CNP0529636.2,0.9995473027229309,1.0,0.9953696131706238,0.9994931221008301,0.44577779201808737,156
435.5420000000003,3.9806000000000035,7,1,CCOC(=O)C1=C(NC(=O)[C@@H]2CC(=O)OC23CCCCC3)SC2=C1CC(C)(C)OC2,CNP0529636.1,0.9995473027229309,1.0,0.9953696131706238,0.9994931221008301,0.44577779201808737,157
495.3290000000002,4.290600000000002,5,2,O=C(COC(=O)[C@H](CC1=CNC2=CC=CC=C12)NC(=O)C1=CC=CO1)C1=CC=C(Br)C=C1,CNP0530084.1,0.9995424747467041,1.0,0.9993775486946106,0.9995430707931519,0.41333333333333333,158
495.3290000000002,4.290600000000002,5,2,O=C(COC(=O)[C@@H](CC1=CNC2=CC=CC=C12)NC(=O)C1=CC=CO1)C1=CC=C(Br)C=C1,CNP0530084.2,0.9995424747467041,1.0,0.9993775486946106,0.9995430707931519,0.41333333333333333,159
491.5880000000002,3.643200000000003,5,1,CCCOC1=CC=C(C2CN3C(=O)CN(CCOC)C(=O)[C@]3(C)C3=C2C2=CC=CC=C2N3)C=C1OC,CNP0385265.1,0.9994820952415466,0.9999150037765503,0.966853678226471,0.9994826316833496,0.48333333333333334,160
489.6160000000002,4.795300000000005,4,1,CCCOC1=CC=C(C2CN3C(=O)CN(C(C)CC)C(=O)[C@]3(C)C3=C2C2=CC=CC=C2N3)C=C1OC,CNP0180456.1,0.9994681477546692,0.999737560749054,0.09314990788698196,0.9989026784896851,0.5433333333333333,161
460.5670000000003,4.744620000000005,6,2,COC1=C(C)C(OC[C@@H]2[C@@]3(C)CCCC(C)(C)[C@@H]3CC[C@@]2(C)O)=C2COC(=O)C2=C1C(=O)O,CNP0471954.1,0.9994625449180603,0.999984860420227,0.9927998781204224,0.30779314041137695,0.3668774467356409,162
490.6810000000003,4.3391000000000055,6,3,CC(=O)O[C@H]1CC[C@@]2(C)[C@@H](C1)C(=O)C=C1[C@@H]2CC[C@]2(C)[C@@H]([C@@H](C)[C@H](O)CCC(C)(C)O)CC[C@]12O,CNP0253756.3,0.9994524121284485,0.9999998807907104,0.16998738050460815,0.981650173664093,0.4766666666666667,163
490.6810000000003,4.3391000000000055,6,3,CC(=O)O[C@H]1CC[C@@]2(C)[C@@H](C1)C(=O)C=C1[C@@H]2CC[C@]2(C)[C@@H]([C@H](C)[C@H](O)CCC(C)(C)O)CC[C@@]12O,CNP0253756.1,0.9994524121284485,0.9999998807907104,0.16998738050460815,0.981650173664093,0.4766666666666667,164
490.6810000000003,4.3391000000000055,6,3,CC(=O)O[C@@H]1CC[C@@]2(C)[C@@H](C1)C(=O)C=C1[C@@H]2CC[C@]2(C)[C@@H]([C@@H](C)[C@H](O)CCC(C)(C)O)CC[C@]12O,CNP0253756.2,0.9994524121284485,0.9999998807907104,0.16998738050460815,0.981650173664093,0.4766666666666667,165
414.8010000000001,3.9129000000000023,6,2,C[C@@H](NC(=O)C1=CC=C2OCOC2=C1)C1=C(C(=O)O)C(C2=CC=C(Cl)C=C2)=NO1,CNP0074253.1,0.999431312084198,0.9993594288825989,0.9998705387115479,0.9218971729278564,0.4714872798434442,166
442.8990000000001,4.264000000000004,6,1,COC1=CC2=C(C=C1OC)CN(C(=O)C1=C([C@H](C)O)ON=C1C1=CC=C(Cl)C=C1)CC2,CNP0111029.1,0.9994284510612488,0.999998927116394,0.9999756813049316,0.9992451667785645,0.4270135569013731,167
443.5690000000003,3.690000000000003,5,1,CCOC1=CC=CC=C1NC(=O)[C@@H]1CN(S(=O)(=O)C2=CC=CN=C2)CC12CCCCC2,CNP0569521.2,0.9994081258773804,0.9988406300544739,0.07425110042095184,0.9841985702514648,0.5777951728636661,168
443.5690000000003,3.690000000000003,5,1,CCOC1=CC=CC=C1NC(=O)[C@H]1CN(S(=O)(=O)C2=CC=CN=C2)CC12CCCCC2,CNP0569521.1,0.9994081258773804,0.9988406300544739,0.07425110042095184,0.9841985702514648,0.5777951728636661,169
393.39900000000006,2.9590000000000005,5,2,COC1=CC2=C(C=C1OC)C1=C(C2)C(C(=O)NC2=CC=C(C(=O)O)C=C2)=NN1C,CNP0396505.0,0.9993866682052612,0.9999949932098389,0.9962753057479858,0.9997618794441223,0.49068361039126224,170
494.5920000000002,3.4061000000000012,4,4,CC[C@@H](C)[C@H](NC(=O)[C@H](CC1=CC=CC=C1)NC(=O)N1C2=CC=CC=C2NC(=O)[C@@H]1C(C)C)C(=O)O,CNP0553031.2,0.9993742108345032,0.9999995231628418,0.9958667755126953,0.9999520778656006,0.5391111253514207,171
494.5920000000002,3.4061000000000012,4,4,CC[C@H](C)[C@H](NC(=O)[C@H](CC1=CC=CC=C1)NC(=O)N1C2=CC=CC=C2NC(=O)[C@@H]1C(C)C)C(=O)O,CNP0553031.3,0.9993742108345032,0.9999995231628418,0.9958667755126953,0.9999520778656006,0.5391111253514207,172
494.5920000000002,3.4061000000000012,4,4,CCC(C)[C@H](NC(=O)[C@H](CC1=CC=CC=C1)NC(=O)N1C2=CC=CC=C2NC(=O)[C@@H]1C(C)C)C(=O)O,CNP0553031.1,0.9993742108345032,0.9999995231628418,0.9958667755126953,0.9999520778656006,0.5391111253514207,173
388.5480000000002,4.894300000000005,3,1,C[C@@H](CCC(=O)O)[C@H]1CC[C@@H]2[C@H]3C(=O)C[C@@H]4CCCC[C@]4(C)[C@@H]3CC(=O)[C@@]21C,CNP0472493.2,0.9993709921836853,0.9999994039535522,0.9981356859207153,0.9984959363937378,0.41333333333333333,174
388.5480000000002,4.894300000000005,3,1,C[C@@H](CCC(=O)O)[C@H]1CC[C@H]2[C@H]3C(=O)C[C@@H]4CCCC[C@]4(C)[C@@H]3CC(=O)[C@]12C,CNP0472493.4,0.9993709921836853,0.9999994039535522,0.9981356859207153,0.9984959363937378,0.41333333333333333,175
388.5480000000002,4.894300000000005,3,1,C[C@@H](CCC(=O)O)[C@H]1CC[C@@H]2[C@H]3C(=O)C[C@@H]4CCCC[C@]4(C)[C@H]3CC(=O)[C@@]21C,CNP0472493.3,0.9993709921836853,0.9999994039535522,0.9981356859207153,0.9984959363937378,0.41333333333333333,176
388.5480000000002,4.894300000000005,3,1,C[C@@H](CCC(=O)O)[C@H]1CC[C@H]2[C@H]3C(=O)C[C@@H]4CCCC[C@]4(C)[C@H]3CC(=O)[C@]12C,CNP0472493.1,0.9993709921836853,0.9999994039535522,0.9981356859207153,0.9984959363937378,0.41333333333333333,177
356.51400000000024,4.423200000000004,3,0,O=C(C1CCCCC1)N1C2=NC=NN2C2(CCCCC2)[C@@H]2CCCC[C@@H]21,CNP0556812.1,0.9993471503257751,0.9999998807907104,0.9905180335044861,0.9999139308929443,0.39217089023470647,178
433.5480000000001,4.081900000000003,4,3,CC(C)(O)[C@H]1O[C@@]2(O)CC[C@@]3(C)C(=CC[C@H]4CC5=C(NC6=CC=CC=C56)[C@@]43C)C2=CC1=O,CNP0071478.1,0.9993317723274231,0.9999984502792358,0.7466686367988586,0.9758363366127014,0.3981539465101109,179
384.5490000000004,4.780600000000004,4,0,CCC1=NN2C(=N1)N(C(=O)C1=CC=CS1)[C@H]1CCCC[C@H]1C21CCCCC1,CNP0560195.1,0.9993230104446411,0.9999924898147583,0.9644086956977844,0.9978811144828796,0.43119536455390667,180
393.5530000000003,2.911100000000001,4,0,CCCCN(C)C(=O)[C@@H]1CN(S(=O)(=O)C2=CC=CN=C2)CC12CCCCC2,CNP0605020.1,0.9992973804473877,0.9997057318687439,0.11335796117782593,0.9992465972900391,0.5766446131767775,181
393.5530000000003,2.911100000000001,4,0,CCCCN(C)C(=O)[C@H]1CN(S(=O)(=O)C2=CC=CN=C2)CC12CCCCC2,CNP0605020.2,0.9992973804473877,0.9997057318687439,0.11335796117782593,0.9992465972900391,0.5766446131767775,182
360.4060000000002,2.891800000000001,5,2,CC1C2CC34COC(O2)C1(CC(O)C1=COC=C1)C3CCC=C4C(=O)O,CNP0147385.0,0.9992890357971191,0.999970555305481,0.9886525273323059,0.7052127718925476,0.36,183
432.5130000000002,3.5308000000000024,7,2,CCOC(=O)C1=C/C(=C\CC(C)C)C2=C(OC)C3=C(O[C@H](C(C)(C)O)C3)C(CO)=C2O1,CNP0362524.1,0.9992665648460388,1.0,0.9992908239364624,0.9932625889778137,0.42393173852819827,184
473.4810000000002,3.4449000000000014,7,2,COC(=O)[C@@H](CC1=CC=CC=C1)NC(=O)COC1=CC(O)=C2C(=O)C=C(C3=CC=CC=C3)OC2=C1,CNP0112994.1,0.999215841293335,0.9999994039535522,0.8934713006019592,0.9991070628166199,0.5933333333333334,185
356.41800000000006,3.4367000000000028,5,3,COC1=CC2=C(C[C@@H](C(C)(C)O)O2)C(O)=C1C/C=C/C1=CC=C(O)C=C1,CNP0075778.2,0.9991911053657532,0.9999998807907104,0.9995104074478149,0.9990824460983276,0.36482061317677755,186
356.41800000000006,3.4367000000000028,5,3,COC1=CC2=C(C[C@H](C(C)(C)O)O2)C(O)=C1C/C=C/C1=CC=C(O)C=C1,CNP0075778.1,0.9991911053657532,0.9999998807907104,0.9995104074478149,0.9990824460983276,0.36482061317677755,187
494.59800000000035,2.7706800000000014,6,1,N#CC1=CC=CC=C1S(=O)(=O)NC1=CC=C2[C@@H]3C[C@H](CN(C(=O)CC4=CC=CS4)C3)CN2C1=O,CNP0043908.1,0.9991559982299805,0.999797523021698,0.7835183143615723,0.5079229474067688,0.49244445868475406,188
494.59800000000035,2.7706800000000014,6,1,N#CC1=CC=CC=C1S(=O)(=O)NC1=CC=C2[C@@H]3C[C@@H](CN(C(=O)CC4=CC=CS4)C3)CN2C1=O,CNP0043908.2,0.9991559982299805,0.999797523021698,0.7835183143615723,0.5079229474067688,0.49244445868475406,189
438.4610000000001,3.640500000000002,5,3,CC(=O)C1=CC=C(NS(=O)(=O)C2=CC=CC(C(=O)NC3=CC=C(C(=O)O)C=C3)=C2)C=C1,CNP0574896.0,0.9991229176521301,0.9785448312759399,0.9952852129936218,0.9841583967208862,0.5033333333333333,190
382.41600000000005,3.9665000000000026,5,2,CC(=O)OCC(C)CCCC(=O)C1=NC(C(=O)O)=CC2=C1NC1=CC=CC=C12,CNP0574905.0,0.9991182684898376,0.9998181462287903,0.9277387261390686,0.8999205231666565,0.49333333333333335,191
356.4180000000001,3.2530000000000014,4,2,COC1=CC(CCC2=CC=CC=C2)=C(C(=O)O)C2=C1C[C@@H](C(C)(C)O)O2,CNP0415032.2,0.9991115927696228,0.9999997615814209,0.9933239817619324,0.9896337985992432,0.35148727984344424,192
356.4180000000001,3.2530000000000014,4,2,COC1=CC(CCC2=CC=CC=C2)=C(C(=O)O)C2=C1C[C@H](C(C)(C)O)O2,CNP0415032.1,0.9991115927696228,0.9999997615814209,0.9933239817619324,0.9896337985992432,0.35148727984344424,193
424.56300000000033,2.8226199999999997,5,2,CC1=CC=C(S(=O)(=O)NC2(C(=O)N[C@@H](C)C(=O)OC(C)(C)C)CCCCC2)C=C1,CNP0201888.2,0.9990430474281311,0.9999755620956421,0.9991635084152222,0.9999760389328003,0.58,194
424.56300000000033,2.8226199999999997,5,2,CC1=CC=C(S(=O)(=O)NC2(C(=O)N[C@H](C)C(=O)OC(C)(C)C)CCCCC2)C=C1,CNP0201888.1,0.9990430474281311,0.9999755620956421,0.9991635084152222,0.9999760389328003,0.58,195
356.46200000000016,3.8102000000000027,3,1,C[C@@H](C(=O)O)[C@H]1CC[C@H]2[C@@H]3C=CC4=CC(=O)CC[C@]4(C)[C@H]3CC(=O)[C@]12C,CNP0334249.2,0.9989973902702332,1.0,0.9992934465408325,0.9996776580810547,0.4120568335588633,196
356.46200000000016,3.8102000000000027,3,1,C[C@H](C(=O)O)[C@H]1CC[C@H]2[C@@H]3C=CC4=CC(=O)CC[C@]4(C)[C@H]3CC(=O)[C@]12C,CNP0334249.3,0.9989973902702332,1.0,0.9992934465408325,0.9996776580810547,0.4120568335588633,197
356.46200000000016,3.8102000000000027,3,1,CC(C(=O)O)C1CCC2C3C=CC4=CC(=O)CC[C@]4(C)C3CC(=O)[C@]12C,CNP0334249.1,0.9989973902702332,1.0,0.9992934465408325,0.9996776580810547,0.4120568335588633,198
476.5290000000002,2.7295000000000007,6,4,CC(=O)OC[C@H](CC1=CC=C(O)C=C1)NC(=O)[C@H](CC1=CC=C(O)C=C1)NC(=O)C1=CC=CC=C1,CNP0258486.1,0.9989928603172302,0.9585972428321838,0.960120677947998,0.02916773594915867,0.49,199
390.4760000000002,3.6700000000000017,4,2,CC(=O)OCC(C)C1CCC2C3C=CC(C(=O)O)=CCC3(C)CCC12C(=O)O,CNP0257616.0,0.9989911913871765,0.9999986886978149,0.9747837781906128,0.978318989276886,0.45666666666666667,200
491.5400000000004,4.872700000000004,7,4,COC1=C(O)C(CC2=CNC=C2)=C2OC(C3=CC=C(O)C=C3)=CC(=O)C2=C1OCCC1(O)CCCC1,CNP0440474.0,0.9989808201789856,1.0,0.8495928645133972,0.9998573064804077,0.42513527984344424,201
372.41700000000003,3.111800000000002,6,4,COC1=C(O)C=CC2=C1CC(C(C)(C)O)C2CC(=O)C1=CC=C(O)C=C1O,CNP0118605.0,0.9989757537841797,0.9999991655349731,0.9959652423858643,0.9904555678367615,0.39384508749597785,202
360.50200000000024,3.612700000000002,4,0,COCC(=O)N1C2=NC(C(C)C)=NN2C2(CCCCC2)[C@@H]2CCCC[C@@H]21,CNP0491398.1,0.998975396156311,1.0,0.9952908754348755,0.9999631643295288,0.6497080847104625,203
417.4610000000002,4.268800000000003,4,2,CN(C(=O)OCC1C2=CC=CC=C2C2=CC=CC=C21)[C@H](CC1=CC=C(O)C=C1)C(=O)O,CNP0473471.1,0.9989553689956665,0.9940544962882996,0.9500395655632019,0.6231299638748169,0.4266666666666667,204
417.4610000000002,4.268800000000003,4,2,CN(C(=O)OCC1C2=CC=CC=C2C2=CC=CC=C21)[C@@H](CC1=CC=C(O)C=C1)C(=O)O,CNP0473471.2,0.9989553689956665,0.9940544962882996,0.9500395655632019,0.6231299638748169,0.4266666666666667,205
356.46900000000005,4.785700000000005,2,1,O=C1NC(CC2=CC=CC=C2)=NC2=C1C1(CCCCC1)CC1=CC=CC=C12,CNP0521550.0,0.998948872089386,0.9999922513961792,0.9951243996620178,0.9990043044090271,0.27,206
494.9970000000003,2.7375000000000016,7,1,COC1=C2CN(C)CCC2=C(S(=O)(=O)N2CCC(O)(C3=CC=C(Cl)C=C3)CC2)C2=C1OCO2,CNP0206927.0,0.9989446997642517,0.9999992847442627,0.9743604063987732,0.022241925820708275,0.5214872798434442,207
467.60700000000037,2.9240000000000004,5,3,CC[C@H](C)[C@H](NC(=O)OC(C)(C)C)C(=O)NC[C@H]1CC[C@H](C(=O)N2CCC[C@H]2C(=O)O)CC1,CNP0389108.2,0.9989363551139832,1.0,0.999829888343811,0.9999783039093018,0.5953494732448199,208
467.60700000000037,2.9240000000000004,5,3,CC[C@@H](C)[C@H](NC(=O)OC(C)(C)C)C(=O)NC[C@H]1CC[C@H](C(=O)N2CCC[C@H]2C(=O)O)CC1,CNP0389108.3,0.9989363551139832,1.0,0.999829888343811,0.9999783039093018,0.5953494732448199,209
467.60700000000037,2.9240000000000004,5,3,CCC(C)[C@H](NC(=O)OC(C)(C)C)C(=O)NC[C@H]1CC[C@H](C(=O)N2CCC[C@H]2C(=O)O)CC1,CNP0389108.1,0.9989363551139832,1.0,0.999829888343811,0.9999783039093018,0.5953494732448199,210
370.3680000000001,3.7897000000000007,5,4,O=C(C1=NC(O)=C(C=C2C=NC3=CC(O)=CC=C23)N1)C1=CNC2=CC=CC=C12,CNP0483359.0,0.9989240765571594,0.9984059929847717,0.9999450445175171,0.9995379447937012,0.29333333333333333,211
374.47700000000015,4.618900000000004,4,1,CC(=O)OC[C@@]12CC[C@@H](C)[C@](C)(CCC3=COC=C3)[C@H]1CCC=C2C(=O)O,CNP0158419.1,0.9989067316055298,0.9999996423721313,0.9589195251464844,0.9965721368789673,0.4020568335588633,212
381.38400000000007,3.0170000000000003,5,3,CCOC(=O)CC(C1=CC=C(C(=O)O)C=C1)C1=C(O)C2=CC=CC=C2NC1=O,CNP0351160.0,0.9988964796066284,0.9934110045433044,0.9722035527229309,0.8965191841125488,0.32666666666666666,213
386.4440000000002,3.414800000000002,6,3,COC1=CC(O)=CC=C1C(=O)CC1C2=CC=C(O)C(OC)=C2CC1C(C)(C)O,CNP0283898.0,0.9988754391670227,0.9999992847442627,0.9970301389694214,0.9939571619033813,0.40717842082931116,214
376.53700000000015,4.282500000000004,4,1,COC(=O)CC[C@]12C[C@]13CC[C@]1(C)C(=O)CC[C@@]1(C)[C@@H]3CC[C@H]2C(C)(C)O,CNP0311948.1,0.998833954334259,0.9999980926513672,0.9984568357467651,0.9398621320724487,0.3348206131767776,215
390.64200000000017,3.6015000000000015,3,2,O=C(O)C1=CC(Br)=CC=C1NS(=O)(=O)C1=CC=C(Cl)C=C1,CNP0604677.0,0.9987936019897461,0.8815215229988098,0.9991638660430908,0.9848280549049377,0.44666666666666666,216
386.8350000000001,4.5526000000000035,5,2,COC1=CC=C(C2=NOC([C@@H](C)NCC3=CC=CC(Cl)=C3)=C2C(=O)O)C=C1,CNP0015380.1,0.9987820982933044,0.9999998807907104,0.9996132254600525,0.9980592131614685,0.543063471533685,217
448.6440000000003,3.7683000000000026,5,4,C[C@H](CCCC(C)(C)O)[C@H]1CC[C@@]2(O)C3=CC(=O)[C@@H]4C[C@@H](O)[C@@H](O)C[C@]4(C)[C@H]3CC[C@]12C,CNP0168100.1,0.9987362027168274,1.0,0.9157906770706177,0.9882515072822571,0.39,218
400.51200000000017,2.921200000000002,6,2,CC[C@@H](C[C@@H]1CC[C@H]([C@@H](C)C(=O)O)O1)OC(=O)[C@@H](C)[C@@H]1CC[C@H](C[C@@H](C)O)O1,CNP0254170.2,0.9987082481384277,1.0,0.9999353885650635,0.9997250437736511,0.4720568335588633,219
400.51200000000017,2.921200000000002,6,2,CC[C@@H](C[C@@H]1CC[C@H]([C@@H](C)C(=O)O)O1)OC(=O)[C@@H](C)[C@H]1CC[C@@H](C[C@H](C)O)O1,CNP0254170.1,0.9987082481384277,1.0,0.9999353885650635,0.9997250437736511,0.4720568335588633,220
496.20300000000015,4.112900000000002,3,3,CC[C@@H](C)[C@@]1(C(=O)N/C=C\C2=CNC3=CC(Br)=C(Br)C=C23)N=C(C)C(=O)N1,CNP0303572.1,0.998654842376709,0.999640703201294,0.9988184571266174,0.9966456294059753,0.51,221
432.6450000000003,4.797500000000005,4,3,CC(CCCC(C)(C)O)C1CCC2(O)C3=CC(=O)C4CC(O)CCC4(C)C3CCC12C,CNP0348970.0,0.9986478686332703,1.0,0.9254830479621887,0.9783515334129333,0.41,222
422.5470000000004,3.0168000000000017,5,1,COC1=CC=C(NC(=O)[C@@H]2CN(S(=O)(=O)C3CC3)CC23CCCCC3)C(OC)=C1,CNP0528146.1,0.9986364245414734,0.9999637603759766,0.1606898009777069,0.9915469288825989,0.5853901668921967,223
422.5470000000004,3.0168000000000017,5,1,COC1=CC=C(NC(=O)[C@H]2CN(S(=O)(=O)C3CC3)CC23CCCCC3)C(OC)=C1,CNP0528146.2,0.9986364245414734,0.9999637603759766,0.1606898009777069,0.9915469288825989,0.5853901668921967,224
490.6370000000003,2.9855000000000014,7,3,COC(=O)CC[C@@H](C)[C@H]1CC(=O)[C@@]2(C)C3=C(C(=O)[C@@H](O)[C@]12C)[C@@]1(C)CC[C@H](O)C(C)(C)[C@@H]1C[C@@H]3O,CNP0188545.1,0.9986068606376648,1.0,0.9903000593185425,0.9981473684310913,0.3933333333333333,225
476.5140000000002,4.113100000000002,5,4,COC1=CC(NS(C)(=O)=O)=CC=C1N=C1C2=CC=C(C(=O)O)C=C2NC2=C1NC1=CC=CC=C12,CNP0541683.0,0.9986019730567932,0.9974027276039124,0.9999803304672241,0.9986831545829773,0.5868774467356409,226
423.58500000000004,4.818000000000003,8,2,CCC(C)[C@@H](O)CCCC1=NC(C2=NC(C3=NC(C(=O)O)=CS3)=CS2)=CS1,CNP0575186.1,0.9985957741737366,0.9999998807907104,0.9591085314750671,0.9992165565490723,0.43666666666666665,227
414.4980000000002,3.950400000000003,6,2,CC(C)(O)[C@@H]1CC2=C(C=C3OC(C4(O)CCCC4)=CC(=O)C3=C2OC2CCCC2)O1,CNP0055969.1,0.998572587966919,1.0,0.9957333207130432,0.9924822449684143,0.32226761362783757,228
441.91500000000013,4.019300000000003,6,1,COC1=CC=CC=C1N1CCN(C(=O)C2=C([C@H](C)O)C(C3=CC=C(Cl)C=C3)=NO2)CC1,CNP0181953.1,0.9985492825508118,0.9999997615814209,0.9998120665550232,0.999291181564331,0.558364726579085,229
414.4980000000003,4.3251000000000035,6,1,C=C1C=C(C(=O)OCC)OC2=CC3=C(C[C@@H](C(C)(C)O)O3)C(OC3CCCCC3)=C12,CNP0370725.1,0.9985079169273376,1.0,0.9998441934585571,0.982987642288208,0.4202107800689742,230
402.49100000000027,4.206900000000004,6,1,CCN(C(=O)C1=C([C@H](C)O)ON=C1C1=CC=C(OC)C(OC)=C1)C1CCCCC1,CNP0017262.1,0.998497724533081,0.9999984502792358,0.9999070167541504,0.9997345805168152,0.515149156571994,231
440.5770000000003,3.4775000000000023,6,3,CCO[C@@H]1O[C@H](OCC)[C@@](O)(CC[C@]2(C)[C@@H](C)CC[C@]3(C)C(C(=O)O)=CCC[C@@H]23)[C@@H]1O,CNP0184832.1,0.9984890222549438,0.999984622001648,0.9981379508972168,0.8888283371925354,0.42872350022552996,232
435.5530000000003,4.313100000000003,6,2,COC1=CC=CC=C1NC(=O)[C@H]1SC2=NN=C(C3=CC=CC=C3)N2NC12CCCCC2,CNP0520064.2,0.9984833598136902,0.9862431883811951,0.9954138994216919,0.9926211833953857,0.4666666666666667,233
435.5530000000003,4.313100000000003,6,2,COC1=CC=CC=C1NC(=O)[C@@H]1SC2=NN=C(C3=CC=CC=C3)N2NC12CCCCC2,CNP0520064.1,0.9984833598136902,0.9862431883811951,0.9954138994216919,0.9926211833953857,0.4666666666666667,234
356.809,4.544000000000004,4,2,C[C@@H](NCC1=CC=CC(Cl)=C1)C1=C(C(=O)O)C(C2=CC=CC=C2)=NO1,CNP0490522.1,0.9984123706817627,0.9999953508377075,0.9995753169059753,0.9974628686904907,0.4763968048670183,235
468.57900000000024,2.902680000000001,5,1,CC(C)(C)CC(=O)N1C[C@@H]2C[C@H](C1)C1=CC=C(NS(=O)(=O)C3=CC=CC=C3C#N)C(=O)N1C2,CNP0034758.1,0.9984011054039001,0.9997140765190125,0.04167889058589935,0.6304523944854736,0.5626552387537282,236
475.9580000000002,2.9498200000000017,6,0,CC1=CC(CN2C(=O)CC3(CCN(S(=O)(=O)C4=CC=CC(Cl)=C4)CC3)N3N=CC=C23)=NO1,CNP0527471.0,0.9982833862304688,0.9999079704284668,0.9882819056510925,0.9993677735328674,0.5266666666666666,237
476.5370000000002,2.8354000000000017,8,1,CC(=O)N1CCN(C2=CC(C3=NOC([C@@H]4CCCN4CC4=CC=C(C(=O)O)C=C4)=N3)=CC=N2)CC1,CNP0075308.1,0.9982773065567017,0.9998438358306885,0.9573506712913513,0.9999516010284424,0.5486657006727553,238
431.8720000000003,3.051200000000002,6,2,CCOC(=O)[C@H](CC1=CC=CC=C1)NC(=O)C1=CC(Cl)=C2C[C@@H](C)OC(=O)C2=C1O,CNP0270417.2,0.9982486963272095,0.9999997615814209,0.9991790652275085,0.990362286567688,0.49,239
431.8720000000003,3.051200000000002,6,2,CCOC(=O)[C@H](CC1=CC=CC=C1)NC(=O)C1=CC(Cl)=C2CC(C)OC(=O)C2=C1O,CNP0270417.1,0.9982486963272095,0.9999997615814209,0.9991790652275085,0.990362286567688,0.49,240
486.6490000000004,3.4369000000000023,6,4,CC(C)[C@@](O)([C@H](C)O)[C@@H]1C=C([C@H]2[C@H](O)C[C@H]3C4=CC[C@H]5C[C@@H](O)CC[C@]5(C)C4=CC[C@@]32C)C(=O)O1,CNP0349415.1,0.9981902241706848,1.0,0.9936662316322327,0.9844531416893005,0.4320568335588633,241
471.59400000000034,4.018200000000003,7,2,CCOC(=O)C1=C/C(=C\CC(C)C)C2=C(C=C3O[C@H]([C@](C)(O)C4CCNCC4)CC3=C2OC)O1,CNP0255715.1,0.9981719255447388,0.9999915361404419,0.9818414449691772,0.23548240959644318,0.48872350022552996,242
372.4020000000001,3.079300000000001,5,2,C[C@@H](NS(=O)(=O)C1=CC=CC=C1)C1=C(C(=O)O)C(C2=CC=CC=C2)=NO1,CNP0015415.1,0.9981701374053955,0.9820075631141663,0.9994052648544312,0.9823958277702332,0.5021929437245956,243
432.5570000000003,4.681100000000004,5,1,CC[C@@H](C)C(=O)O[C@@H]1C=C(C(=O)O)[C@]2(C)CC[C@@H](C)[C@](C)(CCC3=CC(=O)OC3)[C@H]2C1,CNP0244854.1,0.9981200098991394,0.9999994039535522,0.4357075095176697,0.9979323148727417,0.45539016689219664,244
418.9060000000002,3.1137000000000015,6,1,CN1C[C@@H](NS(=O)(=O)C2=CC=C(Cl)C=C2)C[C@H]1C1=NC(C2=CC=CC=C2)=NO1,CNP0015531.1,0.9981027245521545,0.9982128143310547,0.9928380846977234,0.9797311425209045,0.6066666666666667,245
396.94000000000034,3.653000000000003,3,1,O=C(NC1=CC=CC=C1Cl)[C@@H]1CN(S(=O)(=O)C2CC2)CC12CCCCC2,CNP0558681.1,0.9981012940406799,0.9999998807907104,0.9833536148071289,0.9994866847991943,0.5333333333333333,246
396.94000000000034,3.653000000000003,3,1,O=C(NC1=CC=CC=C1Cl)[C@H]1CN(S(=O)(=O)C2CC2)CC12CCCCC2,CNP0558681.2,0.9981012940406799,0.9999998807907104,0.9833536148071289,0.9994866847991943,0.5333333333333333,247
426.4250000000002,3.556600000000002,7,2,COC1=CC(C(=O)N[C@H](C)C2=C(C(=O)O)C(C3=CC=CC=C3)=NO2)=CC(OC)=C1OC,CNP0408774.1,0.9980499744415283,0.997967541217804,0.9984972476959229,0.9913621544837952,0.5081539465101108,248
471.8970000000003,3.981100000000003,8,1,COC1=CC=C(C2=CC(C(=O)NC3=C4CCN(C)CC4=C(OC)C4=C3OCO4)=NO2)C=C1Cl,CNP0111849.0,0.9980395436286926,1.0,0.9997598528862,0.9998770952224731,0.5714872798434442,249
435.56400000000014,3.9567000000000023,4,3,CC(C)(O)[C@@H]1O[C@H]2CC[C@@]3(C)[C@@](O)(CC[C@H]4CC5=C(NC6=CC=CC=C56)[C@@]43C)C2=CC1=O,CNP0236994.2,0.9979440569877625,0.9999980926513672,0.4577341377735138,0.7764517664909363,0.31354411340230753,250
435.56400000000014,3.9567000000000023,4,3,CC(C)(O)[C@H]1O[C@H]2CC[C@@]3(C)[C@@](O)(CC[C@H]4CC5=C(NC6=CC=CC=C56)[C@@]43C)C2=CC1=O,CNP0236994.1,0.9979440569877625,0.9999980926513672,0.4577341377735138,0.7764517664909363,0.31354411340230753,251
384.9290000000003,3.4288200000000018,3,1,CC1=CC(Cl)=CC=C1NC(=O)[C@@H]1CN(S(C)(=O)=O)CC12CCCCC2,CNP0523677.1,0.9978600144386292,0.9999920129776001,0.9513389468193054,0.9981569647789001,0.5681539465101109,252
384.9290000000003,3.4288200000000018,3,1,CC1=CC(Cl)=CC=C1NC(=O)[C@H]1CN(S(C)(=O)=O)CC12CCCCC2,CNP0523677.2,0.9978600144386292,0.9999920129776001,0.9513389468193054,0.9981569647789001,0.5681539465101109,253
438.49100000000027,3.2704000000000013,5,2,CN1CCN(C2=NC(C3=C(C4=CNC5=CC=CC=C45)C(O)=NC3=O)=C3C=CC=CC3=N2)CC1,CNP0507919.0,0.9978532195091248,0.9999567270278931,0.9964786171913147,0.9932705760002136,0.3055262770579289,254
449.26400000000007,4.7097000000000016,4,4,O=C(C1=NC(=CC2=CNC3=CC(O)=CC=C23)C(O)=N1)C1=CNC2=CC=C(Br)C=C12,CNP0508384.0,0.9978501796722412,0.9996716976165771,0.9999865293502808,0.9999349117279053,0.31333333333333335,255
465.5900000000002,3.9308000000000036,5,3,CO[C@]12CC[C@@]3(C)[C@@](O)(CC[C@H]4CC5=C(NC6=CC=CC=C56)[C@@]43C)C1=CC(=O)[C@@H](C(C)(C)O)O2,CNP0140726.1,0.9978176355361938,0.999901533126831,0.8962231278419495,0.10118778049945831,0.3481539465101109,256
426.4500000000001,3.4465000000000012,5,3,COC1=CC=C(NC(=O)C2=CC=CC(S(=O)(=O)NC3=CC=C(C(=O)O)C=C3)=C2)C=C1,CNP0542514.0,0.9977795481681824,0.9854688048362732,0.9639565348625183,0.9211418628692627,0.5233333333333333,257
483.6500000000004,3.4639000000000015,5,4,CCC(C)[C@H](NC(=O)[C@H]1CC[C@H](CNC(=O)[C@@H](NC(=O)OC(C)(C)C)C(C)CC)CC1)C(=O)O,CNP0389017.1,0.9977188110351562,1.0,0.9984444975852966,0.9998314380645752,0.5409571788413098,258
483.6500000000004,3.4639000000000015,5,4,CC[C@@H](C)[C@H](NC(=O)[C@H]1CC[C@@H](CNC(=O)[C@@H](NC(=O)OC(C)(C)C)[C@@H](C)CC)CC1)C(=O)O,CNP0389017.3,0.9977188110351562,1.0,0.9984444975852966,0.9998314380645752,0.5409571788413098,259
483.6500000000004,3.4639000000000015,5,4,CC[C@@H](C)[C@H](NC(=O)[C@H]1CC[C@H](CNC(=O)[C@@H](NC(=O)OC(C)(C)C)[C@H](C)CC)CC1)C(=O)O,CNP0389017.5,0.9977188110351562,1.0,0.9984444975852966,0.9998314380645752,0.5409571788413098,260
483.6500000000004,3.4639000000000015,5,4,CC[C@H](C)[C@H](NC(=O)[C@H]1CC[C@H](CNC(=O)[C@@H](NC(=O)OC(C)(C)C)[C@@H](C)CC)CC1)C(=O)O,CNP0389017.4,0.9977188110351562,1.0,0.9984444975852966,0.9998314380645752,0.5409571788413098,261
483.6500000000003,3.4639000000000024,5,4,CC[C@@H](C)[C@H](NC(=O)OC(C)(C)C)C(=O)NC[C@H]1CC[C@@H](C(=O)N[C@H](C(=O)O)[C@@H](C)CC)CC1,CNP0389017.2,0.9977188110351562,1.0,0.9984444975852966,0.9998314380645752,0.5409571788413098,262
471.5350000000001,2.743480000000001,7,2,CC(C)C1=CC=C(NC(=O)O[C@@H]2CO[C@H]3[C@@H]2OC[C@@H]3NS(=O)(=O)C2=CC=CC=C2C#N)C=C1,CNP0055120.1,0.9976599216461182,0.9999904632568359,0.9998714923858643,0.9948567152023315,0.5811647509578545,263
461.9940000000002,4.025100000000002,7,2,CCC(CC)COC(=O)[C@@H]1C[C@H]2C[C@@H](OC3=CC=CC(Cl)=C3C3=NN=NN3)CC[C@H]2CN1,CNP0530292.1,0.9976252913475037,1.0,0.9999771118164062,0.994675874710083,0.5771784208293111,264
489.61600000000027,4.796900000000004,4,1,CCCCN1CC(=O)N2CC(C3=CC=C(OCCC)C(OC)=C3)C3=C(NC4=CC=CC=C34)[C@@]2(C)C1=O,CNP0164323.1,0.9975734353065491,0.9999423027038574,0.7528496980667114,0.9993963241577148,0.4766666666666667,265
384.56800000000027,4.985600000000005,3,0,CCC1=NN2C(=N1)N(C(=O)C1CCCCC1)[C@H]1CCCC[C@H]1C21CCCCC1,CNP0549357.1,0.997553288936615,1.0,0.9798294305801392,0.9999681711196899,0.4711953645539067,266
376.40500000000014,3.4292000000000025,6,1,COC1=CC(C(=O)O)=CC=C1OC(C)CC1=CC(OC)=C(OC)C(OC)=C1,CNP0348974.0,0.9974303841590881,0.9998407363891602,0.9998393058776855,0.9958112239837646,0.30333333333333334,267
475.9580000000002,2.9498200000000017,6,0,CC1=CC(CN2C(=O)CC3(CCN(S(=O)(=O)C4=CC=C(Cl)C=C4)CC3)N3N=CC=C23)=NO1,CNP0554427.0,0.9974249601364136,0.9996902942657471,0.9950150847434998,0.9994795918464661,0.5173723305478181,268
454.51900000000023,3.895800000000003,7,1,CCOC(=O)C1=C2CC[C@H]3CC(=O)CCC3=C2C2=C(C=C3O[C@H](C(C)(C)O)CC3=C2OC)O1,CNP0098557.1,0.9974204301834106,1.0,0.9998364448547363,0.9962701797485352,0.3635441134023075,269
446.62800000000027,3.6884000000000023,5,4,C[C@H](CCCC(C)(C)O)[C@H]1CC[C@]2(O)C3=CC(=O)C4=C[C@H](O)[C@H](O)C[C@]4(C)[C@H]3CC[C@]12C,CNP0155531.2,0.9973932504653931,1.0,0.7857016921043396,0.9787719249725342,0.38,270
446.62800000000027,3.6884000000000023,5,4,C[C@@H](CCCC(C)(C)O)[C@@H]1CC[C@]2(O)C3=CC(=O)C4=C[C@@H](O)[C@@H](O)C[C@@]4(C)[C@@H]3CC[C@@]12C,CNP0155531.3,0.9973932504653931,1.0,0.7857016921043396,0.9787719249725342,0.38,271
446.62800000000027,3.6884000000000023,5,4,C[C@H](CCCC(C)(C)O)[C@H]1CC[C@@]2(O)C3=CC(=O)C4=C[C@H](O)[C@H](O)C[C@]4(C)[C@H]3CC[C@]12C,CNP0155531.1,0.9973932504653931,1.0,0.7857016921043396,0.9787719249725342,0.38,272
370.4900000000002,2.9330000000000007,4,3,CC[C@H](C)[C@H](NC(=O)OC(C)(C)C)C(=O)NC[C@H]1CC[C@H](C(=O)O)CC1,CNP0260069.1,0.9973918199539185,1.0,0.997930645942688,0.9998440742492676,0.5266666666666666,273
423.5750000000002,3.698400000000003,6,3,C/C1=C/C(=O)O[C@@H](C[C@@H](O)[C@@H]2CSC(O)=N2)C[C@H](O)CC[C@H](C)/C=C\C=C\CC1,CNP0543612.1,0.9973101615905762,0.9999873638153076,0.9999817609786987,0.9439808130264282,0.38726507186153164,274
436.5040000000002,4.235100000000004,6,1,C=C1C=C(C(=O)OCC)OC2=CC3=C(C[C@@H](C(C)(C)O)O3)C(OCCC3=CC=CC=C3)=C12,CNP0186545.1,0.9972789883613586,1.0,0.9984484910964966,0.9797257781028748,0.34148727984344424,275
464.5180000000002,3.9754000000000023,6,2,C=C1C=C(C(=O)OCC)OC2=CC3=C(C[C@@H](C(C)(C)O)O3)C(OCCN3C=CC4=C3C=CN4)=C12,CNP0299782.1,0.9972298741340637,1.0,0.8950517773628235,0.9981532692909241,0.4196412263535551,276
481.5560000000002,4.255700000000003,3,4,O=C(NCCC1=CNC2=CC=CC=C12)[C@H](CC1=CC=CC=C1)NC(=O)N1CC(O)=NC2=CC=CC=C21,CNP0511942.1,0.9972071051597595,0.9999998807907104,0.9981663823127747,0.9999169111251831,0.31666666666666665,277
469.62300000000033,3.073800000000001,5,4,CCC(C)[C@H](NC(=O)[C@H]1CC[C@H](CNC(=O)[C@@H](NC(=O)OC(C)(C)C)C(C)C)CC1)C(=O)O,CNP0333052.2,0.9972008466720581,1.0,0.9966301321983337,0.9998130202293396,0.5542905121746431,278
469.62300000000033,3.073800000000001,5,4,CCC(C)[C@H](NC(=O)[C@H]1CC[C@H](CNC(=O)[C@H](NC(=O)OC(C)(C)C)C(C)C)CC1)C(=O)O,CNP0333052.1,0.9972008466720581,1.0,0.9966301321983337,0.9998130202293396,0.5542905121746431,279
469.62300000000033,3.073800000000001,5,4,CC[C@H](C)[C@H](NC(=O)[C@H]1CC[C@H](CNC(=O)[C@H](NC(=O)OC(C)(C)C)C(C)C)CC1)C(=O)O,CNP0333052.4,0.9972008466720581,1.0,0.9966301321983337,0.9998130202293396,0.5542905121746431,280
469.62300000000033,3.073800000000001,5,4,CC[C@H](C)[C@H](NC(=O)[C@H]1CC[C@H](CNC(=O)[C@@H](NC(=O)OC(C)(C)C)C(C)C)CC1)C(=O)O,CNP0333052.3,0.9972008466720581,1.0,0.9966301321983337,0.9998130202293396,0.5542905121746431,281
469.62300000000033,3.073800000000001,5,4,CC[C@@H](C)[C@H](NC(=O)[C@H]1CC[C@H](CNC(=O)[C@@H](NC(=O)OC(C)(C)C)C(C)C)CC1)C(=O)O,CNP0333052.6,0.9972008466720581,1.0,0.9966301321983337,0.9998130202293396,0.5542905121746431,282
469.62300000000033,3.073800000000001,5,4,CC[C@@H](C)[C@H](NC(=O)[C@H]1CC[C@H](CNC(=O)[C@H](NC(=O)OC(C)(C)C)C(C)C)CC1)C(=O)O,CNP0333052.5,0.9972008466720581,1.0,0.9966301321983337,0.9998130202293396,0.5542905121746431,283
465.66000000000025,3.1434000000000006,5,3,CCCS(=O)(=O)N[C@H]1CC(C)(C)[C@@H]2C[C@@](C)(O)CC[C@]12CCC(=O)NCC1=CC=CN=C1,CNP0391945.2,0.9971615076065063,0.9923328161239624,0.6662124395370483,0.9574400186538696,0.5804897006727553,284
465.66000000000025,3.1434000000000006,5,3,CCCS(=O)(=O)N[C@@H]1CC(C)(C)[C@H]2C[C@@](C)(O)CC[C@@]21CCC(=O)NCC1=CC=CN=C1,CNP0391945.1,0.9971615076065063,0.9923328161239624,0.6662124395370483,0.9574400186538696,0.5804897006727553,285
373.41200000000003,3.230200000000001,4,2,COC(=O)[C@H](CC1=CC=CC=C1)NC(=O)C1=CC2=C(C=N1)NC1=CC=CC=C12,CNP0391477.1,0.9971529245376587,0.9907841682434082,0.9495276808738708,0.9601645469665527,0.5266666666666666,286
390.43200000000013,2.965300000000002,7,1,CCC(C)C(=O)OCC1=CC(=O)C2=C(OC)C3=C(C=C2O1)O[C@H](C(C)(C)O)C3,CNP0259185.1,0.9970904588699341,1.0,0.9956738352775574,0.9998582601547241,0.4257777920180874,287
387.2590000000001,3.5954000000000024,5,1,COC(=O)COC1=CC2=C(C(=O)[C@@](C)(C3(O)CCCC3)C2)C(Cl)=C1Cl,CNP0196828.1,0.9969968795776367,0.9990072846412659,0.8897253274917603,0.09745068103075027,0.3433333333333333,288
356.51400000000024,4.205400000000004,3,0,CCCC1=NN2C(=N1)N(C(=O)C1CC1)[C@H]1CCCC[C@H]1C21CCCCC1,CNP0525368.1,0.9969448447227478,0.9999995231628418,0.9325194358825684,0.9997751116752625,0.46452869788724,289
451.56300000000016,3.2767000000000017,5,4,CC(C)(O)[C@H]1O[C@@]2(O)CC[C@@]3(C)[C@@](O)(CC[C@H]4CC5=C(NC6=CC=CC=C56)[C@@]43C)C2=CC1=O,CNP0191902.1,0.9968271851539612,0.9999827146530151,0.41425615549087524,0.21524424850940704,0.35148727984344424,290
484.62200000000024,2.8535000000000013,7,2,CC(C)C1=CC=C(S(=O)(=O)N2CCC3(CC2)NCCN=C3NCC2=CC=C3OCOC3=C2)C=C1,CNP0594523.0,0.9966771602630615,0.9999988079071045,0.9897953867912292,0.9953163862228394,0.5466666666666666,291
490.7250000000004,4.484300000000005,5,4,C[C@H](CC[C@@H](O)C(C)(C)O)[C@H]1[C@@H](O)C[C@@]2(C)[C@@H]3C[C@H](O)[C@H]4C(C)(C)C(=O)CC[C@@]45C[C@@]35CC[C@]12C,CNP0227164.1,0.9966155886650085,0.9999998807907104,0.9982501864433289,0.8221372961997986,0.35,292
393.43900000000014,3.289900000000001,5,3,N[C@H](C(=O)O)[C@@H](O)C1=CC=C(OCC2=CC=CC=C2)C(OCC2=CC=CC=C2)=C1,CNP0009900.1,0.9965929388999939,0.9967893958091736,0.888281524181366,0.9733081459999084,0.37333333333333335,293
393.43900000000014,3.289900000000001,5,3,N[C@@H](C(=O)O)[C@H](O)C1=CC=C(OCC2=CC=CC=C2)C(OCC2=CC=CC=C2)=C1,CNP0009900.3,0.9965929388999939,0.9967893958091736,0.888281524181366,0.9733081459999084,0.37333333333333335,294
393.43900000000014,3.289900000000001,5,3,N[C@@H](C(=O)O)[C@@H](O)C1=CC=C(OCC2=CC=CC=C2)C(OCC2=CC=CC=C2)=C1,CNP0009900.4,0.9965929388999939,0.9967893958091736,0.888281524181366,0.9733081459999084,0.37333333333333335,295
393.43900000000014,3.289900000000001,5,3,N[C@H](C(=O)O)[C@H](O)C1=CC=C(OCC2=CC=CC=C2)C(OCC2=CC=CC=C2)=C1,CNP0009900.2,0.9965929388999939,0.9967893958091736,0.888281524181366,0.9733081459999084,0.37333333333333335,296
469.6230000000003,3.073800000000002,5,4,CC[C@@H](C)[C@H](NC(=O)OC(C)(C)C)C(=O)NC[C@H]1CC[C@H](C(=O)N[C@@H](C(=O)O)C(C)C)CC1,CNP0318173.3,0.996482253074646,1.0,0.997913658618927,0.9998100399971008,0.5476238455079764,297
469.6230000000003,3.073800000000002,5,4,CC[C@H](C)[C@H](NC(=O)OC(C)(C)C)C(=O)NC[C@H]1CC[C@H](C(=O)N[C@@H](C(=O)O)C(C)C)CC1,CNP0318173.6,0.996482253074646,1.0,0.997913658618927,0.9998100399971008,0.5476238455079764,298
469.6230000000003,3.073800000000002,5,4,CC[C@H](C)[C@H](NC(=O)OC(C)(C)C)C(=O)NC[C@H]1CC[C@@H](C(=O)N[C@H](C(=O)O)C(C)C)CC1,CNP0318173.4,0.996482253074646,1.0,0.997913658618927,0.9998100399971008,0.5476238455079764,299
469.6230000000003,3.073800000000002,5,4,CCC(C)[C@H](NC(=O)OC(C)(C)C)C(=O)NC[C@H]1CC[C@H](C(=O)N[C@@H](C(=O)O)C(C)C)CC1,CNP0318173.1,0.996482253074646,1.0,0.997913658618927,0.9998100399971008,0.5476238455079764,300
469.6230000000003,3.073800000000002,5,4,CC[C@@H](C)[C@H](NC(=O)OC(C)(C)C)C(=O)NC[C@H]1CC[C@H](C(=O)N[C@H](C(=O)O)C(C)C)CC1,CNP0318173.5,0.996482253074646,1.0,0.997913658618927,0.9998100399971008,0.5476238455079764,301
469.6230000000003,3.073800000000002,5,4,CCC(C)[C@H](NC(=O)OC(C)(C)C)C(=O)NC[C@H]1CC[C@H](C(=O)N[C@H](C(=O)O)C(C)C)CC1,CNP0318173.2,0.996482253074646,1.0,0.997913658618927,0.9998100399971008,0.5476238455079764,302
467.60700000000037,3.068100000000001,5,3,CC[C@@H](C)[C@H](NC(=O)OC(C)(C)C)C(=O)N1CCC(C(=O)NC2(C(=O)O)CCCCC2)CC1,CNP0381387.3,0.9964634776115417,0.9999997615814209,0.9095410704612732,0.9997395873069763,0.5209571788413098,303
467.60700000000037,3.068100000000001,5,3,CCC(C)[C@H](NC(=O)OC(C)(C)C)C(=O)N1CCC(C(=O)NC2(C(=O)O)CCCCC2)CC1,CNP0381387.1,0.9964634776115417,0.9999997615814209,0.9095410704612732,0.9997395873069763,0.5209571788413098,304
467.60700000000037,3.068100000000001,5,3,CC[C@H](C)[C@H](NC(=O)OC(C)(C)C)C(=O)N1CCC(C(=O)NC2(C(=O)O)CCCCC2)CC1,CNP0381387.2,0.9964634776115417,0.9999997615814209,0.9095410704612732,0.9997395873069763,0.5209571788413098,305
392.5360000000003,4.486800000000004,5,0,COC(=O)[C@@]1(C)CC(=O)C=C2[C@@H]1CC[C@@H](C)[C@]2(C)CC[C@@H](C)CCOC(C)=O,CNP0250576.1,0.9964582324028015,0.9999101161956787,0.8407750725746155,0.951059877872467,0.36666666666666664,306
402.4280000000001,3.087900000000001,6,2,COC1=CC=C(C2=NOC([C@@H](C)NS(=O)(=O)C3=CC=CC=C3)=C2C(=O)O)C=C1,CNP0360764.1,0.9964320659637451,0.9932431578636169,0.9906792044639587,0.9466115832328796,0.5388596103912623,307
487.9650000000002,3.0760000000000014,6,0,COC(=O)[C@@H]1CC2=C(CN1S(=O)(=O)C1=CC=C(C(C)=O)C=C1)N(CC1=CC=C(Cl)C=C1)C=N2,CNP0034530.1,0.996380627155304,0.996720016002655,0.7911562323570251,0.9158535003662109,0.5966666666666667,308
356.418,3.406200000000002,5,3,COC1=C(O)C=CC2=C1CC(C(C)(C)O)C2CC(=O)C1=CC=C(O)C=C1,CNP0235334.0,0.9963765740394592,0.999976634979248,0.9735957384109497,0.9829816222190857,0.4105117541626445,309
459.58300000000025,4.3176200000000025,5,3,COC1=C(C)C(OC[C@@H]2[C@@]3(C)CCCC(C)(C)[C@@H]3CC[C@@]2(C)O)=C2CNC(=O)C2=C1C(=O)O,CNP0477061.1,0.9963700771331787,0.982069194316864,0.8005089163780212,0.7147336006164551,0.35482061317677754,310
427.4530000000001,3.3446000000000016,7,2,CCOC(=O)CC(C1=CC(OC)=C(OC)C(OC)=C1)C1=C(O)C2=CC=CC=C2NC1=O,CNP0399818.0,0.9962487816810608,0.9955961108207703,0.6102977991104126,0.9206705689430237,0.38,311
432.51600000000013,4.537200000000005,5,3,COC1=CC(O)=C2C3=C(CCC2=C1CC1=CC=C(O)C=C1)C1=C(C=C3)O[C@H](C(C)(C)O)C1,CNP0307053.1,0.9962413311004639,1.0,0.9993976354598999,0.9990314245223999,0.3933112798434442,312
357.32500000000005,3.8680000000000003,3,4,O=C1N=C(O)C2=C1C1=C(NC3=CC(O)=CC=C13)OC1=CC=CC3=C1C2=CN3,CNP0603118.0,0.9961826205253601,0.9999887943267822,0.9988603591918945,0.9967114925384521,0.21666666666666667,313
422.5620000000002,3.5580000000000025,6,2,CC[C@@H](C)C(=O)O[C@@H]1CCC=C2C=C[C@@H](C)[C@@H](CC[C@H](O)C[C@H](O)CC(=O)OC)[C@@H]21,CNP0350127.5,0.9961800575256348,0.999998927116394,0.9928531050682068,0.7626587152481079,0.4066666666666667,314
422.5620000000002,3.5580000000000025,6,2,CC[C@H](C)C(=O)O[C@H]1CCC=C2C=C[C@H](C)[C@H](CC[C@@H](O)C[C@@H](O)CC(=O)OC)C21,CNP0350127.1,0.9961800575256348,0.999998927116394,0.9928531050682068,0.7626587152481079,0.4066666666666667,315
422.5620000000002,3.5580000000000025,6,2,CC[C@H](C)C(=O)O[C@H]1CCC=C2C=C[C@@H](C)[C@@H](CC[C@H](O)C[C@H](O)CC(=O)OC)[C@@H]21,CNP0350127.4,0.9961800575256348,0.999998927116394,0.9928531050682068,0.7626587152481079,0.4066666666666667,316
422.5620000000002,3.5580000000000025,6,2,CC[C@@H](C)C(=O)O[C@H]1CCC=C2C=C[C@@H](C)[C@@H](CC[C@H](O)C[C@H](O)CC(=O)OC)[C@@H]21,CNP0350127.2,0.9961800575256348,0.999998927116394,0.9928531050682068,0.7626587152481079,0.4066666666666667,317
422.5620000000002,3.5580000000000025,6,2,CC[C@H](C)C(=O)O[C@@H]1CCC=C2C=C[C@@H](C)[C@@H](CC[C@H](O)C[C@H](O)CC(=O)OC)[C@@H]21,CNP0350127.3,0.9961800575256348,0.999998927116394,0.9928531050682068,0.7626587152481079,0.4066666666666667,318
487.60000000000025,4.549300000000004,4,1,CCCOC1=CC=C(C2CN3C(=O)CN(C4CC4)C(=O)[C@]3(C)C3=C2C2=CC=CC=C2N3)C=C1OCC,CNP0336709.1,0.9961327314376831,0.9458795785903931,0.0034937665332108736,0.9120745658874512,0.43,319
407.8350000000001,3.127700000000001,6,2,C[C@@H](NS(=O)(=O)C1=CC=C(Cl)C=C1)C1=C(C(=O)O)C(C2=CC=CN=C2)=NO1,CNP0280562.1,0.9960747957229614,0.9856536984443665,0.9983525276184082,0.9935857653617859,0.5573723305478181,320
353.41800000000006,4.024400000000003,3,2,CC[C@H](C)[C@H](NC(=O)OCC1C2=CC=CC=C2C2=CC=CC=C21)C(=O)O,CNP0580991.2,0.9959782361984253,0.9986849427223206,0.9681826233863831,0.05680673196911812,0.41,321
353.41800000000006,4.024400000000003,3,2,CC[C@@H](C)[C@@H](NC(=O)OCC1C2=CC=CC=C2C2=CC=CC=C21)C(=O)O,CNP0580991.1,0.9959782361984253,0.9986849427223206,0.9681826233863831,0.05680673196911812,0.41,322
402.4430000000001,3.1204000000000023,7,4,COC1=CC=C2C(=C1OC)C[C@@H](C(C)(C)O)[C@@H]2CC(=O)C1=C(O)C=C(O)C=C1O,CNP0425019.1,0.9959069490432739,0.9999841451644897,0.9975624084472656,0.9761223196983337,0.3790244743192003,323
490.59300000000036,3.344800000000002,8,2,CC[C@H](C)[C@@H](O)[C@](C)(O)C=CC1=CC2=CC(=O)[C@]3(C)O[C@@](C)(OC)[C@](C)(C(=O)OC)[C@]3(C)C2=CO1,CNP0599317.1,0.995894193649292,1.0,0.3397192656993866,0.9966468214988708,0.4166666666666667,324
490.5160000000002,3.1083200000000013,8,4,COC1=CC(C(CC(=O)NC(CC2=CC=CC=C2)C2=NC=NN2)C2=C(O)C(=O)C=C(C)O2)=CC=C1O,CNP0412053.0,0.9958654642105103,1.0,0.9991002082824707,0.9997361302375793,0.5,325
442.5930000000002,3.789800000000003,7,1,CCOC(=O)[C@H](C)[C@H]1CC[C@@H](C[C@H](CC)OC(=O)[C@@H](C)[C@@H]2CC[C@H](C[C@H](O)CC)O2)O1,CNP0352003.1,0.9955940842628479,1.0,0.99997878074646,0.997338593006134,0.40872350022553,326
492.6200000000002,4.705500000000004,5,4,CC[C@H](C)[C@@H]1/N=C(/O)[C@@H](NC)CC2=CC(=CC=C2OC)/C=C\N=C(/O)[C@H](CC2=CC=CC=C2)/N=C\1O,CNP0485787.1,0.9954811334609985,0.9999986886978149,0.8740142583847046,0.9929607510566711,0.45148727984344417,327
429.56500000000034,2.9713000000000003,5,0,CC(C)C(=O)N1C2=NC(C(=O)N3CCOCC3)=NN2C2(CCCCC2)[C@@H]2CCCC[C@@H]21,CNP0567403.1,0.9954233765602112,0.9999933242797852,0.9943603873252869,0.9996558427810669,0.5835220599124183,328
407.47000000000014,3.3659000000000026,6,1,COC1=CC=CC=C1N1CCN(C(=O)C2=C([C@H](C)O)ON=C2C2=CC=CC=C2)CC1,CNP0007957.1,0.9954142570495605,0.9999769926071167,0.9993380904197693,0.9992879033088684,0.5111285061969993,329
380.49200000000025,4.165300000000004,4,0,COC1=CC=CC(C(=O)N2C3=NC=NN3C3(CCCCC3)[C@@H]3CCCC[C@@H]32)=C1,CNP0595399.1,0.9953011274337769,0.9999135732650757,0.9034208655357361,0.9954547882080078,0.39964122635355515,330
490.7250000000005,4.484300000000004,5,4,C[C@H](C[C@H](O)[C@H](O)C(C)(C)O)[C@H]1[C@@H](O)C[C@@]2(C)[C@@H]3CC[C@H]4C(C)(C)C(=O)CC[C@@]45C[C@@]35CC[C@]12C,CNP0287040.1,0.9952757358551025,1.0,0.9981903433799744,0.9571301937103271,0.3566666666666667,331
490.7250000000005,4.484300000000004,5,4,C[C@H](C[C@H](O)[C@H](O)C(C)(C)O)[C@H]1[C@H](O)C[C@@]2(C)[C@@H]3CC[C@H]4C(C)(C)C(=O)CC[C@@]45C[C@@]35CC[C@]12C,CNP0287040.2,0.9952757358551025,1.0,0.9981903433799744,0.9571301937103271,0.3566666666666667,332
404.5030000000002,3.737100000000003,6,2,CCCOC1=C2C[C@@H](C(C)(C)O)OC2=CC2=C1C(=O)C(CCC(C)C)=C(CO)O2,CNP0027797.1,0.995238184928894,1.0,0.7436823844909668,0.9729672074317932,0.36148727984344425,333
477.5170000000003,3.654120000000003,7,3,COC1=CC(C(CC(=O)N[C@@H](C)C2=NC3=CC=CC=C3N2C)C2=C(O)C(=O)C=C(C)O2)=CC=C1O,CNP0411222.1,0.9952138662338257,1.0,0.8073083758354187,0.9999403953552246,0.4666666666666667,334
448.64400000000035,3.7683000000000026,5,4,C[C@@H]([C@H](O)CCC(C)(C)O)[C@H]1CC[C@]2(O)C3=CC(=O)[C@@H]4C[C@H](O)CC[C@]4(C)[C@H]3CC[C@]12C,CNP0243690.6,0.9951914548873901,0.9999998807907104,0.3088393211364746,0.864215075969696,0.43,335
448.64400000000035,3.7683000000000026,5,4,C[C@@H]([C@H](O)CCC(C)(C)O)[C@H]1CC[C@@]2(O)C3=CC(=O)[C@@H]4C[C@@H](O)CC[C@]4(C)[C@H]3CC[C@]12C,CNP0243690.3,0.9951914548873901,0.9999998807907104,0.3088393211364746,0.864215075969696,0.43,336
448.64400000000035,3.7683000000000026,5,4,C[C@H]([C@H](O)CCC(C)(C)O)[C@H]1CC[C@@]2(O)C3=CC(=O)[C@@H]4C[C@@H](O)CC[C@]4(C)[C@H]3CC[C@]12C,CNP0243690.1,0.9951914548873901,0.9999998807907104,0.3088393211364746,0.864215075969696,0.43,337
448.6440000000003,3.768300000000003,5,4,C[C@@H]([C@H]1CC[C@@]2(O)C3=CC(=O)[C@H]4C[C@H](O)CC[C@]4(C)[C@H]3CC[C@]12C)[C@@H](O)CCC(C)(C)O,CNP0243690.5,0.9951914548873901,0.9999998807907104,0.3088393211364746,0.864215075969696,0.43,338
448.64400000000035,3.7683000000000026,5,4,C[C@@H]([C@H](O)CCC(C)(C)O)[C@H]1CC[C@]2(O)C3=CC(=O)[C@@H]4C[C@@H](O)CC[C@]4(C)[C@H]3CC[C@]12C,CNP0243690.8,0.9951914548873901,0.9999998807907104,0.3088393211364746,0.864215075969696,0.43,339
448.64400000000035,3.7683000000000026,5,4,C[C@@H]([C@H](O)CCC(C)(C)O)[C@H]1CC[C@@]2(O)C3=CC(=O)[C@@H]4C[C@H](O)CC[C@]4(C)[C@@H]3CC[C@]12C,CNP0243690.7,0.9951914548873901,0.9999998807907104,0.3088393211364746,0.864215075969696,0.43,340
448.64400000000035,3.7683000000000026,5,4,C[C@H]([C@H](O)CCC(C)(C)O)[C@H]1CC[C@@]2(O)C3=CC(=O)[C@H]4C[C@@H](O)CC[C@]4(C)[C@H]3CC[C@]12C,CNP0243690.9,0.9951914548873901,0.9999998807907104,0.3088393211364746,0.864215075969696,0.43,341
448.64400000000035,3.7683000000000026,5,4,C[C@H]([C@H](O)CCC(C)(C)O)[C@H]1CC[C@@]2(O)C3=CC(=O)[C@@H]4C[C@H](O)CC[C@]4(C)[C@H]3CC[C@]12C,CNP0243690.2,0.9951914548873901,0.9999998807907104,0.3088393211364746,0.864215075969696,0.43,342
448.64400000000035,3.7683000000000026,5,4,C[C@H]([C@H](O)CCC(C)(C)O)[C@@H]1CC[C@@]2(O)C3=CC(=O)[C@@H]4C[C@H](O)CC[C@]4(C)[C@H]3CC[C@]12C,CNP0243690.4,0.9951914548873901,0.9999998807907104,0.3088393211364746,0.864215075969696,0.43,343
372.4460000000001,2.758940000000001,3,3,CC1=CC=C(C)C(S(=O)(=O)N[C@H](CC2=CNC3=CC=CC=C23)C(=O)O)=C1,CNP0134189.1,0.9951879978179932,0.9999644756317139,0.987744152545929,0.9997889399528503,0.5681539465101109,344
372.4460000000001,2.758940000000001,3,3,CC1=CC=C(C)C(S(=O)(=O)N[C@@H](CC2=CNC3=CC=CC=C23)C(=O)O)=C1,CNP0134189.2,0.9951879978179932,0.9999644756317139,0.987744152545929,0.9997889399528503,0.5681539465101109,345
446.56900000000036,2.956900000000001,5,2,CCOC(=O)[C@@H](CC1=CNC2=CC=CC=C12)NS(=O)(=O)C[C@@]12CC[C@H](CC1=O)C2(C)C,CNP0346181.4,0.9951790571212769,0.9999880790710449,0.9906065464019775,0.9997751116752625,0.5666666666666667,346
446.56900000000036,2.956900000000001,5,2,CCOC(=O)[C@H](CC1=CNC2=CC=CC=C12)NS(=O)(=O)C[C@@]12CC[C@H](CC1=O)C2(C)C,CNP0346181.3,0.9951790571212769,0.9999880790710449,0.9906065464019775,0.9997751116752625,0.5666666666666667,347
446.56900000000036,2.956900000000001,5,2,CCOC(=O)[C@@H](CC1=CNC2=CC=CC=C12)NS(=O)(=O)C[C@]12CC[C@H](CC1=O)C2(C)C,CNP0346181.6,0.9951790571212769,0.9999880790710449,0.9906065464019775,0.9997751116752625,0.5666666666666667,348
446.56900000000036,2.956900000000001,5,2,CCOC(=O)[C@H](CC1=CNC2=CC=CC=C12)NS(=O)(=O)C[C@]12CC[C@H](CC1=O)C2(C)C,CNP0346181.5,0.9951790571212769,0.9999880790710449,0.9906065464019775,0.9997751116752625,0.5666666666666667,349
446.56900000000036,2.956900000000001,5,2,CCOC(=O)[C@H](CC1=CNC2=CC=CC=C12)NS(=O)(=O)C[C@@]12CC[C@@H](CC1=O)C2(C)C,CNP0346181.2,0.9951790571212769,0.9999880790710449,0.9906065464019775,0.9997751116752625,0.5666666666666667,350
446.56900000000036,2.956900000000001,5,2,CCOC(=O)[C@@H](CC1=CNC2=CC=CC=C12)NS(=O)(=O)C[C@@]12CC[C@@H](CC1=O)C2(C)C,CNP0346181.1,0.9951790571212769,0.9999880790710449,0.9906065464019775,0.9997751116752625,0.5666666666666667,351
495.0410000000003,4.1734000000000036,6,1,COC1=C2CN(C)CCC2=C(S(=O)(=O)NCC[C@H](C2=CC=C(Cl)C=C2)C(C)C)C2=C1OCO2,CNP0397279.2,0.9951127171516418,1.0,0.9600423574447632,0.9906099438667297,0.5796412263535551,352
495.0410000000003,4.1734000000000036,6,1,COC1=C2CN(C)CCC2=C(S(=O)(=O)NCC[C@@H](C2=CC=C(Cl)C=C2)C(C)C)C2=C1OCO2,CNP0397279.1,0.9951127171516418,1.0,0.9600423574447632,0.9906099438667297,0.5796412263535551,353
474.6380000000003,4.172300000000004,5,3,C[C@H](C[C@H](C)C(=O)O)[C@H]1CC(=O)[C@@]2(C)C3=C(C(=O)C[C@]12C)[C@@]1(C)CC[C@H](O)C(C)(C)[C@H]1C[C@@H]3O,CNP0235619.2,0.9950830936431885,1.0,0.9948620200157166,0.9998936653137207,0.4505117541626445,354
474.63800000000026,4.172300000000003,5,3,C[C@H](C[C@@H](C)[C@H]1CC(=O)[C@@]2(C)C3=C(C(=O)C[C@]12C)[C@@]1(C)CC[C@H](O)C(C)(C)[C@H]1C[C@@H]3O)C(=O)O,CNP0235619.1,0.9950830936431885,1.0,0.9948620200157166,0.9998936653137207,0.4505117541626445,355
489.61600000000027,4.652800000000004,4,1,CCOC1=C(OC)C=CC=C1C1CN2C(=O)CN(CCC(C)C)C(=O)[C@]2(C)C2=C1C1=CC=CC=C1N2,CNP0201591.1,0.994938850402832,0.999509334564209,0.9431617856025696,0.9998144507408142,0.59,356
490.7250000000004,4.436600000000004,5,4,CC(C)(O)[C@H]1CC[C@@](C)(C2[C@@H](O)C[C@@]3(C)[C@@H]4C[C@H](O)C5C(C)(C)[C@@H](O)CCC56CC46CC[C@]23C)O1,CNP0243356.1,0.9949350953102112,1.0,0.999362051486969,0.9976916313171387,0.3233333333333333,357
490.7250000000004,4.436600000000004,5,4,CC(C)(O)[C@@H]1CC[C@](C)([C@H]2[C@@H](O)C[C@@]3(C)[C@@H]4C[C@H](O)C5C(C)(C)[C@@H](O)CC[C@@]56C[C@@]46CC[C@]23C)O1,CNP0243356.8,0.9949350953102112,1.0,0.999362051486969,0.9976916313171387,0.3233333333333333,358
490.7250000000004,4.436600000000004,5,4,CC(C)(O)[C@@H]1CC[C@](C)([C@@H]2[C@@H](O)C[C@@]3(C)[C@@H]4C[C@H](O)[C@H]5C(C)(C)[C@@H](O)CC[C@@]56C[C@@]46CC[C@]23C)O1,CNP0243356.2,0.9949350953102112,1.0,0.999362051486969,0.9976916313171387,0.3233333333333333,359
490.7250000000004,4.436600000000004,5,4,CC(C)(O)[C@@H]1CC[C@](C)([C@H]2[C@@H](O)C[C@@]3(C)[C@H]4C[C@H](O)[C@@H]5C(C)(C)[C@@H](O)CC[C@@]56C[C@@]46CC[C@]23C)O1,CNP0243356.12,0.9949350953102112,1.0,0.999362051486969,0.9976916313171387,0.3233333333333333,360
490.7250000000004,4.436600000000004,5,4,CC(C)(O)[C@H]1CC[C@](C)([C@H]2[C@@H](O)C[C@@]3(C)[C@@H]4C[C@H](O)[C@H]5C(C)(C)[C@@H](O)CC[C@@]56C[C@@]46CC[C@]23C)O1,CNP0243356.5,0.9949350953102112,1.0,0.999362051486969,0.9976916313171387,0.3233333333333333,361
490.7250000000004,4.436600000000004,5,4,CC(C)(O)[C@@H]1CC[C@](C)([C@H]2[C@@H](O)C[C@@]3(C)[C@@H]4C[C@H](O)[C@H]5C(C)(C)[C@@H](O)CC[C@@]56C[C@@]46CC[C@]23C)O1,CNP0243356.6,0.9949350953102112,1.0,0.999362051486969,0.9976916313171387,0.3233333333333333,362
490.7250000000004,4.436600000000004,5,4,CC(C)(O)[C@H]1CC[C@](C)([C@H]2[C@@H](O)C[C@@]3(C)[C@H]4C[C@H](O)[C@H]5C(C)(C)[C@@H](O)CC[C@@]56C[C@@]46CC[C@]23C)O1,CNP0243356.11,0.9949350953102112,1.0,0.999362051486969,0.9976916313171387,0.3233333333333333,363
490.7250000000004,4.436600000000004,5,4,CC(C)(O)[C@H]1CC[C@@](C)([C@H]2[C@@H](O)C[C@@]3(C)[C@@H]4C[C@H](O)[C@H]5C(C)(C)[C@@H](O)CC[C@@]56CC46CC[C@]23C)O1,CNP0243356.3,0.9949350953102112,1.0,0.999362051486969,0.9976916313171387,0.3233333333333333,364
490.7250000000004,4.436600000000004,5,4,CC(C)(O)[C@@H]1CC[C@](C)([C@H]2[C@@H](O)C[C@@]3(C)[C@@H]4C[C@H](O)[C@@H]5C(C)(C)[C@@H](O)CC[C@@]56C[C@@]46CC[C@]23C)O1,CNP0243356.10,0.9949350953102112,1.0,0.999362051486969,0.9976916313171387,0.3233333333333333,365
490.7250000000004,4.436600000000004,5,4,CC(C)(O)[C@H]1CC[C@](C)([C@H]2[C@H](O)C[C@@]3(C)[C@@H]4C[C@H](O)[C@@H]5C(C)(C)[C@H](O)CC[C@]56C[C@]46CC[C@]23C)O1,CNP0243356.13,0.9949350953102112,1.0,0.999362051486969,0.9976916313171387,0.3233333333333333,366
490.7250000000004,4.436600000000004,5,4,CC(C)(O)[C@H]1CC[C@@](C)([C@H]2[C@@H](O)C[C@@]3(C)[C@@H]4C[C@H](O)[C@H]5C(C)(C)[C@@H](O)CC[C@@]56C[C@@]46CC[C@]23C)O1,CNP0243356.4,0.9949350953102112,1.0,0.999362051486969,0.9976916313171387,0.3233333333333333,367
490.7250000000004,4.436600000000004,5,4,CC(C)(O)[C@H]1CC[C@@](C)([C@H]2[C@@H](O)C[C@@]3(C)[C@@H]4C[C@H](O)C5C(C)(C)[C@@H](O)CCC56CC46CC[C@]23C)O1,CNP0243356.7,0.9949350953102112,1.0,0.999362051486969,0.9976916313171387,0.3233333333333333,368
490.7250000000004,4.436600000000004,5,4,CC(C)(O)[C@H]1CC[C@@](C)([C@H]2[C@@H](O)C[C@@]3(C)[C@@H]4C[C@H](O)[C@@H]5C(C)(C)[C@@H](O)CC[C@@]56C[C@@]46CC[C@]23C)O1,CNP0243356.9,0.9949350953102112,1.0,0.999362051486969,0.9976916313171387,0.3233333333333333,369
442.47100000000023,2.8284000000000002,4,3,C[C@H](NC(=O)[C@H](CC1=CC=CC=C1)NC(=O)C1=CC=CC2=C1C1=CC=CC=C1C2=O)C(=O)O,CNP0516137.1,0.9947922825813293,0.9997331500053406,0.9737017154693604,0.9830060601234436,0.41333333333333333,370
428.52500000000026,4.428600000000004,6,1,CCOC(=O)C1=C2CC[C@@H](C(C)C)C=C2C2=C(C=C3O[C@H](C(C)(C)O)CC3=C2OC)O1,CNP0100441.1,0.9947662353515625,1.0,0.9999245405197144,0.989459753036499,0.4002107800689742,371
489.61600000000027,4.795300000000005,4,1,CCCCN1CC(=O)N2CC(C3=CC=C(OC(C)C)C(OC)=C3)C3=C(NC4=CC=CC=C34)[C@@]2(C)C1=O,CNP0151315.1,0.9947342872619629,0.9998070597648621,0.9946051239967346,0.9998024106025696,0.54872350022553,372
442.89900000000017,4.264000000000004,6,1,COC1=CC2=C(C=C1OC)CN(C(=O)C1=C([C@H](C)O)C(C3=CC=C(Cl)C=C3)=NO1)CC2,CNP0389723.1,0.9946687817573547,0.9999951124191284,0.9993793964385986,0.9853348731994629,0.4570135569013731,373
482.68700000000024,3.9003000000000023,5,2,CC[C@](O[C@@H]1C[C@H](C)CC[C@@H]1C(C)C)(C(=O)N[C@@H]1C(=O)N2[C@@H]1SC(C)(C)[C@H]2C(=O)O)C(C)C,CNP0464629.2,0.9945570230484009,0.992296040058136,0.9858998656272888,0.9995183944702148,0.4266666666666667,374
482.68700000000024,3.9003000000000023,5,2,CC[C@@](O[C@@H]1C[C@H](C)CC[C@@H]1C(C)C)(C(=O)N[C@H]1C(=O)N2[C@@H]1SC(C)(C)[C@H]2C(=O)O)C(C)C,CNP0464629.4,0.9945570230484009,0.992296040058136,0.9858998656272888,0.9995183944702148,0.4266666666666667,375
482.68700000000024,3.9003000000000023,5,2,CC[C@@](O[C@@H]1C[C@H](C)CC[C@@H]1C(C)C)(C(=O)N[C@@H]1C(=O)N2[C@@H]1SC(C)(C)[C@H]2C(=O)O)C(C)C,CNP0464629.3,0.9945570230484009,0.992296040058136,0.9858998656272888,0.9995183944702148,0.4266666666666667,376
482.68700000000024,3.9003000000000023,5,2,CC[C@](O[C@@H]1C[C@H](C)CC[C@@H]1C(C)C)(C(=O)N[C@H]1C(=O)N2[C@@H]1SC(C)(C)[C@H]2C(=O)O)C(C)C,CNP0464629.1,0.9945570230484009,0.992296040058136,0.9858998656272888,0.9995183944702148,0.4266666666666667,377
358.5300000000002,4.595500000000005,3,0,CCCC(=O)N1C2=NC(CCC)=NN2C2(CCCCC2)[C@@H]2CCCC[C@@H]21,CNP0587681.1,0.9942375421524048,0.9999973773956299,0.8869394063949585,0.9990662932395935,0.4860159777306842,378
498.6490000000002,2.928600000000001,7,2,CC(C)CC1=CC=C(S(=O)(=O)N2CCC3(CC2)NCCN=C3NCC2=CC=C3OCOC3=C2)C=C1,CNP0481134.0,0.9939992427825928,0.9999585151672363,0.9508797526359558,0.9945144653320312,0.54,379
479.5180000000003,2.7371999999999996,9,1,CN1C[C@@H](NS(=O)(=O)C2=CC=CC3=CC=CN=C23)C[C@H]1C1=NC(C2=CC=C3OCOC3=C2)=NO1,CNP0012669.1,0.9939689636230469,0.997657299041748,0.8495503664016724,0.09119576960802078,0.5748206131767776,380
455.3300000000001,3.4301000000000013,4,2,CCN(CC)S(=O)(=O)C1=CC(C(=O)NC2=CC=CC=C2C(=O)O)=CC=C1Br,CNP0510600.0,0.9938568472862244,0.9174607396125793,0.9774731397628784,0.04544999822974205,0.51,381
402.44300000000015,3.051700000000001,7,3,CC[C@H](C)[C@@](O)(CC(=O)OCC1=CC=C(O)C=C1)C(=O)OCC1=CC=C(O)C=C1,CNP0426481.1,0.9938499927520752,0.9999488592147827,0.034877803176641464,0.9958716034889221,0.4848206131767775,382
400.77400000000006,4.047200000000002,3,3,O=C1N=C(O)C(=CC2=CC(Cl)=CC=C2OCC2=CC=C(C(=O)O)C=C2)C(O)=N1,CNP0597343.0,0.993802547454834,0.9893369674682617,0.9556516408920288,0.9971917271614075,0.22333333333333333,383
447.53500000000014,3.6266000000000025,4,1,CCCOC1=CC=C(C2CN3C(=O)CN(C)C(=O)[C@]3(C)C3=C2C2=CC=CC=C2N3)C=C1OC,CNP0200986.1,0.993768572807312,0.9978944659233093,0.007028558757156134,0.9802893996238708,0.47,384
474.5420000000003,2.780280000000001,5,1,N#CC1=CC=CC=C1S(=O)(=O)NC1=CC=C2[C@@H]3C[C@@H](CN(C(=O)C4=CC=CC=C4)C3)CN2C1=O,CNP0065805.1,0.993708610534668,0.616817831993103,0.01265748031437397,0.006319740321487188,0.48244445868475405,385
488.58100000000024,3.7822000000000022,9,3,CC[C@H](O)CC[C@@H](C[C@@H](CCC1=CC(OC)=C(O)C=C1C1=CC=NC(N)=C1)OC(C)=O)OC(C)=O,CNP0070506.1,0.9936794638633728,0.9999747276306152,0.004795817658305168,0.9860503077507019,0.3781539465101109,386
475.5890000000002,4.405200000000003,4,1,CCOC1=C(OC)C=CC=C1C1CN2C(=O)CN(C(C)CC)C(=O)[C@]2(C)C2=C1C1=CC=CC=C1N2,CNP0386782.1,0.9935688972473145,0.9967225193977356,0.01443811971694231,0.9983356595039368,0.5533333333333333,387
494.5480000000004,2.9534000000000002,5,4,CC[C@H](C)[C@H](NC(=O)C1=CC2=C(NC3=CC=CC=C32)C(CCC(=O)N2CCC[C@H]2C(=O)O)=N1)C(=O)O,CNP0196281.1,0.9935203194618225,0.9999356269836426,0.9746854901313782,0.9998151659965515,0.5694213797900342,388
409.48200000000014,4.283600000000004,6,2,CC[C@H](C)/C=C(\C)C1=CC2=CC3=C(C(=O)[C@](O)(CC(C)=O)C(OC)=C3)C(O)=C2C=N1,CNP0476152.1,0.9934936165809631,0.9990517497062683,0.8010731935501099,0.8734573125839233,0.33403899721448466,389
376.88400000000024,4.843100000000004,4,1,CCN(C(=O)C1=C([C@H](C)O)C(C2=CC=C(Cl)C=C2)=NO1)C1CCCCC1,CNP0400713.1,0.9934184551239014,0.9999994039535522,0.9414853453636169,0.9991208910942078,0.5521745968851057,390
359.3410000000001,3.693900000000001,5,4,O=C(O)[C@@H]1CC2=CNC3=CC=C4OC5=NC6=CC=C(O)C=C6C5=C(N1)C4=C23,CNP0227030.1,0.9933381080627441,0.9978067278862,0.9909476637840271,0.9878917932510376,0.4048889173695081,391
395.4800000000001,3.758020000000003,4,1,CC1=CC=C(S(=O)(=O)N[C@H](C(=O)OCC2=CC=CC=C2)C2=CC=CC=C2)C=C1,CNP0121508.2,0.9933003187179565,0.9994348883628845,0.9787819981575012,0.9990882873535156,0.5733333333333334,392
395.4800000000001,3.758020000000003,4,1,CC1=CC=C(S(=O)(=O)N[C@@H](C(=O)OCC2=CC=CC=C2)C2=CC=CC=C2)C=C1,CNP0121508.1,0.9933003187179565,0.9994348883628845,0.9787819981575012,0.9990882873535156,0.5733333333333334,393
392.54700000000037,4.648000000000004,3,0,CCC1=NN2C(=N1)N(C(=O)CC1=CC=CC=C1)[C@H]1CCCC[C@H]1C21CCCCC1,CNP0528075.1,0.9932898879051208,0.9999803304672241,0.8532409071922302,0.9977705478668213,0.4527046978872401,394
414.80100000000004,3.9129000000000023,6,2,C[C@@H](NC(=O)C1=CC=C2OCOC2=C1)C1=C(C(=O)O)ON=C1C1=CC=C(Cl)C=C1,CNP0082105.1,0.9932718873023987,0.9463163614273071,0.9918910264968872,0.09146930277347565,0.41148727984344424,395
383.45300000000015,3.190990000000001,6,3,CSC1=C(CC2=NC(C(=O)O)=CC3=C2NC2=CC=C(O)C=C23)N(C)[CH]N1C,CNP0556433.0,0.9932117462158203,0.9264059662818909,0.9838908314704895,0.9940609335899353,0.4391111253514207,396
490.72500000000036,4.436600000000005,5,4,CC(C)(O)[C@@H]1CC[C@](C)([C@H]2[C@@H](O)C[C@@]3(C)[C@@H]4CC[C@H]5C(C)(C)[C@@H](O)CC[C@@]56C[C@@]46C[C@H](O)[C@]23C)O1,CNP0330921.1,0.992983341217041,0.9999923706054688,0.9935939908027649,0.969955325126648,0.32666666666666666,397
358.5300000000002,4.766400000000004,3,0,CCCC(=O)N1C2=NC(C(C)C)=NN2C2(CCCCC2)[C@@H]2CCCC[C@@H]21,CNP0540865.1,0.9929763078689575,1.0,0.9744768142700195,0.9999649524688721,0.5560159777306842,398
489.61600000000027,4.793700000000004,4,1,CCC(C)N1CC(=O)N2CC(C3=CC=C(OC(C)C)C(OC)=C3)C3=C(NC4=CC=CC=C34)[C@@]2(C)C1=O,CNP0375394.1,0.9929618239402771,0.9939433932304382,0.7422052025794983,0.9992135763168335,0.5563473457335065,399
360.4060000000001,2.892100000000001,5,1,COC(=O)[C@H]1C2=CC(C(=O)O)=CC=C2[C@]2(C)CCC[C@@](C)(C(=O)OC)[C@@H]12,CNP0295739.1,0.9928852915763855,0.9998100399971008,0.9397268295288086,0.9954022169113159,0.3814872798434442,400
448.64400000000035,3.9124000000000034,5,4,CC(C)(O)CCC[C@](C)(O)[C@H]1CC[C@]2(O)C3=CC(=O)[C@@H]4C[C@@H](O)CC[C@]4(C)[C@H]3CC[C@]12C,CNP0270567.2,0.9928194880485535,0.9999310970306396,0.8397667407989502,0.2290245145559311,0.38666666666666666,401
448.64400000000035,3.9124000000000034,5,4,CC(C)(O)CCC[C@](C)(O)[C@H]1CC[C@@]2(O)C3=CC(=O)[C@@H]4C[C@@H](O)CC[C@]4(C)[C@H]3CC[C@]12C,CNP0270567.1,0.9928194880485535,0.9999310970306396,0.8397667407989502,0.2290245145559311,0.38666666666666666,402
451.95700000000016,2.9349000000000016,6,0,COC(=O)[C@@H]1CC2=C(CN1S(=O)(=O)C1=CC=CS1)N(CC1=CC=C(Cl)C=C1)C=N2,CNP0062139.1,0.9928152561187744,0.9718623757362366,0.8668219447135925,0.45440903306007385,0.5533333333333333,403
380.4920000000003,4.165300000000004,4,0,COC1=CC=CC=C1C(=O)N1C2=NC=NN2C2(CCCCC2)[C@@H]2CCCC[C@@H]21,CNP0577045.1,0.9927732348442078,0.9998112320899963,0.8833723664283752,0.9745960235595703,0.37964122635355513,404
392.249,2.7284000000000006,4,1,COC(=O)[C@H](CC1=CC=CC=C1)NC(=O)COC1=CC=C(Br)C=C1,CNP0489963.1,0.9926443099975586,0.9997830986976624,0.9032775163650513,0.986930251121521,0.5433333333333333,405
392.249,2.7284000000000006,4,1,COC(=O)[C@@H](CC1=CC=CC=C1)NC(=O)COC1=CC=C(Br)C=C1,CNP0489963.2,0.9926443099975586,0.9997830986976624,0.9032775163650513,0.986930251121521,0.5433333333333333,406
464.47800000000024,2.810120000000001,8,3,COC1=CC(C(CC(=O)N[C@H](C)C2=NN=C3C=CC=CN23)C2=C(O)C(=O)C=C(C)O2)=CC=C1O,CNP0411463.1,0.9926033616065979,1.0,0.9973304271697998,0.9999828338623047,0.4766666666666667,407
440.0950000000001,3.2189700000000014,5,3,COC1=C(Br)C=C(CC2=C3NC(=N)N=C3C=CN=C2O)C=C1Br,CNP0576402.0,0.9925867915153503,0.994333028793335,0.9997645020484924,0.11509914696216583,0.2899779465101109,408
406.4750000000002,3.222400000000002,6,1,CC[C@@H](C)C(=O)O[C@@](C)(C(=O)O)C1=C[C@@]2(C)C(=CC1=O)CC[C@H](OC(C)=O)[C@@H]2C,CNP0278920.1,0.9925274848937988,0.9990057349205017,0.9055848121643066,0.9847040176391602,0.47872350022552995,409
456.53500000000037,4.285900000000003,7,1,CCCOC1=C2C[C@@H](C(C)(C)O)OC2=CC2=C1C(=C1CCC(=O)CC1)C=C(C(=O)OCC)O2,CNP0093082.1,0.9924452900886536,0.999998927116394,0.9582215547561646,0.31867384910583496,0.3381539465101109,410
451.5230000000002,3.3192000000000013,5,3,COC(=O)C(CC1=CNC2=CC=CC=C12)NC(=O)C(NC(=O)OCC1=CC=CC=C1)C(C)C,CNP0368271.0,0.9922965168952942,1.0,0.9861307740211487,0.9999477863311768,0.63,411
428.5690000000003,4.642800000000004,4,1,CC(=O)O[C@H]1C[C@@]2(C)[C@@H]3CC[C@H]4[C@H](C)C(=O)C=C[C@@]45C[C@@]35CC[C@]2(C)[C@H]1[C@H](C)C(=O)O,CNP0562892.1,0.9922475814819336,0.9999985694885254,0.6854062676429749,0.9955099821090698,0.35333333333333333,412
408.53500000000014,3.4696000000000016,5,3,CC[C@@H](C)C(=O)O[C@H]1CCC=C2C=C[C@H](C)[C@H](CC[C@@H](O)C[C@@H](O)CC(=O)O)[C@H]21,CNP0282416.3,0.9921499490737915,0.9999910593032837,0.993279755115509,0.758367657661438,0.43666666666666665,413
408.53500000000014,3.4696000000000016,5,3,CCC(C)C(=O)O[C@H]1CCC=C2C=C[C@H](C)[C@H](CC[C@@H](O)C[C@@H](O)CC(=O)O)[C@H]21,CNP0282416.1,0.9921499490737915,0.9999910593032837,0.993279755115509,0.758367657661438,0.43666666666666665,414
408.53500000000014,3.4696000000000016,5,3,CC[C@H](C)C(=O)O[C@H]1CCC=C2C=C[C@H](C)[C@H](CC[C@@H](O)C[C@@H](O)CC(=O)O)[C@H]21,CNP0282416.2,0.9921499490737915,0.9999910593032837,0.993279755115509,0.758367657661438,0.43666666666666665,415
494.57300000000015,3.308900000000002,5,2,COC1=CC=C(NC(=O)N2C[C@@H]3C[C@H](C2)C2=C(NS(=O)(=O)C4=CC=CC=C4)C=CC(=O)N2C3)C=C1,CNP0040299.1,0.99178546667099,0.999756395816803,0.0042881714180111885,0.4069717526435852,0.48815394651011085,416
374.5210000000002,3.6043000000000034,4,2,C[C@]12CCCC[C@H]1C[C@H](O)[C@@H]1[C@@H]2CC[C@]2(C)[C@H](C3=CC(=O)OC3)CC[C@]12O,CNP0263498.3,0.9914747476577759,0.9999754428863525,0.47606560587882996,0.07466617971658707,0.36872350022552997,417
374.5210000000002,3.6043000000000034,4,2,C[C@]12CCCC[C@@H]1C[C@H](O)[C@@H]1[C@@H]2CC[C@]2(C)[C@@H](C3=CC(=O)OC3)CC[C@]12O,CNP0263498.1,0.9914747476577759,0.9999754428863525,0.47606560587882996,0.07466617971658707,0.36872350022552997,418
374.5210000000002,3.6043000000000034,4,2,C[C@]12CCCC[C@@H]1C[C@H](O)[C@H]1[C@@H]2CC[C@]2(C)[C@@H](C3=CC(=O)OC3)CC[C@]12O,CNP0263498.2,0.9914747476577759,0.9999754428863525,0.47606560587882996,0.07466617971658707,0.36872350022552997,419
466.99000000000024,4.480100000000005,3,0,O=C1C=CC(/C=C/C2=CC=C(Cl)C=C2)=C2[C@@H]3C[C@@H](CN(S(=O)(=O)C4=CC=CC=C4)C3)CN21,CNP0389192.1,0.9914453029632568,0.00038108951412141323,0.030811622738838196,0.0005997439147904515,0.42,420
382.5080000000003,4.758900000000005,4,0,CC(C)C(=O)N1C2=NC(C3=CC=CO3)=NN2C2(CCCCC2)[C@@H]2CCCC[C@@H]21,CNP0552686.1,0.9912275671958923,0.9999994039535522,0.9948217868804932,0.9998213648796082,0.5980728112895475,421
425.9450000000002,4.567800000000003,5,2,O=C(NC1=CC=CC=C1Cl)[C@H]1SC2=NN=C(C3=CC=CC=C3)N2NC12CCCC2,CNP0510238.1,0.9911693334579468,0.9989250302314758,0.9985068440437317,0.9981951117515564,0.42333333333333334,422
425.9450000000002,4.567800000000003,5,2,O=C(NC1=CC=CC=C1Cl)[C@@H]1SC2=NN=C(C3=CC=CC=C3)N2NC12CCCC2,CNP0510238.2,0.9911693334579468,0.9989250302314758,0.9985068440437317,0.9981951117515564,0.42333333333333334,423
470.63900000000024,3.133400000000001,6,2,COC1=CC=CC(CNC2=NCCNC23CCN(S(=O)(=O)C2=CC=C(C(C)C)C=C2)CC3)=C1,CNP0479246.0,0.9911230802536011,0.9999252557754517,0.7519219517707825,0.9961257576942444,0.5366666666666666,424
420.8970000000001,3.1424000000000003,6,2,CN1C[C@@H](NC(=O)CC(C)(C)CC(=O)O)C[C@H]1C1=NC(C2=CC=C(Cl)C=C2)=NO1,CNP0042821.1,0.9910886287689209,0.9999985694885254,0.9400070905685425,0.9997743964195251,0.6366666666666667,425
462.67100000000033,4.158400000000004,5,4,C[C@H](CC[C@H](C)C(C)(C)O)[C@H]1CC[C@@]2(O)C3=CC(=O)[C@H]4C[C@H](O)CC[C@]4(C)[C@@]3(O)CC[C@]12C,CNP0472437.1,0.990889847278595,1.0,0.8278400897979736,0.9230942726135254,0.3933333333333333,426
462.67100000000033,4.158400000000004,5,4,C[C@H](CC[C@H](C)C(C)(C)O)[C@H]1CC[C@@]2(O)C3=CC(=O)[C@H]4C[C@@H](O)CC[C@]4(C)[C@@]3(O)CC[C@]12C,CNP0472437.2,0.990889847278595,1.0,0.8278400897979736,0.9230942726135254,0.3933333333333333,427
459.50200000000024,4.405200000000003,6,3,COC1=CC=C(C(CC(=O)N[C@@H](C)C2=NC3=CC=CC=C3N2)C2=CC3=C(C=C2O)OCO3)C=C1,CNP0414452.1,0.9908255934715271,1.0,0.7704080939292908,0.9951989054679871,0.44333333333333336,428
494.9830000000002,4.904500000000004,8,2,COC1=CC(CNC2=NC(NCC3CC3)=NC3=C(C4=CC=CC(Cl)=C4)C=NN23)=CC(OC)=C1OC,CNP0208020.0,0.990772008895874,0.9996335506439209,0.8788415789604187,0.8056915998458862,0.5199203106152599,429
485.7130000000003,4.458000000000004,5,2,COC1=CC=CC=C1N1CCN(C(=O)CC[C@]23CC[C@](C)(O)C[C@H]2C(C)(C)C[C@@H]3NC(C)C)CC1,CNP0439372.1,0.9907609820365906,0.9997041821479797,0.796379804611206,0.9977706670761108,0.4805117541626445,430
472.0100000000003,4.861640000000004,4,1,COC1=CC=C(Cl)C=C1S(=O)(=O)N1CCC2(CC1)NC1=CC=C(C)C(C)=C1N1C=CC=C12,CNP0557666.0,0.9906693696975708,0.9999709129333496,0.9802102446556091,0.9933409094810486,0.5457777920180874,431
408.5460000000004,4.727700000000005,4,0,CCC1=NN2C(=N1)N(C(=O)C1=CC=CC=C1OC)[C@H]1CCCC[C@H]1C21CCCCC1,CNP0579305.1,0.9906566143035889,0.9998589754104614,0.3987301290035248,0.984033465385437,0.48603803122057343,432
391.25400000000013,3.988800000000002,3,2,COC(=O)[C@H](CC1=CNC2=CC=CC=C12)NC(=O)C1=CC=C(Cl)C=C1Cl,CNP0508573.1,0.9906253814697266,0.9999947547912598,0.9906755685806274,0.9979390501976013,0.5066666666666667,433
391.25400000000013,3.988800000000002,3,2,COC(=O)[C@@H](CC1=CNC2=CC=CC=C12)NC(=O)C1=CC=C(Cl)C=C1Cl,CNP0508573.2,0.9906253814697266,0.9999947547912598,0.9906755685806274,0.9979390501976013,0.5066666666666667,434
495.64500000000044,3.5195200000000026,4,3,CC1=CC=C(S(=O)(=O)NC(CC2=CNC3=CC=CC=C23)C(=O)N2CCC3(O)CCCCC3C2)C=C1,CNP0219002.0,0.9904659986495972,0.9999980926513672,0.9177243113517761,0.9988698363304138,0.5433333333333333,435
470.5950000000002,3.110500000000002,4,2,O=C(NC1CCCCC1)N1C[C@@H]2C[C@H](C1)C1=C(NS(=O)(=O)C3=CC=CC=C3)C=CC(=O)N1C2,CNP0026508.1,0.9903023838996887,0.9982715845108032,0.5433219075202942,0.9824913144111633,0.5148206131767775,436
350.4660000000002,4.156700000000003,3,0,O=C(C1=CC=CC=C1)N1C2=NC=NN2C2(CCCCC2)[C@@H]2CCCC[C@@H]21,CNP0526461.1,0.990165650844574,0.9998761415481567,0.8101314306259155,0.9951106905937195,0.32964122635355514,437
490.6370000000002,4.529620000000004,7,3,CC1=NC(NC2=NNC3=C2CN(C(=O)N[C@H](CN(C)C)C2=CC=CC=C2)C3(C)C)=C2SC=CC2=N1,CNP0606288.1,0.9901303648948669,1.0,0.9813870787620544,0.9999133348464966,0.41384508749597787,438
445.3610000000001,3.986500000000002,3,3,CC[C@@H](C)C1=N[C@](C(=O)N/C=C\C2=CNC3=CC(Br)=CC=C23)(C(C)C)NC1=O,CNP0208889.1,0.9896981120109558,0.9999212026596069,0.9999433755874634,0.9998034834861755,0.5166666666666667,439
448.5150000000003,4.418200000000003,6,3,C[C@@]1(C/C=C/C2=CC=CC=C2)OC2=CC3=C(C(O)=C2C[C@H]1O)C(=O)C=C(C1(O)CCCC1)O3,CNP0242763.1,0.9896049499511719,0.9999934434890747,0.9475712180137634,0.9677978157997131,0.2514872798434442,440
444.5310000000001,3.838400000000002,4,2,CC(=O)OCC[C@H](NC(=O)[C@@H](CC1=CC=CC=C1)NC(=O)C1=CC=CC=C1)C1=CC=CC=C1,CNP0209945.1,0.989257276058197,0.9989759922027588,0.9813340306282043,0.8725023865699768,0.47333333333333333,441
477.56100000000026,3.2531000000000017,5,1,CCOC1=C(OC)C=CC=C1C1CN2C(=O)CN(CCOC)C(=O)[C@]2(C)C2=C1C1=CC=CC=C1N2,CNP0385513.1,0.9891901016235352,0.9976254105567932,0.6060386896133423,0.9983636736869812,0.4866666666666667,442
487.7010000000003,3.879170000000003,5,4,CC(C)(O)[C@@H]1[CH]C[C@](C)([C@H]2[C@@H](O)C[C@@]3(C)[C@@H]4C[C@H](O)[C@H]5C(C)(C)[C@@H](O)[CH]C[C@@]56C[C@@]46[CH]C[C@@]23C)O1,CNP0576094.1,0.9890011548995972,1.0,0.9947690367698669,0.9993566870689392,0.31666666666666665,443
408.5460000000004,4.727700000000005,4,0,CCC1=NN2C(=N1)N(C(=O)C1=CC=CC(OC)=C1)[C@H]1CCCC[C@H]1C21CCCCC1,CNP0487707.1,0.988923192024231,0.9999611377716064,0.5408383011817932,0.9963985681533813,0.5003916951017247,444
475.5890000000003,4.406800000000003,4,1,CCCCN1CC(=O)N2CC(C3=CC=CC(OC)=C3OCC)C3=C(NC4=CC=CC=C34)[C@@]2(C)C1=O,CNP0377012.1,0.9888683557510376,0.9990949630737305,0.5361226797103882,0.9985640645027161,0.48,445
448.9320000000002,3.122300000000002,7,1,COC1=CC=C(C2=NOC([C@@H]3C[C@H](NS(=O)(=O)C4=CC=C(Cl)C=C4)CN3C)=N2)C=C1,CNP0322429.1,0.987917959690094,0.9996597766876221,0.957325279712677,0.905717134475708,0.66,446
477.6010000000002,4.527500000000003,5,2,CC(=O)OC(C)(C)[C@H]1O[C@H]2CC[C@@]3(C)[C@@](O)(CC[C@H]4CC5=C(NC6=CC=CC=C56)[C@@]43C)C2=CC1=O,CNP0194391.1,0.9877750873565674,0.9999351501464844,0.007721894420683384,0.42157045006752014,0.35687744673564087,447
388.8070000000001,4.394040000000003,5,2,CC1=CC(C(=O)N[C@H](C)C2=C(C(=O)O)C(C3=CC=C(Cl)C=C3)=NO2)=C(C)O1,CNP0266647.1,0.9877513647079468,0.9997721314430237,0.9991642236709595,0.9962100982666016,0.48885961039126224,448
492.55700000000024,2.7768000000000015,7,0,COC(=O)[C@@H]1CC2=C(CN1S(=O)(=O)C1=CC=CC3=CC=CN=C13)N(CC1=CC=C(OC)C=C1)C=N2,CNP0031377.1,0.9876746535301208,0.941084623336792,0.009454885497689247,0.37534019351005554,0.5411285061969993,449
456.62300000000033,3.7268000000000026,5,3,C[C@H]([C@H]1OC(C)(C)[C@@H](C)[C@@H]1O)[C@H]1C[C@@H](O)C2=C3C=CC4=CC(=O)CC[C@]4(C)[C@H]3C[C@@H](O)[C@@]21C,CNP0357281.1,0.9874716401100159,1.0,0.9985854625701904,0.99977046251297,0.39964122635355515,450
436.90300000000013,4.472700000000002,5,2,CCCCC1=NC(Cl)=C(C(=O)O)N1CC1=CC=C(C2=CC=CC=C2C2=NNN=N2)C=C1,CNP0477446.0,0.9874476790428162,0.20357197523117065,0.9991781115531921,0.06710916757583618,0.39,451
375.82300000000004,4.005080000000002,6,2,N#CC1=C2N=C(NCC3=CC=C(Cl)C=C3)N=C(NC3=CC=CC=C3)N2N=C1,CNP0510487.0,0.9873030185699463,0.013595687225461006,0.8546611666679382,0.004698120057582855,0.3110694244663252,452
475.58900000000017,4.406800000000003,4,1,CCCOC1=CC=C(C2CN3C(=O)CN(CCC)C(=O)[C@]3(C)C3=C2C2=CC=CC=C2N3)C=C1OC,CNP0386580.1,0.987217128276825,0.9984498023986816,0.3050268590450287,0.9988747239112854,0.44,453
460.6110000000003,3.7687000000000026,6,2,CC(C)(C)CC(=O)OCC(=O)[C@@]1(O)CC[C@@H]2[C@@H]3CCC4=CC(=O)CC[C@]4(C)[C@H]3[C@@H](O)C[C@@]21C,CNP0198668.1,0.987216055393219,0.9999011754989624,0.04413001984357834,0.18954555690288544,0.41539016689219666,454
476.9160000000002,4.947100000000003,5,2,O=C(N[C@H](CC1=CNC2=CC=CC=C12)C(=O)OCC(=O)C1=CC=C(Cl)C=C1)OC1=CC=CC=C1,CNP0509483.1,0.9868417978286743,0.999846339225769,0.9204199314117432,0.9839807152748108,0.35333333333333333,455
476.9160000000002,4.947100000000003,5,2,O=C(N[C@@H](CC1=CNC2=CC=CC=C12)C(=O)OCC(=O)C1=CC=C(Cl)C=C1)OC1=CC=CC=C1,CNP0509483.2,0.9868417978286743,0.999846339225769,0.9204199314117432,0.9839807152748108,0.35333333333333333,456
358.4230000000003,3.1800000000000015,7,2,O=C(O)CSC1=NN=C2C3=CC=CC=C3NC3(CCCCC3)OC2=N1,CNP0560047.0,0.9867691993713379,0.6901209950447083,0.8809830546379089,0.4903016686439514,0.38666666666666666,457
382.87300000000005,3.2914200000000013,5,2,CCCCC1=C(C)N=C(NC(=O)NS(=O)(=O)C2=CC=CC=C2)N=C1Cl,CNP0408805.0,0.9867297410964966,0.989538311958313,0.6847636103630066,0.6916110515594482,0.4866666666666667,458
492.6120000000003,4.856000000000004,6,2,COC(=O)[C@]1(C)C[C@@H]2[C@@](C)(CC(C)=C3C4=CC=C5C(=CC(=O)C(O)=C5C)[C@@]4(C)CC[C@@]32C)C(=O)[C@H]1O,CNP0287896.2,0.986634373664856,0.9997298121452332,0.17508521676063538,0.18344315886497498,0.3905117541626445,459
492.6120000000003,4.856000000000004,6,2,COC(=O)[C@@]1(C)C[C@@H]2[C@@](C)(CC(C)=C3C4=CC=C5C(=CC(=O)C(O)=C5C)[C@]4(C)CC[C@]32C)C(=O)[C@H]1O,CNP0287896.3,0.986634373664856,0.9997298121452332,0.17508521676063538,0.18344315886497498,0.3905117541626445,460
492.6120000000003,4.856000000000004,6,2,COC(=O)[C@@]1(C)C[C@@H]2[C@](C)(CC(C)=C3C4=CC=C5C(=CC(=O)C(O)=C5C)[C@]4(C)CC[C@]32C)C(=O)[C@@H]1O,CNP0287896.4,0.986634373664856,0.9997298121452332,0.17508521676063538,0.18344315886497498,0.3905117541626445,461
492.6120000000003,4.856000000000004,6,2,COC(=O)[C@@]1(C)C[C@@H]2[C@@](C)(CC(C)=C3C4=CC=C5C(=CC(=O)C(O)=C5C)[C@]4(C)CC[C@]32C)C(=O)[C@@H]1O,CNP0287896.1,0.986634373664856,0.9997298121452332,0.17508521676063538,0.18344315886497498,0.3905117541626445,462
469.6300000000005,3.8956000000000026,5,0,O=C(C1=NN2C(=N1)N(C(=O)C1CCCCC1)[C@H]1CCCC[C@H]1C21CCCCC1)N1CCOCC1,CNP0487807.1,0.9866105914115906,0.9999898672103882,0.9718613624572754,0.9998993873596191,0.5066446131767776,463
402.4280000000001,3.087900000000001,6,2,COC1=CC=C(S(=O)(=O)N[C@H](C)C2=C(C(=O)O)C(C3=CC=CC=C3)=NO2)C=C1,CNP0551100.1,0.9865953922271729,0.9721910953521729,0.9700020551681519,0.909838855266571,0.5321929437245956,464
407.3370000000003,4.877800000000003,6,1,CCCSC1=NN=C2C3=CC(Br)=CC=C3NC3(CCCC3)OC2=N1,CNP0507392.0,0.9865923523902893,0.9994194507598877,0.9988412261009216,0.03984693065285683,0.4066666666666667,465
400.5000000000001,3.4396000000000013,3,3,CC(C)(C)C1=CC=C(S(=O)(=O)N[C@H](CC2=CNC3=CC=CC=C23)C(=O)O)C=C1,CNP0119497.2,0.986457884311676,0.9166173338890076,0.6206658482551575,0.9872803092002869,0.5466666666666666,466
400.5000000000001,3.4396000000000013,3,3,CC(C)(C)C1=CC=C(S(=O)(=O)N[C@@H](CC2=CNC3=CC=CC=C23)C(=O)O)C=C1,CNP0119497.1,0.986457884311676,0.9166173338890076,0.6206658482551575,0.9872803092002869,0.5466666666666666,467
426.51300000000015,3.022900000000001,5,2,COC(=O)[C@@H](CC1=CC=CC=C1)NC(=O)[C@@H](CC1=CC=CC=C1)NC(=O)OC(C)(C)C,CNP0052730.2,0.9864038228988647,0.9996888637542725,0.9772576689720154,0.9958646297454834,0.5033333333333333,468
426.51300000000015,3.022900000000001,5,2,COC(=O)[C@H](CC1=CC=CC=C1)NC(=O)[C@H](CC1=CC=CC=C1)NC(=O)OC(C)(C)C,CNP0052730.3,0.9864038228988647,0.9996888637542725,0.9772576689720154,0.9958646297454834,0.5033333333333333,469
426.51300000000015,3.022900000000001,5,2,COC(=O)[C@@H](CC1=CC=CC=C1)NC(=O)[C@H](CC1=CC=CC=C1)NC(=O)OC(C)(C)C,CNP0052730.4,0.9864038228988647,0.9996888637542725,0.9772576689720154,0.9958646297454834,0.5033333333333333,470
426.51300000000015,3.022900000000001,5,2,COC(=O)[C@H](CC1=CC=CC=C1)NC(=O)[C@@H](CC1=CC=CC=C1)NC(=O)OC(C)(C)C,CNP0052730.1,0.9864038228988647,0.9996888637542725,0.9772576689720154,0.9958646297454834,0.5033333333333333,471
390.43200000000024,2.965300000000001,7,1,COC1=C2C[C@@H](C(C)(C)O)OC2=CC2=C1C(=O)C=C(COC(=O)CC(C)C)O2,CNP0396174.1,0.986393392086029,1.0,0.9800153374671936,0.9983541965484619,0.4091111253514207,472
424.54500000000024,3.334600000000002,5,1,COC1=CC2=C(C=C1OC)C1=C(C2)C(C(=O)N(C)C[C@@H]2CCCN3CCCC[C@H]23)=NN1,CNP0131856.1,0.9862213134765625,0.9999508857727051,0.9304826259613037,0.995503842830658,0.4705984051948649,473
462.5060000000002,2.9827000000000004,5,4,CCC(C)[C@H](NC(=O)[C@@H](CC1=CNC2=CC=CC=C12)N1C(O)=NC2=CC=CC=C2C1=O)C(=O)O,CNP0571683.1,0.9860296845436096,0.9999949932098389,0.9275492429733276,0.9996907711029053,0.5845012922436174,474
406.5260000000002,4.367100000000004,4,1,COC1=CC(/C=C/[C@@]23NC(=O)CN2C2=CC=CC=C2C3(C)C)=CC=C1OCC(C)C,CNP0378309.1,0.9857093095779419,0.9857951402664185,0.9703261256217957,0.9963762164115906,0.45148727984344417,475
406.5260000000002,4.367100000000004,4,1,COC1=CC(/C=C/[C@]23NC(=O)CN2C2=CC=CC=C2C3(C)C)=CC=C1OCC(C)C,CNP0378309.2,0.9857093095779419,0.9857951402664185,0.9703261256217957,0.9963762164115906,0.45148727984344417,476
439.97200000000026,4.957900000000003,5,2,O=C(NC1=CC=C(Cl)C=C1)[C@@H]1SC2=NN=C(C3=CC=CC=C3)N2NC12CCCCC2,CNP0594323.2,0.9855923652648926,0.9999909400939941,0.9993756413459778,0.9997876286506653,0.43666666666666665,477
439.97200000000026,4.957900000000003,5,2,O=C(NC1=CC=C(Cl)C=C1)[C@H]1SC2=NN=C(C3=CC=CC=C3)N2NC12CCCCC2,CNP0594323.1,0.9855923652648926,0.9999909400939941,0.9993756413459778,0.9997876286506653,0.43666666666666665,478
436.5890000000002,3.948100000000003,6,2,CCOC(=O)C[C@H](O)C[C@H](O)CC[C@@H]1[C@@H]2C(=CCC[C@@H]2OC(=O)[C@@H](C)CC)C=C[C@@H]1C,CNP0184894.1,0.9855581521987915,0.9999996423721313,0.9975939393043518,0.8410404324531555,0.41,479
462.65600000000046,3.7035000000000027,4,2,CC1(C)C[C@H](NS(=O)(=O)C2=CC=CC=C2)[C@@]2(CCC(=O)N3CCCC3)CC[C@](C)(O)C[C@@H]12,CNP0455124.1,0.9855216145515442,0.9837192893028259,0.02531321719288826,0.9457489848136902,0.5444980842911877,480
462.65600000000046,3.7035000000000027,4,2,CC1(C)C[C@H](NS(=O)(=O)C2=CC=CC=C2)[C@]2(CCC(=O)N3CCCC3)CC[C@@](C)(O)C[C@@H]12,CNP0455124.2,0.9855216145515442,0.9837192893028259,0.02531321719288826,0.9457489848136902,0.5444980842911877,481
413.93,4.236200000000003,3,1,O=S(=O)(C1=CC=CC=C1)N1CCC2(CC1)NC1=CC=C(Cl)C=C1N1C=CC=C12,CNP0511241.0,0.9854844212532043,0.9997732043266296,0.9789863228797913,0.9901880621910095,0.49,482
489.6160000000002,4.652800000000004,4,1,CCCOC1=CC=C(C2CN3C(=O)CN(CC(C)C)C(=O)[C@]3(C)C3=C2C2=CC=CC=C2N3)C=C1OC,CNP0386779.1,0.9852697253227234,0.9993669390678406,0.7247860431671143,0.9992114305496216,0.5633333333333334,483
374.4770000000002,3.0050000000000017,4,2,C[C@@H](C(=O)O)[C@H]1CC[C@H]2[C@@H]3[C@H](O)CC4=CC(=O)CC[C@]4(C)[C@H]3CC(=O)[C@]12C,CNP0291367.3,0.9851788878440857,0.9999997615814209,0.9171280264854431,0.9990144968032837,0.42872350022552996,484
374.4770000000002,3.0050000000000017,4,2,C[C@H](C(=O)O)[C@H]1CC[C@H]2[C@@H]3[C@H](O)CC4=CC(=O)CC[C@]4(C)[C@H]3CC(=O)[C@]12C,CNP0291367.2,0.9851788878440857,0.9999997615814209,0.9171280264854431,0.9990144968032837,0.42872350022552996,485
374.47700000000015,3.005000000000002,4,2,CC(C(=O)O)C1CCC2C3C(CC(=O)[C@]12C)[C@@]1(C)CCC(=O)C=C1C[C@H]3O,CNP0291367.1,0.9851788878440857,0.9999997615814209,0.9171280264854431,0.9990144968032837,0.42872350022552996,486
427.8880000000001,2.7621,3,3,C[C@H](NC(=O)[C@H](CC1=CC=CC=C1)NC(=O)C1=CC2=CC(Cl)=CC=C2N1C)C(=O)O,CNP0531645.1,0.9851245284080505,0.9999704360961914,0.962130069732666,0.9991371035575867,0.5066666666666667,487
471.9660000000002,3.8878200000000023,6,0,CC1=NC=CC(OC[C@@H]2CN(S(=O)(=O)C3=CC=C(Cl)C=C3)[C@H]3C4=CC=CC=C4OC[C@@H]23)=N1,CNP0555787.1,0.9850799441337585,0.6426840424537659,0.0065102344378829,0.0011973115615546703,0.48333333333333334,488
448.6440000000003,3.6242000000000028,5,4,C[C@@H]([C@H](O)CCC(C)(C)O)[C@H]1CC[C@H]2C3=CC(=O)[C@@H]4C[C@@H](O)[C@@H](O)C[C@]4(C)[C@@H]3CC[C@]12C,CNP0155925.1,0.9845671653747559,0.99996018409729,0.49761685729026794,0.902163028717041,0.4033333333333333,489
413.308,4.791920000000005,3,3,CC1=CC([C@H]2[C@@H](C(C)C)CC[C@@]2(C)CC(=O)O)=C(C(=O)O)C(O)=C1Br,CNP0201586.1,0.9842707514762878,0.9999897480010986,0.9854711294174194,0.7576318383216858,0.44,490
402.4280000000001,3.087900000000001,6,2,COC1=CC=C(C2=NOC(C(=O)O)=C2[C@@H](C)NS(=O)(=O)C2=CC=CC=C2)C=C1,CNP0146890.1,0.984181821346283,0.9257322549819946,0.9257367253303528,0.6899803280830383,0.4621929437245956,491
430.58500000000026,4.551900000000004,5,1,CCCCC(=O)OCC(=O)[C@@]1(O)CC[C@H]2[C@@H]3CCC4=CC(=O)CC[C@]4(C)[C@H]3CC[C@@]21C,CNP0288447.1,0.984062135219574,0.9999147653579712,0.003569884691387415,0.18422609567642212,0.3933333333333333,492
430.58500000000026,4.551900000000004,5,1,CCCCC(=O)OCC(=O)[C@@]1(O)CCC2C3CCC4=CC(=O)CC[C@]4(C)C3CC[C@@]21C,CNP0288447.2,0.984062135219574,0.9999147653579712,0.003569884691387415,0.18422609567642212,0.3933333333333333,493
453.5430000000005,3.222100000000002,6,0,O=C(C1=NN2C(=N1)N(C(=O)C1=CC=CO1)[C@H]1CCCC[C@H]1C21CCCCC1)N1CCOCC1,CNP0564958.1,0.9839942455291748,0.9999926090240479,0.9081022143363953,0.9986547231674194,0.5066446131767776,494
353.3740000000001,3.024400000000001,5,3,CCOC(=O)CC(C1=CC=C(O)C=C1)C1=C(O)C2=CC=CC=C2NC1=O,CNP0297950.0,0.9837051033973694,0.9741240739822388,0.7635307312011719,0.9117509126663208,0.37666666666666665,495
448.6440000000003,3.6242000000000028,5,4,C[C@H]([C@H](C)CC(C)(C)O)[C@H]1CC[C@@]2(O)C3=CC(=O)[C@@H]4C[C@@H](O)[C@@H](O)C[C@]4(C)[C@H]3CC[C@]12C,CNP0225117.4,0.9835221767425537,1.0,0.8077587485313416,0.999009370803833,0.4081539465101109,496
448.6440000000003,3.6242000000000028,5,4,C[C@H]([C@H](C)CC(C)(C)O)[C@@H]1CC[C@@]2(O)C3=CC(=O)[C@@H]4C[C@@H](O)[C@@H](O)C[C@]4(C)[C@H]3CC[C@]12C,CNP0225117.3,0.9835221767425537,1.0,0.8077587485313416,0.999009370803833,0.4081539465101109,497
448.6440000000003,3.6242000000000028,5,4,C[C@H]([C@H](C)CC(C)(C)O)[C@@H]1CC[C@@]2(O)C3=CC(=O)[C@H]4C[C@@H](O)[C@@H](O)C[C@]4(C)[C@H]3CC[C@]12C,CNP0225117.2,0.9835221767425537,1.0,0.8077587485313416,0.999009370803833,0.4081539465101109,498
448.6440000000003,3.6242000000000028,5,4,C[C@H]([C@H](C)CC(C)(C)O)[C@H]1CC[C@@]2(O)C3=CC(=O)[C@H]4C[C@@H](O)[C@@H](O)C[C@]4(C)[C@H]3CC[C@]12C,CNP0225117.1,0.9835221767425537,1.0,0.8077587485313416,0.999009370803833,0.4081539465101109,499
454.6400000000002,3.433220000000002,5,2,CC1=CC=CC(CNC2=NCCNC23CCN(S(=O)(=O)C2=CC=C(C(C)C)C=C2)CC3)=C1,CNP0586667.0,0.9834483861923218,0.9999998807907104,0.8802015781402588,0.9998252987861633,0.5533333333333333,500
