mw,logp,n_hba,n_hbd,canonical_smiles,identifier,hybrid_pretrain_prob,hybrid_scratch_prob,hybrid_random_pretrain_prob,hybrid_random_scratch_prob,rf_prob
497.6730000000003,4.830300000000004,6,1,CCCC[C@H](C)C[C@@H](C)C(=O)N1CCC[C@H]1C(=O)O[C@@H](C(=O)O[C@H](C(=O)O)[C@@H](C)CC)[C@@H](C)CC,CNP0121132.3,1.0,1.0,0.9999984502792358,0.9999984502792358,0.51
497.6730000000003,4.830300000000004,6,1,CCCCC(C)CC(C)C(=O)N1CCC[C@H]1C(=O)O[C@@H](C(=O)O[C@H](C(=O)O)[C@@H](C)CC)[C@@H](C)CC,CNP0121132.2,1.0,1.0,0.9999984502792358,0.9999984502792358,0.51
402.48700000000025,3.8079000000000027,6,2,CCCOC1=C2C[C@@H](C(C)(C)O)OC2=CC2=C1C(=O)C=C(C1(O)CCCCC1)O2,CNP0051858.1,1.0,1.0,0.9998706579208374,0.9999357461929321,0.3481539465101109
497.6730000000003,4.830300000000004,6,1,CCCC[C@H](C)C[C@H](C)C(=O)N1CCC[C@H]1C(=O)O[C@@H](C(=O)O[C@H](C(=O)O)[C@@H](C)CC)[C@@H](C)CC,CNP0121132.1,1.0,1.0,0.9999984502792358,0.9999984502792358,0.51
384.91100000000034,4.810100000000004,3,0,O=C(C1=CC=CC(Cl)=C1)N1C2=NC=NN2C2(CCCCC2)[C@@H]2CCCC[C@@H]21,CNP0495417.1,0.9999998807907104,1.0,0.9995383024215698,0.9999735355377197,0.44666666666666666
428.5400000000001,4.777400000000004,5,1,CCCCC1=NC2(CCCC2)C(=O)N1CC1=CC=C(C2=CC=CC=C2C2=NN=NN2)C=C1,CNP0515721.0,0.9999998807907104,0.9999986886978149,0.999872088432312,0.8709062933921814,0.4066666666666667
388.4600000000002,3.4178000000000024,6,2,CCCOC1=C2C[C@@H](C(C)(C)O)OC2=CC2=C1C(=O)C=C(C1(O)CCCC1)O2,CNP0054896.1,0.9999997615814209,1.0,0.9996161460876465,0.9998008608818054,0.3181539465101109
426.51300000000015,3.2280000000000015,5,2,CC[C@H](C)[C@@H](NC(=O)OCC1=CC=CC=C1)C(=O)N[C@H](CC1=CC=CC=C1)C(=O)OC,CNP0505565.4,0.9999995231628418,1.0,0.9999853372573853,0.9999933242797852,0.64
426.51300000000015,3.2280000000000015,5,2,CC[C@H](C)[C@H](NC(=O)OCC1=CC=CC=C1)C(=O)N[C@H](CC1=CC=CC=C1)C(=O)OC,CNP0505565.2,0.9999995231628418,1.0,0.9999853372573853,0.9999933242797852,0.64
426.51300000000015,3.2280000000000015,5,2,CC[C@H](C)[C@H](NC(=O)OCC1=CC=CC=C1)C(=O)N[C@@H](CC1=CC=CC=C1)C(=O)OC,CNP0505565.1,0.9999995231628418,1.0,0.9999853372573853,0.9999933242797852,0.64
426.51300000000015,3.2280000000000015,5,2,CC[C@H](C)[C@@H](NC(=O)OCC1=CC=CC=C1)C(=O)N[C@@H](CC1=CC=CC=C1)C(=O)OC,CNP0505565.3,0.9999995231628418,1.0,0.9999853372573853,0.9999933242797852,0.64
474.87800000000016,3.789500000000001,5,4,O=C(O)C1=CC=CC(NS(=O)(=O)C2=CC=C(Cl)C(C(=O)NC3=CC=CC=C3C(=O)O)=C2)=C1,CNP0583797.0,0.9999994039535522,0.9951887130737305,0.9999833106994629,0.9143690466880798,0.46
435.56400000000014,4.773400000000004,4,2,CC(C)(O)[C@@H]1OC(=O)C=C2[C@H](CC[C@@]3(C)[C@H]2CC[C@H]2CC4=C(NC5=CC=CC=C45)[C@@]23C)O1,CNP0482523.1,0.9999994039535522,1.0,0.9940675497055054,0.9926820397377014,0.3268774467356409
482.57700000000034,4.087600000000004,7,1,CCOC(=O)C1=C/C(=C\CN2C=CN=C2CC(C)C)C2=C(C=C3O[C@H](C(C)(C)O)CC3=C2OC)O1,CNP0089471.1,0.9999988079071045,1.0,0.9999909400939941,0.9999128580093384,0.537795172863666
374.4330000000003,3.027700000000001,6,2,COC1=C2C[C@@H](C(C)(C)O)OC2=CC2=C1C(=O)C=C(C1(O)CCCCC1)O2,CNP0366664.1,0.9999980926513672,1.0,0.9997995495796204,0.9998730421066284,0.35148727984344424
404.4220000000001,3.0702000000000016,4,4,O=C(O)C1=CC=C(NC(=O)[C@H](CC2=CC=C(O)C=C2)NC(=O)C2=CC=CC=C2)C=C1,CNP0594921.1,0.9999971389770508,0.9999982118606567,0.9999819993972778,0.9998868703842163,0.5433333333333333
482.0130000000001,4.4250000000000025,6,2,O=C(NCC1(C2=CC=C(Cl)C=C2)CCCCC1)C1=CC=CC2=NC(CSC3=NNN=N3)=CN12,CNP0332537.0,0.9999971389770508,0.04119803011417389,0.9947698712348938,0.04400273784995079,0.46866570067275537
428.96400000000045,4.809700000000005,4,0,COCC(=O)N1C2=NC(C3=CC=C(Cl)C=C3)=NN2C2(CCCCC2)[C@@H]2CCCC[C@@H]21,CNP0536941.1,0.9999966621398926,1.0,0.9987899661064148,0.9996328353881836,0.665691140985867
449.2640000000001,4.552200000000001,5,4,O=C(C1=NC(O)=C(C=C2C=NC3=CC(O)=CC=C23)N1)C1=CNC2=CC=C(Br)C=C12,CNP0516641.0,0.999996542930603,0.9999998807907104,0.9999997615814209,0.9999624490737915,0.30333333333333334
481.93200000000024,4.124400000000003,6,1,COC1=CC=C(C(=O)N[C@@H](CC2=CC=CC=C2)C(=O)OCC(=O)C2=CC=C(Cl)C=C2)C=C1OC,CNP0514442.1,0.999996542930603,0.9999884366989136,0.9999364614486694,0.9975221753120422,0.48
481.93200000000024,4.124400000000003,6,1,COC1=CC=C(C(=O)N[C@H](CC2=CC=CC=C2)C(=O)OCC(=O)C2=CC=C(Cl)C=C2)C=C1OC,CNP0514442.2,0.999996542930603,0.9999884366989136,0.9999364614486694,0.9975221753120422,0.48
477.9700000000002,3.0675000000000017,6,2,COC1=C2CN(C)CCC2=C(S(=O)(=O)NCCC2=CNC3=CC=C(Cl)C=C23)C2=C1OCO2,CNP0171574.0,0.9999953508377075,1.0,0.9999843835830688,0.9998949766159058,0.5929745596868885
454.5230000000002,3.6693000000000024,7,1,CCCOC1=C2C[C@@H](C(C)(C)O)OC2=CC2=C1/C(=C/CN1C=CN=C1)C=C(C(=O)OCC)O2,CNP0406772.1,0.999995231628418,1.0,0.9995331764221191,0.9997393488883972,0.4063078930202218
386.857,3.329600000000002,5,2,CC(C)CS(=O)(=O)N[C@H](C)C1=C(C(=O)O)C(C2=CC=C(Cl)C=C2)=NO1,CNP0015414.1,0.9999945163726807,1.0,0.9999998807907104,0.9999871253967285,0.6514872798434442
435.52800000000013,4.161700000000002,5,2,CCCCC(=O)N(CC1=CC=C(C2=CC=CC=C2C2=NN=NN2)C=C1)[C@H](C(=O)O)C(C)C,CNP0542698.1,0.9999945163726807,1.0,0.9996312856674194,0.9996579885482788,0.5266666666666666
400.56700000000035,4.537000000000004,4,0,COCC(=O)N1C2=NC(C3CCCCC3)=NN2C2(CCCCC2)[C@@H]2CCCC[C@@H]21,CNP0504100.1,0.9999938011169434,1.0,0.996577799320221,0.9996939897537231,0.5930414180437958
404.50700000000035,3.1145000000000005,5,2,COC(=O)[C@@H](CC1=CC=CC=C1)NC(=O)C1(NC(=O)OC(C)(C)C)CCCCC1,CNP0364275.1,0.9999915361404419,0.9999996423721313,0.996778666973114,0.9995598196983337,0.5433333333333333
490.60400000000016,3.5809000000000006,4,4,CC[C@H](C)[C@H](NC(C)=O)C(=O)N(C)[C@@H](CC1=CC=C(O)C=C1)C(=O)N/C=C\C1=CNC2=CC=CC=C12,CNP0513120.2,0.999990701675415,0.9999998807907104,0.9993840456008911,0.9999713897705078,0.6233333333333333
490.60400000000016,3.5809000000000006,4,4,CC[C@H](C)[C@H](NC(C)=O)C(=O)N(C)[C@@H](CC1=CC=C(O)C=C1)C(=O)N/C=C/C1=CNC2=CC=CC=C12,CNP0513120.1,0.999990701675415,0.9999998807907104,0.9993840456008911,0.9999713897705078,0.6233333333333333
430.5410000000002,4.818700000000005,6,1,CCCOC1=C2C[C@@H](C(C)(C)O)OC2=CC2=C1/C(=C/CC(C)C)C=C(C(=O)OCC)O2,CNP0093426.1,0.9999895095825195,1.0,0.9997645020484924,0.9782611727714539,0.42148727984344425
402.5750000000003,4.982700000000005,4,0,COC(=O)CC[C@H](C)[C@H]1CC[C@H]2[C@H]3C(=O)C[C@@H]4CCCC[C@]4(C)[C@H]3CC(=O)[C@]12C,CNP0060524.1,0.9999881982803345,1.0,0.9999749660491943,0.9993046522140503,0.37333333333333335
402.5750000000003,4.982700000000005,4,0,COC(=O)CC[C@H](C)[C@H]1CC[C@H]2[C@H]3C(=O)C[C@@H]4CCCC[C@]4(C)[C@@H]3CC(=O)[C@]12C,CNP0060524.2,0.9999881982803345,1.0,0.9999749660491943,0.9993046522140503,0.37333333333333335
402.5750000000003,4.982700000000005,4,0,COC(=O)CC[C@H](C)[C@H]1CC[C@@H]2[C@H]3C(=O)C[C@@H]4CCCC[C@]4(C)[C@@H]3CC(=O)[C@@]21C,CNP0060524.3,0.9999881982803345,1.0,0.9999749660491943,0.9993046522140503,0.37333333333333335
402.5750000000003,4.982700000000005,4,0,COC(=O)CC[C@H](C)[C@H]1CC[C@@H]2[C@H]3C(=O)C[C@@H]4CCCC[C@]4(C)[C@H]3CC(=O)[C@@]21C,CNP0060524.4,0.9999881982803345,1.0,0.9999749660491943,0.9993046522140503,0.37333333333333335
406.84700000000015,3.732700000000002,5,2,C[C@@H](NS(=O)(=O)C1=CC=CC=C1)C1=C(C(=O)O)C(C2=CC=C(Cl)C=C2)=NO1,CNP0140968.1,0.9999852180480957,0.9999183416366577,0.9999843835830688,0.9989268183708191,0.5488596103912623
360.50200000000024,3.4418000000000024,4,0,CCCC1=NN2C(=N1)N(C(=O)COC)[C@H]1CCCC[C@H]1C21CCCCC1,CNP0495632.1,0.999984622001648,0.9999998807907104,0.9850367903709412,0.9996092915534973,0.5863747513771291
364.82900000000006,3.2993000000000023,5,1,COC[C@H]1CCCN1C(=O)C1=C([C@H](C)O)ON=C1C1=CC=C(Cl)C=C1,CNP0192527.1,0.9999831914901733,1.0,0.9999983310699463,0.999990701675415,0.5963968048670183
384.91100000000034,4.810100000000004,3,0,O=C(C1=CC=CC=C1Cl)N1C2=NC=NN2C2(CCCCC2)[C@@H]2CCCC[C@@H]21,CNP0540071.1,0.9999831914901733,0.9999998807907104,0.9952902793884277,0.9995415210723877,0.43
461.5140000000003,3.7794200000000027,6,1,COC1=CC=C(C(=O)N[C@@H](CC2=CC=CC=C2)C(=O)OCC(=O)C2=CC=C(C)C=C2)C=C1OC,CNP0481584.2,0.9999774694442749,0.9999736547470093,0.9994664788246155,0.9991098046302795,0.49
461.5140000000003,3.7794200000000027,6,1,COC1=CC=C(C(=O)N[C@H](CC2=CC=CC=C2)C(=O)OCC(=O)C2=CC=C(C)C=C2)C=C1OC,CNP0481584.1,0.9999774694442749,0.9999736547470093,0.9994664788246155,0.9991098046302795,0.49
490.7250000000004,4.294100000000004,5,4,CC(C)(O)[C@@H]1CO[C@@](C)([C@H]2[C@@H](O)C[C@@]3(C)[C@@H]4C[C@H](O)[C@H]5C(C)(C)[C@@H](O)CC[C@@]56C[C@@]46CC[C@]23C)C1,CNP0254532.1,0.9999761581420898,1.0,0.9999909400939941,0.9997488856315613,0.33539016689219664
476.52900000000017,3.249600000000001,6,4,CC(=O)OCC[C@H](NC(=O)[C@@H](CC1=CC=C(O)C=C1)NC(=O)C1=CC=CC=C1)C1=CC=C(O)C=C1,CNP0091041.1,0.9999631643295288,0.9999723434448242,0.9974961876869202,0.9951319694519043,0.5533333333333333
451.5630000000002,3.8883000000000028,5,3,CC(C)(O)[C@@H]1OC(=O)C=C2[C@H](CC[C@@]3(C)[C@@]2(O)CC[C@H]2CC4=C(NC5=CC=CC=C45)[C@@]23C)O1,CNP0071338.1,0.9999626874923706,0.9999997615814209,0.9617998600006104,0.9723012447357178,0.35354411340230757
439.97200000000026,4.957900000000003,5,2,O=C(NC1=CC=CC(Cl)=C1)[C@H]1SC2=NN=C(C3=CC=CC=C3)N2NC12CCCCC2,CNP0582554.1,0.9999608993530273,0.9999934434890747,0.9999030828475952,0.9997255206108093,0.4533333333333333
439.97200000000026,4.957900000000003,5,2,O=C(NC1=CC=CC(Cl)=C1)[C@@H]1SC2=NN=C(C3=CC=CC=C3)N2NC12CCCCC2,CNP0582554.2,0.9999608993530273,0.9999934434890747,0.9999030828475952,0.9997255206108093,0.4533333333333333
439.97200000000026,4.957900000000003,5,2,O=C(NC1=CC=CC=C1Cl)[C@H]1SC2=NN=C(C3=CC=CC=C3)N2NC12CCCCC2,CNP0603942.2,0.9999599456787109,0.9999983310699463,0.999810516834259,0.9997686743736267,0.48
439.97200000000026,4.957900000000003,5,2,O=C(NC1=CC=CC=C1Cl)[C@@H]1SC2=NN=C(C3=CC=CC=C3)N2NC12CCCCC2,CNP0603942.1,0.9999599456787109,0.9999983310699463,0.999810516834259,0.9997686743736267,0.48
400.51200000000017,2.9212000000000007,6,2,CC[C@H](O)C[C@@H]1CC[C@H]([C@H](C)C(=O)O[C@H](C)C[C@@H]2CC[C@H]([C@@H](C)C(=O)O)O2)O1,CNP0280737.15,0.9999537467956543,1.0,0.9999418258666992,0.9994015693664551,0.48539016689219666
400.51200000000017,2.9212000000000007,6,2,CC[C@@H](O)C[C@@H]1CC[C@H]([C@@H](C)C(=O)O[C@@H](C)C[C@@H]2CC[C@H]([C@@H](C)C(=O)O)O2)O1,CNP0280737.9,0.9999537467956543,1.0,0.9999418258666992,0.9994015693664551,0.48539016689219666
400.51200000000017,2.9212000000000007,6,2,CC[C@H](O)C[C@H]1CC[C@@H]([C@@H](C)C(=O)O[C@@H](C)C[C@@H]2CC[C@@H]([C@@H](C)C(=O)O)O2)O1,CNP0280737.7,0.9999537467956543,1.0,0.9999418258666992,0.9994015693664551,0.48539016689219666
400.51200000000017,2.9212000000000007,6,2,CC[C@H](O)C[C@@H]1CC[C@H]([C@H](C)C(=O)O[C@H](C)C[C@@H]2CC[C@@H]([C@@H](C)C(=O)O)O2)O1,CNP0280737.14,0.9999537467956543,1.0,0.9999418258666992,0.9994015693664551,0.48539016689219666
400.51200000000017,2.9212000000000007,6,2,CC[C@@H](O)C[C@H]1CC[C@H]([C@@H](C)C(=O)O[C@@H](C)C[C@@H]2CC[C@H]([C@@H](C)C(=O)O)O2)O1,CNP0280737.10,0.9999537467956543,1.0,0.9999418258666992,0.9994015693664551,0.48539016689219666
400.51200000000017,2.9212000000000007,6,2,CC[C@H](O)C[C@@H]1CC[C@@H]([C@@H](C)C(=O)O[C@@H](C)C[C@@H]2CC[C@@H]([C@@H](C)C(=O)O)O2)O1,CNP0280737.11,0.9999537467956543,1.0,0.9999418258666992,0.9994015693664551,0.48539016689219666
400.51200000000017,2.9212000000000007,6,2,CC[C@@H](O)C[C@@H]1CC[C@@H]([C@@H](C)C(=O)O[C@@H](C)C[C@@H]2CC[C@@H]([C@@H](C)C(=O)O)O2)O1,CNP0280737.12,0.9999537467956543,1.0,0.9999418258666992,0.9994015693664551,0.48539016689219666
400.51200000000017,2.9212000000000007,6,2,CC[C@@H](O)C[C@H]1CC[C@H]([C@H](C)C(=O)O[C@@H](C)C[C@H]2CC[C@H]([C@H](C)C(=O)O)O2)O1,CNP0280737.2,0.9999537467956543,1.0,0.9999418258666992,0.9994015693664551,0.48539016689219666
400.51200000000017,2.9212000000000007,6,2,CC[C@H](O)C[C@@H]1CC[C@H]([C@H](C)C(=O)O[C@H](C)C[C@@H]2CC[C@@H]([C@H](C)C(=O)O)O2)O1,CNP0280737.13,0.9999537467956543,1.0,0.9999418258666992,0.9994015693664551,0.48539016689219666
400.51200000000017,2.9212000000000007,6,2,CC[C@@H](O)C[C@H]1CC[C@@H]([C@H](C)C(=O)O[C@@H](C)C[C@@H]2CC[C@H]([C@@H](C)C(=O)O)O2)O1,CNP0280737.1,0.9999537467956543,1.0,0.9999418258666992,0.9994015693664551,0.48539016689219666
400.51200000000017,2.9212000000000007,6,2,CC[C@H](O)C[C@@H]1CC[C@H]([C@H](C)C(=O)O[C@H](C)C[C@@H]2CC[C@H]([C@H](C)C(=O)O)O2)O1,CNP0280737.4,0.9999537467956543,1.0,0.9999418258666992,0.9994015693664551,0.48539016689219666
400.51200000000017,2.9212000000000007,6,2,CC[C@H](O)C[C@H]1CC[C@H]([C@@H](C)C(=O)O[C@@H](C)C[C@@H]2CC[C@H]([C@@H](C)C(=O)O)O2)O1,CNP0280737.8,0.9999537467956543,1.0,0.9999418258666992,0.9994015693664551,0.48539016689219666
400.51200000000017,2.9212000000000007,6,2,CC[C@@H](O)C[C@H]1CC[C@@H]([C@@H](C)C(=O)O[C@@H](C)C[C@@H]2CC[C@@H]([C@@H](C)C(=O)O)O2)O1,CNP0280737.6,0.9999537467956543,1.0,0.9999418258666992,0.9994015693664551,0.48539016689219666
400.51200000000017,2.9212000000000007,6,2,CC[C@H](O)C[C@H]1CC[C@H]([C@H](C)C(=O)O[C@H](C)C[C@H]2CC[C@H]([C@H](C)C(=O)O)O2)O1,CNP0280737.3,0.9999537467956543,1.0,0.9999418258666992,0.9994015693664551,0.48539016689219666
400.51200000000017,2.9212000000000007,6,2,CC[C@H](O)C[C@@H]1CC[C@H]([C@@H](C)C(=O)O[C@@H](C)C[C@@H]2CC[C@H]([C@@H](C)C(=O)O)O2)O1,CNP0280737.5,0.9999537467956543,1.0,0.9999418258666992,0.9994015693664551,0.48539016689219666
494.5880000000004,4.592000000000004,7,1,CCOC(=O)C1=C/C(=C\CN2C=CN=C2)C2=C(C=C3O[C@H](C(C)(C)O)CC3=C2OC2CCCCC2)O1,CNP0115667.1,0.9999529123306274,1.0,0.9999206066131592,0.9994725584983826,0.45503139324575176
398.4960000000002,3.1294000000000013,6,1,CC[C@H](C[C@@H]1CC[C@H]([C@H](C)C(=O)O)O1)OC(=O)[C@H](C)[C@H]1CC[C@@H](CC(C)=O)O1,CNP0308098.3,0.9999488592147827,1.0,0.9999961853027344,0.9998990297317505,0.4420568335588633
398.4960000000002,3.1294000000000013,6,1,CC[C@H](C[C@@H]1CC[C@H]([C@H](C)C(=O)O)O1)OC(=O)[C@H](C)[C@H]1CC[C@H](CC(C)=O)O1,CNP0308098.1,0.9999488592147827,1.0,0.9999961853027344,0.9998990297317505,0.4420568335588633
398.4960000000002,3.1294000000000013,6,1,CC[C@H](C[C@@H]1CC[C@H]([C@H](C)C(=O)O)O1)OC(=O)[C@H](C)[C@@H]1CC[C@H](CC(C)=O)O1,CNP0308098.4,0.9999488592147827,1.0,0.9999961853027344,0.9998990297317505,0.4420568335588633
398.4960000000002,3.1294000000000013,6,1,CC[C@H](C[C@@H]1CC[C@H]([C@H](C)C(=O)O)O1)OC(=O)[C@H](C)[C@@H]1CC[C@@H](CC(C)=O)O1,CNP0308098.2,0.9999488592147827,1.0,0.9999961853027344,0.9998990297317505,0.4420568335588633
474.60500000000013,3.875300000000001,3,3,CC[C@@H](C)[C@H](NC(C)=O)C(=O)N(C)[C@@H](CC1=CC=CC=C1)C(=O)N/C=C\C1=CNC2=CC=CC=C12,CNP0426029.2,0.9999473094940186,0.9999997615814209,0.9981805086135864,0.999919056892395,0.6233333333333333
474.60500000000013,3.875300000000001,3,3,CC[C@@H](C)[C@H](NC(C)=O)C(=O)N(C)[C@@H](CC1=CC=CC=C1)C(=O)N/C=C/C1=CNC2=CC=CC=C12,CNP0426029.1,0.9999473094940186,0.9999997615814209,0.9981805086135864,0.999919056892395,0.6233333333333333
384.91100000000034,4.810100000000004,3,0,O=C(C1=CC=C(Cl)C=C1)N1C2=NC=NN2C2(CCCCC2)[C@@H]2CCCC[C@@H]21,CNP0502311.1,0.9999420642852783,0.9999997615814209,0.9931614398956299,0.9995822310447693,0.39
496.97600000000017,3.4216000000000024,6,0,COC(=O)[C@@H]1CC2=C(CN1S(=O)(=O)C1=CC=CC3=CC=CN=C13)N(CC1=CC=C(Cl)C=C1)C=N2,CNP0116727.1,0.9999407529830933,0.9990467429161072,0.9846757054328918,0.9837828278541565,0.5842905121746431
388.4600000000002,3.6484000000000023,6,1,CCOC(=O)C1=C/C(=C\C(C)C)C2=C(C=C3O[C@H](C(C)(C)O)CC3=C2OC)O1,CNP0093404.1,0.9999387264251709,1.0,0.9999583959579468,0.9956106543540955,0.3881539465101109
446.5110000000001,3.656600000000002,6,3,CCCC1=NC(C(C)(C)O)=C(C(=O)O)N1CC1=CC=C(C2=CC=CC=C2C2=NN=NN2)C=C1,CNP0577262.0,0.9999376535415649,0.9999717473983765,0.998263418674469,0.9785361886024475,0.4533333333333333
494.5920000000002,4.055600000000002,4,4,CCC(C)C(NC(=O)C(CC1=CC=CC=C1)NC(=O)N1C2=CC=CC=C2N=C(O)C1C(C)C)C(=O)O,CNP0558788.0,0.9999333620071411,1.0,0.9996215105056763,0.9999784231185913,0.5405984051948649
428.52500000000026,4.340500000000003,6,2,CC(C)(O)[C@@H]1CC2=C(C=C3OC(C4(O)CCCCC4)=CC(=O)C3=C2OC2CCCC2)O1,CNP0371104.1,0.9999302625656128,1.0,0.9992721676826477,0.9992215633392334,0.35893428029450425
386.57300000000015,4.760500000000004,4,2,CC[C@@H](C)C[C@@H](C)[C@@H](OC(=O)[C@H](C)[C@@H](O)[C@@H](C)C[C@@H](C)CC)[C@@H](C)C(=O)O,CNP0149546.1,0.9999297857284546,0.9999985694885254,0.9998561143875122,0.9966773986816406,0.5314872798434442
460.53000000000014,3.5440000000000014,5,3,CC(=O)OCC[C@H](NC(=O)[C@@H](CC1=CC=C(O)C=C1)NC(=O)C1=CC=CC=C1)C1=CC=CC=C1,CNP0101356.1,0.9999290704727173,0.9999135732650757,0.9975565671920776,0.9925498962402344,0.5666666666666667
361.39400000000006,3.249200000000001,6,2,CCC(C)CC(C)C(=O)OC1(C)C(=O)C2=CN=C(C(=O)O)C=C2C=C1O,CNP0074013.0,0.9999279975891113,0.9999924898147583,0.8722935318946838,0.9964061379432678,0.48
433.2650000000001,4.846600000000001,4,3,O=C(C1=NC(O)=C(C=C2C=NC3=CC=CC=C23)N1)C1=CNC2=CC=C(Br)C=C12,CNP0593662.0,0.9999240636825562,0.9998527765274048,0.9999843835830688,0.9963676929473877,0.24
442.63700000000034,4.6288000000000045,6,2,COC(=O)[C@H](C)[C@H](O)CC[C@](C)(O)CCCC(C)CCC(=O)C(C)(C)CCCC(C)=O,CNP0112651.1,0.9999189376831055,1.0,0.9999281167984009,0.9992266893386841,0.4420568335588633
444.5310000000002,3.3183000000000007,4,2,CC(=O)N[C@H](COC(=O)[C@@H](CC1=CC=CC=C1)NC(=O)C1=CC=CC=C1)CC1=CC=CC=C1,CNP0506157.2,0.9999167919158936,0.9981350898742676,0.996727705001831,0.5061156749725342,0.4666666666666667
444.5310000000002,3.3183000000000007,4,2,CC(=O)N[C@H](COC(=O)[C@H](CC1=CC=CC=C1)NC(=O)C1=CC=CC=C1)CC1=CC=CC=C1,CNP0506157.1,0.9999167919158936,0.9981350898742676,0.996727705001831,0.5061156749725342,0.4666666666666667
480.5610000000004,4.059400000000004,7,1,CCOC(=O)C1=C/C(=C\CN2C=CN=C2)C2=C(C=C3O[C@H]([C@@](C)(O)C4CCCC4)CC3=C2OC)O1,CNP0089527.1,0.9999154806137085,1.0,0.9995377063751221,0.9995273351669312,0.42169805991241843
402.4870000000002,4.0385000000000035,6,1,CCOC(=O)C1=C/C(=C\CC(C)C)C2=C(C=C3O[C@H](C(C)(C)O)CC3=C2OC)O1,CNP0100589.1,0.9999128580093384,1.0,0.9999161958694458,0.9914698004722595,0.42148727984344425
372.8300000000001,3.0820000000000007,5,2,CC(C)S(=O)(=O)N[C@H](C)C1=C(C(=O)O)C(C2=CC=C(Cl)C=C2)=NO1,CNP0014833.1,0.9999098777770996,0.9999986886978149,0.999996542930603,0.9998725652694702,0.6121929437245955
362.4660000000001,4.085800000000003,4,1,CO[C@@H]1OC(=O)C=C1CC[C@@]1(C)[C@H](C)CC[C@@]2(C)C(C(=O)O)=CCC[C@H]12,CNP0571722.2,0.9999098777770996,0.9999858140945435,0.9973873496055603,0.987296462059021,0.39205683355886334
362.4660000000001,4.085800000000003,4,1,CO[C@H]1OC(=O)C=C1CC[C@@]1(C)[C@H](C)CC[C@@]2(C)C(C(=O)O)=CCC[C@H]12,CNP0571722.1,0.9999098777770996,0.9999858140945435,0.9973873496055603,0.987296462059021,0.39205683355886334
449.59100000000024,4.815900000000005,4,2,CO[C@]12CC[C@@]3(C)[C@@H](CC[C@H]4CC5=C(NC6=CC=CC=C56)[C@@]43C)C1=CC(=O)[C@@H](C(C)(C)O)O2,CNP0568364.1,0.9998929500579834,0.999998927116394,0.7845157980918884,0.42756742238998413,0.35333333333333333
449.59100000000024,4.815900000000005,4,2,CO[C@]12CC[C@@]3(C)C(CC[C@H]4CC5=C(NC6=CC=CC=C56)[C@@]43C)C1=CC(=O)C(C(C)(C)O)O2,CNP0568364.2,0.9998929500579834,0.999998927116394,0.7845157980918884,0.42756742238998413,0.35333333333333333
441.9150000000002,4.019300000000003,6,1,COC1=CC=CC=C1N1CCN(C(=O)C2=C([C@H](C)O)ON=C2C2=CC=C(Cl)C=C2)CC1,CNP0071385.1,0.9998927116394043,1.0,0.9999920129776001,0.9999067783355713,0.5650313932457517
459.9550000000001,3.0145000000000017,5,0,COC(=O)[C@@H]1CC2=C(CN1S(=O)(=O)CC1=CC=CC=C1)N(CC1=CC=C(Cl)C=C1)C=N2,CNP0151756.1,0.9998810291290283,0.9993770718574524,0.9979298114776611,0.9927588701248169,0.56
426.4690000000002,2.889100000000001,7,1,CCOC(=O)C1=C/C(=C\CN2C=CN=C2)C2=C(C=C3O[C@H](C(C)(C)O)CC3=C2OC)O1,CNP0311137.1,0.9998804330825806,1.0,0.9996922016143799,0.9997333884239197,0.3929745596868885
406.8910000000001,3.274000000000002,4,2,CCOC(=O)[C@@H](CC1=CNC2=CC=CC=C12)NS(=O)(=O)C1=CC=C(Cl)C=C1,CNP0602747.2,0.9998793601989746,0.9999988079071045,0.9999070167541504,0.9999047517776489,0.5733333333333334
406.8910000000001,3.274000000000002,4,2,CCOC(=O)[C@H](CC1=CNC2=CC=CC=C12)NS(=O)(=O)C1=CC=C(Cl)C=C1,CNP0602747.1,0.9998793601989746,0.9999988079071045,0.9999070167541504,0.9999047517776489,0.5733333333333334
496.6000000000004,4.671900000000004,6,3,COC1=C(O)C=C2C(=C1C(=O)O)C(=O)C=C1[C@@]2(C)CC[C@@]2(C)[C@@H]3C[C@@H](C)C(=O)[C@@H](O)[C@]3(C)CC[C@]12C,CNP0146104.1,0.9998762607574463,0.9999771118164062,0.9995604157447815,0.9947481751441956,0.43666666666666665
445.92800000000017,2.873400000000001,5,0,COC(=O)[C@@H]1CC2=C(CN1S(=O)(=O)C1=CC=CC=C1)N(CC1=CC=C(Cl)C=C1)C=N2,CNP0417520.1,0.9998726844787598,0.9976758360862732,0.9764312505722046,0.9718319177627563,0.57
419.5650000000001,4.8418000000000045,3,2,CC(C)(O)[C@H]1O[C@H]2CC[C@@]3(C)[C@@H](CC[C@H]4CC5=C(NC6=CC=CC=C56)[C@@]43C)C2=CC1=O,CNP0159945.1,0.9998476505279541,0.9999936819076538,0.8607367873191833,0.5943037271499634,0.27354411340230755
419.5650000000001,4.8418000000000045,3,2,CC(C)(O)[C@H]1O[C@H]2CC[C@@]3(C)C(CC[C@H]4CC5=C(NC6=CC=CC=C56)[C@@]43C)C2=CC1=O,CNP0159945.2,0.9998476505279541,0.9999936819076538,0.8607367873191833,0.5943037271499634,0.27354411340230755
384.48000000000036,3.7493000000000034,5,0,COCC(=O)N1C2=NC(C3=CC=CO3)=NN2C2(CCCCC2)[C@@H]2CCCC[C@@H]21,CNP0566079.1,0.9998476505279541,1.0,0.9615973830223083,0.9997925162315369,0.5890024208293111
376.88400000000024,4.843100000000004,4,1,CCN(C(=O)C1=C([C@H](C)O)ON=C1C1=CC=C(Cl)C=C1)C1CCCCC1,CNP0243833.1,0.9998451471328735,1.0,0.9994603991508484,0.9997832179069519,0.5288412635517723
371.43300000000016,2.9411000000000014,5,2,COC(=O)[C@H](CC1=CC=C(O)C=C1)NC(=O)C1=CC=C(OCC(C)C)C=C1,CNP0131337.2,0.9998397827148438,0.9999547004699707,0.9910455346107483,0.9990027546882629,0.5666666666666667
371.43300000000016,2.9411000000000014,5,2,COC(=O)[C@@H](CC1=CC=C(O)C=C1)NC(=O)C1=CC=C(OCC(C)C)C=C1,CNP0131337.1,0.9998397827148438,0.9999547004699707,0.9910455346107483,0.9990027546882629,0.5666666666666667
448.64400000000035,3.9124000000000034,5,4,C[C@@H](CCCC(C)(C)O)[C@H]1CC[C@]2(O)C3=CC(=O)[C@@]4(O)C[C@@H](O)CC[C@]4(C)[C@H]3CC[C@]12C,CNP0154423.1,0.9998375177383423,1.0,0.7603623867034912,0.6188520789146423,0.38333333333333336
482.6870000000002,4.044400000000002,5,2,CCCC[C@@](C)(O[C@@H]1C[C@H](C)CC[C@@H]1C(C)C)C(=O)N[C@@H]1C(=O)N2[C@@H]1SC(C)(C)[C@H]2C(=O)O,CNP0456850.1,0.9998236298561096,0.9821919798851013,0.9454028010368347,0.9990280866622925,0.43333333333333335
482.6870000000002,4.044400000000002,5,2,CCCC[C@](C)(O[C@@H]1C[C@H](C)CC[C@@H]1C(C)C)C(=O)N[C@@H]1C(=O)N2[C@@H]1SC(C)(C)[C@H]2C(=O)O,CNP0456850.3,0.9998236298561096,0.9821919798851013,0.9454028010368347,0.9990280866622925,0.43333333333333335
482.6870000000002,4.044400000000002,5,2,CCCC[C@@](C)(O[C@@H]1C[C@H](C)CC[C@@H]1C(C)C)C(=O)N[C@H]1C(=O)N2[C@@H]1SC(C)(C)[C@H]2C(=O)O,CNP0456850.4,0.9998236298561096,0.9821919798851013,0.9454028010368347,0.9990280866622925,0.43333333333333335
482.6870000000002,4.044400000000002,5,2,CCCC[C@](C)(O[C@@H]1C[C@H](C)CC[C@@H]1C(C)C)C(=O)N[C@H]1C(=O)N2[C@@H]1SC(C)(C)[C@H]2C(=O)O,CNP0456850.2,0.9998236298561096,0.9821919798851013,0.9454028010368347,0.9990280866622925,0.43333333333333335
434.48800000000017,4.906200000000004,5,3,CCCC1=C(OCC2=CC=C([C@H](O)C3=CC=CC(C(=O)O)=C3)C=C2)C=CC(C(C)=O)=C1O,CNP0599578.1,0.9998206496238708,0.9999992847442627,0.9145072102546692,0.9594317078590393,0.36
405.5420000000002,4.897200000000005,3,3,CCC(C)CC(C(=O)NC=CC1=CNC2=CC=CC=C12)N(C)CC1=CC=C(O)C=C1,CNP0297499.0,0.9998160004615784,0.9999971389770508,0.9847168922424316,0.9997320771217346,0.49634734573350653
490.61100000000016,4.4612000000000025,9,3,CCC(C)C1N=C(O)C2CSC(=N2)C(C)N=C(O)C2=COC(=N2)C(C)N=C(O)C2=CSC1=N2,CNP0239823.0,0.9998155236244202,0.9985257983207703,0.9998148083686829,0.9903723001480103,0.46
414.53900000000016,3.311300000000002,6,2,CC[C@H](O)C[C@@H]1CC[C@H]([C@@H](C)C(=O)O[C@@H](CC)C[C@@H]2CC[C@H]([C@@H](C)C(=O)O)O2)O1,CNP0348395.9,0.9997996687889099,1.0,0.9999775886535645,0.9994999170303345,0.4620568335588633
414.53900000000016,3.311300000000002,6,2,CC[C@@H](O)C[C@H]1CC[C@@H]([C@@H](C)C(=O)O[C@@H](CC)C[C@@H]2CC[C@@H]([C@@H](C)C(=O)O)O2)O1,CNP0348395.7,0.9997996687889099,1.0,0.9999775886535645,0.9994999170303345,0.4620568335588633
414.53900000000016,3.311300000000002,6,2,CC[C@@H](O)C[C@@H]1CC[C@@H]([C@@H](C)C(=O)O[C@@H](CC)C[C@@H]2CC[C@@H]([C@@H](C)C(=O)O)O2)O1,CNP0348395.8,0.9997996687889099,1.0,0.9999775886535645,0.9994999170303345,0.4620568335588633
414.53900000000016,3.311300000000002,6,2,CC[C@H](O)C[C@@H]1CC[C@H]([C@H](C)C(=O)O[C@H](CC)C[C@@H]2CC[C@@H]([C@H](C)C(=O)O)O2)O1,CNP0348395.13,0.9997996687889099,1.0,0.9999775886535645,0.9994999170303345,0.4620568335588633
414.53900000000016,3.311300000000002,6,2,CC[C@@H](O)C[C@@H]1CC[C@H]([C@@H](C)C(=O)O[C@@H](CC)C[C@@H]2CC[C@H]([C@@H](C)C(=O)O)O2)O1,CNP0348395.6,0.9997996687889099,1.0,0.9999775886535645,0.9994999170303345,0.4620568335588633
414.53900000000016,3.311300000000002,6,2,CC[C@H](O)C[C@@H]1CC[C@H]([C@H](C)C(=O)O[C@H](CC)C[C@@H]2CC[C@@H]([C@@H](C)C(=O)O)O2)O1,CNP0348395.12,0.9997996687889099,1.0,0.9999775886535645,0.9994999170303345,0.4620568335588633
414.53900000000016,3.311300000000002,6,2,CC[C@H](O)C[C@@H]1CC[C@H]([C@H](C)C(=O)O[C@H](CC)C[C@@H]2CC[C@H]([C@H](C)C(=O)O)O2)O1,CNP0348395.10,0.9997996687889099,1.0,0.9999775886535645,0.9994999170303345,0.4620568335588633
414.53900000000016,3.311300000000002,6,2,CC[C@H](O)C[C@@H]1CC[C@H]([C@H](C)C(=O)O[C@H](CC)C[C@@H]2CC[C@H]([C@@H](C)C(=O)O)O2)O1,CNP0348395.11,0.9997996687889099,1.0,0.9999775886535645,0.9994999170303345,0.4620568335588633
414.53900000000016,3.311300000000002,6,2,CC[C@@H](O)C[C@H]1CC[C@@H]([C@H](C)C(=O)O[C@@H](CC)C[C@@H]2CC[C@H]([C@@H](C)C(=O)O)O2)O1,CNP0348395.1,0.9997996687889099,1.0,0.9999775886535645,0.9994999170303345,0.4620568335588633
414.53900000000016,3.311300000000002,6,2,CC[C@H](O)C[C@H]1CC[C@H]([C@@H](C)C(=O)O[C@@H](CC)C[C@@H]2CC[C@H]([C@@H](C)C(=O)O)O2)O1,CNP0348395.5,0.9997996687889099,1.0,0.9999775886535645,0.9994999170303345,0.4620568335588633
414.53900000000016,3.311300000000002,6,2,CC[C@H](O)C[C@H]1CC[C@@H]([C@@H](C)C(=O)O[C@@H](CC)C[C@@H]2CC[C@@H]([C@@H](C)C(=O)O)O2)O1,CNP0348395.2,0.9997996687889099,1.0,0.9999775886535645,0.9994999170303345,0.4620568335588633
414.53900000000016,3.311300000000002,6,2,CC[C@H](O)C[C@@H]1CC[C@@H]([C@@H](C)C(=O)O[C@@H](CC)C[C@@H]2CC[C@@H]([C@@H](C)C(=O)O)O2)O1,CNP0348395.3,0.9997996687889099,1.0,0.9999775886535645,0.9994999170303345,0.4620568335588633
414.53900000000016,3.311300000000002,6,2,CC[C@@H](O)C[C@H]1CC[C@H]([C@@H](C)C(=O)O[C@@H](CC)C[C@@H]2CC[C@H]([C@@H](C)C(=O)O)O2)O1,CNP0348395.4,0.9997996687889099,1.0,0.9999775886535645,0.9994999170303345,0.4620568335588633
384.5010000000003,4.262400000000003,6,1,CCOC(=O)CSC1=NC(O)=C2C(=N1)C1=CC=CC=C1CC21CCCCC1,CNP0508607.0,0.9997835755348206,0.9999141693115234,0.9947288632392883,0.979939877986908,0.31
473.5730000000002,4.159200000000003,4,1,CCCOC1=CC=C(C2CN3C(=O)CN(C4CC4)C(=O)[C@]3(C)C3=C2C2=CC=CC=C2N3)C=C1OC,CNP0386104.1,0.9997736811637878,0.9999097585678101,0.3757094442844391,0.990436851978302,0.45666666666666667
445.3610000000001,3.986500000000002,3,3,CC[C@@H](C)C1=N[C@@](C(=O)N/C=C\C2=CNC3=CC=C(Br)C=C23)(C(C)C)NC1=O,CNP0144244.1,0.9997619986534119,0.9999905824661255,0.9999750852584839,0.9998199343681335,0.52
393.39900000000006,2.9590000000000005,5,2,COC1=CC2=C(C=C1OC)C1=C(C2)C(C(=O)NC2=CC=CC(C(=O)O)=C2)=NN1C,CNP0396434.0,0.9997512698173523,0.9994770884513855,0.9673663377761841,0.9927833080291748,0.48735027705792894
418.9060000000001,3.1137000000000015,6,1,CN1C[C@@H](NS(=O)(=O)C2=CC=CC=C2)C[C@H]1C1=NC(C2=CC=C(Cl)C=C2)=NO1,CNP0012618.1,0.999735414981842,0.999815046787262,0.9972298741340637,0.9906719923019409,0.6166666666666667
385.4600000000002,3.3312000000000017,5,2,COC(=O)[C@@H](CC1=CC=C(O)C=C1)NC(=O)C1=CC=C(OCCC(C)C)C=C1,CNP0378211.2,0.9997323155403137,0.9999045133590698,0.8870200514793396,0.998198926448822,0.55
385.4600000000002,3.3312000000000017,5,2,COC(=O)[C@H](CC1=CC=C(O)C=C1)NC(=O)C1=CC=C(OCCC(C)C)C=C1,CNP0378211.1,0.9997323155403137,0.9999045133590698,0.8870200514793396,0.998198926448822,0.55
414.5390000000002,3.0096000000000016,7,1,CC[C@@H](O)C[C@H]1CC[C@@H]([C@H](C)C(=O)O[C@@H](C)C[C@@H]2CC[C@H]([C@@H](C)C(=O)OC)O2)O1,CNP0575302.1,0.9997199177742004,1.0,0.9999226331710815,0.9985820055007935,0.46539016689219664
438.5720000000004,4.736300000000004,5,0,CCC1=NN2C(=N1)N(C(=O)C1=CC=C(OC)C(OC)=C1)[C@H]1CCCC[C@H]1C21CCCCC1,CNP0561128.1,0.9997163414955139,0.9999990463256836,0.993843674659729,0.9998718500137329,0.5147802128473985
392.86400000000015,2.8839000000000006,4,2,COC(=O)[C@@H](CC1=CNC2=CC=CC=C12)NS(=O)(=O)C1=CC=C(Cl)C=C1,CNP0505530.1,0.9997013211250305,0.9999923706054688,0.9994321465492249,0.9998190999031067,0.59
392.86400000000015,2.8839000000000006,4,2,COC(=O)[C@H](CC1=CNC2=CC=CC=C12)NS(=O)(=O)C1=CC=C(Cl)C=C1,CNP0505530.2,0.9997013211250305,0.9999923706054688,0.9994321465492249,0.9998190999031067,0.59
425.8720000000001,2.7054,3,3,O=C(N[C@@H](CC1=CC=CC=C1)C(=O)N1CC(C(=O)O)C1)C1=CC2=CC(Cl)=CC=C2N1,CNP0529166.1,0.999679684638977,1.0,0.9771580696105957,0.9998897314071655,0.48
417.5020000000002,3.317740000000003,5,3,CCC(C)[C@@H](C(=O)O)N1C(C)=CC2=C3C[C@@H](C(C)(C)O)COC3=C(C)C(O)=C2C1=O,CNP0556046.1,0.9996562004089355,1.0,0.9995063543319702,0.9999929666519165,0.48301401240017316
382.5080000000003,4.903000000000005,4,0,CCCC(=O)N1C2=NC(C3=CC=CO3)=NN2C2(CCCCC2)[C@@H]2CCCC[C@@H]21,CNP0498958.1,0.9996485710144043,1.0,0.9773986339569092,0.9998612403869629,0.550219838873107
475.95800000000014,3.0721000000000016,7,2,CC(=O)NC1=CC=C(S(=O)(=O)N[C@H]2C[C@@H](C3=NC(C4=CC=C(Cl)C=C4)=NO3)N(C)C2)C=C1,CNP0378707.1,0.9996398687362671,0.9999963045120239,0.9995875954627991,0.9997238516807556,0.7233333333333334
494.77300000000014,3.9056000000000015,5,4,COC1=CC=C(Cl)C=C1NC(=O)[C@H]1C[C@H](C(C)O)N[C@]12C(O)=NC1=CC=C(Br)C=C12,CNP0503816.1,0.9996383190155029,0.9999592304229736,0.9786710143089294,0.9974034428596497,0.4420568335588633
350.49900000000014,4.639100000000004,3,1,CO[C@H]1C[C@H](CC[C@@]2(C)[C@H](C)CC[C@@]3(C)C(C(=O)O)=CCC[C@H]23)CO1,CNP0155416.2,0.999612033367157,0.9999998807907104,0.9995889067649841,0.9977438449859619,0.42539016689219666
350.49900000000014,4.639100000000004,3,1,CO[C@@H]1C[C@H](CC[C@@]2(C)[C@H](C)CC[C@@]3(C)C(C(=O)O)=CCC[C@H]23)CO1,CNP0155416.1,0.999612033367157,0.9999998807907104,0.9995889067649841,0.9977438449859619,0.42539016689219666
489.48000000000025,3.5702000000000016,8,2,COC(=O)[C@@H](CC1=CC=C(O)C=C1)NC(=O)COC1=CC=C2C(=O)C(OC3=CC=CC=C3)=COC2=C1,CNP0363783.1,0.9996057152748108,0.9999958276748657,0.9814156293869019,0.9997175335884094,0.67
460.53000000000014,3.023900000000001,5,3,CC(=O)OC[C@H](CC1=CC=CC=C1)NC(=O)[C@H](CC1=CC=C(O)C=C1)NC(=O)C1=CC=CC=C1,CNP0204215.1,0.9995962977409363,0.9924081563949585,0.9832725524902344,0.08853793889284134,0.49333333333333335
495.57600000000036,2.868800000000001,8,2,CCOC(=O)C1=C/C(=C\CN2C=CN=C2)C2=C(C=C3O[C@H]([C@](C)(O)C4CCNCC4)CC3=C2OC)O1,CNP0097273.1,0.9995951056480408,0.9999996423721313,0.9945091605186462,0.9951086640357971,0.43318533975586265
428.5400000000001,4.777400000000004,5,1,CCCCC1=NC2(CCCC2)C(=O)N1CC1=CC=C(C2=CC=CC=C2C2=NNN=N2)C=C1,CNP0268007.0,0.9995933175086975,0.26945436000823975,0.9906050562858582,0.013452914543449879,0.36666666666666664
443.5690000000003,3.6083200000000026,5,1,COC1=CC=C(C)C=C1NC(=O)[C@@H]1CN(S(=O)(=O)C2=CC=CN=C2)CC12CCCCC2,CNP0587869.1,0.9995911717414856,0.9851483106613159,0.1621123105287552,0.972337543964386,0.609619172863666
443.5690000000003,3.6083200000000026,5,1,COC1=CC=C(C)C=C1NC(=O)[C@H]1CN(S(=O)(=O)C2=CC=CN=C2)CC12CCCCC2,CNP0587869.2,0.9995911717414856,0.9851483106613159,0.1621123105287552,0.972337543964386,0.609619172863666
389.4110000000001,2.9358000000000013,5,3,COC(=O)C(CC1=CNC2=CC=CC=C12)NC(=O)C1=CC(O)=NC2=CC=CC=C12,CNP0540198.0,0.9995834231376648,0.9999731779098511,0.9475595355033875,0.9985871315002441,0.49333333333333335
374.4330000000001,3.402400000000002,6,1,CC/C=C1\C=C(C(=O)OCC)OC2=CC3=C(C[C@@H](C(C)(C)O)O3)C(OC)=C12,CNP0088034.1,0.9995775818824768,1.0,0.9994410872459412,0.8711106181144714,0.35148727984344424
356.49500000000023,4.218200000000004,4,0,O=C(C1=CC=CS1)N1C2=NC=NN2C2(CCCCC2)[C@@H]2CCCC[C@@H]21,CNP0496479.1,0.9995658993721008,0.9999783039093018,0.9917072653770447,0.9978353381156921,0.33964122635355515
364.8290000000001,3.2993000000000015,5,1,COC[C@H]1CCCN1C(=O)C1=C([C@H](C)O)C(C2=CC=C(Cl)C=C2)=NO1,CNP0224762.1,0.9995586276054382,1.0,0.9999533891677856,0.9999632835388184,0.5863968048670183
412.4860000000002,2.8379000000000003,5,2,COC(=O)[C@H](CC1=CC=CC=C1)NC(=O)[C@H](NC(=O)OCC1=CC=CC=C1)C(C)C,CNP0105105.1,0.999548614025116,1.0,0.9994107484817505,0.9998669624328613,0.5833333333333334
412.4860000000002,2.8379000000000003,5,2,COC(=O)[C@@H](CC1=CC=CC=C1)NC(=O)[C@H](NC(=O)OCC1=CC=CC=C1)C(C)C,CNP0105105.4,0.999548614025116,1.0,0.9994107484817505,0.9998669624328613,0.5833333333333334
412.4860000000002,2.8379000000000003,5,2,COC(=O)[C@@H](CC1=CC=CC=C1)NC(=O)[C@@H](NC(=O)OCC1=CC=CC=C1)C(C)C,CNP0105105.2,0.999548614025116,1.0,0.9994107484817505,0.9998669624328613,0.5833333333333334
412.4860000000002,2.8379000000000003,5,2,COC(=O)[C@H](CC1=CC=CC=C1)NC(=O)[C@@H](NC(=O)OCC1=CC=CC=C1)C(C)C,CNP0105105.3,0.999548614025116,1.0,0.9994107484817505,0.9998669624328613,0.5833333333333334
435.5420000000003,3.9806000000000035,7,1,CCOC(=O)C1=C(NC(=O)[C@H]2CC(=O)OC23CCCCC3)SC2=C1CC(C)(C)OC2,CNP0529636.2,0.9995473027229309,1.0,0.9953696131706238,0.9994931221008301,0.44577779201808737
435.5420000000003,3.9806000000000035,7,1,CCOC(=O)C1=C(NC(=O)[C@@H]2CC(=O)OC23CCCCC3)SC2=C1CC(C)(C)OC2,CNP0529636.1,0.9995473027229309,1.0,0.9953696131706238,0.9994931221008301,0.44577779201808737
495.3290000000002,4.290600000000002,5,2,O=C(COC(=O)[C@H](CC1=CNC2=CC=CC=C12)NC(=O)C1=CC=CO1)C1=CC=C(Br)C=C1,CNP0530084.1,0.9995424747467041,1.0,0.9993775486946106,0.9995430707931519,0.41333333333333333
495.3290000000002,4.290600000000002,5,2,O=C(COC(=O)[C@@H](CC1=CNC2=CC=CC=C12)NC(=O)C1=CC=CO1)C1=CC=C(Br)C=C1,CNP0530084.2,0.9995424747467041,1.0,0.9993775486946106,0.9995430707931519,0.41333333333333333
491.5880000000002,3.643200000000003,5,1,CCCOC1=CC=C(C2CN3C(=O)CN(CCOC)C(=O)[C@]3(C)C3=C2C2=CC=CC=C2N3)C=C1OC,CNP0385265.1,0.9994820952415466,0.9999150037765503,0.966853678226471,0.9994826316833496,0.48333333333333334
489.6160000000002,4.795300000000005,4,1,CCCOC1=CC=C(C2CN3C(=O)CN(C(C)CC)C(=O)[C@]3(C)C3=C2C2=CC=CC=C2N3)C=C1OC,CNP0180456.1,0.9994681477546692,0.999737560749054,0.09314990788698196,0.9989026784896851,0.5433333333333333
460.5670000000003,4.744620000000005,6,2,COC1=C(C)C(OC[C@@H]2[C@@]3(C)CCCC(C)(C)[C@@H]3CC[C@@]2(C)O)=C2COC(=O)C2=C1C(=O)O,CNP0471954.1,0.9994625449180603,0.999984860420227,0.9927998781204224,0.30779314041137695,0.3668774467356409
490.6810000000003,4.3391000000000055,6,3,CC(=O)O[C@@H]1CC[C@@]2(C)[C@@H](C1)C(=O)C=C1[C@@H]2CC[C@]2(C)[C@@H]([C@@H](C)[C@H](O)CCC(C)(C)O)CC[C@]12O,CNP0253756.2,0.9994524121284485,0.9999998807907104,0.16998738050460815,0.981650173664093,0.4766666666666667
490.6810000000003,4.3391000000000055,6,3,CC(=O)O[C@H]1CC[C@@]2(C)[C@@H](C1)C(=O)C=C1[C@@H]2CC[C@]2(C)[C@@H]([C@H](C)[C@H](O)CCC(C)(C)O)CC[C@@]12O,CNP0253756.1,0.9994524121284485,0.9999998807907104,0.16998738050460815,0.981650173664093,0.4766666666666667
490.6810000000003,4.3391000000000055,6,3,CC(=O)O[C@H]1CC[C@@]2(C)[C@@H](C1)C(=O)C=C1[C@@H]2CC[C@]2(C)[C@@H]([C@@H](C)[C@H](O)CCC(C)(C)O)CC[C@]12O,CNP0253756.3,0.9994524121284485,0.9999998807907104,0.16998738050460815,0.981650173664093,0.4766666666666667
414.8010000000001,3.9129000000000023,6,2,C[C@@H](NC(=O)C1=CC=C2OCOC2=C1)C1=C(C(=O)O)C(C2=CC=C(Cl)C=C2)=NO1,CNP0074253.1,0.999431312084198,0.9993594288825989,0.9998705387115479,0.9218971729278564,0.4714872798434442
442.8990000000001,4.264000000000004,6,1,COC1=CC2=C(C=C1OC)CN(C(=O)C1=C([C@H](C)O)ON=C1C1=CC=C(Cl)C=C1)CC2,CNP0111029.1,0.9994284510612488,0.999998927116394,0.9999756813049316,0.9992451667785645,0.4270135569013731
443.5690000000003,3.690000000000003,5,1,CCOC1=CC=CC=C1NC(=O)[C@H]1CN(S(=O)(=O)C2=CC=CN=C2)CC12CCCCC2,CNP0569521.1,0.9994081258773804,0.9988406300544739,0.07425110042095184,0.9841985702514648,0.5777951728636661
443.5690000000003,3.690000000000003,5,1,CCOC1=CC=CC=C1NC(=O)[C@@H]1CN(S(=O)(=O)C2=CC=CN=C2)CC12CCCCC2,CNP0569521.2,0.9994081258773804,0.9988406300544739,0.07425110042095184,0.9841985702514648,0.5777951728636661
393.39900000000006,2.9590000000000005,5,2,COC1=CC2=C(C=C1OC)C1=C(C2)C(C(=O)NC2=CC=C(C(=O)O)C=C2)=NN1C,CNP0396505.0,0.9993866682052612,0.9999949932098389,0.9962753057479858,0.9997618794441223,0.49068361039126224
494.5920000000002,3.4061000000000012,4,4,CC[C@@H](C)[C@H](NC(=O)[C@H](CC1=CC=CC=C1)NC(=O)N1C2=CC=CC=C2NC(=O)[C@@H]1C(C)C)C(=O)O,CNP0553031.2,0.9993742108345032,0.9999995231628418,0.9958667755126953,0.9999520778656006,0.5391111253514207
494.5920000000002,3.4061000000000012,4,4,CC[C@H](C)[C@H](NC(=O)[C@H](CC1=CC=CC=C1)NC(=O)N1C2=CC=CC=C2NC(=O)[C@@H]1C(C)C)C(=O)O,CNP0553031.3,0.9993742108345032,0.9999995231628418,0.9958667755126953,0.9999520778656006,0.5391111253514207
494.5920000000002,3.4061000000000012,4,4,CCC(C)[C@H](NC(=O)[C@H](CC1=CC=CC=C1)NC(=O)N1C2=CC=CC=C2NC(=O)[C@@H]1C(C)C)C(=O)O,CNP0553031.1,0.9993742108345032,0.9999995231628418,0.9958667755126953,0.9999520778656006,0.5391111253514207
388.5480000000002,4.894300000000005,3,1,C[C@@H](CCC(=O)O)[C@H]1CC[C@@H]2[C@H]3C(=O)C[C@@H]4CCCC[C@]4(C)[C@@H]3CC(=O)[C@@]21C,CNP0472493.2,0.9993709921836853,0.9999994039535522,0.9981356859207153,0.9984959363937378,0.41333333333333333
388.5480000000002,4.894300000000005,3,1,C[C@@H](CCC(=O)O)[C@H]1CC[C@H]2[C@H]3C(=O)C[C@@H]4CCCC[C@]4(C)[C@H]3CC(=O)[C@]12C,CNP0472493.1,0.9993709921836853,0.9999994039535522,0.9981356859207153,0.9984959363937378,0.41333333333333333
388.5480000000002,4.894300000000005,3,1,C[C@@H](CCC(=O)O)[C@H]1CC[C@@H]2[C@H]3C(=O)C[C@@H]4CCCC[C@]4(C)[C@H]3CC(=O)[C@@]21C,CNP0472493.3,0.9993709921836853,0.9999994039535522,0.9981356859207153,0.9984959363937378,0.41333333333333333
388.5480000000002,4.894300000000005,3,1,C[C@@H](CCC(=O)O)[C@H]1CC[C@H]2[C@H]3C(=O)C[C@@H]4CCCC[C@]4(C)[C@@H]3CC(=O)[C@]12C,CNP0472493.4,0.9993709921836853,0.9999994039535522,0.9981356859207153,0.9984959363937378,0.41333333333333333
356.51400000000024,4.423200000000004,3,0,O=C(C1CCCCC1)N1C2=NC=NN2C2(CCCCC2)[C@@H]2CCCC[C@@H]21,CNP0556812.1,0.9993471503257751,0.9999998807907104,0.9905180335044861,0.9999139308929443,0.39217089023470647
433.5480000000001,4.081900000000003,4,3,CC(C)(O)[C@H]1O[C@@]2(O)CC[C@@]3(C)C(=CC[C@H]4CC5=C(NC6=CC=CC=C56)[C@@]43C)C2=CC1=O,CNP0071478.1,0.9993317723274231,0.9999984502792358,0.7466686367988586,0.9758363366127014,0.3981539465101109
384.5490000000004,4.780600000000004,4,0,CCC1=NN2C(=N1)N(C(=O)C1=CC=CS1)[C@H]1CCCC[C@H]1C21CCCCC1,CNP0560195.1,0.9993230104446411,0.9999924898147583,0.9644086956977844,0.9978811144828796,0.43119536455390667
393.5530000000003,2.911100000000001,4,0,CCCCN(C)C(=O)[C@H]1CN(S(=O)(=O)C2=CC=CN=C2)CC12CCCCC2,CNP0605020.2,0.9992973804473877,0.9997057318687439,0.11335796117782593,0.9992465972900391,0.5766446131767775
393.5530000000003,2.911100000000001,4,0,CCCCN(C)C(=O)[C@@H]1CN(S(=O)(=O)C2=CC=CN=C2)CC12CCCCC2,CNP0605020.1,0.9992973804473877,0.9997057318687439,0.11335796117782593,0.9992465972900391,0.5766446131767775
360.4060000000002,2.891800000000001,5,2,CC1C2CC34COC(O2)C1(CC(O)C1=COC=C1)C3CCC=C4C(=O)O,CNP0147385.0,0.9992890357971191,0.999970555305481,0.9886525273323059,0.7052127718925476,0.36
432.5130000000002,3.5308000000000024,7,2,CCOC(=O)C1=C/C(=C\CC(C)C)C2=C(OC)C3=C(O[C@H](C(C)(C)O)C3)C(CO)=C2O1,CNP0362524.1,0.9992665648460388,1.0,0.9992908239364624,0.9932625889778137,0.42393173852819827
473.4810000000002,3.4449000000000014,7,2,COC(=O)[C@@H](CC1=CC=CC=C1)NC(=O)COC1=CC(O)=C2C(=O)C=C(C3=CC=CC=C3)OC2=C1,CNP0112994.1,0.999215841293335,0.9999994039535522,0.8934713006019592,0.9991070628166199,0.5933333333333334
356.41800000000006,3.4367000000000028,5,3,COC1=CC2=C(C[C@H](C(C)(C)O)O2)C(O)=C1C/C=C/C1=CC=C(O)C=C1,CNP0075778.1,0.9991911053657532,0.9999998807907104,0.9995104074478149,0.9990824460983276,0.36482061317677755
356.41800000000006,3.4367000000000028,5,3,COC1=CC2=C(C[C@@H](C(C)(C)O)O2)C(O)=C1C/C=C/C1=CC=C(O)C=C1,CNP0075778.2,0.9991911053657532,0.9999998807907104,0.9995104074478149,0.9990824460983276,0.36482061317677755
494.59800000000035,2.7706800000000014,6,1,N#CC1=CC=CC=C1S(=O)(=O)NC1=CC=C2[C@@H]3C[C@H](CN(C(=O)CC4=CC=CS4)C3)CN2C1=O,CNP0043908.1,0.9991559982299805,0.999797523021698,0.7835183143615723,0.5079229474067688,0.49244445868475406
494.59800000000035,2.7706800000000014,6,1,N#CC1=CC=CC=C1S(=O)(=O)NC1=CC=C2[C@@H]3C[C@@H](CN(C(=O)CC4=CC=CS4)C3)CN2C1=O,CNP0043908.2,0.9991559982299805,0.999797523021698,0.7835183143615723,0.5079229474067688,0.49244445868475406
438.4610000000001,3.640500000000002,5,3,CC(=O)C1=CC=C(NS(=O)(=O)C2=CC=CC(C(=O)NC3=CC=C(C(=O)O)C=C3)=C2)C=C1,CNP0574896.0,0.9991229176521301,0.9785448312759399,0.9952852129936218,0.9841583967208862,0.5033333333333333
382.41600000000005,3.9665000000000026,5,2,CC(=O)OCC(C)CCCC(=O)C1=NC(C(=O)O)=CC2=C1NC1=CC=CC=C12,CNP0574905.0,0.9991182684898376,0.9998181462287903,0.9277387261390686,0.8999205231666565,0.49333333333333335
356.4180000000001,3.2530000000000014,4,2,COC1=CC(CCC2=CC=CC=C2)=C(C(=O)O)C2=C1C[C@@H](C(C)(C)O)O2,CNP0415032.2,0.9991115927696228,0.9999997615814209,0.9933239817619324,0.9896337985992432,0.35148727984344424
356.4180000000001,3.2530000000000014,4,2,COC1=CC(CCC2=CC=CC=C2)=C(C(=O)O)C2=C1C[C@H](C(C)(C)O)O2,CNP0415032.1,0.9991115927696228,0.9999997615814209,0.9933239817619324,0.9896337985992432,0.35148727984344424
424.56300000000033,2.8226199999999997,5,2,CC1=CC=C(S(=O)(=O)NC2(C(=O)N[C@H](C)C(=O)OC(C)(C)C)CCCCC2)C=C1,CNP0201888.1,0.9990430474281311,0.9999755620956421,0.9991635084152222,0.9999760389328003,0.58
424.56300000000033,2.8226199999999997,5,2,CC1=CC=C(S(=O)(=O)NC2(C(=O)N[C@@H](C)C(=O)OC(C)(C)C)CCCCC2)C=C1,CNP0201888.2,0.9990430474281311,0.9999755620956421,0.9991635084152222,0.9999760389328003,0.58
356.46200000000016,3.8102000000000027,3,1,C[C@H](C(=O)O)[C@H]1CC[C@H]2[C@@H]3C=CC4=CC(=O)CC[C@]4(C)[C@H]3CC(=O)[C@]12C,CNP0334249.3,0.9989973902702332,1.0,0.9992934465408325,0.9996776580810547,0.4120568335588633
356.46200000000016,3.8102000000000027,3,1,C[C@@H](C(=O)O)[C@H]1CC[C@H]2[C@@H]3C=CC4=CC(=O)CC[C@]4(C)[C@H]3CC(=O)[C@]12C,CNP0334249.2,0.9989973902702332,1.0,0.9992934465408325,0.9996776580810547,0.4120568335588633
356.46200000000016,3.8102000000000027,3,1,CC(C(=O)O)C1CCC2C3C=CC4=CC(=O)CC[C@]4(C)C3CC(=O)[C@]12C,CNP0334249.1,0.9989973902702332,1.0,0.9992934465408325,0.9996776580810547,0.4120568335588633
476.5290000000002,2.7295000000000007,6,4,CC(=O)OC[C@H](CC1=CC=C(O)C=C1)NC(=O)[C@H](CC1=CC=C(O)C=C1)NC(=O)C1=CC=CC=C1,CNP0258486.1,0.9989928603172302,0.9585972428321838,0.960120677947998,0.02916773594915867,0.49
390.4760000000002,3.6700000000000017,4,2,CC(=O)OCC(C)C1CCC2C3C=CC(C(=O)O)=CCC3(C)CCC12C(=O)O,CNP0257616.0,0.9989911913871765,0.9999986886978149,0.9747837781906128,0.978318989276886,0.45666666666666667
491.5400000000004,4.872700000000004,7,4,COC1=C(O)C(CC2=CNC=C2)=C2OC(C3=CC=C(O)C=C3)=CC(=O)C2=C1OCCC1(O)CCCC1,CNP0440474.0,0.9989808201789856,1.0,0.8495928645133972,0.9998573064804077,0.42513527984344424
372.41700000000003,3.111800000000002,6,4,COC1=C(O)C=CC2=C1CC(C(C)(C)O)C2CC(=O)C1=CC=C(O)C=C1O,CNP0118605.0,0.9989757537841797,0.9999991655349731,0.9959652423858643,0.9904555678367615,0.39384508749597785
360.50200000000024,3.612700000000002,4,0,COCC(=O)N1C2=NC(C(C)C)=NN2C2(CCCCC2)[C@@H]2CCCC[C@@H]21,CNP0491398.1,0.998975396156311,1.0,0.9952908754348755,0.9999631643295288,0.6497080847104625
417.4610000000002,4.268800000000003,4,2,CN(C(=O)OCC1C2=CC=CC=C2C2=CC=CC=C21)[C@H](CC1=CC=C(O)C=C1)C(=O)O,CNP0473471.1,0.9989553689956665,0.9940544962882996,0.9500395655632019,0.6231299638748169,0.4266666666666667
417.4610000000002,4.268800000000003,4,2,CN(C(=O)OCC1C2=CC=CC=C2C2=CC=CC=C21)[C@@H](CC1=CC=C(O)C=C1)C(=O)O,CNP0473471.2,0.9989553689956665,0.9940544962882996,0.9500395655632019,0.6231299638748169,0.4266666666666667
356.46900000000005,4.785700000000005,2,1,O=C1NC(CC2=CC=CC=C2)=NC2=C1C1(CCCCC1)CC1=CC=CC=C12,CNP0521550.0,0.998948872089386,0.9999922513961792,0.9951243996620178,0.9990043044090271,0.27
494.9970000000003,2.7375000000000016,7,1,COC1=C2CN(C)CCC2=C(S(=O)(=O)N2CCC(O)(C3=CC=C(Cl)C=C3)CC2)C2=C1OCO2,CNP0206927.0,0.9989446997642517,0.9999992847442627,0.9743604063987732,0.022241925820708275,0.5214872798434442
467.60700000000037,2.9240000000000004,5,3,CCC(C)[C@H](NC(=O)OC(C)(C)C)C(=O)NC[C@H]1CC[C@H](C(=O)N2CCC[C@H]2C(=O)O)CC1,CNP0389108.1,0.9989363551139832,1.0,0.999829888343811,0.9999783039093018,0.5953494732448199
467.60700000000037,2.9240000000000004,5,3,CC[C@H](C)[C@H](NC(=O)OC(C)(C)C)C(=O)NC[C@H]1CC[C@H](C(=O)N2CCC[C@H]2C(=O)O)CC1,CNP0389108.2,0.9989363551139832,1.0,0.999829888343811,0.9999783039093018,0.5953494732448199
467.60700000000037,2.9240000000000004,5,3,CC[C@@H](C)[C@H](NC(=O)OC(C)(C)C)C(=O)NC[C@H]1CC[C@H](C(=O)N2CCC[C@H]2C(=O)O)CC1,CNP0389108.3,0.9989363551139832,1.0,0.999829888343811,0.9999783039093018,0.5953494732448199
370.3680000000001,3.7897000000000007,5,4,O=C(C1=NC(O)=C(C=C2C=NC3=CC(O)=CC=C23)N1)C1=CNC2=CC=CC=C12,CNP0483359.0,0.9989240765571594,0.9984059929847717,0.9999450445175171,0.9995379447937012,0.29333333333333333
374.47700000000015,4.618900000000004,4,1,CC(=O)OC[C@@]12CC[C@@H](C)[C@](C)(CCC3=COC=C3)[C@H]1CCC=C2C(=O)O,CNP0158419.1,0.9989067316055298,0.9999996423721313,0.9589195251464844,0.9965721368789673,0.4020568335588633
381.38400000000007,3.0170000000000003,5,3,CCOC(=O)CC(C1=CC=C(C(=O)O)C=C1)C1=C(O)C2=CC=CC=C2NC1=O,CNP0351160.0,0.9988964796066284,0.9934110045433044,0.9722035527229309,0.8965191841125488,0.32666666666666666
386.4440000000002,3.414800000000002,6,3,COC1=CC(O)=CC=C1C(=O)CC1C2=CC=C(O)C(OC)=C2CC1C(C)(C)O,CNP0283898.0,0.9988754391670227,0.9999992847442627,0.9970301389694214,0.9939571619033813,0.40717842082931116
376.53700000000015,4.282500000000004,4,1,COC(=O)CC[C@]12C[C@]13CC[C@]1(C)C(=O)CC[C@@]1(C)[C@@H]3CC[C@H]2C(C)(C)O,CNP0311948.1,0.998833954334259,0.9999980926513672,0.9984568357467651,0.9398621320724487,0.3348206131767776
390.64200000000017,3.6015000000000015,3,2,O=C(O)C1=CC(Br)=CC=C1NS(=O)(=O)C1=CC=C(Cl)C=C1,CNP0604677.0,0.9987936019897461,0.8815215229988098,0.9991638660430908,0.9848280549049377,0.44666666666666666
386.8350000000001,4.5526000000000035,5,2,COC1=CC=C(C2=NOC([C@@H](C)NCC3=CC=CC(Cl)=C3)=C2C(=O)O)C=C1,CNP0015380.1,0.9987820982933044,0.9999998807907104,0.9996132254600525,0.9980592131614685,0.543063471533685
448.6440000000003,3.7683000000000026,5,4,C[C@H](CCCC(C)(C)O)[C@H]1CC[C@@]2(O)C3=CC(=O)[C@@H]4C[C@@H](O)[C@@H](O)C[C@]4(C)[C@H]3CC[C@]12C,CNP0168100.1,0.9987362027168274,1.0,0.9157906770706177,0.9882515072822571,0.39
400.51200000000017,2.921200000000002,6,2,CC[C@@H](C[C@@H]1CC[C@H]([C@@H](C)C(=O)O)O1)OC(=O)[C@@H](C)[C@@H]1CC[C@H](C[C@@H](C)O)O1,CNP0254170.2,0.9987082481384277,1.0,0.9999353885650635,0.9997250437736511,0.4720568335588633
400.51200000000017,2.921200000000002,6,2,CC[C@@H](C[C@@H]1CC[C@H]([C@@H](C)C(=O)O)O1)OC(=O)[C@@H](C)[C@H]1CC[C@@H](C[C@H](C)O)O1,CNP0254170.1,0.9987082481384277,1.0,0.9999353885650635,0.9997250437736511,0.4720568335588633
496.20300000000015,4.112900000000002,3,3,CC[C@@H](C)[C@@]1(C(=O)N/C=C\C2=CNC3=CC(Br)=C(Br)C=C23)N=C(C)C(=O)N1,CNP0303572.1,0.998654842376709,0.999640703201294,0.9988184571266174,0.9966456294059753,0.51
432.6450000000003,4.797500000000005,4,3,CC(CCCC(C)(C)O)C1CCC2(O)C3=CC(=O)C4CC(O)CCC4(C)C3CCC12C,CNP0348970.0,0.9986478686332703,1.0,0.9254830479621887,0.9783515334129333,0.41
422.5470000000004,3.0168000000000017,5,1,COC1=CC=C(NC(=O)[C@H]2CN(S(=O)(=O)C3CC3)CC23CCCCC3)C(OC)=C1,CNP0528146.2,0.9986364245414734,0.9999637603759766,0.1606898009777069,0.9915469288825989,0.5853901668921967
422.5470000000004,3.0168000000000017,5,1,COC1=CC=C(NC(=O)[C@@H]2CN(S(=O)(=O)C3CC3)CC23CCCCC3)C(OC)=C1,CNP0528146.1,0.9986364245414734,0.9999637603759766,0.1606898009777069,0.9915469288825989,0.5853901668921967
490.6370000000003,2.9855000000000014,7,3,COC(=O)CC[C@@H](C)[C@H]1CC(=O)[C@@]2(C)C3=C(C(=O)[C@@H](O)[C@]12C)[C@@]1(C)CC[C@H](O)C(C)(C)[C@@H]1C[C@@H]3O,CNP0188545.1,0.9986068606376648,1.0,0.9903000593185425,0.9981473684310913,0.3933333333333333
476.5140000000002,4.113100000000002,5,4,COC1=CC(NS(C)(=O)=O)=CC=C1N=C1C2=CC=C(C(=O)O)C=C2NC2=C1NC1=CC=CC=C12,CNP0541683.0,0.9986019730567932,0.9974027276039124,0.9999803304672241,0.9986831545829773,0.5868774467356409
423.58500000000004,4.818000000000003,8,2,CCC(C)[C@@H](O)CCCC1=NC(C2=NC(C3=NC(C(=O)O)=CS3)=CS2)=CS1,CNP0575186.1,0.9985957741737366,0.9999998807907104,0.9591085314750671,0.9992165565490723,0.43666666666666665
414.4980000000002,3.950400000000003,6,2,CC(C)(O)[C@@H]1CC2=C(C=C3OC(C4(O)CCCC4)=CC(=O)C3=C2OC2CCCC2)O1,CNP0055969.1,0.998572587966919,1.0,0.9957333207130432,0.9924822449684143,0.32226761362783757
441.91500000000013,4.019300000000003,6,1,COC1=CC=CC=C1N1CCN(C(=O)C2=C([C@H](C)O)C(C3=CC=C(Cl)C=C3)=NO2)CC1,CNP0181953.1,0.9985492825508118,0.9999997615814209,0.9998120665550232,0.999291181564331,0.558364726579085
414.4980000000003,4.3251000000000035,6,1,C=C1C=C(C(=O)OCC)OC2=CC3=C(C[C@@H](C(C)(C)O)O3)C(OC3CCCCC3)=C12,CNP0370725.1,0.9985079169273376,1.0,0.9998441934585571,0.982987642288208,0.4202107800689742
402.49100000000027,4.206900000000004,6,1,CCN(C(=O)C1=C([C@H](C)O)ON=C1C1=CC=C(OC)C(OC)=C1)C1CCCCC1,CNP0017262.1,0.998497724533081,0.9999984502792358,0.9999070167541504,0.9997345805168152,0.515149156571994
440.5770000000003,3.4775000000000023,6,3,CCO[C@@H]1O[C@H](OCC)[C@@](O)(CC[C@]2(C)[C@@H](C)CC[C@]3(C)C(C(=O)O)=CCC[C@@H]23)[C@@H]1O,CNP0184832.1,0.9984890222549438,0.999984622001648,0.9981379508972168,0.8888283371925354,0.42872350022552996
435.5530000000003,4.313100000000003,6,2,COC1=CC=CC=C1NC(=O)[C@@H]1SC2=NN=C(C3=CC=CC=C3)N2NC12CCCCC2,CNP0520064.1,0.9984833598136902,0.9862431883811951,0.9954138994216919,0.9926211833953857,0.4666666666666667
435.5530000000003,4.313100000000003,6,2,COC1=CC=CC=C1NC(=O)[C@H]1SC2=NN=C(C3=CC=CC=C3)N2NC12CCCCC2,CNP0520064.2,0.9984833598136902,0.9862431883811951,0.9954138994216919,0.9926211833953857,0.4666666666666667
356.809,4.544000000000004,4,2,C[C@@H](NCC1=CC=CC(Cl)=C1)C1=C(C(=O)O)C(C2=CC=CC=C2)=NO1,CNP0490522.1,0.9984123706817627,0.9999953508377075,0.9995753169059753,0.9974628686904907,0.4763968048670183
468.57900000000024,2.902680000000001,5,1,CC(C)(C)CC(=O)N1C[C@@H]2C[C@H](C1)C1=CC=C(NS(=O)(=O)C3=CC=CC=C3C#N)C(=O)N1C2,CNP0034758.1,0.9984011054039001,0.9997140765190125,0.04167889058589935,0.6304523944854736,0.5626552387537282
475.9580000000002,2.9498200000000017,6,0,CC1=CC(CN2C(=O)CC3(CCN(S(=O)(=O)C4=CC=CC(Cl)=C4)CC3)N3N=CC=C23)=NO1,CNP0527471.0,0.9982833862304688,0.9999079704284668,0.9882819056510925,0.9993677735328674,0.5266666666666666
476.5370000000002,2.8354000000000017,8,1,CC(=O)N1CCN(C2=CC(C3=NOC([C@@H]4CCCN4CC4=CC=C(C(=O)O)C=C4)=N3)=CC=N2)CC1,CNP0075308.1,0.9982773065567017,0.9998438358306885,0.9573506712913513,0.9999516010284424,0.5486657006727553
431.8720000000003,3.051200000000002,6,2,CCOC(=O)[C@H](CC1=CC=CC=C1)NC(=O)C1=CC(Cl)=C2CC(C)OC(=O)C2=C1O,CNP0270417.1,0.9982486963272095,0.9999997615814209,0.9991790652275085,0.990362286567688,0.49
431.8720000000003,3.051200000000002,6,2,CCOC(=O)[C@H](CC1=CC=CC=C1)NC(=O)C1=CC(Cl)=C2C[C@@H](C)OC(=O)C2=C1O,CNP0270417.2,0.9982486963272095,0.9999997615814209,0.9991790652275085,0.990362286567688,0.49
486.6490000000004,3.4369000000000023,6,4,CC(C)[C@@](O)([C@H](C)O)[C@@H]1C=C([C@H]2[C@H](O)C[C@H]3C4=CC[C@H]5C[C@@H](O)CC[C@]5(C)C4=CC[C@@]32C)C(=O)O1,CNP0349415.1,0.9981902241706848,1.0,0.9936662316322327,0.9844531416893005,0.4320568335588633
471.59400000000034,4.018200000000003,7,2,CCOC(=O)C1=C/C(=C\CC(C)C)C2=C(C=C3O[C@H]([C@](C)(O)C4CCNCC4)CC3=C2OC)O1,CNP0255715.1,0.9981719255447388,0.9999915361404419,0.9818414449691772,0.23548240959644318,0.48872350022552996
372.4020000000001,3.079300000000001,5,2,C[C@@H](NS(=O)(=O)C1=CC=CC=C1)C1=C(C(=O)O)C(C2=CC=CC=C2)=NO1,CNP0015415.1,0.9981701374053955,0.9820075631141663,0.9994052648544312,0.9823958277702332,0.5021929437245956
432.5570000000003,4.681100000000004,5,1,CC[C@@H](C)C(=O)O[C@@H]1C=C(C(=O)O)[C@]2(C)CC[C@@H](C)[C@](C)(CCC3=CC(=O)OC3)[C@H]2C1,CNP0244854.1,0.9981200098991394,0.9999994039535522,0.4357075095176697,0.9979323148727417,0.45539016689219664
418.9060000000002,3.1137000000000015,6,1,CN1C[C@@H](NS(=O)(=O)C2=CC=C(Cl)C=C2)C[C@H]1C1=NC(C2=CC=CC=C2)=NO1,CNP0015531.1,0.9981027245521545,0.9982128143310547,0.9928380846977234,0.9797311425209045,0.6066666666666667
396.94000000000034,3.653000000000003,3,1,O=C(NC1=CC=CC=C1Cl)[C@@H]1CN(S(=O)(=O)C2CC2)CC12CCCCC2,CNP0558681.1,0.9981012940406799,0.9999998807907104,0.9833536148071289,0.9994866847991943,0.5333333333333333
396.94000000000034,3.653000000000003,3,1,O=C(NC1=CC=CC=C1Cl)[C@H]1CN(S(=O)(=O)C2CC2)CC12CCCCC2,CNP0558681.2,0.9981012940406799,0.9999998807907104,0.9833536148071289,0.9994866847991943,0.5333333333333333
426.4250000000002,3.556600000000002,7,2,COC1=CC(C(=O)N[C@H](C)C2=C(C(=O)O)C(C3=CC=CC=C3)=NO2)=CC(OC)=C1OC,CNP0408774.1,0.9980499744415283,0.997967541217804,0.9984972476959229,0.9913621544837952,0.5081539465101108
471.8970000000003,3.981100000000003,8,1,COC1=CC=C(C2=CC(C(=O)NC3=C4CCN(C)CC4=C(OC)C4=C3OCO4)=NO2)C=C1Cl,CNP0111849.0,0.9980395436286926,1.0,0.9997598528862,0.9998770952224731,0.5714872798434442
435.56400000000014,3.9567000000000023,4,3,CC(C)(O)[C@@H]1O[C@H]2CC[C@@]3(C)[C@@](O)(CC[C@H]4CC5=C(NC6=CC=CC=C56)[C@@]43C)C2=CC1=O,CNP0236994.2,0.9979440569877625,0.9999980926513672,0.4577341377735138,0.7764517664909363,0.31354411340230753
435.56400000000014,3.9567000000000023,4,3,CC(C)(O)[C@H]1O[C@H]2CC[C@@]3(C)[C@@](O)(CC[C@H]4CC5=C(NC6=CC=CC=C56)[C@@]43C)C2=CC1=O,CNP0236994.1,0.9979440569877625,0.9999980926513672,0.4577341377735138,0.7764517664909363,0.31354411340230753
384.9290000000003,3.4288200000000018,3,1,CC1=CC(Cl)=CC=C1NC(=O)[C@H]1CN(S(C)(=O)=O)CC12CCCCC2,CNP0523677.2,0.9978600144386292,0.9999920129776001,0.9513389468193054,0.9981569647789001,0.5681539465101109
384.9290000000003,3.4288200000000018,3,1,CC1=CC(Cl)=CC=C1NC(=O)[C@@H]1CN(S(C)(=O)=O)CC12CCCCC2,CNP0523677.1,0.9978600144386292,0.9999920129776001,0.9513389468193054,0.9981569647789001,0.5681539465101109
438.49100000000027,3.2704000000000013,5,2,CN1CCN(C2=NC(C3=C(C4=CNC5=CC=CC=C45)C(O)=NC3=O)=C3C=CC=CC3=N2)CC1,CNP0507919.0,0.9978532195091248,0.9999567270278931,0.9964786171913147,0.9932705760002136,0.3055262770579289
449.26400000000007,4.7097000000000016,4,4,O=C(C1=NC(=CC2=CNC3=CC(O)=CC=C23)C(O)=N1)C1=CNC2=CC=C(Br)C=C12,CNP0508384.0,0.9978501796722412,0.9996716976165771,0.9999865293502808,0.9999349117279053,0.31333333333333335
465.5900000000002,3.9308000000000036,5,3,CO[C@]12CC[C@@]3(C)[C@@](O)(CC[C@H]4CC5=C(NC6=CC=CC=C56)[C@@]43C)C1=CC(=O)[C@@H](C(C)(C)O)O2,CNP0140726.1,0.9978176355361938,0.999901533126831,0.8962231278419495,0.10118778049945831,0.3481539465101109
426.4500000000001,3.4465000000000012,5,3,COC1=CC=C(NC(=O)C2=CC=CC(S(=O)(=O)NC3=CC=C(C(=O)O)C=C3)=C2)C=C1,CNP0542514.0,0.9977795481681824,0.9854688048362732,0.9639565348625183,0.9211418628692627,0.5233333333333333
483.6500000000004,3.4639000000000015,5,4,CC[C@@H](C)[C@H](NC(=O)[C@H]1CC[C@H](CNC(=O)[C@@H](NC(=O)OC(C)(C)C)[C@H](C)CC)CC1)C(=O)O,CNP0389017.5,0.9977188110351562,1.0,0.9984444975852966,0.9998314380645752,0.5409571788413098
483.6500000000004,3.4639000000000015,5,4,CC[C@H](C)[C@H](NC(=O)[C@H]1CC[C@H](CNC(=O)[C@@H](NC(=O)OC(C)(C)C)[C@@H](C)CC)CC1)C(=O)O,CNP0389017.4,0.9977188110351562,1.0,0.9984444975852966,0.9998314380645752,0.5409571788413098
483.6500000000004,3.4639000000000015,5,4,CC[C@@H](C)[C@H](NC(=O)[C@H]1CC[C@@H](CNC(=O)[C@@H](NC(=O)OC(C)(C)C)[C@@H](C)CC)CC1)C(=O)O,CNP0389017.3,0.9977188110351562,1.0,0.9984444975852966,0.9998314380645752,0.5409571788413098
483.6500000000003,3.4639000000000024,5,4,CC[C@@H](C)[C@H](NC(=O)OC(C)(C)C)C(=O)NC[C@H]1CC[C@@H](C(=O)N[C@H](C(=O)O)[C@@H](C)CC)CC1,CNP0389017.2,0.9977188110351562,1.0,0.9984444975852966,0.9998314380645752,0.5409571788413098
483.6500000000004,3.4639000000000015,5,4,CCC(C)[C@H](NC(=O)[C@H]1CC[C@H](CNC(=O)[C@@H](NC(=O)OC(C)(C)C)C(C)CC)CC1)C(=O)O,CNP0389017.1,0.9977188110351562,1.0,0.9984444975852966,0.9998314380645752,0.5409571788413098
471.5350000000001,2.743480000000001,7,2,CC(C)C1=CC=C(NC(=O)O[C@@H]2CO[C@H]3[C@@H]2OC[C@@H]3NS(=O)(=O)C2=CC=CC=C2C#N)C=C1,CNP0055120.1,0.9976599216461182,0.9999904632568359,0.9998714923858643,0.9948567152023315,0.5811647509578545
461.9940000000002,4.025100000000002,7,2,CCC(CC)COC(=O)[C@@H]1C[C@H]2C[C@@H](OC3=CC=CC(Cl)=C3C3=NN=NN3)CC[C@H]2CN1,CNP0530292.1,0.9976252913475037,1.0,0.9999771118164062,0.994675874710083,0.5771784208293111
489.61600000000027,4.796900000000004,4,1,CCCCN1CC(=O)N2CC(C3=CC=C(OCCC)C(OC)=C3)C3=C(NC4=CC=CC=C34)[C@@]2(C)C1=O,CNP0164323.1,0.9975734353065491,0.9999423027038574,0.7528496980667114,0.9993963241577148,0.4766666666666667
384.56800000000027,4.985600000000005,3,0,CCC1=NN2C(=N1)N(C(=O)C1CCCCC1)[C@H]1CCCC[C@H]1C21CCCCC1,CNP0549357.1,0.997553288936615,1.0,0.9798294305801392,0.9999681711196899,0.4711953645539067
376.40500000000014,3.4292000000000025,6,1,COC1=CC(C(=O)O)=CC=C1OC(C)CC1=CC(OC)=C(OC)C(OC)=C1,CNP0348974.0,0.9974303841590881,0.9998407363891602,0.9998393058776855,0.9958112239837646,0.30333333333333334
475.9580000000002,2.9498200000000017,6,0,CC1=CC(CN2C(=O)CC3(CCN(S(=O)(=O)C4=CC=C(Cl)C=C4)CC3)N3N=CC=C23)=NO1,CNP0554427.0,0.9974249601364136,0.9996902942657471,0.9950150847434998,0.9994795918464661,0.5173723305478181
454.51900000000023,3.895800000000003,7,1,CCOC(=O)C1=C2CC[C@H]3CC(=O)CCC3=C2C2=C(C=C3O[C@H](C(C)(C)O)CC3=C2OC)O1,CNP0098557.1,0.9974204301834106,1.0,0.9998364448547363,0.9962701797485352,0.3635441134023075
446.62800000000027,3.6884000000000023,5,4,C[C@@H](CCCC(C)(C)O)[C@@H]1CC[C@]2(O)C3=CC(=O)C4=C[C@@H](O)[C@@H](O)C[C@@]4(C)[C@@H]3CC[C@@]12C,CNP0155531.3,0.9973932504653931,1.0,0.7857016921043396,0.9787719249725342,0.38
446.62800000000027,3.6884000000000023,5,4,C[C@H](CCCC(C)(C)O)[C@H]1CC[C@]2(O)C3=CC(=O)C4=C[C@H](O)[C@H](O)C[C@]4(C)[C@H]3CC[C@]12C,CNP0155531.2,0.9973932504653931,1.0,0.7857016921043396,0.9787719249725342,0.38
446.62800000000027,3.6884000000000023,5,4,C[C@H](CCCC(C)(C)O)[C@H]1CC[C@@]2(O)C3=CC(=O)C4=C[C@H](O)[C@H](O)C[C@]4(C)[C@H]3CC[C@]12C,CNP0155531.1,0.9973932504653931,1.0,0.7857016921043396,0.9787719249725342,0.38
370.4900000000002,2.9330000000000007,4,3,CC[C@H](C)[C@H](NC(=O)OC(C)(C)C)C(=O)NC[C@H]1CC[C@H](C(=O)O)CC1,CNP0260069.1,0.9973918199539185,1.0,0.997930645942688,0.9998440742492676,0.5266666666666666
423.5750000000002,3.698400000000003,6,3,C/C1=C/C(=O)O[C@@H](C[C@@H](O)[C@@H]2CSC(O)=N2)C[C@H](O)CC[C@H](C)/C=C\C=C\CC1,CNP0543612.1,0.9973101615905762,0.9999873638153076,0.9999817609786987,0.9439808130264282,0.38726507186153164
436.5040000000002,4.235100000000004,6,1,C=C1C=C(C(=O)OCC)OC2=CC3=C(C[C@@H](C(C)(C)O)O3)C(OCCC3=CC=CC=C3)=C12,CNP0186545.1,0.9972789883613586,1.0,0.9984484910964966,0.9797257781028748,0.34148727984344424
464.5180000000002,3.9754000000000023,6,2,C=C1C=C(C(=O)OCC)OC2=CC3=C(C[C@@H](C(C)(C)O)O3)C(OCCN3C=CC4=C3C=CN4)=C12,CNP0299782.1,0.9972298741340637,1.0,0.8950517773628235,0.9981532692909241,0.4196412263535551
481.5560000000002,4.255700000000003,3,4,O=C(NCCC1=CNC2=CC=CC=C12)[C@H](CC1=CC=CC=C1)NC(=O)N1CC(O)=NC2=CC=CC=C21,CNP0511942.1,0.9972071051597595,0.9999998807907104,0.9981663823127747,0.9999169111251831,0.31666666666666665
469.62300000000033,3.073800000000001,5,4,CCC(C)[C@H](NC(=O)[C@H]1CC[C@H](CNC(=O)[C@@H](NC(=O)OC(C)(C)C)C(C)C)CC1)C(=O)O,CNP0333052.2,0.9972008466720581,1.0,0.9966301321983337,0.9998130202293396,0.5542905121746431
469.62300000000033,3.073800000000001,5,4,CCC(C)[C@H](NC(=O)[C@H]1CC[C@H](CNC(=O)[C@H](NC(=O)OC(C)(C)C)C(C)C)CC1)C(=O)O,CNP0333052.1,0.9972008466720581,1.0,0.9966301321983337,0.9998130202293396,0.5542905121746431
469.62300000000033,3.073800000000001,5,4,CC[C@H](C)[C@H](NC(=O)[C@H]1CC[C@H](CNC(=O)[C@@H](NC(=O)OC(C)(C)C)C(C)C)CC1)C(=O)O,CNP0333052.3,0.9972008466720581,1.0,0.9966301321983337,0.9998130202293396,0.5542905121746431
469.62300000000033,3.073800000000001,5,4,CC[C@H](C)[C@H](NC(=O)[C@H]1CC[C@H](CNC(=O)[C@H](NC(=O)OC(C)(C)C)C(C)C)CC1)C(=O)O,CNP0333052.4,0.9972008466720581,1.0,0.9966301321983337,0.9998130202293396,0.5542905121746431
469.62300000000033,3.073800000000001,5,4,CC[C@@H](C)[C@H](NC(=O)[C@H]1CC[C@H](CNC(=O)[C@H](NC(=O)OC(C)(C)C)C(C)C)CC1)C(=O)O,CNP0333052.5,0.9972008466720581,1.0,0.9966301321983337,0.9998130202293396,0.5542905121746431
469.62300000000033,3.073800000000001,5,4,CC[C@@H](C)[C@H](NC(=O)[C@H]1CC[C@H](CNC(=O)[C@@H](NC(=O)OC(C)(C)C)C(C)C)CC1)C(=O)O,CNP0333052.6,0.9972008466720581,1.0,0.9966301321983337,0.9998130202293396,0.5542905121746431
465.66000000000025,3.1434000000000006,5,3,CCCS(=O)(=O)N[C@H]1CC(C)(C)[C@@H]2C[C@@](C)(O)CC[C@]12CCC(=O)NCC1=CC=CN=C1,CNP0391945.2,0.9971615076065063,0.9923328161239624,0.6662124395370483,0.9574400186538696,0.5804897006727553
465.66000000000025,3.1434000000000006,5,3,CCCS(=O)(=O)N[C@@H]1CC(C)(C)[C@H]2C[C@@](C)(O)CC[C@@]21CCC(=O)NCC1=CC=CN=C1,CNP0391945.1,0.9971615076065063,0.9923328161239624,0.6662124395370483,0.9574400186538696,0.5804897006727553
373.41200000000003,3.230200000000001,4,2,COC(=O)[C@H](CC1=CC=CC=C1)NC(=O)C1=CC2=C(C=N1)NC1=CC=CC=C12,CNP0391477.1,0.9971529245376587,0.9907841682434082,0.9495276808738708,0.9601645469665527,0.5266666666666666
390.43200000000013,2.965300000000002,7,1,CCC(C)C(=O)OCC1=CC(=O)C2=C(OC)C3=C(C=C2O1)O[C@H](C(C)(C)O)C3,CNP0259185.1,0.9970904588699341,1.0,0.9956738352775574,0.9998582601547241,0.4257777920180874
387.2590000000001,3.5954000000000024,5,1,COC(=O)COC1=CC2=C(C(=O)[C@@](C)(C3(O)CCCC3)C2)C(Cl)=C1Cl,CNP0196828.1,0.9969968795776367,0.9990072846412659,0.8897253274917603,0.09745068103075027,0.3433333333333333
356.51400000000024,4.205400000000004,3,0,CCCC1=NN2C(=N1)N(C(=O)C1CC1)[C@H]1CCCC[C@H]1C21CCCCC1,CNP0525368.1,0.9969448447227478,0.9999995231628418,0.9325194358825684,0.9997751116752625,0.46452869788724
451.56300000000016,3.2767000000000017,5,4,CC(C)(O)[C@H]1O[C@@]2(O)CC[C@@]3(C)[C@@](O)(CC[C@H]4CC5=C(NC6=CC=CC=C56)[C@@]43C)C2=CC1=O,CNP0191902.1,0.9968271851539612,0.9999827146530151,0.41425615549087524,0.21524424850940704,0.35148727984344424
484.62200000000024,2.8535000000000013,7,2,CC(C)C1=CC=C(S(=O)(=O)N2CCC3(CC2)NCCN=C3NCC2=CC=C3OCOC3=C2)C=C1,CNP0594523.0,0.9966771602630615,0.9999988079071045,0.9897953867912292,0.9953163862228394,0.5466666666666666
490.7250000000004,4.484300000000005,5,4,C[C@H](CC[C@@H](O)C(C)(C)O)[C@H]1[C@@H](O)C[C@@]2(C)[C@@H]3C[C@H](O)[C@H]4C(C)(C)C(=O)CC[C@@]45C[C@@]35CC[C@]12C,CNP0227164.1,0.9966155886650085,0.9999998807907104,0.9982501864433289,0.8221372961997986,0.35
393.43900000000014,3.289900000000001,5,3,N[C@@H](C(=O)O)[C@H](O)C1=CC=C(OCC2=CC=CC=C2)C(OCC2=CC=CC=C2)=C1,CNP0009900.3,0.9965929388999939,0.9967893958091736,0.888281524181366,0.9733081459999084,0.37333333333333335
393.43900000000014,3.289900000000001,5,3,N[C@@H](C(=O)O)[C@@H](O)C1=CC=C(OCC2=CC=CC=C2)C(OCC2=CC=CC=C2)=C1,CNP0009900.4,0.9965929388999939,0.9967893958091736,0.888281524181366,0.9733081459999084,0.37333333333333335
393.43900000000014,3.289900000000001,5,3,N[C@H](C(=O)O)[C@H](O)C1=CC=C(OCC2=CC=CC=C2)C(OCC2=CC=CC=C2)=C1,CNP0009900.2,0.9965929388999939,0.9967893958091736,0.888281524181366,0.9733081459999084,0.37333333333333335
393.43900000000014,3.289900000000001,5,3,N[C@H](C(=O)O)[C@@H](O)C1=CC=C(OCC2=CC=CC=C2)C(OCC2=CC=CC=C2)=C1,CNP0009900.1,0.9965929388999939,0.9967893958091736,0.888281524181366,0.9733081459999084,0.37333333333333335
469.6230000000003,3.073800000000002,5,4,CC[C@H](C)[C@H](NC(=O)OC(C)(C)C)C(=O)NC[C@H]1CC[C@H](C(=O)N[C@@H](C(=O)O)C(C)C)CC1,CNP0318173.6,0.996482253074646,1.0,0.997913658618927,0.9998100399971008,0.5476238455079764
469.6230000000003,3.073800000000002,5,4,CC[C@H](C)[C@H](NC(=O)OC(C)(C)C)C(=O)NC[C@H]1CC[C@@H](C(=O)N[C@H](C(=O)O)C(C)C)CC1,CNP0318173.4,0.996482253074646,1.0,0.997913658618927,0.9998100399971008,0.5476238455079764
469.6230000000003,3.073800000000002,5,4,CC[C@@H](C)[C@H](NC(=O)OC(C)(C)C)C(=O)NC[C@H]1CC[C@H](C(=O)N[C@H](C(=O)O)C(C)C)CC1,CNP0318173.5,0.996482253074646,1.0,0.997913658618927,0.9998100399971008,0.5476238455079764
469.6230000000003,3.073800000000002,5,4,CCC(C)[C@H](NC(=O)OC(C)(C)C)C(=O)NC[C@H]1CC[C@H](C(=O)N[C@H](C(=O)O)C(C)C)CC1,CNP0318173.2,0.996482253074646,1.0,0.997913658618927,0.9998100399971008,0.5476238455079764
469.6230000000003,3.073800000000002,5,4,CCC(C)[C@H](NC(=O)OC(C)(C)C)C(=O)NC[C@H]1CC[C@H](C(=O)N[C@@H](C(=O)O)C(C)C)CC1,CNP0318173.1,0.996482253074646,1.0,0.997913658618927,0.9998100399971008,0.5476238455079764
469.6230000000003,3.073800000000002,5,4,CC[C@@H](C)[C@H](NC(=O)OC(C)(C)C)C(=O)NC[C@H]1CC[C@H](C(=O)N[C@@H](C(=O)O)C(C)C)CC1,CNP0318173.3,0.996482253074646,1.0,0.997913658618927,0.9998100399971008,0.5476238455079764
467.60700000000037,3.068100000000001,5,3,CC[C@@H](C)[C@H](NC(=O)OC(C)(C)C)C(=O)N1CCC(C(=O)NC2(C(=O)O)CCCCC2)CC1,CNP0381387.3,0.9964634776115417,0.9999997615814209,0.9095410704612732,0.9997395873069763,0.5209571788413098
467.60700000000037,3.068100000000001,5,3,CCC(C)[C@H](NC(=O)OC(C)(C)C)C(=O)N1CCC(C(=O)NC2(C(=O)O)CCCCC2)CC1,CNP0381387.1,0.9964634776115417,0.9999997615814209,0.9095410704612732,0.9997395873069763,0.5209571788413098
467.60700000000037,3.068100000000001,5,3,CC[C@H](C)[C@H](NC(=O)OC(C)(C)C)C(=O)N1CCC(C(=O)NC2(C(=O)O)CCCCC2)CC1,CNP0381387.2,0.9964634776115417,0.9999997615814209,0.9095410704612732,0.9997395873069763,0.5209571788413098
392.5360000000003,4.486800000000004,5,0,COC(=O)[C@@]1(C)CC(=O)C=C2[C@@H]1CC[C@@H](C)[C@]2(C)CC[C@@H](C)CCOC(C)=O,CNP0250576.1,0.9964582324028015,0.9999101161956787,0.8407750725746155,0.951059877872467,0.36666666666666664
402.4280000000001,3.087900000000001,6,2,COC1=CC=C(C2=NOC([C@@H](C)NS(=O)(=O)C3=CC=CC=C3)=C2C(=O)O)C=C1,CNP0360764.1,0.9964320659637451,0.9932431578636169,0.9906792044639587,0.9466115832328796,0.5388596103912623
487.9650000000002,3.0760000000000014,6,0,COC(=O)[C@@H]1CC2=C(CN1S(=O)(=O)C1=CC=C(C(C)=O)C=C1)N(CC1=CC=C(Cl)C=C1)C=N2,CNP0034530.1,0.996380627155304,0.996720016002655,0.7911562323570251,0.9158535003662109,0.5966666666666667
356.418,3.406200000000002,5,3,COC1=C(O)C=CC2=C1CC(C(C)(C)O)C2CC(=O)C1=CC=C(O)C=C1,CNP0235334.0,0.9963765740394592,0.999976634979248,0.9735957384109497,0.9829816222190857,0.4105117541626445
459.58300000000025,4.3176200000000025,5,3,COC1=C(C)C(OC[C@@H]2[C@@]3(C)CCCC(C)(C)[C@@H]3CC[C@@]2(C)O)=C2CNC(=O)C2=C1C(=O)O,CNP0477061.1,0.9963700771331787,0.982069194316864,0.8005089163780212,0.7147336006164551,0.35482061317677754
427.4530000000001,3.3446000000000016,7,2,CCOC(=O)CC(C1=CC(OC)=C(OC)C(OC)=C1)C1=C(O)C2=CC=CC=C2NC1=O,CNP0399818.0,0.9962487816810608,0.9955961108207703,0.6102977991104126,0.9206705689430237,0.38
432.51600000000013,4.537200000000005,5,3,COC1=CC(O)=C2C3=C(CCC2=C1CC1=CC=C(O)C=C1)C1=C(C=C3)O[C@H](C(C)(C)O)C1,CNP0307053.1,0.9962413311004639,1.0,0.9993976354598999,0.9990314245223999,0.3933112798434442
357.32500000000005,3.8680000000000003,3,4,O=C1N=C(O)C2=C1C1=C(NC3=CC(O)=CC=C13)OC1=CC=CC3=C1C2=CN3,CNP0603118.0,0.9961826205253601,0.9999887943267822,0.9988603591918945,0.9967114925384521,0.21666666666666667
422.5620000000002,3.5580000000000025,6,2,CC[C@H](C)C(=O)O[C@H]1CCC=C2C=C[C@@H](C)[C@@H](CC[C@H](O)C[C@H](O)CC(=O)OC)[C@@H]21,CNP0350127.4,0.9961800575256348,0.999998927116394,0.9928531050682068,0.7626587152481079,0.4066666666666667
422.5620000000002,3.5580000000000025,6,2,CC[C@H](C)C(=O)O[C@@H]1CCC=C2C=C[C@@H](C)[C@@H](CC[C@H](O)C[C@H](O)CC(=O)OC)[C@@H]21,CNP0350127.3,0.9961800575256348,0.999998927116394,0.9928531050682068,0.7626587152481079,0.4066666666666667
422.5620000000002,3.5580000000000025,6,2,CC[C@H](C)C(=O)O[C@H]1CCC=C2C=C[C@H](C)[C@H](CC[C@@H](O)C[C@@H](O)CC(=O)OC)C21,CNP0350127.1,0.9961800575256348,0.999998927116394,0.9928531050682068,0.7626587152481079,0.4066666666666667
422.5620000000002,3.5580000000000025,6,2,CC[C@@H](C)C(=O)O[C@@H]1CCC=C2C=C[C@@H](C)[C@@H](CC[C@H](O)C[C@H](O)CC(=O)OC)[C@@H]21,CNP0350127.5,0.9961800575256348,0.999998927116394,0.9928531050682068,0.7626587152481079,0.4066666666666667
422.5620000000002,3.5580000000000025,6,2,CC[C@@H](C)C(=O)O[C@H]1CCC=C2C=C[C@@H](C)[C@@H](CC[C@H](O)C[C@H](O)CC(=O)OC)[C@@H]21,CNP0350127.2,0.9961800575256348,0.999998927116394,0.9928531050682068,0.7626587152481079,0.4066666666666667
487.60000000000025,4.549300000000004,4,1,CCCOC1=CC=C(C2CN3C(=O)CN(C4CC4)C(=O)[C@]3(C)C3=C2C2=CC=CC=C2N3)C=C1OCC,CNP0336709.1,0.9961327314376831,0.9458795785903931,0.0034937665332108736,0.9120745658874512,0.43
407.8350000000001,3.127700000000001,6,2,C[C@@H](NS(=O)(=O)C1=CC=C(Cl)C=C1)C1=C(C(=O)O)C(C2=CC=CN=C2)=NO1,CNP0280562.1,0.9960747957229614,0.9856536984443665,0.9983525276184082,0.9935857653617859,0.5573723305478181
353.41800000000006,4.024400000000003,3,2,CC[C@@H](C)[C@@H](NC(=O)OCC1C2=CC=CC=C2C2=CC=CC=C21)C(=O)O,CNP0580991.1,0.9959782361984253,0.9986849427223206,0.9681826233863831,0.05680673196911812,0.41
353.41800000000006,4.024400000000003,3,2,CC[C@H](C)[C@H](NC(=O)OCC1C2=CC=CC=C2C2=CC=CC=C21)C(=O)O,CNP0580991.2,0.9959782361984253,0.9986849427223206,0.9681826233863831,0.05680673196911812,0.41
402.4430000000001,3.1204000000000023,7,4,COC1=CC=C2C(=C1OC)C[C@@H](C(C)(C)O)[C@@H]2CC(=O)C1=C(O)C=C(O)C=C1O,CNP0425019.1,0.9959069490432739,0.9999841451644897,0.9975624084472656,0.9761223196983337,0.3790244743192003
490.59300000000036,3.344800000000002,8,2,CC[C@H](C)[C@@H](O)[C@](C)(O)C=CC1=CC2=CC(=O)[C@]3(C)O[C@@](C)(OC)[C@](C)(C(=O)OC)[C@]3(C)C2=CO1,CNP0599317.1,0.995894193649292,1.0,0.3397192656993866,0.9966468214988708,0.4166666666666667
490.5160000000002,3.1083200000000013,8,4,COC1=CC(C(CC(=O)NC(CC2=CC=CC=C2)C2=NC=NN2)C2=C(O)C(=O)C=C(C)O2)=CC=C1O,CNP0412053.0,0.9958654642105103,1.0,0.9991002082824707,0.9997361302375793,0.5
442.5930000000002,3.789800000000003,7,1,CCOC(=O)[C@H](C)[C@H]1CC[C@@H](C[C@H](CC)OC(=O)[C@@H](C)[C@@H]2CC[C@H](C[C@H](O)CC)O2)O1,CNP0352003.1,0.9955940842628479,1.0,0.99997878074646,0.997338593006134,0.40872350022553
492.6200000000002,4.705500000000004,5,4,CC[C@H](C)[C@@H]1/N=C(/O)[C@@H](NC)CC2=CC(=CC=C2OC)/C=C\N=C(/O)[C@H](CC2=CC=CC=C2)/N=C\1O,CNP0485787.1,0.9954811334609985,0.9999986886978149,0.8740142583847046,0.9929607510566711,0.45148727984344417
429.56500000000034,2.9713000000000003,5,0,CC(C)C(=O)N1C2=NC(C(=O)N3CCOCC3)=NN2C2(CCCCC2)[C@@H]2CCCC[C@@H]21,CNP0567403.1,0.9954233765602112,0.9999933242797852,0.9943603873252869,0.9996558427810669,0.5835220599124183
407.47000000000014,3.3659000000000026,6,1,COC1=CC=CC=C1N1CCN(C(=O)C2=C([C@H](C)O)ON=C2C2=CC=CC=C2)CC1,CNP0007957.1,0.9954142570495605,0.9999769926071167,0.9993380904197693,0.9992879033088684,0.5111285061969993
380.49200000000025,4.165300000000004,4,0,COC1=CC=CC(C(=O)N2C3=NC=NN3C3(CCCCC3)[C@@H]3CCCC[C@@H]32)=C1,CNP0595399.1,0.9953011274337769,0.9999135732650757,0.9034208655357361,0.9954547882080078,0.39964122635355515
490.7250000000005,4.484300000000004,5,4,C[C@H](C[C@H](O)[C@H](O)C(C)(C)O)[C@H]1[C@H](O)C[C@@]2(C)[C@@H]3CC[C@H]4C(C)(C)C(=O)CC[C@@]45C[C@@]35CC[C@]12C,CNP0287040.2,0.9952757358551025,1.0,0.9981903433799744,0.9571301937103271,0.3566666666666667
490.7250000000005,4.484300000000004,5,4,C[C@H](C[C@H](O)[C@H](O)C(C)(C)O)[C@H]1[C@@H](O)C[C@@]2(C)[C@@H]3CC[C@H]4C(C)(C)C(=O)CC[C@@]45C[C@@]35CC[C@]12C,CNP0287040.1,0.9952757358551025,1.0,0.9981903433799744,0.9571301937103271,0.3566666666666667
404.5030000000002,3.737100000000003,6,2,CCCOC1=C2C[C@@H](C(C)(C)O)OC2=CC2=C1C(=O)C(CCC(C)C)=C(CO)O2,CNP0027797.1,0.995238184928894,1.0,0.7436823844909668,0.9729672074317932,0.36148727984344425
477.5170000000003,3.654120000000003,7,3,COC1=CC(C(CC(=O)N[C@@H](C)C2=NC3=CC=CC=C3N2C)C2=C(O)C(=O)C=C(C)O2)=CC=C1O,CNP0411222.1,0.9952138662338257,1.0,0.8073083758354187,0.9999403953552246,0.4666666666666667
448.64400000000035,3.7683000000000026,5,4,C[C@H]([C@H](O)CCC(C)(C)O)[C@@H]1CC[C@@]2(O)C3=CC(=O)[C@@H]4C[C@H](O)CC[C@]4(C)[C@H]3CC[C@]12C,CNP0243690.4,0.9951914548873901,0.9999998807907104,0.3088393211364746,0.864215075969696,0.43
448.64400000000035,3.7683000000000026,5,4,C[C@H]([C@H](O)CCC(C)(C)O)[C@H]1CC[C@@]2(O)C3=CC(=O)[C@H]4C[C@@H](O)CC[C@]4(C)[C@H]3CC[C@]12C,CNP0243690.9,0.9951914548873901,0.9999998807907104,0.3088393211364746,0.864215075969696,0.43
448.64400000000035,3.7683000000000026,5,4,C[C@@H]([C@H](O)CCC(C)(C)O)[C@H]1CC[C@]2(O)C3=CC(=O)[C@@H]4C[C@@H](O)CC[C@]4(C)[C@H]3CC[C@]12C,CNP0243690.8,0.9951914548873901,0.9999998807907104,0.3088393211364746,0.864215075969696,0.43
448.64400000000035,3.7683000000000026,5,4,C[C@@H]([C@H](O)CCC(C)(C)O)[C@H]1CC[C@]2(O)C3=CC(=O)[C@@H]4C[C@H](O)CC[C@]4(C)[C@H]3CC[C@]12C,CNP0243690.6,0.9951914548873901,0.9999998807907104,0.3088393211364746,0.864215075969696,0.43
448.6440000000003,3.768300000000003,5,4,C[C@@H]([C@H]1CC[C@@]2(O)C3=CC(=O)[C@H]4C[C@H](O)CC[C@]4(C)[C@H]3CC[C@]12C)[C@@H](O)CCC(C)(C)O,CNP0243690.5,0.9951914548873901,0.9999998807907104,0.3088393211364746,0.864215075969696,0.43
448.64400000000035,3.7683000000000026,5,4,C[C@H]([C@H](O)CCC(C)(C)O)[C@H]1CC[C@@]2(O)C3=CC(=O)[C@@H]4C[C@@H](O)CC[C@]4(C)[C@H]3CC[C@]12C,CNP0243690.1,0.9951914548873901,0.9999998807907104,0.3088393211364746,0.864215075969696,0.43
448.64400000000035,3.7683000000000026,5,4,C[C@@H]([C@H](O)CCC(C)(C)O)[C@H]1CC[C@@]2(O)C3=CC(=O)[C@@H]4C[C@H](O)CC[C@]4(C)[C@@H]3CC[C@]12C,CNP0243690.7,0.9951914548873901,0.9999998807907104,0.3088393211364746,0.864215075969696,0.43
448.64400000000035,3.7683000000000026,5,4,C[C@H]([C@H](O)CCC(C)(C)O)[C@H]1CC[C@@]2(O)C3=CC(=O)[C@@H]4C[C@H](O)CC[C@]4(C)[C@H]3CC[C@]12C,CNP0243690.2,0.9951914548873901,0.9999998807907104,0.3088393211364746,0.864215075969696,0.43
448.64400000000035,3.7683000000000026,5,4,C[C@@H]([C@H](O)CCC(C)(C)O)[C@H]1CC[C@@]2(O)C3=CC(=O)[C@@H]4C[C@@H](O)CC[C@]4(C)[C@H]3CC[C@]12C,CNP0243690.3,0.9951914548873901,0.9999998807907104,0.3088393211364746,0.864215075969696,0.43
372.4460000000001,2.758940000000001,3,3,CC1=CC=C(C)C(S(=O)(=O)N[C@H](CC2=CNC3=CC=CC=C23)C(=O)O)=C1,CNP0134189.1,0.9951879978179932,0.9999644756317139,0.987744152545929,0.9997889399528503,0.5681539465101109
372.4460000000001,2.758940000000001,3,3,CC1=CC=C(C)C(S(=O)(=O)N[C@@H](CC2=CNC3=CC=CC=C23)C(=O)O)=C1,CNP0134189.2,0.9951879978179932,0.9999644756317139,0.987744152545929,0.9997889399528503,0.5681539465101109
446.56900000000036,2.956900000000001,5,2,CCOC(=O)[C@H](CC1=CNC2=CC=CC=C12)NS(=O)(=O)C[C@]12CC[C@H](CC1=O)C2(C)C,CNP0346181.5,0.9951790571212769,0.9999880790710449,0.9906065464019775,0.9997751116752625,0.5666666666666667
446.56900000000036,2.956900000000001,5,2,CCOC(=O)[C@@H](CC1=CNC2=CC=CC=C12)NS(=O)(=O)C[C@@]12CC[C@@H](CC1=O)C2(C)C,CNP0346181.1,0.9951790571212769,0.9999880790710449,0.9906065464019775,0.9997751116752625,0.5666666666666667
446.56900000000036,2.956900000000001,5,2,CCOC(=O)[C@@H](CC1=CNC2=CC=CC=C12)NS(=O)(=O)C[C@]12CC[C@H](CC1=O)C2(C)C,CNP0346181.6,0.9951790571212769,0.9999880790710449,0.9906065464019775,0.9997751116752625,0.5666666666666667
446.56900000000036,2.956900000000001,5,2,CCOC(=O)[C@H](CC1=CNC2=CC=CC=C12)NS(=O)(=O)C[C@@]12CC[C@@H](CC1=O)C2(C)C,CNP0346181.2,0.9951790571212769,0.9999880790710449,0.9906065464019775,0.9997751116752625,0.5666666666666667
446.56900000000036,2.956900000000001,5,2,CCOC(=O)[C@H](CC1=CNC2=CC=CC=C12)NS(=O)(=O)C[C@@]12CC[C@H](CC1=O)C2(C)C,CNP0346181.3,0.9951790571212769,0.9999880790710449,0.9906065464019775,0.9997751116752625,0.5666666666666667
446.56900000000036,2.956900000000001,5,2,CCOC(=O)[C@@H](CC1=CNC2=CC=CC=C12)NS(=O)(=O)C[C@@]12CC[C@H](CC1=O)C2(C)C,CNP0346181.4,0.9951790571212769,0.9999880790710449,0.9906065464019775,0.9997751116752625,0.5666666666666667
495.0410000000003,4.1734000000000036,6,1,COC1=C2CN(C)CCC2=C(S(=O)(=O)NCC[C@H](C2=CC=C(Cl)C=C2)C(C)C)C2=C1OCO2,CNP0397279.2,0.9951127171516418,1.0,0.9600423574447632,0.9906099438667297,0.5796412263535551
495.0410000000003,4.1734000000000036,6,1,COC1=C2CN(C)CCC2=C(S(=O)(=O)NCC[C@@H](C2=CC=C(Cl)C=C2)C(C)C)C2=C1OCO2,CNP0397279.1,0.9951127171516418,1.0,0.9600423574447632,0.9906099438667297,0.5796412263535551
474.6380000000003,4.172300000000004,5,3,C[C@H](C[C@H](C)C(=O)O)[C@H]1CC(=O)[C@@]2(C)C3=C(C(=O)C[C@]12C)[C@@]1(C)CC[C@H](O)C(C)(C)[C@H]1C[C@@H]3O,CNP0235619.2,0.9950830936431885,1.0,0.9948620200157166,0.9998936653137207,0.4505117541626445
474.63800000000026,4.172300000000003,5,3,C[C@H](C[C@@H](C)[C@H]1CC(=O)[C@@]2(C)C3=C(C(=O)C[C@]12C)[C@@]1(C)CC[C@H](O)C(C)(C)[C@H]1C[C@@H]3O)C(=O)O,CNP0235619.1,0.9950830936431885,1.0,0.9948620200157166,0.9998936653137207,0.4505117541626445
489.61600000000027,4.652800000000004,4,1,CCOC1=C(OC)C=CC=C1C1CN2C(=O)CN(CCC(C)C)C(=O)[C@]2(C)C2=C1C1=CC=CC=C1N2,CNP0201591.1,0.994938850402832,0.999509334564209,0.9431617856025696,0.9998144507408142,0.59
490.7250000000004,4.436600000000004,5,4,CC(C)(O)[C@H]1CC[C@@](C)([C@H]2[C@@H](O)C[C@@]3(C)[C@@H]4C[C@H](O)C5C(C)(C)[C@@H](O)CCC56CC46CC[C@]23C)O1,CNP0243356.7,0.9949350953102112,1.0,0.999362051486969,0.9976916313171387,0.3233333333333333
490.7250000000004,4.436600000000004,5,4,CC(C)(O)[C@H]1CC[C@](C)([C@H]2[C@@H](O)C[C@@]3(C)[C@@H]4C[C@H](O)[C@H]5C(C)(C)[C@@H](O)CC[C@@]56C[C@@]46CC[C@]23C)O1,CNP0243356.5,0.9949350953102112,1.0,0.999362051486969,0.9976916313171387,0.3233333333333333
490.7250000000004,4.436600000000004,5,4,CC(C)(O)[C@H]1CC[C@@](C)([C@H]2[C@@H](O)C[C@@]3(C)[C@@H]4C[C@H](O)[C@H]5C(C)(C)[C@@H](O)CC[C@@]56C[C@@]46CC[C@]23C)O1,CNP0243356.4,0.9949350953102112,1.0,0.999362051486969,0.9976916313171387,0.3233333333333333
490.7250000000004,4.436600000000004,5,4,CC(C)(O)[C@@H]1CC[C@](C)([C@H]2[C@@H](O)C[C@@]3(C)[C@H]4C[C@H](O)[C@@H]5C(C)(C)[C@@H](O)CC[C@@]56C[C@@]46CC[C@]23C)O1,CNP0243356.12,0.9949350953102112,1.0,0.999362051486969,0.9976916313171387,0.3233333333333333
490.7250000000004,4.436600000000004,5,4,CC(C)(O)[C@@H]1CC[C@](C)([C@H]2[C@@H](O)C[C@@]3(C)[C@@H]4C[C@H](O)[C@H]5C(C)(C)[C@@H](O)CC[C@@]56C[C@@]46CC[C@]23C)O1,CNP0243356.6,0.9949350953102112,1.0,0.999362051486969,0.9976916313171387,0.3233333333333333
490.7250000000004,4.436600000000004,5,4,CC(C)(O)[C@H]1CC[C@](C)([C@H]2[C@@H](O)C[C@@]3(C)[C@H]4C[C@H](O)[C@H]5C(C)(C)[C@@H](O)CC[C@@]56C[C@@]46CC[C@]23C)O1,CNP0243356.11,0.9949350953102112,1.0,0.999362051486969,0.9976916313171387,0.3233333333333333
490.7250000000004,4.436600000000004,5,4,CC(C)(O)[C@@H]1CC[C@](C)([C@H]2[C@@H](O)C[C@@]3(C)[C@@H]4C[C@H](O)C5C(C)(C)[C@@H](O)CC[C@@]56C[C@@]46CC[C@]23C)O1,CNP0243356.8,0.9949350953102112,1.0,0.999362051486969,0.9976916313171387,0.3233333333333333
490.7250000000004,4.436600000000004,5,4,CC(C)(O)[C@H]1CC[C@@](C)(C2[C@@H](O)C[C@@]3(C)[C@@H]4C[C@H](O)C5C(C)(C)[C@@H](O)CCC56CC46CC[C@]23C)O1,CNP0243356.1,0.9949350953102112,1.0,0.999362051486969,0.9976916313171387,0.3233333333333333
490.7250000000004,4.436600000000004,5,4,CC(C)(O)[C@H]1CC[C@](C)([C@H]2[C@H](O)C[C@@]3(C)[C@@H]4C[C@H](O)[C@@H]5C(C)(C)[C@H](O)CC[C@]56C[C@]46CC[C@]23C)O1,CNP0243356.13,0.9949350953102112,1.0,0.999362051486969,0.9976916313171387,0.3233333333333333
490.7250000000004,4.436600000000004,5,4,CC(C)(O)[C@@H]1CC[C@](C)([C@H]2[C@@H](O)C[C@@]3(C)[C@@H]4C[C@H](O)[C@@H]5C(C)(C)[C@@H](O)CC[C@@]56C[C@@]46CC[C@]23C)O1,CNP0243356.10,0.9949350953102112,1.0,0.999362051486969,0.9976916313171387,0.3233333333333333
490.7250000000004,4.436600000000004,5,4,CC(C)(O)[C@H]1CC[C@@](C)([C@H]2[C@@H](O)C[C@@]3(C)[C@@H]4C[C@H](O)[C@@H]5C(C)(C)[C@@H](O)CC[C@@]56C[C@@]46CC[C@]23C)O1,CNP0243356.9,0.9949350953102112,1.0,0.999362051486969,0.9976916313171387,0.3233333333333333
490.7250000000004,4.436600000000004,5,4,CC(C)(O)[C@H]1CC[C@@](C)([C@H]2[C@@H](O)C[C@@]3(C)[C@@H]4C[C@H](O)[C@H]5C(C)(C)[C@@H](O)CC[C@@]56CC46CC[C@]23C)O1,CNP0243356.3,0.9949350953102112,1.0,0.999362051486969,0.9976916313171387,0.3233333333333333
490.7250000000004,4.436600000000004,5,4,CC(C)(O)[C@@H]1CC[C@](C)([C@@H]2[C@@H](O)C[C@@]3(C)[C@@H]4C[C@H](O)[C@H]5C(C)(C)[C@@H](O)CC[C@@]56C[C@@]46CC[C@]23C)O1,CNP0243356.2,0.9949350953102112,1.0,0.999362051486969,0.9976916313171387,0.3233333333333333
442.47100000000023,2.8284000000000002,4,3,C[C@H](NC(=O)[C@H](CC1=CC=CC=C1)NC(=O)C1=CC=CC2=C1C1=CC=CC=C1C2=O)C(=O)O,CNP0516137.1,0.9947922825813293,0.9997331500053406,0.9737017154693604,0.9830060601234436,0.41333333333333333
428.52500000000026,4.428600000000004,6,1,CCOC(=O)C1=C2CC[C@@H](C(C)C)C=C2C2=C(C=C3O[C@H](C(C)(C)O)CC3=C2OC)O1,CNP0100441.1,0.9947662353515625,1.0,0.9999245405197144,0.989459753036499,0.4002107800689742
489.61600000000027,4.795300000000005,4,1,CCCCN1CC(=O)N2CC(C3=CC=C(OC(C)C)C(OC)=C3)C3=C(NC4=CC=CC=C34)[C@@]2(C)C1=O,CNP0151315.1,0.9947342872619629,0.9998070597648621,0.9946051239967346,0.9998024106025696,0.54872350022553
442.89900000000017,4.264000000000004,6,1,COC1=CC2=C(C=C1OC)CN(C(=O)C1=C([C@H](C)O)C(C3=CC=C(Cl)C=C3)=NO1)CC2,CNP0389723.1,0.9946687817573547,0.9999951124191284,0.9993793964385986,0.9853348731994629,0.4570135569013731
482.68700000000024,3.9003000000000023,5,2,CC[C@](O[C@@H]1C[C@H](C)CC[C@@H]1C(C)C)(C(=O)N[C@@H]1C(=O)N2[C@@H]1SC(C)(C)[C@H]2C(=O)O)C(C)C,CNP0464629.2,0.9945570230484009,0.992296040058136,0.9858998656272888,0.9995183944702148,0.4266666666666667
482.68700000000024,3.9003000000000023,5,2,CC[C@](O[C@@H]1C[C@H](C)CC[C@@H]1C(C)C)(C(=O)N[C@H]1C(=O)N2[C@@H]1SC(C)(C)[C@H]2C(=O)O)C(C)C,CNP0464629.1,0.9945570230484009,0.992296040058136,0.9858998656272888,0.9995183944702148,0.4266666666666667
482.68700000000024,3.9003000000000023,5,2,CC[C@@](O[C@@H]1C[C@H](C)CC[C@@H]1C(C)C)(C(=O)N[C@H]1C(=O)N2[C@@H]1SC(C)(C)[C@H]2C(=O)O)C(C)C,CNP0464629.4,0.9945570230484009,0.992296040058136,0.9858998656272888,0.9995183944702148,0.4266666666666667
482.68700000000024,3.9003000000000023,5,2,CC[C@@](O[C@@H]1C[C@H](C)CC[C@@H]1C(C)C)(C(=O)N[C@@H]1C(=O)N2[C@@H]1SC(C)(C)[C@H]2C(=O)O)C(C)C,CNP0464629.3,0.9945570230484009,0.992296040058136,0.9858998656272888,0.9995183944702148,0.4266666666666667
358.5300000000002,4.595500000000005,3,0,CCCC(=O)N1C2=NC(CCC)=NN2C2(CCCCC2)[C@@H]2CCCC[C@@H]21,CNP0587681.1,0.9942375421524048,0.9999973773956299,0.8869394063949585,0.9990662932395935,0.4860159777306842
498.6490000000002,2.928600000000001,7,2,CC(C)CC1=CC=C(S(=O)(=O)N2CCC3(CC2)NCCN=C3NCC2=CC=C3OCOC3=C2)C=C1,CNP0481134.0,0.9939992427825928,0.9999585151672363,0.9508797526359558,0.9945144653320312,0.54
479.5180000000003,2.7371999999999996,9,1,CN1C[C@@H](NS(=O)(=O)C2=CC=CC3=CC=CN=C23)C[C@H]1C1=NC(C2=CC=C3OCOC3=C2)=NO1,CNP0012669.1,0.9939689636230469,0.997657299041748,0.8495503664016724,0.09119576960802078,0.5748206131767776
455.3300000000001,3.4301000000000013,4,2,CCN(CC)S(=O)(=O)C1=CC(C(=O)NC2=CC=CC=C2C(=O)O)=CC=C1Br,CNP0510600.0,0.9938568472862244,0.9174607396125793,0.9774731397628784,0.04544999822974205,0.51
402.44300000000015,3.051700000000001,7,3,CC[C@H](C)[C@@](O)(CC(=O)OCC1=CC=C(O)C=C1)C(=O)OCC1=CC=C(O)C=C1,CNP0426481.1,0.9938499927520752,0.9999488592147827,0.034877803176641464,0.9958716034889221,0.4848206131767775
400.77400000000006,4.047200000000002,3,3,O=C1N=C(O)C(=CC2=CC(Cl)=CC=C2OCC2=CC=C(C(=O)O)C=C2)C(O)=N1,CNP0597343.0,0.993802547454834,0.9893369674682617,0.9556516408920288,0.9971917271614075,0.22333333333333333
447.53500000000014,3.6266000000000025,4,1,CCCOC1=CC=C(C2CN3C(=O)CN(C)C(=O)[C@]3(C)C3=C2C2=CC=CC=C2N3)C=C1OC,CNP0200986.1,0.993768572807312,0.9978944659233093,0.007028558757156134,0.9802893996238708,0.47
474.5420000000003,2.780280000000001,5,1,N#CC1=CC=CC=C1S(=O)(=O)NC1=CC=C2[C@@H]3C[C@@H](CN(C(=O)C4=CC=CC=C4)C3)CN2C1=O,CNP0065805.1,0.993708610534668,0.616817831993103,0.01265748031437397,0.006319740321487188,0.48244445868475405
488.58100000000024,3.7822000000000022,9,3,CC[C@H](O)CC[C@@H](C[C@@H](CCC1=CC(OC)=C(O)C=C1C1=CC=NC(N)=C1)OC(C)=O)OC(C)=O,CNP0070506.1,0.9936794638633728,0.9999747276306152,0.004795817658305168,0.9860503077507019,0.3781539465101109
475.5890000000002,4.405200000000003,4,1,CCOC1=C(OC)C=CC=C1C1CN2C(=O)CN(C(C)CC)C(=O)[C@]2(C)C2=C1C1=CC=CC=C1N2,CNP0386782.1,0.9935688972473145,0.9967225193977356,0.01443811971694231,0.9983356595039368,0.5533333333333333
494.5480000000004,2.9534000000000002,5,4,CC[C@H](C)[C@H](NC(=O)C1=CC2=C(NC3=CC=CC=C32)C(CCC(=O)N2CCC[C@H]2C(=O)O)=N1)C(=O)O,CNP0196281.1,0.9935203194618225,0.9999356269836426,0.9746854901313782,0.9998151659965515,0.5694213797900342
409.48200000000014,4.283600000000004,6,2,CC[C@H](C)/C=C(\C)C1=CC2=CC3=C(C(=O)[C@](O)(CC(C)=O)C(OC)=C3)C(O)=C2C=N1,CNP0476152.1,0.9934936165809631,0.9990517497062683,0.8010731935501099,0.8734573125839233,0.33403899721448466
376.88400000000024,4.843100000000004,4,1,CCN(C(=O)C1=C([C@H](C)O)C(C2=CC=C(Cl)C=C2)=NO1)C1CCCCC1,CNP0400713.1,0.9934184551239014,0.9999994039535522,0.9414853453636169,0.9991208910942078,0.5521745968851057
359.3410000000001,3.693900000000001,5,4,O=C(O)[C@@H]1CC2=CNC3=CC=C4OC5=NC6=CC=C(O)C=C6C5=C(N1)C4=C23,CNP0227030.1,0.9933381080627441,0.9978067278862,0.9909476637840271,0.9878917932510376,0.4048889173695081
395.4800000000001,3.758020000000003,4,1,CC1=CC=C(S(=O)(=O)N[C@@H](C(=O)OCC2=CC=CC=C2)C2=CC=CC=C2)C=C1,CNP0121508.1,0.9933003187179565,0.9994348883628845,0.9787819981575012,0.9990882873535156,0.5733333333333334
395.4800000000001,3.758020000000003,4,1,CC1=CC=C(S(=O)(=O)N[C@H](C(=O)OCC2=CC=CC=C2)C2=CC=CC=C2)C=C1,CNP0121508.2,0.9933003187179565,0.9994348883628845,0.9787819981575012,0.9990882873535156,0.5733333333333334
392.54700000000037,4.648000000000004,3,0,CCC1=NN2C(=N1)N(C(=O)CC1=CC=CC=C1)[C@H]1CCCC[C@H]1C21CCCCC1,CNP0528075.1,0.9932898879051208,0.9999803304672241,0.8532409071922302,0.9977705478668213,0.4527046978872401
414.80100000000004,3.9129000000000023,6,2,C[C@@H](NC(=O)C1=CC=C2OCOC2=C1)C1=C(C(=O)O)ON=C1C1=CC=C(Cl)C=C1,CNP0082105.1,0.9932718873023987,0.9463163614273071,0.9918910264968872,0.09146930277347565,0.41148727984344424
383.45300000000015,3.190990000000001,6,3,CSC1=C(CC2=NC(C(=O)O)=CC3=C2NC2=CC=C(O)C=C23)N(C)[CH]N1C,CNP0556433.0,0.9932117462158203,0.9264059662818909,0.9838908314704895,0.9940609335899353,0.4391111253514207
490.72500000000036,4.436600000000005,5,4,CC(C)(O)[C@@H]1CC[C@](C)([C@H]2[C@@H](O)C[C@@]3(C)[C@@H]4CC[C@H]5C(C)(C)[C@@H](O)CC[C@@]56C[C@@]46C[C@H](O)[C@]23C)O1,CNP0330921.1,0.992983341217041,0.9999923706054688,0.9935939908027649,0.969955325126648,0.32666666666666666
358.5300000000002,4.766400000000004,3,0,CCCC(=O)N1C2=NC(C(C)C)=NN2C2(CCCCC2)[C@@H]2CCCC[C@@H]21,CNP0540865.1,0.9929763078689575,1.0,0.9744768142700195,0.9999649524688721,0.5560159777306842
489.61600000000027,4.793700000000004,4,1,CCC(C)N1CC(=O)N2CC(C3=CC=C(OC(C)C)C(OC)=C3)C3=C(NC4=CC=CC=C34)[C@@]2(C)C1=O,CNP0375394.1,0.9929618239402771,0.9939433932304382,0.7422052025794983,0.9992135763168335,0.5563473457335065
360.4060000000001,2.892100000000001,5,1,COC(=O)[C@H]1C2=CC(C(=O)O)=CC=C2[C@]2(C)CCC[C@@](C)(C(=O)OC)[C@@H]12,CNP0295739.1,0.9928852915763855,0.9998100399971008,0.9397268295288086,0.9954022169113159,0.3814872798434442
448.64400000000035,3.9124000000000034,5,4,CC(C)(O)CCC[C@](C)(O)[C@H]1CC[C@]2(O)C3=CC(=O)[C@@H]4C[C@@H](O)CC[C@]4(C)[C@H]3CC[C@]12C,CNP0270567.2,0.9928194880485535,0.9999310970306396,0.8397667407989502,0.2290245145559311,0.38666666666666666
448.64400000000035,3.9124000000000034,5,4,CC(C)(O)CCC[C@](C)(O)[C@H]1CC[C@@]2(O)C3=CC(=O)[C@@H]4C[C@@H](O)CC[C@]4(C)[C@H]3CC[C@]12C,CNP0270567.1,0.9928194880485535,0.9999310970306396,0.8397667407989502,0.2290245145559311,0.38666666666666666
451.95700000000016,2.9349000000000016,6,0,COC(=O)[C@@H]1CC2=C(CN1S(=O)(=O)C1=CC=CS1)N(CC1=CC=C(Cl)C=C1)C=N2,CNP0062139.1,0.9928152561187744,0.9718623757362366,0.8668219447135925,0.45440903306007385,0.5533333333333333
380.4920000000003,4.165300000000004,4,0,COC1=CC=CC=C1C(=O)N1C2=NC=NN2C2(CCCCC2)[C@@H]2CCCC[C@@H]21,CNP0577045.1,0.9927732348442078,0.9998112320899963,0.8833723664283752,0.9745960235595703,0.37964122635355513
392.249,2.7284000000000006,4,1,COC(=O)[C@H](CC1=CC=CC=C1)NC(=O)COC1=CC=C(Br)C=C1,CNP0489963.1,0.9926443099975586,0.9997830986976624,0.9032775163650513,0.986930251121521,0.5433333333333333
392.249,2.7284000000000006,4,1,COC(=O)[C@@H](CC1=CC=CC=C1)NC(=O)COC1=CC=C(Br)C=C1,CNP0489963.2,0.9926443099975586,0.9997830986976624,0.9032775163650513,0.986930251121521,0.5433333333333333
464.47800000000024,2.810120000000001,8,3,COC1=CC(C(CC(=O)N[C@H](C)C2=NN=C3C=CC=CN23)C2=C(O)C(=O)C=C(C)O2)=CC=C1O,CNP0411463.1,0.9926033616065979,1.0,0.9973304271697998,0.9999828338623047,0.4766666666666667
440.0950000000001,3.2189700000000014,5,3,COC1=C(Br)C=C(CC2=C3NC(=N)N=C3C=CN=C2O)C=C1Br,CNP0576402.0,0.9925867915153503,0.994333028793335,0.9997645020484924,0.11509914696216583,0.2899779465101109
406.4750000000002,3.222400000000002,6,1,CC[C@@H](C)C(=O)O[C@@](C)(C(=O)O)C1=C[C@@]2(C)C(=CC1=O)CC[C@H](OC(C)=O)[C@@H]2C,CNP0278920.1,0.9925274848937988,0.9990057349205017,0.9055848121643066,0.9847040176391602,0.47872350022552995
456.53500000000037,4.285900000000003,7,1,CCCOC1=C2C[C@@H](C(C)(C)O)OC2=CC2=C1C(=C1CCC(=O)CC1)C=C(C(=O)OCC)O2,CNP0093082.1,0.9924452900886536,0.999998927116394,0.9582215547561646,0.31867384910583496,0.3381539465101109
451.5230000000002,3.3192000000000013,5,3,COC(=O)C(CC1=CNC2=CC=CC=C12)NC(=O)C(NC(=O)OCC1=CC=CC=C1)C(C)C,CNP0368271.0,0.9922965168952942,1.0,0.9861307740211487,0.9999477863311768,0.63
428.5690000000003,4.642800000000004,4,1,CC(=O)O[C@H]1C[C@@]2(C)[C@@H]3CC[C@H]4[C@H](C)C(=O)C=C[C@@]45C[C@@]35CC[C@]2(C)[C@H]1[C@H](C)C(=O)O,CNP0562892.1,0.9922475814819336,0.9999985694885254,0.6854062676429749,0.9955099821090698,0.35333333333333333
408.53500000000014,3.4696000000000016,5,3,CC[C@@H](C)C(=O)O[C@H]1CCC=C2C=C[C@H](C)[C@H](CC[C@@H](O)C[C@@H](O)CC(=O)O)[C@H]21,CNP0282416.3,0.9921499490737915,0.9999910593032837,0.993279755115509,0.758367657661438,0.43666666666666665
408.53500000000014,3.4696000000000016,5,3,CC[C@H](C)C(=O)O[C@H]1CCC=C2C=C[C@H](C)[C@H](CC[C@@H](O)C[C@@H](O)CC(=O)O)[C@H]21,CNP0282416.2,0.9921499490737915,0.9999910593032837,0.993279755115509,0.758367657661438,0.43666666666666665
408.53500000000014,3.4696000000000016,5,3,CCC(C)C(=O)O[C@H]1CCC=C2C=C[C@H](C)[C@H](CC[C@@H](O)C[C@@H](O)CC(=O)O)[C@H]21,CNP0282416.1,0.9921499490737915,0.9999910593032837,0.993279755115509,0.758367657661438,0.43666666666666665
494.57300000000015,3.308900000000002,5,2,COC1=CC=C(NC(=O)N2C[C@@H]3C[C@H](C2)C2=C(NS(=O)(=O)C4=CC=CC=C4)C=CC(=O)N2C3)C=C1,CNP0040299.1,0.99178546667099,0.999756395816803,0.0042881714180111885,0.4069717526435852,0.48815394651011085
374.5210000000002,3.6043000000000034,4,2,C[C@]12CCCC[C@H]1C[C@H](O)[C@@H]1[C@@H]2CC[C@]2(C)[C@H](C3=CC(=O)OC3)CC[C@]12O,CNP0263498.3,0.9914747476577759,0.9999754428863525,0.47606560587882996,0.07466617971658707,0.36872350022552997
374.5210000000002,3.6043000000000034,4,2,C[C@]12CCCC[C@@H]1C[C@H](O)[C@H]1[C@@H]2CC[C@]2(C)[C@@H](C3=CC(=O)OC3)CC[C@]12O,CNP0263498.2,0.9914747476577759,0.9999754428863525,0.47606560587882996,0.07466617971658707,0.36872350022552997
374.5210000000002,3.6043000000000034,4,2,C[C@]12CCCC[C@@H]1C[C@H](O)[C@@H]1[C@@H]2CC[C@]2(C)[C@@H](C3=CC(=O)OC3)CC[C@]12O,CNP0263498.1,0.9914747476577759,0.9999754428863525,0.47606560587882996,0.07466617971658707,0.36872350022552997
466.99000000000024,4.480100000000005,3,0,O=C1C=CC(/C=C/C2=CC=C(Cl)C=C2)=C2[C@@H]3C[C@@H](CN(S(=O)(=O)C4=CC=CC=C4)C3)CN21,CNP0389192.1,0.9914453029632568,0.00038108951412141323,0.030811622738838196,0.0005997439147904515,0.42
382.5080000000003,4.758900000000005,4,0,CC(C)C(=O)N1C2=NC(C3=CC=CO3)=NN2C2(CCCCC2)[C@@H]2CCCC[C@@H]21,CNP0552686.1,0.9912275671958923,0.9999994039535522,0.9948217868804932,0.9998213648796082,0.5980728112895475
425.9450000000002,4.567800000000003,5,2,O=C(NC1=CC=CC=C1Cl)[C@H]1SC2=NN=C(C3=CC=CC=C3)N2NC12CCCC2,CNP0510238.1,0.9911693334579468,0.9989250302314758,0.9985068440437317,0.9981951117515564,0.42333333333333334
425.9450000000002,4.567800000000003,5,2,O=C(NC1=CC=CC=C1Cl)[C@@H]1SC2=NN=C(C3=CC=CC=C3)N2NC12CCCC2,CNP0510238.2,0.9911693334579468,0.9989250302314758,0.9985068440437317,0.9981951117515564,0.42333333333333334
470.63900000000024,3.133400000000001,6,2,COC1=CC=CC(CNC2=NCCNC23CCN(S(=O)(=O)C2=CC=C(C(C)C)C=C2)CC3)=C1,CNP0479246.0,0.9911230802536011,0.9999252557754517,0.7519219517707825,0.9961257576942444,0.5366666666666666
420.8970000000001,3.1424000000000003,6,2,CN1C[C@@H](NC(=O)CC(C)(C)CC(=O)O)C[C@H]1C1=NC(C2=CC=C(Cl)C=C2)=NO1,CNP0042821.1,0.9910886287689209,0.9999985694885254,0.9400070905685425,0.9997743964195251,0.6366666666666667
462.67100000000033,4.158400000000004,5,4,C[C@H](CC[C@H](C)C(C)(C)O)[C@H]1CC[C@@]2(O)C3=CC(=O)[C@H]4C[C@H](O)CC[C@]4(C)[C@@]3(O)CC[C@]12C,CNP0472437.1,0.990889847278595,1.0,0.8278400897979736,0.9230942726135254,0.3933333333333333
462.67100000000033,4.158400000000004,5,4,C[C@H](CC[C@H](C)C(C)(C)O)[C@H]1CC[C@@]2(O)C3=CC(=O)[C@H]4C[C@@H](O)CC[C@]4(C)[C@@]3(O)CC[C@]12C,CNP0472437.2,0.990889847278595,1.0,0.8278400897979736,0.9230942726135254,0.3933333333333333
459.50200000000024,4.405200000000003,6,3,COC1=CC=C(C(CC(=O)N[C@@H](C)C2=NC3=CC=CC=C3N2)C2=CC3=C(C=C2O)OCO3)C=C1,CNP0414452.1,0.9908255934715271,1.0,0.7704080939292908,0.9951989054679871,0.44333333333333336
494.9830000000002,4.904500000000004,8,2,COC1=CC(CNC2=NC(NCC3CC3)=NC3=C(C4=CC=CC(Cl)=C4)C=NN23)=CC(OC)=C1OC,CNP0208020.0,0.990772008895874,0.9996335506439209,0.8788415789604187,0.8056915998458862,0.5199203106152599
485.7130000000003,4.458000000000004,5,2,COC1=CC=CC=C1N1CCN(C(=O)CC[C@]23CC[C@](C)(O)C[C@H]2C(C)(C)C[C@@H]3NC(C)C)CC1,CNP0439372.1,0.9907609820365906,0.9997041821479797,0.796379804611206,0.9977706670761108,0.4805117541626445
472.0100000000003,4.861640000000004,4,1,COC1=CC=C(Cl)C=C1S(=O)(=O)N1CCC2(CC1)NC1=CC=C(C)C(C)=C1N1C=CC=C12,CNP0557666.0,0.9906693696975708,0.9999709129333496,0.9802102446556091,0.9933409094810486,0.5457777920180874
408.5460000000004,4.727700000000005,4,0,CCC1=NN2C(=N1)N(C(=O)C1=CC=CC=C1OC)[C@H]1CCCC[C@H]1C21CCCCC1,CNP0579305.1,0.9906566143035889,0.9998589754104614,0.3987301290035248,0.984033465385437,0.48603803122057343
391.25400000000013,3.988800000000002,3,2,COC(=O)[C@H](CC1=CNC2=CC=CC=C12)NC(=O)C1=CC=C(Cl)C=C1Cl,CNP0508573.1,0.9906253814697266,0.9999947547912598,0.9906755685806274,0.9979390501976013,0.5066666666666667
391.25400000000013,3.988800000000002,3,2,COC(=O)[C@@H](CC1=CNC2=CC=CC=C12)NC(=O)C1=CC=C(Cl)C=C1Cl,CNP0508573.2,0.9906253814697266,0.9999947547912598,0.9906755685806274,0.9979390501976013,0.5066666666666667
495.64500000000044,3.5195200000000026,4,3,CC1=CC=C(S(=O)(=O)NC(CC2=CNC3=CC=CC=C23)C(=O)N2CCC3(O)CCCCC3C2)C=C1,CNP0219002.0,0.9904659986495972,0.9999980926513672,0.9177243113517761,0.9988698363304138,0.5433333333333333
470.5950000000002,3.110500000000002,4,2,O=C(NC1CCCCC1)N1C[C@@H]2C[C@H](C1)C1=C(NS(=O)(=O)C3=CC=CC=C3)C=CC(=O)N1C2,CNP0026508.1,0.9903023838996887,0.9982715845108032,0.5433219075202942,0.9824913144111633,0.5148206131767775
350.4660000000002,4.156700000000003,3,0,O=C(C1=CC=CC=C1)N1C2=NC=NN2C2(CCCCC2)[C@@H]2CCCC[C@@H]21,CNP0526461.1,0.990165650844574,0.9998761415481567,0.8101314306259155,0.9951106905937195,0.32964122635355514
490.6370000000002,4.529620000000004,7,3,CC1=NC(NC2=NNC3=C2CN(C(=O)N[C@H](CN(C)C)C2=CC=CC=C2)C3(C)C)=C2SC=CC2=N1,CNP0606288.1,0.9901303648948669,1.0,0.9813870787620544,0.9999133348464966,0.41384508749597787
445.3610000000001,3.986500000000002,3,3,CC[C@@H](C)C1=N[C@](C(=O)N/C=C\C2=CNC3=CC(Br)=CC=C23)(C(C)C)NC1=O,CNP0208889.1,0.9896981120109558,0.9999212026596069,0.9999433755874634,0.9998034834861755,0.5166666666666667
448.5150000000003,4.418200000000003,6,3,C[C@@]1(C/C=C/C2=CC=CC=C2)OC2=CC3=C(C(O)=C2C[C@H]1O)C(=O)C=C(C1(O)CCCC1)O3,CNP0242763.1,0.9896049499511719,0.9999934434890747,0.9475712180137634,0.9677978157997131,0.2514872798434442
444.5310000000001,3.838400000000002,4,2,CC(=O)OCC[C@H](NC(=O)[C@@H](CC1=CC=CC=C1)NC(=O)C1=CC=CC=C1)C1=CC=CC=C1,CNP0209945.1,0.989257276058197,0.9989759922027588,0.9813340306282043,0.8725023865699768,0.47333333333333333
477.56100000000026,3.2531000000000017,5,1,CCOC1=C(OC)C=CC=C1C1CN2C(=O)CN(CCOC)C(=O)[C@]2(C)C2=C1C1=CC=CC=C1N2,CNP0385513.1,0.9891901016235352,0.9976254105567932,0.6060386896133423,0.9983636736869812,0.4866666666666667
487.7010000000003,3.879170000000003,5,4,CC(C)(O)[C@@H]1[CH]C[C@](C)([C@H]2[C@@H](O)C[C@@]3(C)[C@@H]4C[C@H](O)[C@H]5C(C)(C)[C@@H](O)[CH]C[C@@]56C[C@@]46[CH]C[C@@]23C)O1,CNP0576094.1,0.9890011548995972,1.0,0.9947690367698669,0.9993566870689392,0.31666666666666665
408.5460000000004,4.727700000000005,4,0,CCC1=NN2C(=N1)N(C(=O)C1=CC=CC(OC)=C1)[C@H]1CCCC[C@H]1C21CCCCC1,CNP0487707.1,0.988923192024231,0.9999611377716064,0.5408383011817932,0.9963985681533813,0.5003916951017247
475.5890000000003,4.406800000000003,4,1,CCCCN1CC(=O)N2CC(C3=CC=CC(OC)=C3OCC)C3=C(NC4=CC=CC=C34)[C@@]2(C)C1=O,CNP0377012.1,0.9888683557510376,0.9990949630737305,0.5361226797103882,0.9985640645027161,0.48
448.9320000000002,3.122300000000002,7,1,COC1=CC=C(C2=NOC([C@@H]3C[C@H](NS(=O)(=O)C4=CC=C(Cl)C=C4)CN3C)=N2)C=C1,CNP0322429.1,0.987917959690094,0.9996597766876221,0.957325279712677,0.905717134475708,0.66
477.6010000000002,4.527500000000003,5,2,CC(=O)OC(C)(C)[C@H]1O[C@H]2CC[C@@]3(C)[C@@](O)(CC[C@H]4CC5=C(NC6=CC=CC=C56)[C@@]43C)C2=CC1=O,CNP0194391.1,0.9877750873565674,0.9999351501464844,0.007721894420683384,0.42157045006752014,0.35687744673564087
388.8070000000001,4.394040000000003,5,2,CC1=CC(C(=O)N[C@H](C)C2=C(C(=O)O)C(C3=CC=C(Cl)C=C3)=NO2)=C(C)O1,CNP0266647.1,0.9877513647079468,0.9997721314430237,0.9991642236709595,0.9962100982666016,0.48885961039126224
492.55700000000024,2.7768000000000015,7,0,COC(=O)[C@@H]1CC2=C(CN1S(=O)(=O)C1=CC=CC3=CC=CN=C13)N(CC1=CC=C(OC)C=C1)C=N2,CNP0031377.1,0.9876746535301208,0.941084623336792,0.009454885497689247,0.37534019351005554,0.5411285061969993
456.62300000000033,3.7268000000000026,5,3,C[C@H]([C@H]1OC(C)(C)[C@@H](C)[C@@H]1O)[C@H]1C[C@@H](O)C2=C3C=CC4=CC(=O)CC[C@]4(C)[C@H]3C[C@@H](O)[C@@]21C,CNP0357281.1,0.9874716401100159,1.0,0.9985854625701904,0.99977046251297,0.39964122635355515
436.90300000000013,4.472700000000002,5,2,CCCCC1=NC(Cl)=C(C(=O)O)N1CC1=CC=C(C2=CC=CC=C2C2=NNN=N2)C=C1,CNP0477446.0,0.9874476790428162,0.20357197523117065,0.9991781115531921,0.06710916757583618,0.39
375.82300000000004,4.005080000000002,6,2,N#CC1=C2N=C(NCC3=CC=C(Cl)C=C3)N=C(NC3=CC=CC=C3)N2N=C1,CNP0510487.0,0.9873030185699463,0.013595687225461006,0.8546611666679382,0.004698120057582855,0.3110694244663252
475.58900000000017,4.406800000000003,4,1,CCCOC1=CC=C(C2CN3C(=O)CN(CCC)C(=O)[C@]3(C)C3=C2C2=CC=CC=C2N3)C=C1OC,CNP0386580.1,0.987217128276825,0.9984498023986816,0.3050268590450287,0.9988747239112854,0.44
460.6110000000003,3.7687000000000026,6,2,CC(C)(C)CC(=O)OCC(=O)[C@@]1(O)CC[C@@H]2[C@@H]3CCC4=CC(=O)CC[C@]4(C)[C@H]3[C@@H](O)C[C@@]21C,CNP0198668.1,0.987216055393219,0.9999011754989624,0.04413001984357834,0.18954555690288544,0.41539016689219666
476.9160000000002,4.947100000000003,5,2,O=C(N[C@H](CC1=CNC2=CC=CC=C12)C(=O)OCC(=O)C1=CC=C(Cl)C=C1)OC1=CC=CC=C1,CNP0509483.1,0.9868417978286743,0.999846339225769,0.9204199314117432,0.9839807152748108,0.35333333333333333
476.9160000000002,4.947100000000003,5,2,O=C(N[C@@H](CC1=CNC2=CC=CC=C12)C(=O)OCC(=O)C1=CC=C(Cl)C=C1)OC1=CC=CC=C1,CNP0509483.2,0.9868417978286743,0.999846339225769,0.9204199314117432,0.9839807152748108,0.35333333333333333
358.4230000000003,3.1800000000000015,7,2,O=C(O)CSC1=NN=C2C3=CC=CC=C3NC3(CCCCC3)OC2=N1,CNP0560047.0,0.9867691993713379,0.6901209950447083,0.8809830546379089,0.4903016686439514,0.38666666666666666
382.87300000000005,3.2914200000000013,5,2,CCCCC1=C(C)N=C(NC(=O)NS(=O)(=O)C2=CC=CC=C2)N=C1Cl,CNP0408805.0,0.9867297410964966,0.989538311958313,0.6847636103630066,0.6916110515594482,0.4866666666666667
492.6120000000003,4.856000000000004,6,2,COC(=O)[C@@]1(C)C[C@@H]2[C@@](C)(CC(C)=C3C4=CC=C5C(=CC(=O)C(O)=C5C)[C@]4(C)CC[C@]32C)C(=O)[C@@H]1O,CNP0287896.1,0.986634373664856,0.9997298121452332,0.17508521676063538,0.18344315886497498,0.3905117541626445
492.6120000000003,4.856000000000004,6,2,COC(=O)[C@@]1(C)C[C@@H]2[C@](C)(CC(C)=C3C4=CC=C5C(=CC(=O)C(O)=C5C)[C@]4(C)CC[C@]32C)C(=O)[C@@H]1O,CNP0287896.4,0.986634373664856,0.9997298121452332,0.17508521676063538,0.18344315886497498,0.3905117541626445
492.6120000000003,4.856000000000004,6,2,COC(=O)[C@@]1(C)C[C@@H]2[C@@](C)(CC(C)=C3C4=CC=C5C(=CC(=O)C(O)=C5C)[C@]4(C)CC[C@]32C)C(=O)[C@H]1O,CNP0287896.3,0.986634373664856,0.9997298121452332,0.17508521676063538,0.18344315886497498,0.3905117541626445
492.6120000000003,4.856000000000004,6,2,COC(=O)[C@]1(C)C[C@@H]2[C@@](C)(CC(C)=C3C4=CC=C5C(=CC(=O)C(O)=C5C)[C@@]4(C)CC[C@@]32C)C(=O)[C@H]1O,CNP0287896.2,0.986634373664856,0.9997298121452332,0.17508521676063538,0.18344315886497498,0.3905117541626445
469.6300000000005,3.8956000000000026,5,0,O=C(C1=NN2C(=N1)N(C(=O)C1CCCCC1)[C@H]1CCCC[C@H]1C21CCCCC1)N1CCOCC1,CNP0487807.1,0.9866105914115906,0.9999898672103882,0.9718613624572754,0.9998993873596191,0.5066446131767776
402.4280000000001,3.087900000000001,6,2,COC1=CC=C(S(=O)(=O)N[C@H](C)C2=C(C(=O)O)C(C3=CC=CC=C3)=NO2)C=C1,CNP0551100.1,0.9865953922271729,0.9721910953521729,0.9700020551681519,0.909838855266571,0.5321929437245956
407.3370000000003,4.877800000000003,6,1,CCCSC1=NN=C2C3=CC(Br)=CC=C3NC3(CCCC3)OC2=N1,CNP0507392.0,0.9865923523902893,0.9994194507598877,0.9988412261009216,0.03984693065285683,0.4066666666666667
400.5000000000001,3.4396000000000013,3,3,CC(C)(C)C1=CC=C(S(=O)(=O)N[C@H](CC2=CNC3=CC=CC=C23)C(=O)O)C=C1,CNP0119497.2,0.986457884311676,0.9166173338890076,0.6206658482551575,0.9872803092002869,0.5466666666666666
400.5000000000001,3.4396000000000013,3,3,CC(C)(C)C1=CC=C(S(=O)(=O)N[C@@H](CC2=CNC3=CC=CC=C23)C(=O)O)C=C1,CNP0119497.1,0.986457884311676,0.9166173338890076,0.6206658482551575,0.9872803092002869,0.5466666666666666
426.51300000000015,3.022900000000001,5,2,COC(=O)[C@@H](CC1=CC=CC=C1)NC(=O)[C@@H](CC1=CC=CC=C1)NC(=O)OC(C)(C)C,CNP0052730.2,0.9864038228988647,0.9996888637542725,0.9772576689720154,0.9958646297454834,0.5033333333333333
426.51300000000015,3.022900000000001,5,2,COC(=O)[C@@H](CC1=CC=CC=C1)NC(=O)[C@H](CC1=CC=CC=C1)NC(=O)OC(C)(C)C,CNP0052730.4,0.9864038228988647,0.9996888637542725,0.9772576689720154,0.9958646297454834,0.5033333333333333
426.51300000000015,3.022900000000001,5,2,COC(=O)[C@H](CC1=CC=CC=C1)NC(=O)[C@H](CC1=CC=CC=C1)NC(=O)OC(C)(C)C,CNP0052730.3,0.9864038228988647,0.9996888637542725,0.9772576689720154,0.9958646297454834,0.5033333333333333
426.51300000000015,3.022900000000001,5,2,COC(=O)[C@H](CC1=CC=CC=C1)NC(=O)[C@@H](CC1=CC=CC=C1)NC(=O)OC(C)(C)C,CNP0052730.1,0.9864038228988647,0.9996888637542725,0.9772576689720154,0.9958646297454834,0.5033333333333333
390.43200000000024,2.965300000000001,7,1,COC1=C2C[C@@H](C(C)(C)O)OC2=CC2=C1C(=O)C=C(COC(=O)CC(C)C)O2,CNP0396174.1,0.986393392086029,1.0,0.9800153374671936,0.9983541965484619,0.4091111253514207
424.54500000000024,3.334600000000002,5,1,COC1=CC2=C(C=C1OC)C1=C(C2)C(C(=O)N(C)C[C@@H]2CCCN3CCCC[C@H]23)=NN1,CNP0131856.1,0.9862213134765625,0.9999508857727051,0.9304826259613037,0.995503842830658,0.4705984051948649
462.5060000000002,2.9827000000000004,5,4,CCC(C)[C@H](NC(=O)[C@@H](CC1=CNC2=CC=CC=C12)N1C(O)=NC2=CC=CC=C2C1=O)C(=O)O,CNP0571683.1,0.9860296845436096,0.9999949932098389,0.9275492429733276,0.9996907711029053,0.5845012922436174
406.5260000000002,4.367100000000004,4,1,COC1=CC(/C=C/[C@]23NC(=O)CN2C2=CC=CC=C2C3(C)C)=CC=C1OCC(C)C,CNP0378309.2,0.9857093095779419,0.9857951402664185,0.9703261256217957,0.9963762164115906,0.45148727984344417
406.5260000000002,4.367100000000004,4,1,COC1=CC(/C=C/[C@@]23NC(=O)CN2C2=CC=CC=C2C3(C)C)=CC=C1OCC(C)C,CNP0378309.1,0.9857093095779419,0.9857951402664185,0.9703261256217957,0.9963762164115906,0.45148727984344417
439.97200000000026,4.957900000000003,5,2,O=C(NC1=CC=C(Cl)C=C1)[C@@H]1SC2=NN=C(C3=CC=CC=C3)N2NC12CCCCC2,CNP0594323.2,0.9855923652648926,0.9999909400939941,0.9993756413459778,0.9997876286506653,0.43666666666666665
439.97200000000026,4.957900000000003,5,2,O=C(NC1=CC=C(Cl)C=C1)[C@H]1SC2=NN=C(C3=CC=CC=C3)N2NC12CCCCC2,CNP0594323.1,0.9855923652648926,0.9999909400939941,0.9993756413459778,0.9997876286506653,0.43666666666666665
436.5890000000002,3.948100000000003,6,2,CCOC(=O)C[C@H](O)C[C@H](O)CC[C@@H]1[C@@H]2C(=CCC[C@@H]2OC(=O)[C@@H](C)CC)C=C[C@@H]1C,CNP0184894.1,0.9855581521987915,0.9999996423721313,0.9975939393043518,0.8410404324531555,0.41
462.65600000000046,3.7035000000000027,4,2,CC1(C)C[C@H](NS(=O)(=O)C2=CC=CC=C2)[C@@]2(CCC(=O)N3CCCC3)CC[C@](C)(O)C[C@@H]12,CNP0455124.1,0.9855216145515442,0.9837192893028259,0.02531321719288826,0.9457489848136902,0.5444980842911877
462.65600000000046,3.7035000000000027,4,2,CC1(C)C[C@H](NS(=O)(=O)C2=CC=CC=C2)[C@]2(CCC(=O)N3CCCC3)CC[C@@](C)(O)C[C@@H]12,CNP0455124.2,0.9855216145515442,0.9837192893028259,0.02531321719288826,0.9457489848136902,0.5444980842911877
413.93,4.236200000000003,3,1,O=S(=O)(C1=CC=CC=C1)N1CCC2(CC1)NC1=CC=C(Cl)C=C1N1C=CC=C12,CNP0511241.0,0.9854844212532043,0.9997732043266296,0.9789863228797913,0.9901880621910095,0.49
489.6160000000002,4.652800000000004,4,1,CCCOC1=CC=C(C2CN3C(=O)CN(CC(C)C)C(=O)[C@]3(C)C3=C2C2=CC=CC=C2N3)C=C1OC,CNP0386779.1,0.9852697253227234,0.9993669390678406,0.7247860431671143,0.9992114305496216,0.5633333333333334
374.4770000000002,3.0050000000000017,4,2,C[C@H](C(=O)O)[C@H]1CC[C@H]2[C@@H]3[C@H](O)CC4=CC(=O)CC[C@]4(C)[C@H]3CC(=O)[C@]12C,CNP0291367.2,0.9851788878440857,0.9999997615814209,0.9171280264854431,0.9990144968032837,0.42872350022552996
374.4770000000002,3.0050000000000017,4,2,C[C@@H](C(=O)O)[C@H]1CC[C@H]2[C@@H]3[C@H](O)CC4=CC(=O)CC[C@]4(C)[C@H]3CC(=O)[C@]12C,CNP0291367.3,0.9851788878440857,0.9999997615814209,0.9171280264854431,0.9990144968032837,0.42872350022552996
374.47700000000015,3.005000000000002,4,2,CC(C(=O)O)C1CCC2C3C(CC(=O)[C@]12C)[C@@]1(C)CCC(=O)C=C1C[C@H]3O,CNP0291367.1,0.9851788878440857,0.9999997615814209,0.9171280264854431,0.9990144968032837,0.42872350022552996
427.8880000000001,2.7621,3,3,C[C@H](NC(=O)[C@H](CC1=CC=CC=C1)NC(=O)C1=CC2=CC(Cl)=CC=C2N1C)C(=O)O,CNP0531645.1,0.9851245284080505,0.9999704360961914,0.962130069732666,0.9991371035575867,0.5066666666666667
471.9660000000002,3.8878200000000023,6,0,CC1=NC=CC(OC[C@@H]2CN(S(=O)(=O)C3=CC=C(Cl)C=C3)[C@H]3C4=CC=CC=C4OC[C@@H]23)=N1,CNP0555787.1,0.9850799441337585,0.6426840424537659,0.0065102344378829,0.0011973115615546703,0.48333333333333334
448.6440000000003,3.6242000000000028,5,4,C[C@@H]([C@H](O)CCC(C)(C)O)[C@H]1CC[C@H]2C3=CC(=O)[C@@H]4C[C@@H](O)[C@@H](O)C[C@]4(C)[C@@H]3CC[C@]12C,CNP0155925.1,0.9845671653747559,0.99996018409729,0.49761685729026794,0.902163028717041,0.4033333333333333
413.308,4.791920000000005,3,3,CC1=CC([C@H]2[C@@H](C(C)C)CC[C@@]2(C)CC(=O)O)=C(C(=O)O)C(O)=C1Br,CNP0201586.1,0.9842707514762878,0.9999897480010986,0.9854711294174194,0.7576318383216858,0.44
402.4280000000001,3.087900000000001,6,2,COC1=CC=C(C2=NOC(C(=O)O)=C2[C@@H](C)NS(=O)(=O)C2=CC=CC=C2)C=C1,CNP0146890.1,0.984181821346283,0.9257322549819946,0.9257367253303528,0.6899803280830383,0.4621929437245956
430.58500000000026,4.551900000000004,5,1,CCCCC(=O)OCC(=O)[C@@]1(O)CC[C@H]2[C@@H]3CCC4=CC(=O)CC[C@]4(C)[C@H]3CC[C@@]21C,CNP0288447.1,0.984062135219574,0.9999147653579712,0.003569884691387415,0.18422609567642212,0.3933333333333333
430.58500000000026,4.551900000000004,5,1,CCCCC(=O)OCC(=O)[C@@]1(O)CCC2C3CCC4=CC(=O)CC[C@]4(C)C3CC[C@@]21C,CNP0288447.2,0.984062135219574,0.9999147653579712,0.003569884691387415,0.18422609567642212,0.3933333333333333
453.5430000000005,3.222100000000002,6,0,O=C(C1=NN2C(=N1)N(C(=O)C1=CC=CO1)[C@H]1CCCC[C@H]1C21CCCCC1)N1CCOCC1,CNP0564958.1,0.9839942455291748,0.9999926090240479,0.9081022143363953,0.9986547231674194,0.5066446131767776
353.3740000000001,3.024400000000001,5,3,CCOC(=O)CC(C1=CC=C(O)C=C1)C1=C(O)C2=CC=CC=C2NC1=O,CNP0297950.0,0.9837051033973694,0.9741240739822388,0.7635307312011719,0.9117509126663208,0.37666666666666665
448.6440000000003,3.6242000000000028,5,4,C[C@H]([C@H](C)CC(C)(C)O)[C@@H]1CC[C@@]2(O)C3=CC(=O)[C@H]4C[C@@H](O)[C@@H](O)C[C@]4(C)[C@H]3CC[C@]12C,CNP0225117.2,0.9835221767425537,1.0,0.8077587485313416,0.999009370803833,0.4081539465101109
448.6440000000003,3.6242000000000028,5,4,C[C@H]([C@H](C)CC(C)(C)O)[C@H]1CC[C@@]2(O)C3=CC(=O)[C@H]4C[C@@H](O)[C@@H](O)C[C@]4(C)[C@H]3CC[C@]12C,CNP0225117.1,0.9835221767425537,1.0,0.8077587485313416,0.999009370803833,0.4081539465101109
448.6440000000003,3.6242000000000028,5,4,C[C@H]([C@H](C)CC(C)(C)O)[C@@H]1CC[C@@]2(O)C3=CC(=O)[C@@H]4C[C@@H](O)[C@@H](O)C[C@]4(C)[C@H]3CC[C@]12C,CNP0225117.3,0.9835221767425537,1.0,0.8077587485313416,0.999009370803833,0.4081539465101109
448.6440000000003,3.6242000000000028,5,4,C[C@H]([C@H](C)CC(C)(C)O)[C@H]1CC[C@@]2(O)C3=CC(=O)[C@@H]4C[C@@H](O)[C@@H](O)C[C@]4(C)[C@H]3CC[C@]12C,CNP0225117.4,0.9835221767425537,1.0,0.8077587485313416,0.999009370803833,0.4081539465101109
454.6400000000002,3.433220000000002,5,2,CC1=CC=CC(CNC2=NCCNC23CCN(S(=O)(=O)C2=CC=C(C(C)C)C=C2)CC3)=C1,CNP0586667.0,0.9834483861923218,0.9999998807907104,0.8802015781402588,0.9998252987861633,0.5533333333333333
476.56600000000026,4.235520000000004,7,3,COC1=C(C)C(OC[C@@H]2[C@@]3(C)CCCC(C)(C)[C@@H]3CC[C@@]2(C)O)=C2C(=O)OC(O)C2=C1C(=O)O,CNP0072436.1,0.9833299517631531,0.9998737573623657,0.707659900188446,0.01676434837281704,0.36539016689219667
446.6280000000004,3.9765000000000033,5,3,C[C@H]([C@H](O)CCC(C)(C)O)[C@H]1CC[C@@]2(O)C3=CC(=O)[C@@H]4CC(=O)CC[C@]4(C)[C@H]3CC[C@]12C,CNP0256001.1,0.9831739068031311,0.9999752044677734,0.5292260646820068,0.6840946674346924,0.4166666666666667
462.62700000000035,2.947300000000001,6,4,CC(C(O)CCC(C)(C)O)C1CCC2(O)C3=CC(=O)C4CC(=O)C(O)CC4(C)C3CCC12C,CNP0128673.0,0.9830410480499268,0.9999805688858032,0.2291029691696167,0.6423236131668091,0.4033333333333333
488.6210000000003,3.1937000000000015,7,2,COC(=O)CC[C@@H](C)[C@H]1CC(=O)[C@@]2(C)C3=C(C(=O)[C@@H](O)[C@]12C)[C@@]1(C)CC[C@H](O)C(C)(C)[C@@H]1CC3=O,CNP0294268.1,0.9827545285224915,1.0,0.9370954036712646,0.9749444127082825,0.3914872798434442
488.6210000000003,3.1937000000000015,7,2,COC(=O)CCC(C)[C@H]1CC(=O)[C@@]2(C)C3=C(C(=O)[C@@H](O)[C@]12C)[C@@]1(C)CC[C@H](O)C(C)(C)[C@@H]1CC3=O,CNP0294268.2,0.9827545285224915,1.0,0.9370954036712646,0.9749444127082825,0.3914872798434442
482.53300000000024,4.701700000000004,7,3,C[C@H](C(=O)C1=CC=CN1)[C@H]1O[C@@]2(CCCC(CC3=NC4=C(C(=O)O)C(O)=CC=C4O3)O2)CC[C@@H]1C,CNP0334323.2,0.9826599955558777,0.9999877214431763,0.6580620408058167,0.9868224859237671,0.44813559967062094
482.5330000000002,4.701700000000003,7,3,C[C@@H]1CC[C@]2(CCC[C@@H](CC3=NC4=C(C(=O)O)C(O)=CC=C4O3)O2)O[C@@H]1[C@H](C)C(=O)C1=CC=CN1,CNP0334323.1,0.9826599955558777,0.9999877214431763,0.6580620408058167,0.9868224859237671,0.44813559967062094
460.6150000000003,3.369300000000001,7,3,CC(=O)O[C@@]12C[C@@H](C)[C@](O)(CCC3=CC(=O)OC3)[C@@]3(C)CCC[C@@](C)([C@@H]4CCC[C@H]4NN1)[C@@H]32,CNP0089557.1,0.9824950098991394,0.9998972415924072,0.0014988146722316742,0.14535124599933624,0.4130140124001731
363.4130000000001,4.584500000000003,4,2,COC1=CC(CNC2=CC=C(C(=O)O)C=C2)=CC=C1OCC1=CC=CC=C1,CNP0553885.0,0.9824696779251099,0.9979520440101624,0.9979174733161926,0.9981811046600342,0.25
459.5460000000002,3.7691000000000026,4,1,CCOC1=C(OC)C=CC=C1C1CN2C(=O)CN(C3CC3)C(=O)[C@]2(C)C2=C1C1=CC=CC=C1N2,CNP0386715.1,0.9819809794425964,0.9831190705299377,0.012456531636416912,0.9522808790206909,0.4342905121746431
440.66500000000025,4.261900000000004,5,4,CCC(CO)C(O)CC(O)C(C)CCC(C)CCC[C@]1(C)[C@@H](CC)C(=O)C=C[C@@]1(C)O,CNP0104178.1,0.9819289445877075,1.0,0.9552813172340393,0.9945017099380493,0.4
440.66500000000025,4.261900000000004,5,4,CC[C@H](CO)[C@H](O)C[C@H](O)[C@H](C)CC[C@H](C)CCC[C@]1(C)[C@@H](CC)C(=O)C=C[C@@]1(C)O,CNP0104178.2,0.9819289445877075,1.0,0.9552813172340393,0.9945017099380493,0.4
403.43400000000014,3.9266000000000023,4,3,O=C(N[C@@H](CC1=CC=C(O)C=C1)C(=O)O)OCC1C2=CC=CC=C2C2=CC=CC=C21,CNP0080964.1,0.9818587303161621,0.8463799357414246,0.9339670538902283,0.07581739127635956,0.5033333333333333
461.56200000000024,4.016700000000003,4,1,CCCCN1CC(=O)N2CC(C3=CC=CC(OC)=C3OC)C3=C(NC4=CC=CC=C34)[C@@]2(C)C1=O,CNP0106019.1,0.9816147685050964,0.99908447265625,0.1962234377861023,0.999146580696106,0.48
415.8770000000001,3.1431000000000004,5,4,COC1=CC=C(Cl)C=C1NC(=O)[C@H]1C[C@H](C(C)O)N[C@]12C(O)=NC1=CC=CC=C12,CNP0597644.1,0.9814608693122864,0.9998375177383423,0.031243983656167984,0.9860522747039795,0.43872350022552997
490.7250000000005,4.436600000000004,5,4,CC(C)(O)[C@@H]1CC[C@](C)([C@H]2[C@@H](O)C[C@@]3(C)[C@H]4[C@@H](O)C[C@@H]5C(C)(C)[C@@H](O)CC[C@@]56C[C@@]46CC[C@]23C)O1,CNP0134193.3,0.9813951849937439,1.0,0.9996464252471924,0.9966198205947876,0.3233333333333333
490.7250000000005,4.436600000000004,5,4,CC(C)(O)[C@H]1CC[C@@](C)([C@H]2[C@@H](O)C[C@@]3(C)[C@@H]4[C@H](O)C[C@H]5C(C)(C)[C@@H](O)CC[C@@]56C[C@@]46CC[C@]23C)O1,CNP0134193.2,0.9813951849937439,1.0,0.9996464252471924,0.9966198205947876,0.3233333333333333
490.7250000000005,4.436600000000004,5,4,CC(C)(O)[C@H]1CC[C@@](C)(C2[C@@H](O)C[C@@]3(C)[C@@H]4[C@H](O)C[C@H]5C(C)(C)[C@@H](O)CC[C@@]56C[C@@]46CC[C@]23C)O1,CNP0134193.1,0.9813951849937439,1.0,0.9996464252471924,0.9966198205947876,0.3233333333333333
490.7250000000005,4.436600000000004,5,4,CC(C)(O)[C@H]1CC[C@@](C)([C@@H]2[C@@H](O)C[C@@]3(C)[C@@H]4[C@H](O)C[C@H]5C(C)(C)[C@@H](O)CC[C@@]56C[C@@]46CC[C@]23C)O1,CNP0134193.4,0.9813951849937439,1.0,0.9996464252471924,0.9966198205947876,0.3233333333333333
487.7250000000004,4.973500000000005,4,3,CC(C)(O)[C@H]1CC[C@@](C)([C@H]2[C@@H](O)C[C@@]3(C)[C@@H]4CC[C@H]5C(C)(C)NC(=O)CC[C@@]56C[C@@]46CC[C@]23C)O1,CNP0531203.1,0.9813835024833679,0.9986646175384521,0.9964587092399597,0.9825080037117004,0.30666666666666664
396.50800000000004,4.262500000000004,4,0,O=S(=O)(C[C@@H](COCC1=CC=CC=C1)OCC1=CC=CC=C1)C1=CC=CC=C1,CNP0035958.1,0.9813434481620789,0.999562680721283,0.9982274174690247,0.9948668479919434,0.43333333333333335
463.98700000000025,3.1694000000000013,5,1,CC(C)C1=CC=C2OC[C@@H]3CN(S(=O)(=O)C4=CC=CC(Cl)=C4)CCN3CC(=O)NC2=C1,CNP0538793.1,0.9812377095222473,0.999953031539917,0.5139143466949463,0.920773983001709,0.6381539465101108
351.8410000000001,3.3333000000000013,4,0,CN(C)CC1=NN=C2CN=C(C3=CC=CC=C3)C3=CC(Cl)=CC=C3N21,CNP0570888.0,0.9808206558227539,1.0,0.9996447563171387,0.9995986819267273,0.40244445868475404
458.5950000000002,3.5447000000000024,6,2,CC(C)(C)CC(=O)OCC(=O)[C@@]1(O)CC[C@H]2[C@@H]3CCC4=CC(=O)C=C[C@]4(C)[C@H]3[C@@H](O)C[C@@]21C,CNP0422845.1,0.9807615876197815,0.9999642372131348,0.03517061471939087,0.030336907133460045,0.39205683355886334
450.44700000000023,3.9152000000000022,6,3,COC1=CC(C(=O)NC2=CC=CC=C2C(=O)NC2=CC=CC(C(=O)O)=C2)=CC(OC)=C1OC,CNP0285185.0,0.9805959463119507,0.14058133959770203,0.8732773661613464,0.03397509828209877,0.25333333333333335
386.4730000000001,2.9290200000000013,4,2,CCOC(=O)[C@@H](CC1=CNC2=CC=CC=C12)NS(=O)(=O)C1=CC=C(C)C=C1,CNP0010023.2,0.9805846214294434,0.9997920393943787,0.9913845062255859,0.9995750784873962,0.59
386.4730000000001,2.9290200000000013,4,2,CCOC(=O)[C@H](CC1=CNC2=CC=CC=C12)NS(=O)(=O)C1=CC=C(C)C=C1,CNP0010023.1,0.9805846214294434,0.9997920393943787,0.9913845062255859,0.9995750784873962,0.59
470.93800000000016,2.7450800000000015,6,0,COC(=O)[C@@H]1CC2=C(CN1S(=O)(=O)C1=CC=C(C#N)C=C1)N(CC1=CC=C(Cl)C=C1)C=N2,CNP0032609.1,0.980205237865448,0.9882414937019348,0.7651267051696777,0.3632829189300537,0.57921059972106
435.56400000000014,4.161800000000003,4,3,CC(C)(O)[C@H]1O[C@@]2(O)CC[C@@]3(C)[C@@H](CC[C@H]4CC5=C(NC6=CC=CC=C56)[C@@]43C)C2=CC1=O,CNP0282792.1,0.9801280498504639,0.997398853302002,0.0020855574402958155,0.06309102475643158,0.32815394651011087
433.59200000000016,4.825400000000005,3,3,CC(C)(O)[C@H]1C[C@H]2CC[C@@]3(C)[C@@](O)(CC[C@H]4CC5=C(NC6=CC=CC=C56)[C@@]43C)C2=CC1=O,CNP0543789.1,0.9800707697868347,0.9999852180480957,0.315601646900177,0.4131057858467102,0.3248206131767776
443.9560000000002,4.244800000000003,4,1,COC1=CC=C(Cl)C=C1S(=O)(=O)N1CCC2(CC1)NC1=CC=CC=C1N1C=CC=C12,CNP0506322.0,0.9799824953079224,0.9989514350891113,0.9918254613876343,0.8598703742027283,0.5409571788413099
364.49300000000017,4.465120000000004,3,0,CC1=CC=CC(C(=O)N2C3=NC=NN3C3(CCCCC3)[C@@H]3CCCC[C@@H]32)=C1,CNP0534717.1,0.9790800213813782,0.9999996423721313,0.9785556793212891,0.9996066689491272,0.3963078930202218
368.846,2.901320000000001,5,2,CCCC1=C(C)N=C(NC(=O)NS(=O)(=O)C2=CC=CC=C2)N=C1Cl,CNP0111391.0,0.979017972946167,0.9776148200035095,0.570899248123169,0.19295218586921692,0.48333333333333334
485.7090000000003,4.943600000000004,5,1,CC(C)[C@@H]1CC[C@]2(C)[C@H]3CC[C@@]45CCC[C@@H]4[C@]2(C[C@H](O)C(=O)[C@@]2(C)CO[C@]4(C)CC[C@H]2O4)[C@@H]1N5C3,CNP0425296.1,0.9787653088569641,0.9999912977218628,0.9901178479194641,0.9992558360099792,0.3681539465101109
467.5220000000003,3.3831000000000024,8,1,COC1=CC=C(C2=NOC([C@H](C)O)=C2C(=O)N2CCN(C3=CC=CC=C3OC)CC2)C=C1OC,CNP0288018.1,0.9787490963935852,0.9999785423278809,0.9999830722808838,0.9998182654380798,0.5644618395303327
408.54600000000045,4.464720000000004,4,0,COCC(=O)N1C2=NC(C3=CC=CC=C3C)=NN2C2(CCCCC2)[C@@H]2CCCC[C@@H]21,CNP0591715.1,0.978407084941864,0.9999444484710693,0.6174821257591248,0.9817853569984436,0.617013556901373
475.5890000000003,4.405200000000003,4,1,CCCN1CC(=O)N2CC(C3=CC=C(OC(C)C)C(OC)=C3)C3=C(NC4=CC=CC=C34)[C@@]2(C)C1=O,CNP0386828.1,0.978120744228363,0.9954955577850342,0.9769869446754456,0.9996485710144043,0.5153901668921966
460.69600000000037,4.266600000000002,6,4,CC[C@@H](C)CC[C@H](O[C@@H]1O[C@H](CO)[C@@H](O)[C@H](O)[C@H]1O)[C@@H](C)CCC[C@@H](C)CCCC(C)C,CNP0557594.1,0.9780564308166504,1.0,0.999671459197998,0.9995525479316711,0.44333333333333336
443.9160000000001,2.985380000000001,7,1,CN1C[C@@H](NS(=O)(=O)C2=CC=C(C#N)C=C2)C[C@H]1C1=NC(C2=CC=C(Cl)C=C2)=NO1,CNP0374021.1,0.9780154824256897,0.9978761672973633,0.978143572807312,0.33935022354125977,0.6373723305478181
453.4950000000002,3.040000000000001,6,1,CCCN1C(=O)C2=CC=CC=C2N2C(=O)CC[C@@]12C(=O)NC1=CC(OC)=C(OC)C(OC)=C1,CNP0358627.1,0.9780130982398987,0.9911537766456604,0.0028139185160398483,0.18621423840522766,0.33964122635355515
402.51600000000025,3.1670000000000016,4,1,O=C(NCC1=CC=CO1)[C@H]1CN(S(=O)(=O)C2=CC=CC=C2)CC12CCCCC2,CNP0583411.2,0.9779354333877563,0.9998204112052917,0.08357337862253189,0.9980307221412659,0.5566666666666666
402.51600000000025,3.1670000000000016,4,1,O=C(NCC1=CC=CO1)[C@@H]1CN(S(=O)(=O)C2=CC=CC=C2)CC12CCCCC2,CNP0583411.1,0.9779354333877563,0.9998204112052917,0.08357337862253189,0.9980307221412659,0.5566666666666666
419.54700000000014,2.7715200000000006,5,0,CC1=NC(S(=O)(=O)N2C[C@@H](COCC(C)C)[C@@H]3COC4=CC=CC=C4[C@@H]32)=CN1C,CNP0481156.1,0.9779242873191833,0.9973741769790649,0.530617356300354,0.9914673566818237,0.5902107800689742
494.0130000000003,3.641700000000003,5,3,COC1=CC=C(Cl)C=C1C(=O)NCCC1=CC=C(S(=O)(=O)NC(=O)NC2CCCCC2)C=C1,CNP0530486.0,0.977905809879303,0.9997805953025818,0.9997655749320984,0.5524948239326477,0.5433333333333333
427.5700000000003,3.0115000000000007,4,1,O=C(NCCC1=CC=CN=C1)[C@@H]1CN(S(=O)(=O)C2=CC=CC=C2)CC12CCCCC2,CNP0553235.1,0.9777950048446655,0.9994081258773804,0.14440786838531494,0.9903067350387573,0.4977951728636661
427.5700000000003,3.0115000000000007,4,1,O=C(NCCC1=CC=CN=C1)[C@H]1CN(S(=O)(=O)C2=CC=CC=C2)CC12CCCCC2,CNP0553235.2,0.9777950048446655,0.9994081258773804,0.14440786838531494,0.9903067350387573,0.4977951728636661
383.4000000000001,3.0330000000000004,6,3,CCOC(=O)CC(C1=CC=C(OC)C(O)=C1)C1=C(O)C2=CC=CC=C2NC1=O,CNP0399486.0,0.977618396282196,0.9633585214614868,0.019178353250026703,0.13211876153945923,0.35333333333333333
422.5620000000003,4.911700000000004,3,3,C[C@@H](CCC(=O)O)[C@H]1CC[C@@H]2[C@@H](C(=O)O)[C@@H]([C@@]3(C)CCCC[C@H]3C(=O)O)CC[C@@]21C,CNP0440243.4,0.977497398853302,0.9999979734420776,0.9444101452827454,0.9860966801643372,0.43666666666666665
422.5620000000003,4.911700000000004,3,3,C[C@@H](CCC(=O)O)[C@@H]1CC[C@@H]2[C@@H](C(=O)O)[C@@H]([C@@]3(C)CCCC[C@H]3C(=O)O)CC[C@@]21C,CNP0440243.1,0.977497398853302,0.9999979734420776,0.9444101452827454,0.9860966801643372,0.43666666666666665
422.5620000000003,4.911700000000004,3,3,C[C@@H](CCC(=O)O)[C@@H]1CC[C@H]2[C@@H](C(=O)O)[C@@H]([C@@]3(C)CCCC[C@H]3C(=O)O)CC[C@@]21C,CNP0440243.3,0.977497398853302,0.9999979734420776,0.9444101452827454,0.9860966801643372,0.43666666666666665
422.5620000000003,4.911700000000004,3,3,C[C@@H](CCC(=O)O)[C@H]1CC[C@H]2[C@@H](C(=O)O)[C@@H]([C@@]3(C)CCCC[C@H]3C(=O)O)CC[C@]12C,CNP0440243.2,0.977497398853302,0.9999979734420776,0.9444101452827454,0.9860966801643372,0.43666666666666665
372.54900000000015,4.508300000000005,3,1,CO[C@@H]1CC(=O)[C@@H]2[C@@H]3C[C@H]4CC[C@@]5(CCC6(CCCC6)C5)[C@]3(C)[C@@]4(C)[C@]21O,CNP0301263.1,0.9773492217063904,0.9999996423721313,0.7910012006759644,0.9559943079948425,0.31577779201808737
440.52100000000013,2.7403000000000013,5,2,COC1=CC=C(N(CC(=O)NC[C@H](O)C2=CC=CC=C2)S(=O)(=O)C2=CC=CC=C2)C=C1,CNP0505659.2,0.9772806763648987,0.9999661445617676,0.93471759557724,0.991063117980957,0.5433333333333333
440.52100000000013,2.7403000000000013,5,2,COC1=CC=C(N(CC(=O)NC[C@@H](O)C2=CC=CC=C2)S(=O)(=O)C2=CC=CC=C2)C=C1,CNP0505659.1,0.9772806763648987,0.9999661445617676,0.93471759557724,0.991063117980957,0.5433333333333333
460.0180000000005,3.852920000000003,5,1,CC1=C(C(=O)NCCN2CCN(C3=CC(Cl)=CC=C3C)CC2)C2(CCCCCC2)OC1=O,CNP0492941.0,0.977272629737854,1.0,0.9871464967727661,0.9998558759689331,0.4814872798434442
354.45400000000024,4.122800000000003,4,0,CC(=O)N1C2=NC(C3=CC=CO3)=NN2C2(CCCCC2)[C@@H]2CCCC[C@@H]21,CNP0570261.1,0.9771614670753479,0.9999982118606567,0.956337571144104,0.9998300075531006,0.5560159777306842
388.46000000000015,3.637400000000003,6,3,CC(=O)O[C@H]1CC[C@@]2(C)C(=C(O)C(=O)C3=CC(C(C)(C)O)=C(O)C=C32)C1(C)C,CNP0264967.1,0.977119505405426,0.9989883303642273,0.5650440454483032,0.12338440865278244,0.42333333333333334
460.65500000000037,3.7903000000000033,5,4,C[C@@H]([C@@H](O)[C@@H](O)[C@](C)(O)[C@H]1CC[C@H]2[C@@H]3C=CC4=CC(=O)CC[C@]4(C)[C@H]3CC[C@]12C)C(C)(C)O,CNP0468212.1,0.9770033955574036,0.9999865293502808,0.9811000823974609,0.94576495885849,0.38205683355886333
372.4610000000002,3.7029000000000023,5,2,CC(=O)O[C@H]1CC[C@@]2(C)C(=CC=C3C=C(C(C)(C)O)C(=O)C(O)=C32)C1(C)C,CNP0173728.2,0.9769012331962585,0.9972506165504456,0.7973103523254395,0.7800769209861755,0.4
372.4610000000002,3.7029000000000023,5,2,CC(=O)OC1CC[C@@]2(C)C(=CC=C3C=C(C(C)(C)O)C(=O)C(O)=C32)C1(C)C,CNP0173728.1,0.9769012331962585,0.9972506165504456,0.7973103523254395,0.7800769209861755,0.4
486.03700000000026,4.967620000000005,4,0,CCN1C2=CC(C)=CC=C2N2C=CC=C2C12CCN(S(=O)(=O)C1=CC(Cl)=CC=C1OC)CC2,CNP0510995.0,0.9767444133758545,0.9999963045120239,0.9972520470619202,0.9999567270278931,0.5033333333333333
494.75700000000035,4.9302000000000055,5,4,COC(C)(C)CCC[C@@H](O)[C@H]1CC[C@]2(C)[C@@H]1[C@H](O)C[C@@H]1[C@@]3(C)CC[C@H](O)C(C)(C)[C@@H]3[C@@H](O)C[C@]12C,CNP0235411.1,0.9766470193862915,0.9994223117828369,0.8586468696594238,0.10658159106969833,0.3433333333333333
442.58100000000024,3.248300000000002,4,2,C[C@@]1(O)CCN(S(=O)(=O)C2=CC=CC=C2)[C@@H](C2=CC=CC=C2)[C@@H]1NC(=O)C1CCCC1,CNP0006000.1,0.9766101837158203,0.0055676596239209175,0.011726384051144123,0.2682687044143677,0.5166666666666667
483.5900000000003,2.777520000000001,5,2,COC(=O)[C@@H](CC1=CNC2=CC=CC=C12)NC(=O)[C@H]1CCCN(S(=O)(=O)C2=CC=C(C)C=C2)C1,CNP0105423.2,0.9758490324020386,1.0,0.9726545810699463,0.9999308586120605,0.6166666666666667
483.5900000000003,2.777520000000001,5,2,COC(=O)[C@@H](CC1=CNC2=CC=CC=C12)NC(=O)C1CCCN(S(=O)(=O)C2=CC=C(C)C=C2)C1,CNP0105423.1,0.9758490324020386,1.0,0.9726545810699463,0.9999308586120605,0.6166666666666667
448.5520000000001,2.945400000000001,7,2,O=S(=O)(C1=CC=CN=C1)N1CCC[C@@]2(C1)NC1=CC=CN=C1N=C2NCC1=CC=CC=C1,CNP0515956.1,0.9755903482437134,0.0009823456639423966,0.21646259725093842,0.21875473856925964,0.38482061317677757
448.5520000000001,2.945400000000001,7,2,O=S(=O)(C1=CC=CN=C1)N1CCC[C@]2(C1)NC1=CC=CN=C1N=C2NCC1=CC=CC=C1,CNP0515956.2,0.9755903482437134,0.0009823456639423966,0.21646259725093842,0.21875473856925964,0.38482061317677757
467.6060000000003,4.168300000000003,4,4,CC(C)(O)[C@@H]1C[C@@H](O)[C@]2(C(=O)O)[C@H](CC[C@@]3(C)[C@H]2CC[C@H]2CC4=C(NC5=CC=CC=C45)[C@@]23C)O1,CNP0072356.1,0.9754505157470703,0.999674916267395,0.04110811650753021,0.12197548151016235,0.33687744673564085
481.6180000000003,3.090200000000002,4,0,CC(C)N1C(=O)C2=CC=CC=C2C(C(=O)N2CCC2)C12CCN(S(=O)(=O)C1=CC=CC=C1)CC2,CNP0593683.0,0.9753313064575195,0.9974629878997803,0.003366055665537715,0.7389577627182007,0.5135441134023075
402.4870000000002,4.291500000000004,6,2,COC(C)(C)C1=CC2=C(C=C1O)[C@@]1(C)CC[C@H](OC(C)=O)C(C)(C)C1=C(O)C2=O,CNP0479693.1,0.9745869636535645,0.9964350461959839,0.5457013249397278,0.01619236171245575,0.41333333333333333
406.4750000000002,3.1452000000000018,7,2,COC1=CC([C@H](O)[C@@H](C)O)=CC=C1O[C@H](C)CC1=CC(OC)=C(OC)C(OC)=C1,CNP0107007.1,0.9744932055473328,0.998946487903595,0.999479353427887,0.8778443932533264,0.31333333333333335
406.4750000000002,3.1452000000000018,7,2,COC1=CC([C@@H](O)[C@@H](C)O)=CC=C1O[C@@H](C)CC1=CC(OC)=C(OC)C(OC)=C1,CNP0107007.2,0.9744932055473328,0.998946487903595,0.999479353427887,0.8778443932533264,0.31333333333333335
406.4750000000002,3.1452000000000018,7,2,COC1=CC([C@H](O)[C@@H](C)O)=CC=C1O[C@@H](C)CC1=CC(OC)=C(OC)C(OC)=C1,CNP0107007.3,0.9744932055473328,0.998946487903595,0.999479353427887,0.8778443932533264,0.31333333333333335
406.4750000000002,3.1452000000000018,7,2,COC1=CC([C@@H](O)[C@@H](C)O)=CC=C1O[C@H](C)CC1=CC(OC)=C(OC)C(OC)=C1,CNP0107007.4,0.9744932055473328,0.998946487903595,0.999479353427887,0.8778443932533264,0.31333333333333335
416.8900000000001,3.539620000000003,5,2,CC1=NC(NC(=O)NS(=O)(=O)C2=CC=CC=C2)=NC(Cl)=C1CC1=CC=CC=C1,CNP0249377.0,0.9737271666526794,0.9706407189369202,0.9145944118499756,0.9670068025588989,0.4666666666666667
478.01400000000024,3.684400000000002,4,1,CC(C)(C)CC(=O)N1C[C@@H]2C[C@H](C1)C1=CC=C(NS(=O)(=O)C3=CC=C(Cl)C=C3)C(=O)N1C2,CNP0052039.1,0.9736452102661133,0.999972939491272,0.13758407533168793,0.9906564950942993,0.5878346255769507
478.01400000000024,3.684400000000002,4,1,CC(C)(C)CC(=O)N1C[C@H]2C[C@H](C1)C1=CC=C(NS(=O)(=O)C3=CC=C(Cl)C=C3)C(=O)N1C2,CNP0052039.2,0.9736452102661133,0.999972939491272,0.13758407533168793,0.9906564950942993,0.5878346255769507
460.5670000000003,4.124220000000004,7,1,COC(=O)CC[C@]1(C)[C@H]2CC3=C(O[C@@]2(C)CC[C@H]1C(C)(C)O)C(C)=C1COC(=O)C1=C3OC,CNP0131703.1,0.9732835292816162,0.9999964237213135,0.9702273607254028,0.9033799171447754,0.3516980599124184
459.4980000000003,4.454000000000003,5,1,CN(C(=O)OCC1C2=CC=CC=C2C2=CC=CC=C21)[C@@H](CC(=O)OCC1=CC=CC=C1)C(=O)O,CNP0057480.1,0.9731962084770203,0.9999465942382812,0.920965313911438,0.9230322241783142,0.31666666666666665
459.4980000000003,4.454000000000003,5,1,CN(C(=O)OCC1C2=CC=CC=C2C2=CC=CC=C21)[C@H](CC(=O)OCC1=CC=CC=C1)C(=O)O,CNP0057480.2,0.9731962084770203,0.9999465942382812,0.920965313911438,0.9230322241783142,0.31666666666666665
474.6380000000003,4.014700000000004,6,2,COC(=O)CC[C@@H](C)[C@H]1CC(=O)[C@@]2(C)C3=C(C(=O)C[C@]12C)[C@@]1(C)CC[C@H](O)C(C)(C)[C@@H]1C[C@@H]3O,CNP0321523.1,0.9731046557426453,1.0,0.7279294729232788,0.9903530478477478,0.3971784208293112
490.6810000000004,4.339100000000004,6,3,CC(=O)O[C@H](CCC(C)(C)O)[C@@H](C)[C@H]1CC[C@@]2(O)C3=CC(=O)[C@H]4C[C@@H](O)CC[C@]4(C)[C@H]3CC[C@]12C,CNP0172462.1,0.9729462265968323,1.0,0.14858993887901306,0.9424265027046204,0.47
475.5890000000002,4.262700000000003,4,1,COC1=CC=CC(C2CN3C(=O)CN(CCC(C)C)C(=O)[C@]3(C)C3=C2C2=CC=CC=C2N3)=C1OC,CNP0200929.1,0.9729329943656921,0.9968398809432983,0.8973588347434998,0.9997636675834656,0.58
372.5090000000003,3.490000000000003,3,1,CC[C@@H](C)NC(=O)[C@H]1C2=CC=CC=C2C(=O)N(CCOC)C12CCCCC2,CNP0364903.4,0.972825825214386,0.9999464750289917,0.0022859724704176188,0.9527036547660828,0.47
372.5090000000003,3.490000000000003,3,1,CC[C@@H](C)NC(=O)[C@@H]1C2=CC=CC=C2C(=O)N(CCOC)C12CCCCC2,CNP0364903.1,0.972825825214386,0.9999464750289917,0.0022859724704176188,0.9527036547660828,0.47
372.5090000000003,3.490000000000003,3,1,CC[C@H](C)NC(=O)[C@@H]1C2=CC=CC=C2C(=O)N(CCOC)C12CCCCC2,CNP0364903.2,0.972825825214386,0.9999464750289917,0.0022859724704176188,0.9527036547660828,0.47
372.5090000000003,3.490000000000003,3,1,CC[C@H](C)NC(=O)[C@H]1C2=CC=CC=C2C(=O)N(CCOC)C12CCCCC2,CNP0364903.3,0.972825825214386,0.9999464750289917,0.0022859724704176188,0.9527036547660828,0.47
394.4710000000002,3.3495000000000017,5,1,COC1=CC(/C=C/[C@]23NC(=O)CN2C2=CC=CC=C2C3(C)C)=CC(OC)=C1OC,CNP0121809.1,0.9725809693336487,0.7944648265838623,0.7961405515670776,0.9605503082275391,0.37482061317677756
394.4710000000002,3.3495000000000017,5,1,COC1=CC(/C=C/[C@@]23NC(=O)CN2C2=CC=CC=C2C3(C)C)=CC(OC)=C1OC,CNP0121809.2,0.9725809693336487,0.7944648265838623,0.7961405515670776,0.9605503082275391,0.37482061317677756
493.58900000000034,3.029180000000002,7,0,CCN(CC)S(=O)(=O)C1=CC=C(C2=NC(C#N)=C(N3C[C@H]4C[C@@H](C3)C3=CC=CC(=O)N3C4)O2)C=C1,CNP0318008.1,0.972568690776825,0.9913216233253479,0.0049662962555885315,0.06116178631782532,0.598364726579085
420.2960000000001,4.435600000000002,4,3,COC1=CC=C(Cl)C=C1NC(=O)[C@H]1C[C@H](C)N[C@]12C(O)=NC1=C(Cl)C=CC=C12,CNP0484758.1,0.972416341304779,0.9996962547302246,0.04677685350179672,0.9811438322067261,0.4971784208293112
468.66700000000026,3.508320000000002,5,2,CC1=CC=CC(CNC2=NCCNC23CCN(S(=O)(=O)C2=CC=C(CC(C)C)C=C2)CC3)=C1,CNP0507578.0,0.9722104668617249,0.9999871253967285,0.713064432144165,0.9997242093086243,0.5457777920180874
452.58800000000025,2.737900000000001,7,3,CC[C@H](C)[C@@H](O)[C@@H](C)C(=O)O[C@H]1CC(CC(=O)[C@H]2[C@H](C)CCC[C@@H]2O)=C(C)C(=O)[C@@]1(C)O,CNP0138189.1,0.972018837928772,0.9999995231628418,0.12940874695777893,0.8881153464317322,0.4642905121746431
452.58800000000025,2.737900000000001,7,3,CC[C@H](C)[C@@H](O)[C@@H](C)C(=O)O[C@H]1CC(CC(=O)[C@@H]2[C@H](C)CCC[C@@H]2O)=C(C)C(=O)[C@@]1(C)O,CNP0138189.2,0.972018837928772,0.9999995231628418,0.12940874695777893,0.8881153464317322,0.4642905121746431
443.5690000000002,3.0310000000000015,4,1,CC(C)(C)CC(=O)N1C[C@H]2C[C@H](C1)C1=CC=C(NS(=O)(=O)C3=CC=CC=C3)C(=O)N1C2,CNP0147437.1,0.9713765978813171,0.9936285614967346,0.0019017327576875687,0.9263687133789062,0.5911679589102841
443.5690000000002,3.0310000000000015,4,1,CC(C)(C)CC(=O)N1C[C@@H]2C[C@H](C1)C1=CC=C(NS(=O)(=O)C3=CC=CC=C3)C(=O)N1C2,CNP0147437.2,0.9713765978813171,0.9936285614967346,0.0019017327576875687,0.9263687133789062,0.5911679589102841
446.5400000000003,3.8212200000000034,7,2,COC(=O)CC[C@]1(C)[C@H]2CC3=C(O)C4=C(COC4=O)C(C)=C3O[C@@]2(C)CC[C@H]1C(C)(C)O,CNP0548930.1,0.9711180329322815,0.9999908208847046,0.9539900422096252,0.5299462080001831,0.3635441134023075
389.4040000000001,3.079600000000001,8,1,COC1=C2C=COC2=NC2=C(OC)C(OC[C@@H](OC(C)=O)C(C)(C)O)=CC=C12,CNP0261582.2,0.9710929989814758,0.9993578791618347,0.9597529172897339,0.9534354209899902,0.4080864139802832
389.4040000000001,3.079600000000001,8,1,COC1=C2C=COC2=NC2=C(OC)C(OC[C@H](OC(C)=O)C(C)(C)O)=CC=C12,CNP0261582.1,0.9710929989814758,0.9993578791618347,0.9597529172897339,0.9534354209899902,0.4080864139802832
447.94400000000024,3.560500000000002,4,2,O=C(O)C[C@@H]1CCN(S(=O)(=O)C2=CC=CC=C2)C[C@@H]1CC1=NC2=CC=CC(Cl)=C2N1,CNP0275874.1,0.9710826277732849,0.9997269511222839,0.8908895254135132,0.9995118379592896,0.53
418.5300000000002,3.2767000000000017,6,3,CC[C@H](C)C[C@H](C)C(=O)O[C@H]1CC2=CC(O)=C3C(=C2C(=O)[C@@]1(C)O)C[C@@H](O)C[C@H]3C,CNP0513832.1,0.9708022475242615,1.0,0.17402805387973785,0.9996151924133301,0.42482061317677755
367.45700000000005,3.4892200000000013,5,2,CCCCC(CC)C1CC(=O)NC2=C1C(C)=NN2C1=NC=NC2=C1N=CN2,CNP0399570.0,0.9707872867584229,1.0,0.6559295058250427,0.9998624324798584,0.48533236733942203
398.2860000000001,4.1936000000000035,4,1,CC[C@H](C)CCCC1=C(O)C=CC2=C1O[C@]1(C2=O)C(Cl)=C(Cl)C(=O)N1C,CNP0169235.1,0.9706528186798096,1.0,0.1968597173690796,0.9990333318710327,0.4163078930202218
422.5470000000004,3.0168000000000017,5,1,COC1=CC=C(OC)C(NC(=O)[C@H]2CN(S(=O)(=O)C3CC3)CC23CCCCC3)=C1,CNP0575238.2,0.9706361889839172,0.9997943043708801,0.012363994494080544,0.9817649126052856,0.57872350022553
422.5470000000004,3.0168000000000017,5,1,COC1=CC=C(OC)C(NC(=O)[C@@H]2CN(S(=O)(=O)C3CC3)CC23CCCCC3)=C1,CNP0575238.1,0.9706361889839172,0.9997943043708801,0.012363994494080544,0.9817649126052856,0.57872350022553
479.55800000000016,2.917200000000001,5,1,COC1=CC=C(C(=O)N2C[C@@H]3C[C@H](C2)C2=C(NS(=O)(=O)C4=CC=CC=C4)C=CC(=O)N2C3)C=C1,CNP0040677.1,0.9701952338218689,0.27088266611099243,0.0009176180465146899,0.00311872735619545,0.48815394651011085
372.54900000000015,4.991000000000006,3,2,CO[C@@H]1C=C(O)[C@@H]2[C@@H]3C[C@H]4CC[C@@]5(CCC6(CCCC6)C5)[C@]3(C)[C@@]4(C)[C@]21O,CNP0416220.1,0.9699132442474365,0.9999911785125732,0.8359776139259338,0.8176031112670898,0.28148727984344424
392.4990000000002,4.369600000000004,3,2,CCOC(=O)[C@@H](CC1=CNC2=CC=CC=C12)NC(=O)C1=CC=C(C(C)(C)C)C=C1,CNP0583390.2,0.9695035219192505,0.9980661273002625,0.4989270567893982,0.9561410546302795,0.47333333333333333
392.4990000000002,4.369600000000004,3,2,CCOC(=O)[C@H](CC1=CNC2=CC=CC=C12)NC(=O)C1=CC=C(C(C)(C)C)C=C1,CNP0583390.1,0.9695035219192505,0.9980661273002625,0.4989270567893982,0.9561410546302795,0.47333333333333333
494.6280000000003,4.628020000000006,6,1,COC(=O)[C@@]1(C)C[C@H]2[C@@H](CC(C)=C3C4=CCC5=C(C=C(OC)C(OC)=C5C)[C@]4(C)CC[C@@H]32)C(=O)[C@@H]1O,CNP0213140.1,0.9694259762763977,0.9999079704284668,0.009746361523866653,0.30731695890426636,0.38964122635355514
433.9570000000002,4.137000000000004,4,0,O=S(=O)(C1=CC=C(Cl)C=C1)N1C[C@@H](COCC2CC2)[C@@H]2COC3=CC=CC=C3[C@@H]21,CNP0553789.1,0.969273567199707,0.7299517393112183,0.7409585118293762,0.013226157054305077,0.4266666666666667
458.5800000000002,4.598100000000004,5,2,CC(C)C[C@@]1(C(=O)O)C[C@H](C(=O)O)[C@H](C2=NC=CS2)N1C(=O)C1=CC=C(C(C)(C)C)C=C1,CNP0557614.1,0.9692569971084595,0.02747400663793087,0.007819660939276218,0.9288954734802246,0.43815394651011086
420.5310000000001,3.3344400000000016,6,0,CC1=NOC(C)=C1S(=O)(=O)N1C[C@@H](COCC(C)C)[C@@H]2COC3=CC=CC=C3[C@@H]21,CNP0569233.1,0.9688596725463867,0.9992656111717224,0.024223744869232178,0.944221556186676,0.5114872798434442
480.56500000000017,3.9131000000000027,5,4,CC[C@@H](C)[C@H]1/N=C(\O)[C@@H](C)/N=C(\O)C2=CC=CC=C2/N=C(\O)[C@@H]([C@@H](O)C2=CC=CC=C2)N(C)C1=O,CNP0527498.1,0.9687778949737549,0.9847702980041504,0.1466691493988037,0.8506507277488708,0.39112850619699935
489.08500000000015,3.8533000000000026,5,2,CC(C)CC1=CC=C(S(=O)(=O)N2CCC3(CC2)NCCN=C3NCC2=CC=C(Cl)C=C2)C=C1,CNP0580493.0,0.9683138132095337,0.993920087814331,0.8508272767066956,0.9785827398300171,0.5140389972144848
400.4710000000002,3.936600000000003,6,1,CCOC(=O)C1=CC(=C2CCCC2)C2=C(C=C3O[C@H](C(C)(C)O)CC3=C2OC)O1,CNP0099724.1,0.9671953320503235,0.9999953508377075,0.9990200996398926,0.40672656893730164,0.35482061317677754
380.49200000000036,4.512900000000005,4,0,O=C(C1CC1)N1C2=NC(C3=CC=CO3)=NN2C2(CCCCC2)[C@@H]2CCCC[C@@H]21,CNP0599471.1,0.9669488668441772,0.9999932050704956,0.9410629868507385,0.9998288154602051,0.5078620312205734
389.40400000000017,3.0796000000000014,8,1,COC1=CC2=NC3=C(C=CO3)C(OC)=C2C=C1OC[C@@H](OC(C)=O)C(C)(C)O,CNP0130493.1,0.9666864275932312,0.9971376657485962,0.9008674025535583,0.86529541015625,0.4033333333333333
389.40400000000017,3.0796000000000014,8,1,COC1=CC2=NC3=C(C=CO3)C(OC)=C2C=C1OC[C@H](OC(C)=O)C(C)(C)O,CNP0130493.2,0.9666864275932312,0.9971376657485962,0.9008674025535583,0.86529541015625,0.4033333333333333
426.4690000000001,3.0146000000000006,6,2,COC(=O)CC(C1=CC(OC)=C(OC)C(OC)=C1)C1=C(CC2=CC=CC=C2)NNC1=O,CNP0402719.0,0.9666799902915955,0.9986892342567444,0.3143938183784485,0.9842483401298523,0.42333333333333334
392.49600000000015,2.8263000000000007,5,2,COC(=O)[C@H](CC(C)C)NC(=O)[C@@H](CC1=CC=CC=C1)NC(=O)OC(C)(C)C,CNP0366179.4,0.966651201248169,0.9999431371688843,0.9906593561172485,0.9978231191635132,0.5
392.49600000000015,2.8263000000000007,5,2,COC(=O)[C@@H](CC(C)C)NC(=O)[C@H](CC1=CC=CC=C1)NC(=O)OC(C)(C)C,CNP0366179.1,0.966651201248169,0.9999431371688843,0.9906593561172485,0.9978231191635132,0.5
392.49600000000015,2.8263000000000007,5,2,COC(=O)[C@@H](CC(C)C)NC(=O)[C@@H](CC1=CC=CC=C1)NC(=O)OC(C)(C)C,CNP0366179.2,0.966651201248169,0.9999431371688843,0.9906593561172485,0.9978231191635132,0.5
392.49600000000015,2.8263000000000007,5,2,COC(=O)[C@H](CC(C)C)NC(=O)[C@H](CC1=CC=CC=C1)NC(=O)OC(C)(C)C,CNP0366179.3,0.966651201248169,0.9999431371688843,0.9906593561172485,0.9978231191635132,0.5
462.8930000000002,4.556820000000003,5,3,COC(=O)NC1=NC2=CC(C3(O)C4=CC=CC=C4C(=O)N3C3=CC(Cl)=CC=C3C)=CC=C2N1,CNP0524256.0,0.9663864970207214,0.9998225569725037,0.8374761343002319,0.48726990818977356,0.395247691015953
428.56600000000014,3.3997000000000024,7,1,CCOC(=O)[C@H](C)[C@H]1CC[C@@H](C[C@H](CC)OC(=O)[C@@H](C)[C@@H]2CC[C@H](C[C@@H](C)O)O2)O1,CNP0257376.1,0.9663614630699158,1.0,0.9999346733093262,0.9987779259681702,0.4220568335588633
356.41800000000006,4.608500000000003,4,3,CCCCC(O)C1=CC(O)=C2C(=C1)OC(C)(C)C1=CC=C(C(=O)O)C=C12,CNP0155860.0,0.966116189956665,0.9999985694885254,0.044431693851947784,0.976201057434082,0.4033333333333333
376.84,4.450700000000003,4,2,C[C@@H](NC(=O)C1CCCCC1)C1=C(C(=O)O)C(C2=CC=C(Cl)C=C2)=NO1,CNP0014788.1,0.9660995006561279,0.9999840259552002,0.9883634448051453,0.9995741248130798,0.5188596103912623
495.66400000000027,3.0107000000000017,4,4,CC[C@H](C)[C@H](NC(=O)[C@H](CC1=CC=CC=C1)NC(=O)CC(C)C)C(=O)N[C@H](CO)CC1=CC=CC=C1,CNP0141832.1,0.9648053050041199,0.9999998807907104,0.9927256107330322,0.9986786246299744,0.58
417.50200000000024,3.317740000000002,5,3,CC1=C2OC[C@H](C(C)(C)O)CC2=C2C=C(C)N([C@@H](CC(C)C)C(=O)O)C(=O)C2=C1O,CNP0511684.1,0.9646463394165039,0.9999940395355225,0.9916471242904663,0.9999160766601562,0.4663473457335065
443.56900000000036,2.9776000000000007,5,1,COC1=CC=CC(CNC(=O)[C@H]2CN(S(=O)(=O)C3=CC=CN=C3)CC23CCCCC3)=C1,CNP0548381.1,0.964178204536438,0.9868013858795166,0.0016510937130078673,0.9585169553756714,0.5829525061969993
443.56900000000036,2.9776000000000007,5,1,COC1=CC=CC(CNC(=O)[C@@H]2CN(S(=O)(=O)C3=CC=CN=C3)CC23CCCCC3)=C1,CNP0548381.2,0.964178204536438,0.9868013858795166,0.0016510937130078673,0.9585169553756714,0.5829525061969993
428.48800000000017,3.284200000000002,4,1,COC(=O)[C@@H](CC1=CC=CC=C1)NC(=O)[C@H](C1=CC=CC=C1)N1CC2=CC=CC=C2C1=O,CNP0395683.1,0.96417635679245,0.995162308216095,0.8395197987556458,0.9775010347366333,0.47
350.4550000000001,3.919900000000003,3,2,C[C@H](CC[C@]1(C)[C@H]2CC(=O)C=C(C(=O)O)[C@]2(C)CC[C@@H]1C)CC(=O)O,CNP0196113.3,0.9637278318405151,0.9999116659164429,0.7541440725326538,0.9819207787513733,0.48
350.4550000000001,3.919900000000002,3,2,C[C@H](CC[C@@]1(C)[C@H](C)CC[C@@]2(C)C(C(=O)O)=CC(=O)C[C@H]12)CC(=O)O,CNP0196113.1,0.9637278318405151,0.9999116659164429,0.7541440725326538,0.9819207787513733,0.48
350.4550000000001,3.919900000000003,3,2,C[C@H](CC[C@]1(C)[C@H]2CC(=O)C=C(C(=O)O)[C@@]2(C)CC[C@@H]1C)CC(=O)O,CNP0196113.2,0.9637278318405151,0.9999116659164429,0.7541440725326538,0.9819207787513733,0.48
350.4550000000001,3.919900000000002,3,2,C[C@H](CC[C@]1(C)[C@H](C)CC[C@]2(C)C(C(=O)O)=CC(=O)C[C@@H]12)CC(=O)O,CNP0196113.7,0.9637278318405151,0.9999116659164429,0.7541440725326538,0.9819207787513733,0.48
350.4550000000001,3.919900000000002,3,2,C[C@H](CC[C@]1(C)[C@H](C)CC[C@]2(C)C(C(=O)O)=CC(=O)C[C@H]12)CC(=O)O,CNP0196113.5,0.9637278318405151,0.9999116659164429,0.7541440725326538,0.9819207787513733,0.48
350.4550000000001,3.919900000000002,3,2,C[C@H](CC[C@@]1(C)[C@H](C)CC[C@]2(C)C(C(=O)O)=CC(=O)C[C@H]12)CC(=O)O,CNP0196113.4,0.9637278318405151,0.9999116659164429,0.7541440725326538,0.9819207787513733,0.48
350.4550000000001,3.919900000000002,3,2,C[C@H](CC[C@]1(C)[C@H](C)CC[C@@]2(C)C(C(=O)O)=CC(=O)C[C@@H]12)CC(=O)O,CNP0196113.6,0.9637278318405151,0.9999116659164429,0.7541440725326538,0.9819207787513733,0.48
350.4550000000001,3.919900000000002,3,2,C[C@H](CC[C@]1(C)[C@H](C)CC[C@@]2(C)C(C(=O)O)=CC(=O)C[C@H]12)CC(=O)O,CNP0196113.8,0.9637278318405151,0.9999116659164429,0.7541440725326538,0.9819207787513733,0.48
451.56300000000016,2.929100000000001,5,4,CC(O)(CO)[C@H]1O[C@H]2CC[C@@]3(C)[C@@](O)(CC[C@H]4CC5=C(NC6=CC=CC=C56)[C@@]43C)C2=CC1=O,CNP0394732.1,0.9634944796562195,0.9999257326126099,0.009897110983729362,0.03070593811571598,0.32354411340230754
436.5080000000002,3.267900000000001,4,3,CC[C@@H](C)[C@H](NC(=O)[C@@H](NC(=O)C1=CC=CC2=C1C1=CC=CC=C1C2=O)C(C)C)C(=O)O,CNP0545306.2,0.9634032249450684,0.9999957084655762,0.5359852313995361,0.9803565144538879,0.5066666666666667
436.5080000000002,3.267900000000001,4,3,CC[C@H](C)[C@H](NC(=O)[C@@H](NC(=O)C1=CC=CC2=C1C1=CC=CC=C1C2=O)C(C)C)C(=O)O,CNP0545306.3,0.9634032249450684,0.9999957084655762,0.5359852313995361,0.9803565144538879,0.5066666666666667
436.5080000000002,3.267900000000001,4,3,CCC(C)[C@H](NC(=O)[C@@H](NC(=O)C1=CC=CC2=C1C1=CC=CC=C1C2=O)C(C)C)C(=O)O,CNP0545306.1,0.9634032249450684,0.9999957084655762,0.5359852313995361,0.9803565144538879,0.5066666666666667
476.48900000000026,3.235260000000002,9,2,COCC1=CC(C)=NC(N2N=C(C)C3=C2C=C2OC4=C(C(C)=O)C(O)=C(C)C(O)=C4[C@@]2(C)C3=O)=N1,CNP0414492.1,0.9631975889205933,1.0,0.9992703795433044,0.9999960660934448,0.4976238455079765
431.4880000000002,4.537300000000003,4,1,CN(C(=O)OCC1C2=CC=CC=C2C2=CC=CC=C21)[C@@H](COCC1=CC=CC=C1)C(=O)O,CNP0030592.2,0.9630805850028992,0.9999403953552246,0.9019191861152649,0.9153047800064087,0.3
431.4880000000002,4.537300000000003,4,1,CN(C(=O)OCC1C2=CC=CC=C2C2=CC=CC=C21)[C@H](COCC1=CC=CC=C1)C(=O)O,CNP0030592.1,0.9630805850028992,0.9999403953552246,0.9019191861152649,0.9153047800064087,0.3
449.46300000000025,4.6033000000000035,7,2,COC1=CC(C2=C3OC4=CC(O)=CC=C4C3=NC3=C2C(=O)NN3C(C)C)=CC(OC)=C1OC,CNP0399976.0,0.9630433917045593,0.9999872446060181,0.9991849064826965,0.9998461008071899,0.5320568335588634
417.4580000000002,4.123800000000004,8,0,CCOC(C)(C)C(COC1=CC=C2C(OC)=C3C=COC3=NC2=C1OC)OC(C)=O,CNP0322047.0,0.9629710912704468,0.998950719833374,0.783241868019104,0.8027213215827942,0.39141974731361656
435.61100000000016,4.901300000000005,6,3,CCS[C@H](CNC(=O)C[C@@H](SCC)C1=CC=C(O)C(OC)=C1)C1=CC=C(O)C=C1,CNP0406649.1,0.9628118276596069,0.999984860420227,0.9333438277244568,0.9993545413017273,0.39666666666666667
358.5300000000002,4.6223000000000045,3,0,CC(C)C(=O)N1C2=NC(C(C)C)=NN2C2(CCCCC2)[C@@H]2CCCC[C@@H]21,CNP0596946.1,0.9623928666114807,0.9999994039535522,0.9947326183319092,0.9999215602874756,0.5379486822527938
433.58100000000024,4.921340000000003,5,2,CC1=CC(C)=CC(NC(=O)[C@@H]2SC3=NN=C(C4=CC=CC=C4)N3NC23CCCCC3)=C1,CNP0481434.2,0.9619364142417908,0.9999381303787231,0.977536678314209,0.9979760050773621,0.41333333333333333
433.58100000000024,4.921340000000003,5,2,CC1=CC(C)=CC(NC(=O)[C@H]2SC3=NN=C(C4=CC=CC=C4)N3NC23CCCCC3)=C1,CNP0481434.1,0.9619364142417908,0.9999381303787231,0.977536678314209,0.9979760050773621,0.41333333333333333
415.4860000000001,3.772800000000003,6,1,COC1=CC(C(=O)N[C@@H](C(=O)OCCC(C)C)C2=CC=CC=C2)=CC(OC)=C1OC,CNP0009869.2,0.9618359804153442,0.9993844032287598,0.1529587060213089,0.9463412165641785,0.4066666666666667
415.4860000000001,3.772800000000003,6,1,COC1=CC(C(=O)N[C@H](C(=O)OCCC(C)C)C2=CC=CC=C2)=CC(OC)=C1OC,CNP0009869.1,0.9618359804153442,0.9993844032287598,0.1529587060213089,0.9463412165641785,0.4066666666666667
376.4490000000002,2.9569000000000014,6,2,COC1=C2C[C@@H](C(C)(C)O)OC2=CC2=C1C(=O)C(CCC(C)C)=C(CO)O2,CNP0033674.1,0.9617528915405273,0.9999996423721313,0.7978503108024597,0.9677267670631409,0.36482061317677755
427.3350000000001,4.8803200000000055,4,2,COC(=O)C[C@]1(C)CC[C@H](C(C)C)[C@@H]1C1=CC(C)=C(Br)C(O)=C1C(=O)O,CNP0124034.1,0.9615561366081238,0.9999582767486572,0.9906197786331177,0.2814633548259735,0.4033333333333333
406.60700000000037,4.5663000000000045,4,2,COC(=O)CC[C@H](C)[C@H]1CC[C@@H]2[C@H]3[C@@H](O)[C@@H](O)[C@@H]4CCCC[C@]4(C)[C@H]3CC[C@@]21C,CNP0296204.1,0.9614891409873962,0.9999901056289673,0.7960398197174072,0.2683607041835785,0.36333333333333334
406.60700000000037,4.5663000000000045,4,2,COC(=O)CC[C@H](C)[C@H]1CC[C@H]2[C@H]3[C@@H](O)[C@@H](O)[C@@H]4CCCC[C@]4(C)[C@H]3CC[C@]12C,CNP0296204.2,0.9614891409873962,0.9999901056289673,0.7960398197174072,0.2683607041835785,0.36333333333333334
406.60700000000037,4.5663000000000045,4,2,COC(=O)CC[C@H](C)[C@H]1CC[C@H]2[C@H]3[C@H](O)[C@H](O)[C@@H]4CCCC[C@]4(C)[C@@H]3CC[C@]12C,CNP0296204.7,0.9614891409873962,0.9999901056289673,0.7960398197174072,0.2683607041835785,0.36333333333333334
406.60700000000037,4.5663000000000045,4,2,COC(=O)CC[C@H](C)[C@H]1CC[C@@H]2[C@H]3[C@H](O)[C@H](O)[C@@H]4CCCC[C@]4(C)[C@@H]3CC[C@@]21C,CNP0296204.4,0.9614891409873962,0.9999901056289673,0.7960398197174072,0.2683607041835785,0.36333333333333334
406.60700000000037,4.5663000000000045,4,2,COC(=O)CC[C@H](C)[C@H]1CC[C@H]2[C@H]3[C@@H](O)[C@@H](O)[C@@H]4CCCC[C@]4(C)[C@@H]3CC[C@]12C,CNP0296204.8,0.9614891409873962,0.9999901056289673,0.7960398197174072,0.2683607041835785,0.36333333333333334
406.60700000000037,4.5663000000000045,4,2,COC(=O)CC[C@H](C)[C@H]1CC[C@@H]2[C@H]3[C@@H](O)[C@@H](O)[C@@H]4CCCC[C@]4(C)[C@@H]3CC[C@@]21C,CNP0296204.6,0.9614891409873962,0.9999901056289673,0.7960398197174072,0.2683607041835785,0.36333333333333334
406.60700000000037,4.5663000000000045,4,2,COC(=O)CC[C@H](C)[C@H]1CC[C@H]2[C@H]3[C@H](O)[C@H](O)[C@@H]4CCCC[C@]4(C)[C@H]3CC[C@]12C,CNP0296204.3,0.9614891409873962,0.9999901056289673,0.7960398197174072,0.2683607041835785,0.36333333333333334
406.60700000000037,4.5663000000000045,4,2,COC(=O)CC[C@H](C)[C@H]1CC[C@@H]2[C@H]3[C@H](O)[C@H](O)[C@@H]4CCCC[C@]4(C)[C@H]3CC[C@@]21C,CNP0296204.5,0.9614891409873962,0.9999901056289673,0.7960398197174072,0.2683607041835785,0.36333333333333334
382.5080000000004,4.873100000000005,4,0,CC(C)C1=NN2C(=N1)N(C(=O)C1=CC=CO1)[C@H]1CCCC[C@H]1C21CCCCC1,CNP0499097.1,0.960739016532898,0.999998927116394,0.9496974349021912,0.9997277855873108,0.5757150036370139
374.9080000000002,4.036800000000003,3,1,CC(=O)[C@@]1(O)CC[C@@H]2[C@H]3C=C(Cl)C4=CC(=O)[C@@H]5C[C@@H]5[C@]4(C)[C@@H]3CC[C@@]21C,CNP0113366.1,0.960594117641449,0.9999198913574219,0.963386058807373,0.8414999842643738,0.31
374.9080000000002,4.036800000000003,3,1,CC(=O)[C@@]1(O)CC[C@H]2[C@H]3C=C(Cl)C4=CC(=O)[C@@H]5C[C@@H]5[C@]4(C)[C@@H]3CC[C@@]21C,CNP0113366.5,0.960594117641449,0.9999198913574219,0.963386058807373,0.8414999842643738,0.31
374.9080000000002,4.036800000000003,3,1,CC(=O)[C@@]1(O)CCC2C3C=C(Cl)C4=CC(=O)[C@@H]5CC5[C@]4(C)C3CC[C@@]21C,CNP0113366.6,0.960594117641449,0.9999198913574219,0.963386058807373,0.8414999842643738,0.31
374.9080000000002,4.036800000000003,3,1,CC(=O)[C@@]1(O)CC[C@H]2[C@H]3C=C(Cl)C4=CC(=O)[C@@H]5C[C@@H]5[C@]4(C)[C@H]3CC[C@@]21C,CNP0113366.2,0.960594117641449,0.9999198913574219,0.963386058807373,0.8414999842643738,0.31
374.9080000000002,4.036800000000003,3,1,CC(=O)[C@@]1(O)CC[C@@H]2[C@H]3C=C(Cl)C4=CC(=O)[C@@H]5C[C@@H]5[C@]4(C)[C@H]3CC[C@@]21C,CNP0113366.3,0.960594117641449,0.9999198913574219,0.963386058807373,0.8414999842643738,0.31
374.9080000000002,4.036800000000003,3,1,CC(=O)[C@@]1(O)CC[C@H]2[C@@H]3C=C(Cl)C4=CC(=O)[C@@H]5C[C@@H]5[C@]4(C)[C@H]3CC[C@@]21C,CNP0113366.4,0.960594117641449,0.9999198913574219,0.963386058807373,0.8414999842643738,0.31
475.0580000000001,3.7782000000000027,5,2,CC(C)C1=CC=C(S(=O)(=O)N2CCC3(CC2)NCCN=C3NCC2=CC=C(Cl)C=C2)C=C1,CNP0487711.0,0.9603176712989807,0.9995949864387512,0.880125880241394,0.9852580428123474,0.5207056638811514
432.6450000000003,4.963600000000005,4,3,C[C@H](C[C@@H](O)C(=O)C(C)(C)O)[C@H]1CC[C@@H]2/C(=C/C=C3\C[C@@H](O)CC[C@@H]3C)CCC[C@@]21C,CNP0313499.1,0.9601830840110779,0.9999996423721313,0.9821859002113342,0.9755256175994873,0.4176238455079765
474.6050000000001,3.875300000000001,3,3,CC(=O)N[C@@H](CC(C)C)C(=O)N(C)[C@@H](CC1=CC=CC=C1)C(=O)N/C=C/C1=CNC2=CC=CC=C12,CNP0520979.2,0.9587225914001465,0.9996758699417114,0.9464865326881409,0.9989835619926453,0.54
474.6050000000001,3.875300000000001,3,3,CC(=O)N[C@@H](CC(C)C)C(=O)N(C)[C@@H](CC1=CC=CC=C1)C(=O)N/C=C\C1=CNC2=CC=CC=C12,CNP0520979.1,0.9587225914001465,0.9996758699417114,0.9464865326881409,0.9989835619926453,0.54
489.6090000000004,3.1605000000000008,6,3,C[C@H](O)[C@H](NC(=O)CCC(=O)O[C@@H]1CC[C@H]2[C@@H]3CCC4=CC(=O)CC[C@]4(C)[C@H]3CC[C@]12C)C(=O)O,CNP0386396.5,0.958362877368927,0.9999803304672241,0.2892230451107025,0.9958670139312744,0.46
489.6090000000004,3.1605000000000008,6,3,C[C@@H](O)[C@@H](NC(=O)CCC(=O)O[C@@H]1CC[C@H]2[C@@H]3CCC4=CC(=O)CC[C@]4(C)[C@H]3CC[C@]12C)C(=O)O,CNP0386396.4,0.958362877368927,0.9999803304672241,0.2892230451107025,0.9958670139312744,0.46
489.6090000000004,3.1605000000000008,6,3,C[C@H](O)[C@@H](NC(=O)CCC(=O)O[C@@H]1CC[C@H]2[C@@H]3CCC4=CC(=O)CC[C@]4(C)[C@H]3CC[C@]12C)C(=O)O,CNP0386396.3,0.958362877368927,0.9999803304672241,0.2892230451107025,0.9958670139312744,0.46
489.6090000000004,3.1605000000000008,6,3,C[C@@H](O)[C@H](NC(=O)CCC(=O)O[C@@H]1CC[C@H]2[C@@H]3CCC4=CC(=O)CC[C@]4(C)[C@H]3CC[C@]12C)C(=O)O,CNP0386396.2,0.958362877368927,0.9999803304672241,0.2892230451107025,0.9958670139312744,0.46
489.6090000000004,3.1605000000000008,6,3,CC(O)C(NC(=O)CCC(=O)OC1CC[C@H]2[C@@H]3CCC4=CC(=O)CC[C@]4(C)[C@H]3CC[C@]12C)C(=O)O,CNP0386396.1,0.958362877368927,0.9999803304672241,0.2892230451107025,0.9958670139312744,0.46
441.984,4.798600000000004,3,1,CCC1=CC=CC=C1S(=O)(=O)N1CCC2(CC1)NC1=CC=C(Cl)C=C1N1C=CC=C12,CNP0606104.0,0.9582129120826721,0.9999967813491821,0.9802693724632263,0.966041088104248,0.5033333333333333
368.3410000000001,2.891800000000001,6,2,COC(=O)CC(C1=CC=C(C(=O)O)C=C1)C1=C(O)C(=O)C2=CC=CC=C2O1,CNP0407870.0,0.9576561450958252,0.9969457983970642,0.8596324324607849,0.7881907820701599,0.3466666666666667
455.96700000000016,2.971660000000001,3,1,CC1=C(C)C(C)=C(CC2=C3C=C(S(=O)(=O)N(C)C4=CC=CC(Cl)=C4)C=CC3=NC2=O)N1,CNP0572444.0,0.9574254751205444,0.9999988079071045,0.9626610279083252,0.9998718500137329,0.5566666666666666
414.4830000000001,3.3091000000000017,6,1,CCS(=O)(=O)C1=CC=C2OC([C@H]3CCN(CC4=CC=C(C(=O)O)C=C4)C3)=NC2=C1,CNP0441654.1,0.9569629430770874,0.996276319026947,0.9933143258094788,0.9995107650756836,0.5763078930202217
436.5890000000002,4.237800000000004,6,1,CC(=O)OC[C@@H](O)COC(=O)CC(C)CC[C@]1(C)C2=CC(=O)CC(C)(C)[C@H]2CC[C@@H]1C,CNP0128825.1,0.9565469622612,0.9999828338623047,0.9796909689903259,0.9918419122695923,0.3881539465101109
463.49000000000024,3.6437200000000023,7,4,COC1=CC(C(CC(=O)N[C@@H](C)C2=NC3=CC=CC=C3N2)C2=C(O)C(=O)C=C(C)O2)=CC=C1O,CNP0144031.1,0.9555386900901794,0.9999998807907104,0.9712207913398743,0.9998212456703186,0.48
372.4650000000002,4.198300000000004,5,1,CCN(C(=O)C1=C([C@H](C)O)ON=C1C1=CC=C(OC)C=C1)C1CCCCC1,CNP0168767.1,0.9553161263465881,0.9999995231628418,0.9154886603355408,0.9982481002807617,0.5138726567975241
491.58800000000025,3.641600000000002,5,1,COCCN1CC(=O)N2CC(C3=CC=C(OC(C)C)C(OC)=C3)C3=C(NC4=CC=CC=C34)[C@@]2(C)C1=O,CNP0233898.1,0.9552529454231262,0.9954474568367004,0.9827370643615723,0.9994262456893921,0.55872350022553
378.5200000000003,4.7191000000000045,3,0,CCC1=NN2C(=N1)N(C(=O)C1=CC=CC=C1)[C@H]1CCCC[C@H]1C21CCCCC1,CNP0509185.1,0.9551630616188049,0.9999521970748901,0.4855870306491852,0.9949086308479309,0.44937136455390675
446.5400000000002,3.960300000000003,7,1,COC1=CC(C(=O)O[C@H]2CC(C)=CC(=O)[C@@]3(C)CC[C@@](O)(C(C)C)[C@H]23)=CC(OC)=C1OC,CNP0218356.1,0.9539321064949036,0.9999992847442627,0.7853565216064453,0.9975938200950623,0.33666666666666667
405.4750000000001,4.3617000000000035,3,1,O=C(O)C1=CC=CC=C1CCC1=CN(S(=O)(=O)C2=CC=CC=C2)C2=CC=CC=C12,CNP0467584.0,0.9536543488502502,0.004875097889453173,0.21084022521972656,0.024101899936795235,0.43333333333333335
472.0100000000001,4.861640000000004,4,1,COC1=CC=C(S(=O)(=O)N2CCC3(CC2)NC2=CC=C(C)C(C)=C2N2C=CC=C23)C=C1Cl,CNP0570672.0,0.9526534676551819,0.999411940574646,0.9691138863563538,0.9892808794975281,0.5214872798434442
433.50800000000015,3.236500000000002,4,1,CCOC1=C(OC)C=CC=C1C1CN2C(=O)CN(C)C(=O)[C@]2(C)C2=C1C1=CC=CC=C1N2,CNP0393312.1,0.9526026248931885,0.9798051714897156,0.008336256258189678,0.9646706581115723,0.4766666666666667
432.6450000000003,4.797500000000005,4,3,CC(C)CCC[C@@H](C)[C@H]1CC[C@]2(O)C3=CC(=O)[C@H]4C[C@@H](O)CC[C@]4(C)[C@]3(O)CC[C@]12C,CNP0197166.3,0.9523640275001526,1.0,0.6064893007278442,0.5586140155792236,0.38333333333333336
432.6450000000003,4.797500000000005,4,3,CC(C)CCC[C@@H](C)[C@H]1CC[C@@]2(O)C3=CC(=O)[C@H]4C[C@H](O)CC[C@]4(C)[C@@]3(O)CC[C@]12C,CNP0197166.1,0.9523640275001526,1.0,0.6064893007278442,0.5586140155792236,0.38333333333333336
432.6450000000003,4.797500000000005,4,3,CC(C)CCC[C@@H](C)[C@@H]1CC[C@@]2(O)C3=CC(=O)[C@H]4C[C@@H](O)CC[C@]4(C)[C@@]3(O)CC[C@]12C,CNP0197166.2,0.9523640275001526,1.0,0.6064893007278442,0.5586140155792236,0.38333333333333336
391.38300000000015,4.255700000000004,7,2,COC1=CC(C2=C3C=NNC3=NC3=C2OC2=CC(O)=CC=C23)=CC(OC)=C1OC,CNP0403195.0,0.9518846273422241,0.9999774694442749,0.9982327222824097,0.9804565906524658,0.4314872798434442
442.5810000000002,4.2481000000000035,4,1,CC(C)C1=CC=C2OCC[C@H]3CN(S(=O)(=O)C4=CC=CC=C4)CC[C@H]3CC(=O)NC2=C1,CNP0555834.1,0.9517611861228943,0.9999673366546631,0.02020290121436119,0.9785599112510681,0.5602107800689742
477.56100000000026,3.3737000000000013,7,1,CC[C@@H](C)C1=C2N=C3OC=CC=C[C@@]34OC[C@H]3O[C@@]4(OC3(C)C)N2[C@@H](CC2=CC=CC=C2)C(=O)N1,CNP0543008.2,0.9508464336395264,0.6471500992774963,0.9867914915084839,0.9995256662368774,0.43630789302022177
477.56100000000026,3.3737000000000013,7,1,CC[C@H](C)C1=C2N=C3OC=CC=C[C@@]34OC[C@H]3O[C@@]4(OC3(C)C)N2[C@@H](CC2=CC=CC=C2)C(=O)N1,CNP0543008.1,0.9508464336395264,0.6471500992774963,0.9867914915084839,0.9995256662368774,0.43630789302022177
458.0060000000002,3.1010000000000018,6,2,CC(C)NC[C@@H](C(=O)N1CCN(C2=NC=NC3=C2[C@H](C)C[C@H]3O)CC1)C1=CC=C(Cl)C=C1,CNP0494142.1,0.9505854845046997,0.9999767541885376,0.7877212166786194,0.9997548460960388,0.5401924332294843
446.67200000000037,4.899400000000005,4,3,C[C@H](CC[C@H](C)C(C)(C)O)[C@H]1[C@@H](O)C[C@H]2C3=CC(=O)[C@@H]4C[C@H](O)CC[C@]4(C)[C@H]3CC[C@]12C,CNP0446767.1,0.9504856467247009,0.9999616146087646,0.8754290342330933,0.7554503083229065,0.41
362.4660000000001,4.085800000000003,4,1,COC1C=C(CC[C@@]2(C)[C@H](C)CC[C@@]3(C)C(C(=O)O)=CCC[C@H]23)C(=O)O1,CNP0347354.3,0.9504529237747192,0.9998236298561096,0.713342010974884,0.8871011137962341,0.37744700045105994
362.4660000000001,4.085800000000003,4,1,CO[C@@H]1C=C(CC[C@@]2(C)[C@H](C)CC[C@]3(C)C(C(=O)O)=CCC[C@H]23)C(=O)O1,CNP0347354.4,0.9504529237747192,0.9998236298561096,0.713342010974884,0.8871011137962341,0.37744700045105994
362.4660000000001,4.085800000000003,4,1,COC1C=C(CC[C@@]2(C)[C@H](C)CC[C@]3(C)C(C(=O)O)=CCC[C@H]23)C(=O)O1,CNP0347354.2,0.9504529237747192,0.9998236298561096,0.713342010974884,0.8871011137962341,0.37744700045105994
362.4660000000001,4.085800000000003,4,1,CO[C@@H]1C=C(CC[C@@]2(C)[C@H](C)CC[C@@]3(C)C(C(=O)O)=CCC[C@H]23)C(=O)O1,CNP0347354.1,0.9504529237747192,0.9998236298561096,0.713342010974884,0.8871011137962341,0.37744700045105994
427.93200000000013,4.808400000000003,4,3,COC1=CC=C(Cl)C=C1NC(=O)[C@H]1C[C@H](CC(C)C)N[C@]12C(O)=NC1=CC=CC=C12,CNP0597243.1,0.9500179290771484,0.9999992847442627,0.30703145265579224,0.9993221759796143,0.5520568335588633
473.5730000000002,4.157600000000003,4,1,COC1=CC(C2CN3C(=O)CN(C4CC4)C(=O)[C@]3(C)C3=C2C2=CC=CC=C2N3)=CC=C1OC(C)C,CNP0385529.1,0.9494183659553528,0.7440606355667114,0.9450583457946777,0.9857505559921265,0.5106378579081496
386.4880000000002,3.0135000000000014,5,1,CC(=O)OCC(O)C1CCC2C3C=CC4=CC(=O)CCC4(C)C3CC(=O)C12C,CNP0309835.0,0.9491723775863647,0.9999997615814209,0.9984785914421082,0.9913902282714844,0.4020568335588633
404.4260000000001,3.320680000000001,7,2,COC1=CC([C@H]2C(C#N)=C(N)OC3=C2C(C2=CC=CC=C2)=NN3)=CC(OC)=C1OC,CNP0234640.2,0.9485512971878052,0.35901641845703125,0.9872550964355469,0.01196302566677332,0.3752152133844619
404.4260000000001,3.320680000000001,7,2,COC1=CC([C@@H]2C(C#N)=C(N)OC3=C2C(C2=CC=CC=C2)=NN3)=CC(OC)=C1OC,CNP0234640.1,0.9485512971878052,0.35901641845703125,0.9872550964355469,0.01196302566677332,0.3752152133844619
432.5570000000003,4.681100000000004,5,1,CC[C@@H](C)C(=O)O[C@H]1C=C(C(=O)O)[C@H](CCC2=CCOC2=O)[C@@]2(C)CCCC(C)(C)[C@H]12,CNP0150853.1,0.948502779006958,0.9999879598617554,0.9031293988227844,0.8832252025604248,0.48
382.416,2.7029999999999994,5,3,COC(=O)CC(C1=CC=C(OC)C(O)=C1)C1=C(CC2=CC=CC=C2)NNC1=O,CNP0402919.0,0.9478495717048645,0.9980629086494446,0.015024595893919468,0.7700983881950378,0.4066666666666667
498.6490000000002,3.0276000000000014,7,2,CC(C)(C)C1=CC=C(S(=O)(=O)N2CCC3(CC2)NCCN=C3NCC2=CC=C3OCOC3=C2)C=C1,CNP0576867.0,0.9477958083152771,0.9753406047821045,0.5968702435493469,0.44115546345710754,0.5042905121746432
480.59000000000026,3.5252000000000026,5,1,CN1C=C(C2=CC=C3NC(=O)C[C@@H]4CCN(S(=O)(=O)C5=CC=CC=C5)C[C@@H]4CCOC3=C2)C=N1,CNP0485121.1,0.9477121829986572,0.9948883652687073,0.13207072019577026,0.18525336682796478,0.5563078930202217
372.4610000000002,4.705100000000004,4,1,CC(=O)OCC1=C(C(=O)O)/C=C\C=C\[C@@](C)(CCC2=COC=C2)[C@H](C)CC1,CNP0110626.1,0.9477089643478394,0.9999986886978149,0.9590394496917725,0.9997684359550476,0.41
372.4610000000002,4.705100000000004,4,1,CC(=O)OC/C1=C(C(=O)O)/C=C\C=C\[C@@](C)(CCC2=COC=C2)[C@H](C)CC1,CNP0110626.2,0.9477089643478394,0.9999986886978149,0.9590394496917725,0.9997684359550476,0.41
428.45200000000006,3.6239000000000026,8,1,O=C(O)C1=CC=C(CN2CCC[C@H]2C2=NC(C3=CC=C(C4=CN=CN=C4)N=C3)=NO2)C=C1,CNP0350840.1,0.9468075633049011,0.9980137348175049,0.995280921459198,0.999168872833252,0.4595600911329918
427.57400000000007,3.291400000000001,6,2,CCCCS(=O)(=O)N1CCC[C@@]2(C1)NC1=CC=CN=C1N=C2NCC1=CC=CC=C1,CNP0501604.2,0.9466127753257751,0.020893782377243042,0.01249503530561924,0.10094153136014938,0.44403899721448475
427.57400000000007,3.291400000000001,6,2,CCCCS(=O)(=O)N1CCC[C@]2(C1)NC1=CC=CN=C1N=C2NCC1=CC=CC=C1,CNP0501604.1,0.9466127753257751,0.020893782377243042,0.01249503530561924,0.10094153136014938,0.44403899721448475
419.9090000000003,3.051800000000001,3,2,CC[C@@H](C)[C@H](NC(=O)C1=CC2=CC(Cl)=CC=C2N1C)C(=O)N1CCC[C@H]1C(=O)O,CNP0387678.3,0.9459872245788574,1.0,0.9514086246490479,0.9998224377632141,0.5466666666666666
419.9090000000003,3.051800000000001,3,2,CC[C@H](C)[C@H](NC(=O)C1=CC2=CC(Cl)=CC=C2N1C)C(=O)N1CCC[C@H]1C(=O)O,CNP0387678.2,0.9459872245788574,1.0,0.9514086246490479,0.9998224377632141,0.5466666666666666
419.9090000000003,3.051800000000001,3,2,CCC(C)[C@H](NC(=O)C1=CC2=CC(Cl)=CC=C2N1C)C(=O)N1CCC[C@H]1C(=O)O,CNP0387678.1,0.9459872245788574,1.0,0.9514086246490479,0.9998224377632141,0.5466666666666666
374.4770000000002,3.8807000000000027,5,1,CC(=O)O[C@H]1CC(C)(C)[C@@H]2CC[C@@]34C=C(C(C)C)C(=O)C(O)=C3[C@@]2(CO4)C1,CNP0567783.1,0.9454965591430664,0.9997085928916931,0.9797266721725464,0.9369640350341797,0.39872350022553
396.44300000000015,3.903100000000002,6,2,COC1=CC=C(C2=NOC([C@H](C)O)=C2C(=O)N[C@H](C)C2=CC=CC=C2)C=C1OC,CNP0017201.1,0.9449954032897949,0.9863361120223999,0.9975588321685791,0.9054358005523682,0.38885961039126227
462.5020000000003,2.864300000000001,6,3,COC1=CC=C(C(CC(=O)N[C@@H](CC2=CC=CC=C2)C(N)=O)C2=CC3=C(C=C2O)OCO3)C=C1,CNP0414304.1,0.9448992013931274,0.9998997449874878,0.10980328917503357,0.6668549180030823,0.5176238455079765
443.5250000000002,2.915700000000001,5,2,COC1=CC=CC2=C1NC(C[C@H]1CN(S(=O)(=O)C3=CC=CC=C3)CC[C@H]1CC(=O)O)=N2,CNP0394358.1,0.944751501083374,0.9908671379089355,0.009933960624039173,0.9742727279663086,0.5648206131767776
450.61600000000027,3.584100000000002,6,3,CCC(C)CC(C)CC(O)(CO)C(=O)O[C@@H]1CC[C@H](C)[C@@]2(C)C=C([C@H](C)CO)C(=O)C=C12,CNP0314290.2,0.9441272020339966,0.9999850988388062,0.9678055047988892,0.9954758286476135,0.47482061317677754
450.61600000000027,3.584100000000002,6,3,CCC(C)CC(C)CC(O)(CO)C(=O)O[C@@H]1CC[C@H](C)[C@@]2(C)C=C([C@@H](C)CO)C(=O)C=C12,CNP0314290.1,0.9441272020339966,0.9999850988388062,0.9678055047988892,0.9954758286476135,0.47482061317677754
395.5030000000002,3.197300000000002,3,1,COC1=CC=C2NC3=C(CCN4C(=O)CN(C5CCC(C)CC5)C(=O)[C@]34C)C2=C1,CNP0273294.1,0.9426434636116028,0.35532498359680176,0.24810700118541718,0.9710477590560913,0.4548206131767775
475.9540000000001,2.8820000000000006,6,0,COC(=O)[C@@H]1CC2=C(CN1S(=O)(=O)C1=CC=C(OC)C=C1)N(CC1=CC=C(Cl)C=C1)C=N2,CNP0035381.1,0.9413143992424011,0.9941536784172058,0.14946101605892181,0.7348669767379761,0.5733333333333334
355.35300000000007,3.9228000000000014,3,3,O=C(O)C1=CC2=C(NC3=CC=CC=C32)C(=O)C(C2=CNC3=CC=CC=C23)=N1,CNP0238034.0,0.9411805868148804,0.42244330048561096,0.8765872120857239,0.9031916856765747,0.287372330547818
461.5620000000003,4.016700000000003,4,1,CCCN1CC(=O)N2CC(C3=CC=CC(OC)=C3OCC)C3=C(NC4=CC=CC=C34)[C@@]2(C)C1=O,CNP0379430.1,0.9405831694602966,0.9806177020072937,0.12040786445140839,0.9972328543663025,0.45
413.49900000000014,3.4274000000000022,7,1,COC1=CC=CC=C1N1CCN(C(=O)C2=C([C@H](C)O)ON=C2C2=CC=CS2)CC1,CNP0141918.1,0.9401373863220215,0.99909508228302,0.9973872303962708,0.9973551034927368,0.48779517286366597
391.5590000000001,4.709400000000004,2,2,CCCC[C@@H]1CCCCCCC2=CC1=C(/C=C1\N/C(=C3/C=CC=N3)C=C1OC)N2,CNP0241492.1,0.9398659467697144,0.36697620153427124,0.9639671444892883,0.590591549873352,0.44148727984344416
391.5590000000001,4.709400000000004,2,2,CCCC[C@H]1CCCCCCC2=CC1=C(/C=C1\N/C(=C3/C=CC=N3)C=C1OC)N2,CNP0241492.2,0.9398659467697144,0.36697620153427124,0.9639671444892883,0.590591549873352,0.44148727984344416
392.5360000000002,2.7975000000000017,5,3,CC(=O)O[C@H](C)[C@H]1CC[C@@]2(O)[C@]1(C)CC[C@@H]1[C@@]3(C)CC[C@@H]4C[C@@]43[C@H](O)C[C@]12O,CNP0155156.1,0.9396663308143616,0.9999650716781616,0.6125184297561646,0.8166544437408447,0.43297455968688847
364.4820000000002,3.8556000000000035,5,1,CC[C@H]1OC(C2=CC=CC=C2)O[C@@]1(C)[C@H](O)[C@@H](C)COC(=O)C(C)(C)C,CNP0335953.1,0.9383670091629028,0.9974754452705383,0.17102792859077454,0.06945289671421051,0.37666666666666665
388.81100000000004,3.2261200000000008,5,2,CC1=CC(C(=O)N[C@H](C)C2=C(C(=O)O)C(C3=CC=C(Cl)C=C3)=NO2)=NN1C,CNP0236579.1,0.9383187294006348,0.9999105930328369,0.9954433441162109,0.9994200468063354,0.5966689745258942
437.4960000000002,3.374500000000002,7,1,COC1=CC=C(C2=NOC([C@H](C)O)=C2C(=O)N2CCN(C3=CC=CC=C3OC)CC2)C=C1,CNP0187566.1,0.9379499554634094,0.9999990463256836,0.9972730278968811,0.9996103644371033,0.5444618395303327
401.26000000000005,3.4445000000000014,3,2,COC(=O)[C@H](CC1=CNC2=CC=CC=C12)NC(=O)C1=CC=C(Br)C=C1,CNP0518346.2,0.9375249743461609,0.999367892742157,0.9692873358726501,0.9229969382286072,0.4766666666666667
401.26000000000005,3.4445000000000014,3,2,COC(=O)[C@@H](CC1=CNC2=CC=CC=C12)NC(=O)C1=CC=C(Br)C=C1,CNP0518346.1,0.9375249743461609,0.999367892742157,0.9692873358726501,0.9229969382286072,0.4766666666666667
408.54600000000045,4.464720000000004,4,0,COCC(=O)N1C2=NC(C3=CC=C(C)C=C3)=NN2C2(CCCCC2)[C@@H]2CCCC[C@@H]21,CNP0501426.1,0.9371882677078247,0.9999955892562866,0.8414334058761597,0.9987682700157166,0.6197080847104625
490.9430000000001,4.597100000000003,5,2,COC1=CC=C(C(=O)COC(=O)[C@@H](CC2=CNC3=CC=CC=C23)NC(=O)C2=CC=C(Cl)C=C2)C=C1,CNP0515480.2,0.9367538094520569,0.9999908208847046,0.8451958894729614,0.9788929224014282,0.37333333333333335
490.9430000000001,4.597100000000003,5,2,COC1=CC=C(C(=O)COC(=O)[C@H](CC2=CNC3=CC=CC=C23)NC(=O)C2=CC=C(Cl)C=C2)C=C1,CNP0515480.1,0.9367538094520569,0.9999908208847046,0.8451958894729614,0.9788929224014282,0.37333333333333335
350.5470000000001,3.379200000000001,3,3,CC(C)N[C@H]1CC(C)(C)[C@@H]2C[C@@](C)(O)CC[C@]12CCC(=O)NC1CC1,CNP0474881.1,0.9363412261009216,0.9260633587837219,0.9616703391075134,0.2399265617132187,0.39
374.4770000000002,3.7844000000000038,5,2,CC(=O)OCC1=C2C=C3C(=O)C(O)=C(C(C)C)[C@@]3(C)CC[C@]2(C)CC[C@@H]1O,CNP0468180.1,0.9359627366065979,0.9999994039535522,0.39829006791114807,0.695134162902832,0.41
411.8890000000001,4.268500000000002,4,2,COC1=CC=C(Cl)C=C1NC(=O)[C@H]1C[C@@H]2CCCN2[C@]12C(O)=NC1=CC=CC=C12,CNP0566143.1,0.9356429576873779,0.9760199189186096,0.6923728585243225,0.9437418580055237,0.35
481.6370000000003,2.7647000000000013,4,4,CCCC(=O)N[C@@H](CC1=CC=CC=C1)C(=O)N[C@H](C(=O)N[C@H](CO)CC1=CC=CC=C1)[C@@H](C)CC,CNP0155594.1,0.9349756240844727,1.0,0.9765674471855164,0.99856036901474,0.58
377.7870000000001,3.0294000000000008,3,2,CNC(=O)C1=C2C(=C3C(=O)C4=CC=CC=C4N3C1=O)NC1=CC=C(Cl)C=C12,CNP0291324.0,0.9349512457847595,0.8470557928085327,0.8193469643592834,0.437193363904953,0.32815394651011087
368.4810000000003,4.512900000000005,4,0,CCC(=O)N1C2=NC(C3=CC=CO3)=NN2C2(CCCCC2)[C@@H]2CCCC[C@@H]21,CNP0518756.1,0.9347125887870789,0.9999990463256836,0.8871287703514099,0.9996720552444458,0.550219838873107
430.9170000000002,3.848040000000002,5,2,CC1=CC=CC=C1S(=O)(=O)NC(=O)NC1=NC(C)=C(CC2=CC=CC=C2)C(Cl)=N1,CNP0028716.0,0.9345378279685974,0.9934675097465515,0.9634644985198975,0.9888916015625,0.43577779201808736
384.819,4.113100000000003,4,2,C[C@@H](NC(=O)CC1=CC=CC=C1)C1=C(C(=O)O)C(C2=CC=C(Cl)C=C2)=NO1,CNP0572365.1,0.9339712858200073,0.9999793767929077,0.9930330514907837,0.9995014667510986,0.4448206131767775
448.5410000000003,2.968320000000001,6,0,COC1=CC(CN(C)S(=O)(=O)C2=CC(N3CCCC3=O)=CC=C2C)=CC(OC)=C1OC,CNP0010212.0,0.9333977699279785,0.9990770816802979,0.8974643349647522,0.9969416260719299,0.45148727984344417
350.80199999999996,3.916500000000002,4,2,CC(C)CC(=O)N[C@H](C)C1=C(C(=O)O)C(C2=CC=C(Cl)C=C2)=NO1,CNP0015367.1,0.932336151599884,0.9999959468841553,0.9987019300460815,0.9998284578323364,0.5348206131767775
442.5520000000003,4.632200000000005,6,3,COC1=C2C[C@H](C3=CC=C(O)C(CCC(C)(C)O)=C3O)COC2=CC2=C1CCC(C)(C)O2,CNP0583236.1,0.9311590790748596,0.9999998807907104,0.9859420657157898,0.9809982180595398,0.38482061317677757
491.5880000000002,3.3792000000000018,5,2,CCCOC1=CC=C(C2CN3C(=O)CN(CCCO)C(=O)[C@]3(C)C3=C2C2=CC=CC=C2N3)C=C1OC,CNP0377052.1,0.930816650390625,0.9999990463256836,0.03132065385580063,0.9996304512023926,0.47
364.43800000000005,2.9486000000000008,6,3,CC(C)C(=O)C1=C(O)C=C(O)C2=C1O[C@@]1(C)CC[C@H](C(C)(C)O)O[C@H]1C2,CNP0523426.1,0.9302695393562317,0.9999833106994629,0.724902868270874,0.9712382555007935,0.3768774467356409
364.43800000000005,2.9486000000000008,6,3,CC(C)C(=O)C1=C(O)C=C(O)C2=C1O[C@]1(C)CC[C@@H](C(C)(C)O)O[C@@H]1C2,CNP0523426.2,0.9302695393562317,0.9999833106994629,0.724902868270874,0.9712382555007935,0.3768774467356409
362.42200000000014,3.8874200000000028,5,2,CO[C@]12CCCC[C@H]1[C@H]1O[C@H](C)[C@@H](C)C3=C(C)C(O)=C(C(=O)O)C(=C31)O2,CNP0230426.1,0.9298394322395325,0.9999780654907227,0.9134570956230164,0.973861813545227,0.3552069561247687
362.42200000000014,3.8874200000000028,5,2,CO[C@]12CCCC[C@@H]1[C@H]1O[C@H](C)[C@@H](C)C3=C(C)C(O)=C(C(=O)O)C(=C31)O2,CNP0230426.2,0.9298394322395325,0.9999780654907227,0.9134570956230164,0.973861813545227,0.3552069561247687
484.6660000000003,3.307500000000002,6,2,COC1=CC=CC(CNC2=NCCNC23CCN(S(=O)(=O)C2=CC=C(C(C)(C)C)C=C2)CC3)=C1,CNP0538159.0,0.9298363327980042,0.08168388903141022,0.004367059096693993,0.2776545584201813,0.5133333333333333
371.46200000000005,2.738900000000001,3,3,CC[C@H](CNC(=O)C1=CC=C(S(N)(=O)=O)C=C1)C1=CC=C2NC=CC2=C1,CNP0528093.1,0.9295176863670349,0.4225837290287018,0.11570916324853897,0.01165939960628748,0.5033333333333333
428.5250000000003,3.5843000000000025,6,0,CC(=O)OC[C@@H](OC(C)=O)[C@H]1CC[C@H]2[C@@H]3C=CC4=CC(=O)CC[C@]4(C)[C@H]3CC(=O)[C@]12C,CNP0418362.1,0.9281148314476013,1.0,0.9996291399002075,0.9989816546440125,0.3520568335588633
438.9400000000001,4.107880000000002,4,1,N#CC1=CC=CC(S(=O)(=O)N2CCC3(CC2)NC2=CC=C(Cl)C=C2N2C=CC=C23)=C1,CNP0493274.0,0.9251274466514587,0.9977782368659973,0.9769834876060486,0.8797702789306641,0.48815394651011085
463.4940000000002,2.8633000000000006,7,2,COC1=CC=C([C@@H](OC)C2=C(CC3=CC=C(O)C=C3)N(C)C(NC3=NC(=O)N(C)C3=O)=N2)C=C1,CNP0364818.1,0.9244347214698792,0.9995200634002686,0.5470278263092041,0.9943493008613586,0.46308231659290366
464.9970000000003,3.6289200000000017,4,1,CC1=CC=C(Cl)C=C1N1CCN(C(=O)[C@@H]2C[C@H]3CCCN3[C@@]23C(=O)NC2=CC=CC=C23)CC1,CNP0535407.1,0.9239597916603088,0.9961977601051331,0.9232901334762573,0.999016523361206,0.41866570067275544
464.9970000000003,3.6289200000000017,4,1,CC1=CC=C(Cl)C=C1N1CCN(C(=O)[C@@H]2C[C@@H]3CCCN3[C@]23C(=O)NC2=CC=CC=C23)CC1,CNP0535407.3,0.9239597916603088,0.9961977601051331,0.9232901334762573,0.999016523361206,0.41866570067275544
464.9970000000003,3.6289200000000017,4,1,CC1=CC=C(Cl)C=C1N1CCN(C(=O)[C@@H]2C[C@H]3CCCN3[C@]23C(=O)NC2=CC=CC=C23)CC1,CNP0535407.4,0.9239597916603088,0.9961977601051331,0.9232901334762573,0.999016523361206,0.41866570067275544
464.9970000000003,3.6289200000000017,4,1,CC1=CC=C(Cl)C=C1N1CCN(C(=O)[C@@H]2C[C@@H]3CCCN3[C@@]23C(=O)NC2=CC=CC=C23)CC1,CNP0535407.2,0.9239597916603088,0.9961977601051331,0.9232901334762573,0.999016523361206,0.41866570067275544
415.2870000000001,3.834600000000002,3,2,CCOC(=O)[C@H](CC1=CNC2=CC=CC=C12)NC(=O)C1=CC=C(Br)C=C1,CNP0569611.2,0.9237818717956543,0.999919056892395,0.9962224960327148,0.985331654548645,0.4266666666666667
415.2870000000001,3.834600000000002,3,2,CCOC(=O)[C@@H](CC1=CNC2=CC=CC=C12)NC(=O)C1=CC=C(Br)C=C1,CNP0569611.1,0.9237818717956543,0.999919056892395,0.9962224960327148,0.985331654548645,0.4266666666666667
470.56200000000035,4.840600000000006,7,2,COC1=CC(CC[C@H](CC(=O)CC2(C3=CC=C(O)C(OC)=C3)CCCC2)OC(C)=O)=CC=C1O,CNP0092968.1,0.9236985445022583,0.9993435740470886,0.9761292934417725,0.325320839881897,0.33
350.4400000000001,3.122700000000002,5,1,CC1(C)C[C@@H]2C[C@@](C)(CN2S(=O)(=O)C2=CC=C3N=C(O)OC3=C2)C1,CNP0457943.1,0.9233218431472778,0.9542907476425171,0.5782957077026367,0.9818850159645081,0.5370135569013731
350.4400000000001,3.122700000000002,5,1,CC1(C)C[C@H]2C[C@](C)(CN2S(=O)(=O)C2=CC=C3N=C(O)OC3=C2)C1,CNP0457943.2,0.9233218431472778,0.9542907476425171,0.5782957077026367,0.9818850159645081,0.5370135569013731
392.4920000000002,3.7348000000000026,5,1,CC(=O)O[C@H]1C[C@@H](C)[C@](C)(CCC2=CC(=O)OC2)[C@H]2CCC[C@@H](C(=O)O)[C@]12C,CNP0304278.1,0.9213555455207825,0.9999746084213257,0.39575397968292236,0.9738060832023621,0.3796806790668398
449.54700000000014,3.5969000000000015,5,3,CC(C)(O)[C@H]1O[C@H]2CC[C@@]3(C)[C@@](O)(CC[C@H]4C(=O)C5=C(NC6=CC=CC=C56)[C@@]43C)C2=CC1=O,CNP0071337.1,0.9212096929550171,0.9996138215065002,0.7672049403190613,0.6324753165245056,0.3294291641066813
489.57200000000023,4.964320000000003,6,3,CC[C@H](C)[C@H](NC(=O)CC(C1=CC=C(OC)C=C1)C1=C(O)C(=O)C=C(C)O1)C1=NC2=CC=CC=C2N1,CNP0365556.1,0.9199295043945312,1.0,0.9125782251358032,0.9998335838317871,0.47333333333333333
418.61800000000017,4.693500000000006,4,3,C=C1/C(=C\C=C2/CCC[C@]3(C)[C@@H]([C@H](C)OCCC(C)(C)O)CC[C@@H]23)C[C@@H](O)C[C@@H]1O,CNP0074715.1,0.9198735356330872,1.0,0.9778724908828735,0.974150538444519,0.37
418.61800000000017,4.693500000000006,4,3,C=C1/C(=C/C=C2\CCC[C@]3(C)[C@@H]([C@H](C)OCCC(C)(C)O)CC[C@@H]23)C[C@@H](O)C[C@@H]1O,CNP0074715.2,0.9198735356330872,1.0,0.9778724908828735,0.974150538444519,0.37
412.57700000000006,3.5484000000000027,6,1,CCCS(=O)(=O)NC1=NC2=C(C[C@]3(C)CC[C@@H]4[C@H](OC(=O)[C@H]4C)[C@H]3[C@@H]2C)S1,CNP0026147.1,0.9193216562271118,0.9996687173843384,0.9782798886299133,0.9995008707046509,0.526518673089196
412.57700000000006,3.5484000000000027,6,1,CCCS(=O)(=O)NC1=NC2=C(C[C@@]3(C)CC[C@H]4[C@H](OC(=O)[C@H]4C)[C@H]3[C@@H]2C)S1,CNP0026147.2,0.9193216562271118,0.9996687173843384,0.9782798886299133,0.9995008707046509,0.526518673089196
486.5610000000003,4.846400000000006,8,3,COC1=CC([C@@H]2CC(=O)C3=C(C=C4OC(C)(CCCC(C)(C)O)CCC4=C3O)O2)=CC(O)=C1OC,CNP0186623.1,0.9183390736579895,0.9992353916168213,0.700587272644043,0.018919533118605614,0.3868774467356409
451.47500000000014,4.373500000000004,8,1,COC1=C2C=COC2=NC2=C(OC)C(OC[C@H](OC(=O)C3=CC=CC=C3)C(C)(C)O)=CC=C12,CNP0371277.1,0.9176743626594543,0.9803830981254578,0.8161396980285645,0.2815447151660919,0.3909571788413098
451.47500000000014,4.373500000000004,8,1,COC1=C2C=COC2=NC2=C(OC)C(OC[C@@H](OC(=O)C3=CC=CC=C3)C(C)(C)O)=CC=C12,CNP0371277.2,0.9176743626594543,0.9803830981254578,0.8161396980285645,0.2815447151660919,0.3909571788413098
486.03700000000026,4.9676200000000055,4,0,CCN1C2=CC(C)=CC=C2N2C=CC=C2C12CCN(S(=O)(=O)C1=CC=C(OC)C(Cl)=C1)CC2,CNP0515059.0,0.9173412919044495,0.9998522996902466,0.9956222176551819,0.9999244213104248,0.48333333333333334
432.93300000000016,3.4221200000000014,6,1,CC1=CC=C(C2=NOC([C@@H]3C[C@H](NS(=O)(=O)C4=CC=C(Cl)C=C4)CN3C)=N2)C=C1,CNP0013245.1,0.9159623980522156,0.9997894167900085,0.9851831793785095,0.9936482310295105,0.67
450.62600000000026,3.5558000000000027,5,2,CC(C)(C)CC(=O)N[C@H]1[C@H](C2=CC=CS2)N(S(=O)(=O)C2=CC=CC=C2)CC[C@@]1(C)O,CNP0006013.1,0.9154231548309326,0.02061624638736248,0.002766937715932727,0.4676859974861145,0.5666666666666667
435.9550000000002,4.6513000000000035,2,1,CCC(C)N1CC(=O)N2CC(C3=CC=CC=C3Cl)C3=C(NC4=CC=CC=C34)[C@@]2(C)C1=O,CNP0129382.1,0.9152381420135498,0.9997718930244446,0.05755400285124779,0.9995853304862976,0.5466666666666666
358.5300000000002,4.451400000000004,3,0,CCC1=NN2C(=N1)N(C(=O)CC(C)C)[C@H]1CCCC[C@H]1C21CCCCC1,CNP0563452.1,0.9150944948196411,0.9999996423721313,0.933601438999176,0.9998756647109985,0.5660159777306842
357.457,4.049100000000003,3,1,NN1C(C2=CC=CC=C2)=NC2=C(C1=O)C1(CCCCC1)CC1=CC=CC=C12,CNP0481549.0,0.9150205254554749,0.12240230292081833,0.8617479801177979,0.7936381697654724,0.3714872798434442
375.4900000000001,3.649600000000002,5,3,CCS[C@H](CC(=O)NCCC1=CC=C(O)C=C1)C1=CC=C(O)C(OC)=C1,CNP0116088.1,0.9141314029693604,0.9999985694885254,0.9825335144996643,0.9984571933746338,0.39666666666666667
481.6770000000002,4.599500000000004,5,3,CO[C@@H]1CC(=O)[C@H]2[C@@H]3C[C@H]4CC[C@]5(CC[C@@H](CC6=CC=CC(NC[C@H](C)O)=C6)C5)[C@]3(C)[C@@]4(C)[C@@]12O,CNP0477525.1,0.9141241312026978,1.0,0.8471481204032898,0.9982652068138123,0.4211285061969994
481.6770000000002,4.599500000000004,5,3,CO[C@@H]1CC(=O)[C@H]2[C@@H]3C[C@@H]4CC[C@]5(CC[C@H](CC6=CC=CC(NC[C@H](C)O)=C6)C5)[C@]3(C)[C@@]4(C)[C@@]12O,CNP0477525.2,0.9141241312026978,1.0,0.8471481204032898,0.9982652068138123,0.4211285061969994
457.6110000000003,4.798100000000005,6,1,COC1=C(C)C(=O)O/C1=C1/OC2=CC[C@@H]3CC[C@](O)(CCC(C)C)[C@@H]4CCC[C@@H]([C@H]2[C@@H]1C)N34,CNP0083925.1,0.9140915274620056,0.9999359846115112,0.41951116919517517,0.819831371307373,0.5108233765348051
370.79200000000003,3.0195000000000007,4,3,O=C(NC(CC1=CC(O)=NC2=CC=CC=C12)C(=O)O)C1=CC=C(Cl)C=C1,CNP0575271.0,0.9140150547027588,0.9898024201393127,0.7372633218765259,0.9694736003875732,0.39429051217464317
372.46100000000024,2.7810000000000006,4,2,CC(C(=O)O)C1CCC2C3C=CC4=CC(=O)[C@@H](O)C[C@]4(C)C3CC(=O)[C@]12C,CNP0139103.1,0.9136698842048645,0.9999986886978149,0.9584592580795288,0.9964424967765808,0.4020568335588633
372.46100000000024,2.7810000000000006,4,2,C[C@H](C(=O)O)[C@H]1CC[C@H]2[C@@H]3C=CC4=CC(=O)[C@@H](O)C[C@]4(C)[C@H]3CC(=O)[C@]12C,CNP0139103.2,0.9136698842048645,0.9999986886978149,0.9584592580795288,0.9964424967765808,0.4020568335588633
372.46100000000024,2.7810000000000006,4,2,C[C@@H](C(=O)O)[C@H]1CC[C@H]2[C@@H]3C=CC4=CC(=O)[C@@H](O)C[C@]4(C)[C@H]3CC(=O)[C@]12C,CNP0139103.3,0.9136698842048645,0.9999986886978149,0.9584592580795288,0.9964424967765808,0.4020568335588633
488.6280000000003,3.8308000000000018,4,2,COC(=O)[C@@H](CC1=CC=CC=C1)NC(=O)[C@@H](CC1=CC=CC=C1)NC(=O)C12CC3CC(CC(C3)C1)C2,CNP0146486.1,0.9130999445915222,0.998422384262085,0.7922433614730835,0.9580339193344116,0.53
488.6280000000003,3.8308000000000018,4,2,COC(=O)[C@@H](CC1=CC=CC=C1)NC(=O)[C@@H](CC1=CC=CC=C1)NC(=O)[C@]12C[C@H]3C[C@H](C[C@H](C3)C1)C2,CNP0146486.2,0.9130999445915222,0.998422384262085,0.7922433614730835,0.9580339193344116,0.53
427.45300000000015,3.3446000000000016,7,2,CCOC(=O)CC(C1=CC=C(OC)C(OC)=C1OC)C1=C(O)C2=CC=CC=C2NC1=O,CNP0399660.0,0.9129136204719543,0.9702517986297607,0.0004932479932904243,0.05234214663505554,0.35333333333333333
357.40600000000006,2.9666000000000015,5,2,CC(C)OC(=O)[C@H](O)[C@@H](NC(=O)OCC1=CC=CC=C1)C1=CC=CC=C1,CNP0468498.1,0.9128361344337463,0.9984789490699768,0.9859567880630493,0.9960059523582458,0.44333333333333336
375.55300000000017,3.963400000000004,4,1,COC(=O)CC[C@@]12[C@H]3[C@H](C(C)C)CC[C@]1(C)[C@H]1CC[C@]4(CCC[C@@H]42)N3[C@@H]1O,CNP0185480.1,0.9121589064598083,0.9933887720108032,0.9207251667976379,0.6524873375892639,0.38482061317677757
396.52400000000017,3.0356000000000014,6,2,CCCC[C@H](O)[C@H]1CC[C@H]([C@H]2CC[C@H]([C@H](O)CCCC3=C[C@H](C)OC3=O)O2)O1,CNP0087466.1,0.9109742641448975,0.9999955892562866,0.9113032817840576,0.515850305557251,0.40539016689219665
358.4340000000001,3.917600000000003,5,3,CC[C@@](O)(CC(C)C)C(=O)OC(C1=CC=C(O)C=C1)C1=CC=C(O)C=C1,CNP0481744.1,0.9104784727096558,0.9999842643737793,0.9164389371871948,0.9982956051826477,0.45666666666666667
496.56000000000023,4.947700000000004,7,3,C[C@@H]1CC[C@@]2(CC[C@H](C)[C@@H](CC3=NC4=C(C(=O)O)C(O)=CC=C4O3)O2)O[C@H]1[C@H](C)C(=O)C1=CC=CN1,CNP0319961.1,0.9101080894470215,0.9999978542327881,0.39789479970932007,0.9989036321640015,0.4714872798434442
496.56000000000023,4.947700000000004,7,3,C[C@@H]1CC[C@]2(CC[C@@H](C)[C@@H](CC3=NC4=C(C(=O)O)C(O)=CC=C4O3)O2)O[C@@H]1[C@H](C)C(=O)C1=CC=CN1,CNP0319961.2,0.9101080894470215,0.9999978542327881,0.39789479970932007,0.9989036321640015,0.4714872798434442
496.56000000000023,4.947700000000004,7,3,C[C@@H]1CC[C@]2(CC[C@@H](C)[C@@H](CC3=NC4=C(C(=O)O)C(O)=CC=C4O3)O2)O[C@H]1[C@H](C)C(=O)C1=CC=CN1,CNP0319961.3,0.9101080894470215,0.9999978542327881,0.39789479970932007,0.9989036321640015,0.4714872798434442
443.5250000000002,2.9157,5,2,COC1=CC=C2N=C(C[C@H]3CN(S(=O)(=O)C4=CC=CC=C4)CC[C@H]3CC(=O)O)NC2=C1,CNP0151702.1,0.9098330736160278,0.99764084815979,0.01306269969791174,0.9808511734008789,0.5214872798434442
391.85500000000013,2.742700000000001,5,1,CC(=O)N1CCCN(C(=O)C2=C([C@H](C)O)ON=C2C2=CC=C(Cl)C=C2)CC1,CNP0017135.1,0.9096718430519104,0.9944185018539429,0.9941942095756531,0.9983320832252502,0.4842786287629048
391.8550000000001,4.3861000000000026,4,3,C[C@@H](NC(=O)NC1CCCCC1)C1=C(C(=O)O)C(C2=CC=C(Cl)C=C2)=NO1,CNP0334325.1,0.9092163443565369,0.9998615980148315,0.9991422891616821,0.9991990923881531,0.5148206131767775
390.4760000000002,3.654900000000003,5,1,CC(=O)O[C@@H]1C[C@]2(C)C(C(=O)O)=CCC[C@H]2[C@](C)(CCC2=CCOC2=O)[C@H]1C,CNP0175728.1,0.9091182947158813,0.9999953508377075,0.9659317135810852,0.9955320358276367,0.38539016689219663
390.4760000000002,3.654900000000003,5,1,CC(=O)O[C@H]1C[C@]2(C)C(C(=O)O)=CCC[C@H]2[C@](C)(CCC2=CCOC2=O)[C@H]1C,CNP0175728.2,0.9091182947158813,0.9999953508377075,0.9659317135810852,0.9955320358276367,0.38539016689219663
402.53100000000023,3.7717000000000027,5,1,CCC12CCC(=O)C=C1CCC1C2CCC2(C)C1CCC2(O)C(=O)COC(C)=O,CNP0274668.0,0.9069532155990601,0.9998575448989868,0.00067982665495947,0.08472102135419846,0.38205683355886333
399.53100000000023,3.8873000000000033,5,1,COC1=CC=C(C2(CN(C)C[C@H](O)COC3=CC=CC=C3)CCCC2)C=C1OC,CNP0379660.1,0.9061445593833923,0.9791225790977478,0.7923950552940369,0.5039416551589966,0.3333333333333333
399.53100000000023,3.8873000000000033,5,1,COC1=CC=C(C2(CN(C)C[C@@H](O)COC3=CC=CC=C3)CCCC2)C=C1OC,CNP0379660.2,0.9061445593833923,0.9791225790977478,0.7923950552940369,0.5039416551589966,0.3333333333333333
392.49900000000014,4.121100000000003,4,1,CCCOC1=CC=C(/C=C/[C@@]23NC(=O)CN2C2=CC=CC=C2C3(C)C)C=C1OC,CNP0382050.1,0.9050908088684082,0.5983348488807678,0.12934516370296478,0.9187039136886597,0.3696412263535551
392.49900000000014,4.121100000000003,4,1,CCCOC1=CC=C(/C=C/[C@]23NC(=O)CN2C2=CC=CC=C2C3(C)C)C=C1OC,CNP0382050.2,0.9050908088684082,0.5983348488807678,0.12934516370296478,0.9187039136886597,0.3696412263535551
490.5930000000003,3.485120000000002,8,2,CCOC(=O)CC[C@]1(C)[C@H]2CC3=C(O[C@@]2(C)C[C@@H](O)[C@H]1C(C)(C)O)C(C)=C1COC(=O)C1=C3OC,CNP0428545.1,0.9045148491859436,0.9999996423721313,0.8251203298568726,0.9133362174034119,0.35482061317677754
457.59600000000023,3.172100000000002,4,1,CC(C)(C)CC(=O)N1C[C@@H]2C[C@H](C1)C1=CC=C(NS(=O)(=O)CC3=CC=CC=C3)C(=O)N1C2,CNP0031186.1,0.9043865203857422,0.999500036239624,0.0029801498167216778,0.9953806400299072,0.5845012922436174
384.4360000000002,3.9978000000000025,7,1,CCCCC(=O)N1N=C(C2=CC=CO2)N=C1NCC1=CC=C(OC)C(OC)=C1,CNP0589393.0,0.9035659432411194,0.9996073842048645,0.3248461186885834,0.9979398846626282,0.4956690874959779
413.4260000000001,3.0416000000000007,7,3,CCOC(=O)CC(C1=CC(OC)=C(O)C(OC)=C1)C1=C(O)C2=CC=CC=C2NC1=O,CNP0399575.0,0.9033118486404419,0.9680271744728088,0.23565106093883514,0.538615345954895,0.36666666666666664
478.5740000000001,3.4414000000000025,4,2,O=C(NC1=CC=CC=C1)N1C[C@@H]2C[C@H](C1)C1=CC=C(NS(=O)(=O)CC3=CC=CC=C3)C(=O)N1C2,CNP0060472.2,0.9032976031303406,0.999956488609314,0.364627480506897,0.9964380264282227,0.5009571788413097
478.5740000000001,3.4414000000000025,4,2,O=C(NC1=CC=CC=C1)N1C[C@H]2C[C@H](C1)C1=CC=C(NS(=O)(=O)CC3=CC=CC=C3)C(=O)N1C2,CNP0060472.1,0.9032976031303406,0.999956488609314,0.364627480506897,0.9964380264282227,0.5009571788413097
421.88000000000017,4.874400000000004,3,2,O=C(N[C@H](CC1=CC=C(Cl)C=C1)C(=O)O)OCC1C2=CC=CC=C2C2=CC=CC=C21,CNP0067179.1,0.9031901359558105,0.44941437244415283,0.9375972747802734,0.004106708336621523,0.42333333333333334
421.88000000000017,4.874400000000004,3,2,O=C(N[C@@H](CC1=CC=C(Cl)C=C1)C(=O)O)OCC1C2=CC=CC=C2C2=CC=CC=C21,CNP0067179.2,0.9031901359558105,0.44941437244415283,0.9375972747802734,0.004106708336621523,0.42333333333333334
405.5270000000002,4.304500000000003,5,2,O=C(NC1=CC=CC=C1)[C@H]1SC2=NN=C(C3=CC=CC=C3)N2NC12CCCCC2,CNP0493987.1,0.9022013545036316,0.9653214812278748,0.989250659942627,0.9954728484153748,0.39
405.5270000000002,4.304500000000003,5,2,O=C(NC1=CC=CC=C1)[C@@H]1SC2=NN=C(C3=CC=CC=C3)N2NC12CCCCC2,CNP0493987.2,0.9022013545036316,0.9653214812278748,0.989250659942627,0.9954728484153748,0.39
447.00400000000013,2.9632200000000015,5,2,CC1=CC=CC(CNC2=NCCNC23CCN(S(=O)(=O)C2=CC=C(Cl)C=C2)CC3)=C1,CNP0487997.0,0.9014158844947815,0.9998973608016968,0.9202640652656555,0.9991171956062317,0.507372330547818
352.4710000000001,3.713300000000002,3,3,C[C@H](CC[C@@]1(C)[C@H](C)CC[C@@]2(CO)C(C(=O)O)=CCC[C@@H]21)CC(=O)O,CNP0105711.1,0.9010317325592041,0.9999574422836304,0.29505613446235657,0.8471963405609131,0.47333333333333333
397.58100000000013,4.834400000000004,3,2,CC(C)C[C@H](NS(=O)(=O)C1=C(C(C)C)C=C(C(C)C)C=C1C(C)C)C(=O)O,CNP0009893.1,0.9005808234214783,0.9994338154792786,0.9961090683937073,0.9995111227035522,0.5576238455079764
397.58100000000013,4.834400000000004,3,2,CC(C)C[C@@H](NS(=O)(=O)C1=C(C(C)C)C=C(C(C)C)C=C1C(C)C)C(=O)O,CNP0009893.2,0.9005808234214783,0.9994338154792786,0.9961090683937073,0.9995111227035522,0.5576238455079764
448.51200000000017,3.2424000000000017,8,1,COC[C@H](CC1=CC(OC)=C2OCOC2=C1)[C@H](COC)[C@@H](O)C1=CC=C(OC)C(OC)=C1,CNP0325910.1,0.9004741311073303,0.9999033212661743,0.0998489260673523,0.4574170708656311,0.37333333333333335
