identifier,canonical_smiles,prediction,prob_class_0,prob_class_1,gnn_pretrain_prob_raw,gnn_pretrain_prob_cal,gnn_pretrain_pred_cal
CNP0215188.1,NC1=NC(=O)N([C@@H]2O[C@H](CO)[C@@H](O)[C@H]2O)C=N1,1,0.4708116888441515,0.5291883111558485,0.9856587052345276,0.9006563346724076,1
CNP0215188.2,NC1=NC(=O)N([C@@H]2O[C@H](CO)[C@@H](O)[C@@H]2O)C=N1,1,0.4708116888441515,0.5291883111558485,0.9856587052345276,0.9006563346724076,1
CNP0203298.2,NC1=NC(=O)N([C@@H]2O[C@H](CO)[C@@H](O)[C@@H]2O)C=C1,1,0.4317446462376352,0.5682553537623647,0.9997780919075012,0.9876815105723767,1
CNP0074707.1,C[C@@H](O)[C@H]1C(=O)N2C(C(=O)O)=C(S[C@@H]3CN[C@H](CNS(N)(=O)=O)C3)[C@H](C)[C@H]12,0,0.5752229767277639,0.424777023272236,0.9999706745147705,0.9956719446104982,1
CNP0074371.1,CC(C)NC1=NC2=CC(Cl)=C(Cl)C=C2N1[C@H]1O[C@@H](CO)[C@H](O)[C@@H]1O,0,0.550703781512605,0.449296218487395,0.9986767172813416,0.9693288848909798,1
CNP0282610.1,N[C@@H](C(=O)N[C@@H]1C(=O)N2C(C(=O)O)=C(CSC3=CNN=N3)CS[C@H]12)C1=CC=C(O)C=C1,0,0.6283188769060168,0.3716811230939831,0.9994131326675415,0.9797141914346545,1
CNP0235770.1,CC1=NN=C(SCC2=C(C(=O)O)N3C(=O)[C@@H](NC(=O)[C@H](N)C4=CC=C(O)C=C4)[C@H]3SC2)S1,1,0.4840742881614283,0.5159257118385717,0.9970142841339111,0.9538385035497022,1
CNP0375303.2,C[C@]1(CN2C=CN=N2)[C@H](C(=O)O)N2C(=O)C[C@H]2S1(=O)=O,0,0.7183592118665648,0.2816407881334351,0.9981310963630676,0.9634940218900592,1
CNP0152826.1,CC1=C(C(=O)O)N2C(=O)[C@@H](NC(=O)[C@H](N)C3=CC=CC(NS(C)(=O)=O)=C3)[C@H]2SC1,0,0.6299272116772118,0.3700727883227883,0.9997968077659607,0.9882284855195788,1
CNP0074755.2,NC1=NC(=O)C2=C(N1)N([C@@H]1O[C@H](CO)[C@@H](O)[C@H]1O)C(=O)S2,0,0.6262111764394596,0.3737888235605404,0.9989013671875,0.9720876742384622,1
CNP0282996.0,CCC(C)(S(=O)(=O)CC)S(=O)(=O)CC,0,0.7603131606955135,0.2396868393044863,0.9995406866073608,0.982103893190925,1
CNP0160188.0,CC1CCC2(C)CC3=C(C(=O)O)CCC31C2(C)C,0,0.6366371566654732,0.3633628433345267,0.999096155166626,0.9747210674372251,1
CNP0399170.0,CCCN(CCC)S(=O)(=O)C1=CC=C(C(=O)O)C=C1,0,0.6080570834394364,0.3919429165605636,0.9993670582771301,0.9789165665139861,1
CNP0180478.1,CC[C@H](C)[C@H](N)C(=O)N[C@H](C(=O)O)[C@@H](C)CC,0,0.6083702147525677,0.3916297852474322,0.9978988170623779,0.9612801593914061,1
CNP0487962.1,C[CH][C@H](C)[C@H](N)C(=O)N[C@H](C(=O)O)C(C)C,0,0.6806268013032719,0.319373198696728,0.9884766340255737,0.9105227526192394,1
CNP0576094.1,CC(C)(O)[C@@H]1[CH]C[C@](C)([C@H]2[C@@H](O)C[C@@]3(C)[C@@H]4C[C@H](O)[C@H]5C(C)(C)[C@@H](O)[CH]C[C@@]56C[C@@]46[CH]C[C@@]23C)O1,0,0.683577021834375,0.3164229781656251,0.9947690367698669,0.9390571262055634,1
CNP0337843.1,CC[C@H](C)[C@H](N)C(=O)O,0,0.6770916599740129,0.322908340025987,0.9959372282028198,0.9462039425133485,1
CNP0361197.1,C[C@@H](O)[C@H](N)C(=O)O,0,0.7131208807532339,0.2868791192467662,0.9891397356987,0.9130350412249006,1
CNP0129301.0,CSCS(=O)(=O)CSC,0,0.7695574022695425,0.2304425977304575,0.9895704984664917,0.9147129457789732,1
CNP0264396.1,C[C@@H]1CC[C@]2(C)C(C(=O)O)=CCC[C@@H]2[C@@]1(C)CCC1=CCOC1=O,0,0.6507775974025973,0.3492224025974026,0.995259702205658,0.941943319559975,1
CNP0187792.1,CC[C@@H](C)C(=O)O,0,0.6890905777229308,0.3109094222770693,0.9895675778388977,0.9147016428056655,1
CNP0235658.1,NC1=NC=NC2=C1C=CN2[C@@H]1O[C@H](CO)[C@@H](O)[C@H]1O,0,0.5860038135409202,0.4139961864590797,0.9879165887832642,0.9084627270693414,1
CNP0361197.2,C[C@@H](O)C(N)C(=O)O,0,0.7131208807532339,0.2868791192467662,0.9891397356987,0.9130350412249006,1
CNP0000078.1,CC(C(=O)O)[C@@H]1CCC[C@H]1C(=O)O,0,0.6705334518422755,0.3294665481577245,0.9986748695373535,0.9693072932967907,1
CNP0312147.0,C=C(N)CC(=O)O,0,0.7538997574321104,0.2461002425678896,0.9868983030319214,0.9048492393887287,1
CNP0353648.1,C[C@H](O)C[C@@H]1CC[C@H]([C@@H](C)C(=O)O)O1,0,0.6182329761741526,0.3817670238258474,0.9892765283584595,0.9135642199349131,1
CNP0271750.1,C[C@H](N)[C@H](N)C(=O)O,0,0.7613636657460187,0.2386363342539812,0.9878764152526855,0.9083171622386109,1
CNP0214777.1,COC1=CC2=C(C=C1OC)[C@]1(O)C(=O)C3=CC=C4O[C@@H](C(C)(C)O)CC4=C3O[C@@H]1CO2,0,0.609456620674012,0.3905433793259879,0.9990358352661133,0.9738769674748385,1
CNP0141293.1,CC[C@@H](O)C[C@H]1CC[C@@H]([C@H](C)C(=O)O)O1,0,0.6039582455855923,0.3960417544144078,0.9996058344841003,0.9834541188101614,1
CNP0326697.1,CC[C@H](C)CC[C@H](O)[C@@H]1C(=O)OC[C@H]1CO,0,0.7647632155426274,0.2352367844573727,0.9934924244880676,0.9321668645513439,1
CNP0264132.0,CCC(=O)C(C)CC(C)C(O)CC,0,0.6805271966595496,0.3194728033404503,0.9994255304336548,0.979935698994105,1
CNP0530486.0,COC1=CC=C(Cl)C=C1C(=O)NCCC1=CC=C(S(=O)(=O)NC(=O)NC2CCCCC2)C=C1,1,0.4258629160784981,0.5741370839215019,0.9997655749320984,0.987331373619438,1
CNP0346703.0,CCC(C)C(NC(=O)C(N)CC(=O)O)C(=O)O,0,0.5525203979027506,0.4474796020972492,0.9971229434013367,0.9546846490242241,1
CNP0348974.0,COC1=CC(C(=O)O)=CC=C1OC(C)CC1=CC(OC)=C(OC)C(OC)=C1,0,0.5531562897886428,0.4468437102113571,0.9998393058776855,0.9895720387547018,1
CNP0376461.0,NS(=O)(=O)C1=CC(C(=O)O)=C(NCC2=CC=CO2)C=C1Cl,0,0.5993360389610389,0.400663961038961,0.9997261166572571,0.9862764749206694,1
CNP0455522.0,CC(C)CC(N)C(=O)NC(C(=O)O)C(C)O,0,0.5659474153297682,0.4340525846702317,0.9915422201156616,0.9229298515418214,1
CNP0570982.0,CC(O)C(NC(=O)C(N)CC(=O)O)C(=O)O,0,0.570021369153722,0.4299786308462779,0.9904932379722595,0.918441220514469,1
CNP0448129.0,CS(=O)(=O)NC1=CC=C(CC2=NOC(C3=CC=C4NC=C(CCN)C4=C3)=N2)C=C1,0,0.6179515762015761,0.3820484237984238,0.9899790287017822,0.9163400417167001,1
CNP0349293.0,CCS(=O)(=O)NC1=CC=CC(C(=C2CCCCC2)C2=CNC=N2)=C1,0,0.6668502886002885,0.3331497113997114,0.9978166818618774,0.9605277451148079,1
CNP0542698.1,CCCCC(=O)N(CC1=CC=C(C2=CC=CC=C2C2=NN=NN2)C=C1)[C@H](C(=O)O)C(C)C,0,0.5842354377648497,0.4157645622351505,0.9996312856674194,0.9840109655362963,1
CNP0534172.0,CC(O)C(NC(=O)C(N)CC(N)=O)C(=O)O,0,0.535644385026738,0.464355614973262,0.99750155210495,0.9577693394601854,1
CNP0314085.0,CCC(C)C(NC(=O)C(N)CCSC)C(=O)O,0,0.5360362709186238,0.4639637290813761,0.9968307614326477,0.9524454945726107,1
CNP0282416.1,CCC(C)C(=O)O[C@H]1CCC=C2C=C[C@H](C)[C@H](CC[C@@H](O)C[C@@H](O)CC(=O)O)[C@H]21,0,0.6232174214674214,0.3767825785325785,0.993279755115509,0.9310921082076852,1
CNP0249355.0,CCC(C)C(N)C(=O)NC(C(=O)O)C(C)C,0,0.60889106644989,0.3911089335501099,0.997461199760437,0.9574291496372714,1
CNP0477446.0,CCCCC1=NC(Cl)=C(C(=O)O)N1CC1=CC=C(C2=CC=CC=C2C2=NNN=N2)C=C1,0,0.6726739992034111,0.3273260007965889,0.9991781115531921,0.9759143748312362,1
CNP0515721.0,CCCCC1=NC2(CCCC2)C(=O)N1CC1=CC=C(C2=CC=CC=C2C2=NN=NN2)C=C1,0,0.6046847662141781,0.395315233785822,0.999872088432312,0.9907292133019819,1
CNP0350127.1,CC[C@H](C)C(=O)O[C@H]1CCC=C2C=C[C@H](C)[C@H](CC[C@@H](O)C[C@@H](O)CC(=O)OC)C21,0,0.5986817071817072,0.4013182928182929,0.9928531050682068,0.9289906794331714,1
CNP0471463.0,CC1=NN=C2CN=C(C3=CC=CC=C3)C3=CC(Cl)=CC=C3N12,0,0.5851818574605577,0.4148181425394422,0.9860789179801941,0.9020542391134424,1
CNP0576578.0,OCC1=NN=C2CN=C(C3=CC=CC=C3Cl)C3=CC(Cl)=CC=C3N12,0,0.591553912896858,0.4084460871031419,0.9954925775527954,0.943368554792464,1
CNP0537279.0,CCCS(=O)(=O)CCC,0,0.7381545954045952,0.2618454045954046,0.9949254989624023,0.9399610621886867,1
CNP0105613.1,CCOC(=O)[C@H](C)CC,0,0.6763553684877217,0.3236446315122785,0.9985560774803162,0.9679464543207968,1
CNP0254991.1,N#CC[C@H](N)C(=O)O,0,0.7172601010101008,0.2827398989898989,0.9970598816871643,0.9541913962088088,1
CNP0076629.0,CCCCC(C)COC(=O)CCC,0,0.6575361044184573,0.3424638955815426,0.9998045563697815,0.9884639583342324,1
CNP0079769.0,CCC(C)COC(=O)CC(C)C,0,0.6688731562555094,0.3311268437444908,0.9994345307350159,0.9800973625391161,1
CNP0267875.0,CC(=O)OC(C)(C)C1CCC(C)CC1,0,0.6256639904213432,0.3743360095786567,0.9958874583244324,0.9458783673466477,1
CNP0303745.1,CC[C@H](C)COC(=O)[C@H](C)CC,0,0.6880748712072244,0.3119251287927758,0.999872088432312,0.9907295556635344,1
CNP0192849.1,C/C=C/SC[C@H](NC(=O)CC[C@H](N)C(=O)O)C(=O)O,0,0.6873291334119632,0.3126708665880367,0.9876680970191956,0.9075656177026717,1
CNP0174044.1,CC[C@H](C)COC(=O)C(C)C,0,0.7217371533695065,0.2782628466304936,0.9995517134666443,0.982326481878724,1
CNP0141795.1,CC[C@@](O)(C(=O)OC[C@H]1O[C@@H](O[C@H](C)[C@H](C)C#N)[C@H](O)[C@@H](O)[C@@H]1O)[C@@H](C)O,0,0.6015059331921033,0.3984940668078965,0.9991077780723572,0.9748864184461908,1
CNP0361197.3,C[C@H](O)[C@H](N)C(=O)O,0,0.7131208807532339,0.2868791192467662,0.9891397356987,0.9130350412249006,1
CNP0076878.1,CCC(=O)C[C@@H](C)CC,0,0.7531919485743016,0.2468080514256985,0.9888629913330078,0.9119767904457392,1
CNP0482962.1,N=C1C=CN([C@@H]2O[C@H](CO)[C@@H](O)[C@H]2O)C(O)=N1,0,0.6177895233851116,0.3822104766148884,0.9936327338218689,0.9328860735481888,1
CNP0076878.2,CCC(=O)C[C@H](C)CC,0,0.7531919485743016,0.2468080514256985,0.9888629913330078,0.9119767904457392,1
CNP0556308.1,O=C(O)C1=N[C@H]([C@@H](O)CO)C2NC3=CC=CC=C3C2=C1,0,0.6746953722273932,0.3253046277726069,0.9968137145042419,0.9523182142575318,1
CNP0132571.1,CC[C@@](O)(C(=O)OC[C@H]1O[C@@H](OC(C)C)[C@H](O)[C@@H](O)[C@@H]1O)[C@@H](C)O,0,0.5822118106479808,0.4177881893520193,0.9895234704017639,0.9145282057121915,1
CNP0584407.0,CCCCC(C)COC(=O)CC,0,0.634004302886656,0.3659956971133441,0.9994516968727112,0.9804069295334867,1
CNP0076747.0,CCCCC(C)C(CC)CCC,0,0.7271850388173918,0.2728149611826083,0.9953643083572388,0.9425785290559308,1
CNP0076048.0,CC(C)CC(C)CC(C)C,0,0.7917856742930273,0.2082143257069726,0.9854614734649658,0.9000082243521877,1
CNP0076214.0,COC(=O)CCC#N,0,0.727260212010212,0.2727397879897879,0.991658627986908,0.9234462463756868,1
CNP0264783.0,CCOS(=O)(=O)OCC,0,0.6863250654574184,0.3136749345425816,0.9900394082069397,0.9165839823136823,1
CNP0407855.1,CCC[C@@H](C)CC,0,0.7854722516046047,0.2145277483953954,0.9861676096916199,0.9023520378070072,1
CNP0258605.1,C/C=C/C1=CC(OC)=C(O[C@H](C)[C@H](OC(C)=O)C2=CC(OC)=C(OC)C(OC)=C2)C(OC)=C1,0,0.5328581418581418,0.4671418581418581,0.9970922470092773,0.9544435802398523,1
CNP0243356.1,CC(C)(O)[C@H]1CC[C@@](C)(C2[C@@H](O)C[C@@]3(C)[C@@H]4C[C@H](O)C5C(C)(C)[C@@H](O)CCC56CC46CC[C@]23C)O1,0,0.6638484504058034,0.3361515495941966,0.999362051486969,0.9788324311483627,1
CNP0141795.2,CC[C@@](O)(C(=O)OC[C@H]1O[C@@H](O[C@@H](C)[C@H](C)C#N)[C@H](O)[C@@H](O)[C@@H]1O)[C@@H](C)O,0,0.6015059331921033,0.3984940668078965,0.9991077780723572,0.9748864184461908,1
CNP0076241.0,CCCCC(C)CCC(=O)OC,0,0.6616939726939727,0.3383060273060272,0.9999480247497559,0.9941792639412121,1
CNP0231321.1,CC[C@H](C)CCC[C@H](C)CCC[C@@H](C)C(=O)O,0,0.6300136239749242,0.3699863760250758,0.9998692274093628,0.9906232219681402,1
CNP0303745.2,CC[C@H](C)COC(=O)[C@@H](C)CC,0,0.6880748712072244,0.3119251287927758,0.999872088432312,0.9907295556635344,1
CNP0532012.0,CC1CCC(C(C)C)C(OC(=O)C2OC(N3C=CC(=N)N=C3O)CS2)C1,0,0.6155893592546735,0.3844106407453263,0.998065173625946,0.9628511449215602,1
CNP0532146.1,NC(=O)NC[C@H](N)C(=O)O,0,0.6457232515625009,0.3542767484374989,0.9907792806625366,0.9196368640900208,1
CNP0187792.2,CC[C@H](C)C(=O)O,0,0.6890905777229308,0.3109094222770693,0.9895675778388977,0.9147016428056655,1
CNP0184855.0,CCCCC(=O)OC,0,0.6901672771672771,0.3098327228327228,0.9874950051307678,0.9069469271770231,1
CNP0138362.1,COC1=CC2=C(C=C1OC)[C@@H]1C(=O)C3=CC=C4O[C@@H](C(C)(C)O)CC4=C3O[C@@H]1CO2,0,0.6086190476190476,0.3913809523809524,0.9989535808563232,0.9727688738067101,1
CNP0141795.3,CC[C@@](O)(C(=O)OC[C@H]1O[C@@H](O[C@@H](C)[C@@H](C)C#N)[C@H](O)[C@@H](O)[C@@H]1O)[C@@H](C)O,0,0.6015059331921033,0.3984940668078965,0.9991077780723572,0.9748864184461908,1
CNP0102675.1,CC1CCC=C(C(=O)O)C12CC[C@@H](C(C)(C)O)C2,0,0.6015671553033256,0.3984328446966745,0.9996968507766724,0.9855396677080419,1
CNP0337843.2,CC[C@@H](C)[C@@H](N)C(=O)O,0,0.6770916599740129,0.322908340025987,0.9959372282028198,0.9462039425133485,1
CNP0506157.1,CC(=O)N[C@H](COC(=O)[C@H](CC1=CC=CC=C1)NC(=O)C1=CC=CC=C1)CC1=CC=CC=C1,0,0.5402712842712843,0.4597287157287157,0.996727705001831,0.9516820869223925,1
CNP0113379.1,C[C@]12C(=O)C[C@H]3[C@@H](C=CC4=CC(=O)CC[C@@]43C)[C@@H]1CC[C@@H]2[C@H](O)CO,0,0.5590841920172624,0.4409158079827375,0.997718334197998,0.9596455855076613,1
CNP0235877.0,CCCC(=O)OCCC(C)CC,0,0.6766277350100881,0.323372264989912,0.9998155236244202,0.9888012266999346,1
CNP0566350.1,CCSC[C@H](N)C(=O)O,0,0.7218371502992906,0.2781628497007094,0.9924222826957703,0.9269366202929085,1
CNP0599485.0,CC(C)CCCC(C)CCC(C)C,0,0.7294866231979236,0.2705133768020765,0.9982227683067322,0.9644062140872817,1
CNP0086282.0,CCOC(C)CC,0,0.7772730325230326,0.2227269674769674,0.9965043067932129,0.9500689956269582,1
CNP0243356.2,CC(C)(O)[C@@H]1CC[C@](C)([C@@H]2[C@@H](O)C[C@@]3(C)[C@@H]4C[C@H](O)[C@H]5C(C)(C)[C@@H](O)CC[C@@]56C[C@@]46CC[C@]23C)O1,0,0.6638484504058034,0.3361515495941966,0.999362051486969,0.9788324311483627,1
CNP0243356.3,CC(C)(O)[C@H]1CC[C@@](C)([C@H]2[C@@H](O)C[C@@]3(C)[C@@H]4C[C@H](O)[C@H]5C(C)(C)[C@@H](O)CC[C@@]56CC46CC[C@]23C)O1,0,0.6638484504058034,0.3361515495941966,0.999362051486969,0.9788324311483627,1
CNP0318638.0,COC(=O)CCC(C)C,0,0.7441352258852258,0.2558647741147741,0.9901435375213623,0.9170055216048232,1
CNP0190677.0,CCOC(=O)CS(=O)(=O)Cl,0,0.6369113957937489,0.3630886042062512,0.9992813467979431,0.9775054519168638,1
CNP0105613.2,CCOC(=O)[C@@H](C)CC,0,0.6763553684877217,0.3236446315122785,0.9985560774803162,0.9679464543207968,1
CNP0084329.0,CCOC(=O)CCC(C)C,0,0.6932958446781978,0.3067041553218023,0.9938714504241943,0.9341302877264511,1
CNP0243222.1,CC[C@@H](N)C(=O)O,0,0.6885505899329429,0.311449410067057,0.9928520321846008,0.928985810576078,1
CNP0291639.1,CC(C)CC(=O)C[C@H](C)[C@H]1CC=C(C(=O)O)CC1,0,0.6952201426024955,0.3047798573975044,0.9930400848388672,0.9299035211948286,1
CNP0258429.1,CC[C@H](C)CC(=O)O,0,0.7219807153630684,0.2780192846369317,0.9860627055168152,0.9019997753434517,1
CNP0243356.4,CC(C)(O)[C@H]1CC[C@@](C)([C@H]2[C@@H](O)C[C@@]3(C)[C@@H]4C[C@H](O)[C@H]5C(C)(C)[C@@H](O)CC[C@@]56C[C@@]46CC[C@]23C)O1,0,0.6638484504058034,0.3361515495941966,0.999362051486969,0.9788324311483627,1
CNP0224486.0,CCOC(=O)CC(C)C,0,0.6630816699640231,0.3369183300359771,0.9899444580078125,0.9162008781579905,1
CNP0268660.1,CC1=C2N=C(O1)[C@H](C)/N=C(\O)C1=CSC(=N1)[C@@H](C(C)C)/N=C(\O)C1=CSC(=N1)C/N=C/2O,1,0.4695927775123427,0.5304072224876574,0.9999681711196899,0.9954895637540401,1
CNP0361197.4,C[C@H](O)[C@@H](N)C(=O)O,0,0.7131208807532339,0.2868791192467662,0.9891397356987,0.9130350412249006,1
CNP0238154.1,COC1=CC([C@@H](O)[C@H]2C(=O)OC[C@@H]2CC2=CC=C3OCOC3=C2)=CC(OC)=C1OC,0,0.5851341877877493,0.4148658122122506,0.9929242134094238,0.9293359728836901,1
CNP0346822.1,COC1=C2C[C@@H](C(C)(C)O[C@@H]3O[C@H](CO)[C@@H](O)[C@H](O)[C@H]3O)OC2=CC2=C1C(=O)C=C(C)O2,0,0.6335158793820557,0.3664841206179441,0.9904850721359253,0.9184072611617207,1
CNP0178107.1,CC1(C)[C@@H](O)CC[C@]2(C)[C@H]3C(=O)C=C4[C@]56C[C@](C)(C(=O)O5)[C@H](O)C[C@]6(C)CC[C@@]4(C)[C@]3(C)CC[C@@H]12,0,0.5420635059981523,0.4579364940018474,0.986386775970459,0.9030930042415576,1
CNP0061619.1,CC[C@@H](C)[C@@H](C)O,0,0.7703196542020073,0.2296803457979928,0.9990662932395935,0.9742996087905085,1
CNP0407367.0,CCC(SC)C(=O)OC,0,0.6844729173100573,0.3155270826899424,0.9976180195808411,0.9587659992195067,1
CNP0337843.3,CC[C@@H](C)[C@H](N)C(=O)O,0,0.6770916599740129,0.322908340025987,0.9959372282028198,0.9462039425133485,1
CNP0162708.1,CC[C@@H](O)C(=O)O,0,0.7461905055728585,0.2538094944271415,0.9888671040534973,0.9119922992004929,1
CNP0243356.5,CC(C)(O)[C@H]1CC[C@](C)([C@H]2[C@@H](O)C[C@@]3(C)[C@@H]4C[C@H](O)[C@H]5C(C)(C)[C@@H](O)CC[C@@]56C[C@@]46CC[C@]23C)O1,0,0.6638484504058034,0.3361515495941966,0.999362051486969,0.9788324311483627,1
CNP0158331.1,C/C=C/SC[C@H](N)C(=O)O,0,0.7541170370791771,0.2458829629208227,0.9987420439720154,0.9701042502502781,1
CNP0204627.1,CCCOC(=O)[C@H](C)CC,0,0.6618831462654994,0.3381168537345008,0.9924319982528687,0.9269823169610154,1
CNP0076942.0,CCC(C)CCC(=O)OC,0,0.7162239704739706,0.2837760295260295,0.9993987083435059,0.9794632595583525,1
CNP0330262.1,CC[C@@H](C)C(=O)OCCC(C)C,0,0.6918191127812531,0.308180887218747,0.9984863996505737,0.9671744426960242,1
CNP0316485.0,CCC(C)CC,0,0.7930025546349075,0.2069974453650924,0.9867247343063354,0.9042492553651903,1
CNP0243356.6,CC(C)(O)[C@@H]1CC[C@](C)([C@H]2[C@@H](O)C[C@@]3(C)[C@@H]4C[C@H](O)[C@H]5C(C)(C)[C@@H](O)CC[C@@]56C[C@@]46CC[C@]23C)O1,0,0.6638484504058034,0.3361515495941966,0.999362051486969,0.9788324311483627,1
CNP0238154.2,COC1=CC([C@@H](O)[C@@H]2C(=O)OC[C@H]2CC2=CC=C3OCOC3=C2)=CC(OC)=C1OC,0,0.5851341877877493,0.4148658122122506,0.9929242134094238,0.9293359728836901,1
CNP0234032.0,CCOC(=O)CC(C)(C)O,0,0.671419165801519,0.3285808341984813,0.9889708757400513,0.912387301644107,1
CNP0167247.1,C/C=C\C1=CC=C(O[C@H](C)[C@H](OC(C)=O)C2=CC=C(OC)C(OC)=C2)C(OC)=C1,0,0.7410489926739926,0.2589510073260073,0.9903894066810608,0.9180116214447053,1
CNP0134856.1,C[C@@H](O)[C@H]1CC[C@H]2[C@@H]3C=CC4=CC(=O)CC[C@]4(C)[C@H]3CC(=O)[C@]12C,0,0.5449498292869693,0.4550501707130306,0.9987820982933044,0.970591002392729,1
CNP0161853.1,CCCC[C@H](C)CC,0,0.7496511282834813,0.2503488717165187,0.9996733665466309,0.984975785161052,1
CNP0141436.0,CCCCC(=O)OCCC(C)C,0,0.6648701037524567,0.3351298962475432,0.9952804446220398,0.9420684618678896,1
CNP0407855.2,CCC[C@H](C)CC,0,0.7854722516046047,0.2145277483953954,0.9861676096916199,0.9023520378070072,1
CNP0076780.0,CCCC(C)CCCC(C)CC,0,0.6396668873781877,0.3603331126218125,0.9986652135848999,0.9691941807910283,1
CNP0084063.0,CC(CC(=O)O)CC(C)C(=O)O,0,0.7461233292850941,0.253876670714906,0.999605119228363,0.9834381387899878,1
CNP0547186.0,CCCC(C)CCCC(C)C,0,0.6720406247519252,0.327959375248075,0.9994953870773315,0.9812229959471596,1
CNP0258429.2,CC[C@@H](C)CC(=O)O,0,0.7219807153630684,0.2780192846369317,0.9860627055168152,0.9019997753434517,1
CNP0203381.0,CCC(C)CCCC(C)CC,0,0.7646158302481834,0.2353841697518167,0.9981886744499207,0.9640646407170318,1
CNP0576156.0,CCCCC(C)C(C)O,0,0.7360104356427887,0.2639895643572114,0.9856583476066589,0.9006549672358817,1
CNP0341880.1,CC(=O)CCC[C@H](C)CCCC(C)C,0,0.7245900181689656,0.2754099818310345,0.9966782331466675,0.951319867339665,1
CNP0084871.1,CCCC[C@H](CC)COC(C)=O,0,0.6564209446739874,0.3435790553260127,0.9946556091308594,0.9384104824457759,1
CNP0398899.1,C[C@H](O)[C@@](O)(C(=O)OC[C@@H]1CCN2CCC[C@@H]12)C(C)(C)O,0,0.6392308802308803,0.3607691197691198,0.9925045967102051,0.9273242119140781,1
CNP0085923.0,CCC(C)CCCC(=O)O,0,0.764175354057707,0.235824645942293,0.9866077899932861,0.9038471333164184,1
CNP0229015.1,CC[C@H](C)CC(C)C,0,0.7808776501276502,0.2191223498723498,0.9957619309425354,0.94506710663235,1
CNP0576758.0,N=C1N=C(O)C2=NC(C(=O)O)=CN=C2N1,0,0.7121139154962687,0.2878860845037315,0.9986039996147156,0.9684880407528453,1
CNP0161389.1,CCC(=O)OC[C@@H](C)CC,0,0.6941718020541552,0.305828197945845,0.9989681243896484,0.9729602383828435,1
CNP0162708.2,CC[C@H](O)C(=O)O,0,0.7461905055728585,0.2538094944271415,0.9888671040534973,0.9119922992004929,1
CNP0604172.0,CCOC(C)C,0,0.7539754134754135,0.2460245865245865,0.9948418736457825,0.9394758986529956,1
CNP0302017.1,COC1=C2C[C@H](C(C)(C)O)OC2=CC2=C1C(=O)C=C(C(=O)O)O2,0,0.6648880168335277,0.3351119831664724,0.9870170950889587,0.9052624015174017,1
CNP0243222.3,CC[C@H](N)C(=O)O,0,0.6885505899329429,0.311449410067057,0.9928520321846008,0.928985810576078,1
CNP0161853.2,CCCC[C@@H](C)CC,0,0.7496511282834813,0.2503488717165187,0.9996733665466309,0.984975785161052,1
CNP0243356.7,CC(C)(O)[C@H]1CC[C@@](C)([C@H]2[C@@H](O)C[C@@]3(C)[C@@H]4C[C@H](O)C5C(C)(C)[C@@H](O)CCC56CC46CC[C@]23C)O1,0,0.6638484504058034,0.3361515495941966,0.999362051486969,0.9788324311483627,1
CNP0254795.1,CC(C)CCC[C@@H](C)CCC[C@@H](C)CCC[C@@](C)(O)[C@H](O)CO,0,0.6910770605383612,0.3089229394616392,0.9983127117156982,0.9653252838113472,1
CNP0238154.3,COC1=CC([C@H](O)[C@H]2C(=O)OC[C@@H]2CC2=CC=C3OCOC3=C2)=CC(OC)=C1OC,0,0.5851341877877493,0.4148658122122506,0.9929242134094238,0.9293359728836901,1
CNP0217543.1,CCO[C@H]1O[C@@H](CCC(C)=O)[C@@]2(C)CC[C@H](C(C)C)[C@@H]12,0,0.6610650199473729,0.338934980052627,0.9928016662597656,0.928741949611974,1
CNP0280737.1,CC[C@@H](O)C[C@H]1CC[C@@H]([C@H](C)C(=O)O[C@@H](C)C[C@@H]2CC[C@H]([C@@H](C)C(=O)O)O2)O1,0,0.5859178839864072,0.4140821160135929,0.9999418258666992,0.9938308660232688,1
CNP0203298.3,NC1=NC(=O)N([C@@H]2O[C@H](CO)[C@@H](O)[C@H]2O)C=C1,1,0.4317446462376352,0.5682553537623647,0.9997780919075012,0.9876815105723767,1
CNP0183808.0,NC1=NC2=C(N=C(CNC3=CC=C(C(=O)O)C=C3)CN2)C(=O)N1,0,0.6686672077922079,0.3313327922077922,0.9909366965293884,0.9203034473564056,1
CNP0344478.0,CCC(C)(CC)CC(C)OC(=O)C(C)C,0,0.6940188439011971,0.3059811560988031,0.9950360655784607,0.9406090272741046,1
CNP0344540.0,CCCC(CC(C)CCCC(C)C)N=O,0,0.6676196875020405,0.3323803124979595,0.9999903440475464,0.9975656179429068,1
CNP0195337.1,CC(=O)C[C@@H](C#N)CC(C)C,0,0.648210457842811,0.3517895421571891,0.9901629686355591,0.9170844003203825,1
CNP0189240.0,COCC(COC)(COC)COC(C)C,0,0.7285627150627151,0.2714372849372848,0.9990735054016113,0.9744012649269005,1
CNP0332537.0,O=C(NCC1(C2=CC=C(Cl)C=C2)CCCCC1)C1=CC=CC2=NC(CSC3=NNN=N3)=CN12,0,0.5788962842712843,0.4211037157287158,0.9947698712348938,0.9390620182140161,1
CNP0181013.0,COCC(C)(COC)COC(C)C,0,0.7962055722055724,0.2037944277944278,0.997528612613678,0.9579982988635929,1
CNP0334249.1,CC(C(=O)O)C1CCC2C3C=CC4=CC(=O)CC[C@]4(C)C3CC(=O)[C@]12C,0,0.5135212578583981,0.4864787421416019,0.9992934465408325,0.9776996617778374,1
CNP0201888.1,CC1=CC=C(S(=O)(=O)NC2(C(=O)N[C@H](C)C(=O)OC(C)(C)C)CCCCC2)C=C1,0,0.6092799700299701,0.3907200299700299,0.9991635084152222,0.9756967905954436,1
CNP0361620.1,CC1CCN(C2=NC3=C(N)N=CN=C3N2[C@@H]2O[C@H](CO)[C@@H](O)[C@H]2O)CC1,0,0.5241568619943441,0.475843138005656,0.9987623691558838,0.9703497814588387,1
CNP0362856.1,CC1=CC=C(S(=O)(=O)N[C@@H](CO)C(=O)N[C@@H](CC2=CC=C(O)C=C2)C(=O)O)C=C1,1,0.4653666333666335,0.5346333666333666,0.9947547912597656,0.9389750307782692,1
CNP0388689.1,CCC(C)[C@H](NC(=O)[C@@H]1N2C(=O)C[C@H]2S(=O)(=O)C1(C)C)C(=O)O,0,0.6635789738297475,0.3364210261702521,0.9945776462554932,0.9379704765558947,1
CNP0396505.0,COC1=CC2=C(C=C1OC)C1=C(C2)C(C(=O)NC2=CC=C(C(=O)O)C=C2)=NN1C,0,0.5731970767544672,0.4268029232455329,0.9962753057479858,0.9484708016728858,1
CNP0111849.0,COC1=CC=C(C2=CC(C(=O)NC3=C4CCN(C)CC4=C(OC)C4=C3OCO4)=NO2)C=C1Cl,1,0.4701474669973391,0.529852533002661,0.9997598528862,0.9871711388986982,1
CNP0325258.1,CC1CCN(C2=NC3=C(N=C(N)NC3=O)N2[C@@H]2O[C@H](CO)[C@@H](O)[C@H]2O)CC1,0,0.5160066738816738,0.4839933261183262,0.9996802806854248,0.9851375476916736,1
CNP0304820.1,CC(C)[C@H](NC(=O)OC(C)(C)C)C(=O)NC[C@H]1CC[C@H](C(=O)N[C@H](C(=O)O)C(C)O)CC1,0,0.5199283098738207,0.4800716901261793,0.9887162446975708,0.9114214629691636,1
CNP0369812.1,C[C@H](NC(N)=O)C(=O)O,0,0.6998109961933493,0.3001890038066508,0.9892224073410034,0.9133543977525838,1
CNP0304820.2,CC(O)[C@H](NC(=O)[C@H]1CC[C@H](CNC(=O)[C@H](NC(=O)OC(C)(C)C)C(C)C)CC1)C(=O)O,0,0.5199283098738207,0.4800716901261793,0.9887162446975708,0.9114214629691636,1
CNP0396252.0,COC1=C2CN(C)CCC2=C(NC(=O)C2=CC(S(=O)(=O)N(C)C)=CC=C2Cl)C2=C1OCO2,0,0.5748603535353536,0.4251396464646464,0.9995110034942627,0.9815221984184724,1
CNP0397587.0,COC1=C2CN(C)CCC2=C(S(=O)(=O)NC(C)(C)CO)C2=C1OCO2,0,0.6905631606955136,0.3094368393044863,0.9924048781394958,0.9268547682516348,1
CNP0368902.0,O=C(O)C1=CC=C(NC2=NC=NC3=C2C=NN3)C=C1,0,0.5846594976918508,0.4153405023081493,0.999121367931366,0.975082385250377,1
CNP0365583.1,O=C1NC=NC2=C1N=C(N1CCCCC1)N2[C@@H]1O[C@H](CO)[C@@H](O)[C@H]1O,0,0.5666317865141394,0.4333682134858606,0.9884280562400818,0.9103417528674067,1
CNP0171574.0,COC1=C2CN(C)CCC2=C(S(=O)(=O)NCCC2=CNC3=CC=C(Cl)C=C23)C2=C1OCO2,0,0.6149214968038499,0.3850785031961502,0.9999843835830688,0.9968818908505409,1
CNP0224864.1,CC(C)C1OCCN1C[C@@H]1COC2(CCCCC2)O1,0,0.6799431146195851,0.3200568853804148,0.9956270456314087,0.944209643975063,1
CNP0288223.1,CC(C)[C@H](NC(=O)OC(C)(C)C)C(=O)NC[C@H]1CC[C@H](C(=O)N2CCC[C@H]2C(=O)O)CC1,1,0.4696832216287324,0.5303167783712676,0.996454119682312,0.9497142490468438,1
CNP0389017.1,CCC(C)[C@H](NC(=O)[C@H]1CC[C@H](CNC(=O)[C@@H](NC(=O)OC(C)(C)C)C(C)CC)CC1)C(=O)O,0,0.5449138798593905,0.4550861201406094,0.9984444975852966,0.966718569749667,1
CNP0374918.1,CCC(C)[C@H](NC(=O)OC(C)(C)C)C(=O)NC[C@H]1CC[C@H](C(=O)N[C@H](C(=O)O)C(C)O)CC1,0,0.5225653950109058,0.4774346049890942,0.9993888139724731,0.9792915631151742,1
CNP0273094.1,CC[C@@H](C)[C@@H](NC(C)=O)C(=O)O,0,0.6377577422577423,0.3622422577422576,0.9995761513710022,0.9828273986076052,1
CNP0365374.1,CC1=CC=C(S(=O)(=O)N[C@@H](CC2=CC=CC=C2)C(=O)N2CCC[C@@H]2C(=O)O)C=C1,1,0.4614397546897546,0.5385602453102453,0.9999083280563354,0.992196488363751,1
CNP0272803.0,COC1=CC(C(=O)O)=CC(C)=C1C=CC(C)O,0,0.6747661619426326,0.3252338380573675,0.9856697916984558,0.9006931046518577,1
CNP0226238.1,CCC(C)C(CC(O)CC(=O)O)O[C@@H]1O[C@@H](CO)[C@H](O)[C@H]1O,0,0.6894884510913922,0.3105115489086077,0.9993314743041992,0.978320420034319,1
CNP0141293.2,CC[C@H](O)C[C@@H]1CC[C@H]([C@@H](C)C(=O)O)O1,0,0.6039582455855923,0.3960417544144078,0.9996058344841003,0.9834541188101614,1
CNP0130920.1,COC(=O)CCC1=CC=C2OC(C(C)(C)O)CC2=C1O[C@@H]1O[C@H](CO)[C@@H](O)[C@H](O)[C@H]1O,0,0.641267237501061,0.3587327624989388,0.9947891235351562,0.9391722681969479,1
CNP0376604.0,CCC(C(=O)O)C(C)O,0,0.7305977927301457,0.2694022072698543,0.9999552965164185,0.9946194004198784,1
CNP0087176.1,C[C@@H](O)[C@H](N)C(=O)N[C@H](C(=O)O)[C@@H](C)O,0,0.6102677061500592,0.3897322938499409,0.9990406632423401,0.9739431502960342,1
CNP0084727.0,CCC(C)CC(C)CCCC(C)C,0,0.7618030596854127,0.2381969403145873,0.9995550513267517,0.9823949678034581,1
CNP0305309.0,CCCCC(=O)OCC,0,0.6944689493513024,0.3055310506486977,0.9935520887374878,0.9324719432490227,1
CNP0238334.0,CCCC(C)C(C)CCCC(C)C,0,0.7464144760468291,0.253585523953171,0.9918013215065002,0.9240847906635147,1
CNP0082293.1,COC(=O)C[C@@H](N)C(=O)O,0,0.647591380841381,0.3524086191586191,0.9907315373420715,0.9194358999627202,1
CNP0083059.0,CCCC(C)CC(C)CC,0,0.7510317754141286,0.2489682245858716,0.9857544898986816,0.900972839412908,1
CNP0346887.0,CC(C)CCCC(C)C(=O)O,0,0.7303366094689623,0.2696633905310376,0.9877057671546936,0.9077011687671608,1
CNP0207481.1,CC[C@@](C)(O)[C@@H](O)C(=O)O,0,0.7189779681103211,0.2810220318896789,0.9936834573745728,0.9331485213638833,1
CNP0229169.0,CC(CCC(=O)O)CC(C)C(=O)O,0,0.7178084497202145,0.2821915502797855,0.999119222164154,0.9750503316913025,1
CNP0346940.1,CC(C)[C@H](NC(=O)[C@@H](N)[C@@H](C)O)C(=O)O,0,0.6241052411640647,0.3758947588359353,0.9985911250114441,0.9683411987818615,1
CNP0083830.1,CC(C)CC(=O)N[C@@H](C)C(=O)O,0,0.6367353202353203,0.3632646797646797,0.9962641596794128,0.9483947921412511,1
CNP0227121.1,CO[C@@](C)(CCCC(C)C)C1=CC=C(C(=O)O)C=C1O,0,0.6492822510822512,0.3507177489177489,0.9958070516586304,0.9453573458442193,1
CNP0346913.1,CC[C@H](C)[C@H](NC(=O)[C@@H](N)CO)C(=O)O,0,0.5144932306255836,0.4855067693744164,0.9930943250656128,0.9301703757542977,1
CNP0083688.0,O=C(O)CC1(C(=O)O)CCCCC1,0,0.8135525740599268,0.186447425940073,0.9913468956947327,0.9220714763385374,1
CNP0085062.1,C[C@H](C[C@@H](O)[C@@H](O)C(C)(C)O)[C@H]1CC[C@@]2(C)[C@@H]3[C@@H](O)C[C@H]4C(C)(C)C(=O)CC[C@@]45C[C@@]35CC[C@]12C,0,0.6759051472058648,0.3240948527941353,0.9895392060279846,0.9145902077713116,1
CNP0292075.1,CC(C)[C@H](N)C(=O)N[C@H](C(=O)O)[C@@H](C)O,0,0.673529610911964,0.3264703890880361,0.9892637133598328,0.9135143942564701,1
CNP0412053.0,COC1=CC(C(CC(=O)NC(CC2=CC=CC=C2)C2=NC=NN2)C2=C(O)C(=O)C=C(C)O2)=CC=C1O,1,0.461475202333898,0.5385247976661018,0.9991002082824707,0.9747777968116701,1
CNP0414721.0,CC(=O)N1CC2=C(C1=O)C(C1=CC=C(Cl)C=C1Cl)C1=CNC3=C1C(=CC=C3)N2,0,0.5044271060896448,0.4955728939103553,0.9866061806678772,0.9038418311966708,1
CNP0414492.1,COCC1=CC(C)=NC(N2N=C(C)C3=C2C=C2OC4=C(C(C)=O)C(O)=C(C)C(O)=C4[C@@]2(C)C3=O)=N1,0,0.5626605222734256,0.4373394777265744,0.9992703795433044,0.9773323929532081,1
CNP0298216.0,O=C(CCNC1=NC=NC2=C1N=CN2)NCCC1=CNC2=CC=C(Cl)C=C12,0,0.6403274947274946,0.3596725052725052,0.9925428628921509,0.9275050118944242,1
CNP0361315.1,NC1=NC2=C(N=C(Br)N2[C@@H]2O[C@H](CO)[C@@H](O)[C@H]2O)C(=O)N1,0,0.6838602941176471,0.3161397058823529,0.9988677501678467,0.971656218138109,1
CNP0381540.1,O=C(O)[C@H](NS(=O)(=O)C1=CC=CC=C1)[C@@H](O)C1=CC=CC=C1,0,0.7010251415251413,0.2989748584748584,0.9969717264175415,0.9535114694982582,1
CNP0412197.0,COC1=CC(C(CC(=O)NC2CCS(=O)(=O)C2)C2=C(O)C(=O)C=C(C)O2)=CC=C1O,0,0.650419539610716,0.3495804603892839,0.9983997941017151,0.9662394540507117,1
CNP0412259.0,COC1=C2CN(C)CCC2=C(S(=O)(=O)N2CCN(C(=O)C(C)C)CC2)C2=C1OCO2,0,0.6169398237696109,0.383060176230389,0.9981623291969299,0.9638019479272797,1
CNP0362872.1,CSC1=NC2=C(N=CNC2=O)N1[C@@H]1O[C@H](CO)[C@@H](O)[C@H]1O,0,0.569933553895694,0.430066446104306,0.9895490407943726,0.9146287612892221,1
CNP0380396.1,NC1=NC2=C(N=C(SCC3=CC=C(Cl)C=C3)N2[C@@H]2O[C@H](CO)[C@@H](O)[C@H]2O)C(=O)N1,0,0.6719814847230368,0.3280185152769634,0.9998358488082886,0.9894563850011395,1
CNP0187181.1,O=C1NC=NC2=C1N=C(NCC1=CC=CC=C1)N2[C@@H]1O[C@H](CO)[C@@H](O)[C@H]1O,0,0.6328344710844711,0.3671655289155289,0.9895392060279846,0.9145900427714301,1
CNP0546195.1,NC1=NC(=O)NC2=C1N=CN2[C@@H]1O[C@H](CO)[C@@H](O)[C@H]1O,0,0.5683084733893556,0.4316915266106443,0.9917090535163879,0.9236710083055181,1
CNP0084850.0,CCC(C)CC(C)(C)CC,0,0.7115884687208218,0.2884115312791783,0.9982770681381226,0.9649580475225811,1
CNP0290048.1,CC[C@@H](C)[C@@H](O)C(=O)O,0,0.6783113569437101,0.3216886430562901,0.9999114274978638,0.9923325199822095,1
CNP0085368.1,CC[C@@H]1OC(CC(C)C)O[C@H]1C,0,0.6819447072535307,0.3180552927464691,0.9902034997940063,0.9172499510214985,1
CNP0225305.1,CC[C@H](C)[C@H](NC(=O)CC[C@H](N)C(=O)O)C(=O)O,0,0.6346496865203761,0.3653503134796238,0.9954355359077454,0.9430157904360401,1
CNP0206703.1,C=C1/C(=C\C=C2/CCC[C@]3(C)[C@@H]([C@H](C)CC(O)C(=O)C(C)(C)O)CC[C@@H]23)C[C@@H](O)C[C@@H]1O,0,0.5845964052287581,0.4154035947712418,0.9876563549041748,0.9075237381655151,1
CNP0082165.1,C=C1/C(=C\C=C2/CCC[C@]3(C)[C@@H]([C@H](C)C[C@H](O)CC(C)(C)O)CC[C@@H]23)C[C@@H](O)C[C@@H]1O,0,0.6175964052287582,0.3824035947712418,0.9892919659614563,0.9136238940775245,1
CNP0272277.1,CCC(C)C1O[C@@H](C)[C@H](CC)O1,0,0.6962984059134957,0.3037015940865045,0.9993311166763306,0.9783146268610006,1
CNP0356137.1,CS(=O)(=O)CC[C@H](N)C(=O)O,0,0.6576307026307027,0.3423692973692974,0.9967319965362549,0.9517132557977881,1
CNP0404610.0,COC1=CC(C2=C3C=NNC3=NC3=C2OC2=CC(O)=CC=C23)=CC2=C1OCO2,0,0.6505602806646285,0.3494397193353715,0.9969370365142822,0.9532472022796784,1
CNP0291983.0,COC1=CC(C2=C3C=NNC3=NC3=C2OC2=CC(O)=CC=C23)=CC(OC)=C1O,0,0.7140637212460742,0.2859362787539258,0.985481321811676,0.9000728699925841,1
CNP0137621.0,COC1=C2C=C(C(=O)C3=CC=C4OCCCOC4=C3)N(C)CCC2=C(Br)C2=C1OCO2,0,0.6371052336552336,0.3628947663447663,0.9989399313926697,0.9725891478219649,1
CNP0411463.1,COC1=CC(C(CC(=O)N[C@H](C)C2=NN=C3C=CC=CN23)C2=C(O)C(=O)C=C(C)O2)=CC=C1O,0,0.6528928571428572,0.3471071428571427,0.9973304271697998,0.9563462076590745,1
CNP0404114.0,CC(C)CC1=C2C=NNC2=NC2=C1OC1=CC(O)=CC=C12,0,0.68621100150205,0.3137889984979498,0.9924125075340271,0.9268907625655172,1
CNP0364275.1,COC(=O)[C@@H](CC1=CC=CC=C1)NC(=O)C1(NC(=O)OC(C)(C)C)CCCCC1,1,0.4617420634920635,0.5382579365079364,0.996778666973114,0.95205838926529,1
CNP0171277.1,C[C@@H](NC(=O)OC(C)(C)C)C(=O)NC[C@H]1CC[C@H](C(=O)N2CCC[C@H]2C(=O)O)CC1,0,0.5015800470255578,0.4984199529744422,0.9875317215919495,0.9070777002902289,1
CNP0369480.0,O=C(O)C1=CC=CC(NC2=NC=NC3=C2C=NN3CC2=CC=CC=C2)=C1,0,0.6695284992784994,0.3304715007215006,0.9951776266098022,0.9414495865534894,1
CNP0221706.0,COC1=C2CN(C)CCC2=C(S(=O)(=O)N2CCN(C(=O)CC(C)C)CC2)C2=C1OCO2,0,0.549914738039738,0.4500852619602619,0.9951184988021851,0.9410965056377008,1
CNP0128824.0,COC1=CC2=C(COC(=O)C23CCCC3)C(Br)=C1OC,0,0.6837184009511377,0.3162815990488625,0.9893295168876648,0.9137696659297895,1
CNP0278305.0,O=S1(=O)CCCC1,0,0.7810967798541328,0.2189032201458672,0.9859341979026794,0.9015698629366701,1
CNP0167817.1,COC1=C(Br)C=C(Br)C(CCN(C)C[C@H](C)O)=C1Br,0,0.7145900560224089,0.285409943977591,0.9951795339584351,0.941461126051589,1
CNP0018342.0,COCC1=CC=C(C2=NC(C(=O)O)=CC3=C2NC2=CC=CC=C23)O1,0,0.6086584965219792,0.3913415034780207,0.9961370825767517,0.947531410567391,1
CNP0190787.0,COC(=O)C(C)C1CCC(CC(C)O)O1,0,0.6093779047749636,0.3906220952250364,0.9952623844146729,0.9419595298441157,1
CNP0308552.1,CC[C@H](O)CC(=O)O,0,0.714185260817614,0.2858147391823862,0.988590657711029,0.9109490493206719,1
CNP0414710.0,CCOC(=O)CCS(C)(=O)=O,0,0.6372575757575758,0.3627424242424242,0.9979900121688843,0.9621336648104603,1
CNP0411958.1,CCOC(=O)[C@H](CC1=CC=C(O)C=C1)NC(C)=O,1,0.4659019607843138,0.5340980392156862,0.9993807077407837,0.9791510654565246,1
CNP0018012.0,CCC(C)CCCC(C)CCC(=O)O,0,0.6790515027628031,0.3209484972371969,0.9948434829711914,0.9394853933586867,1
CNP0017888.0,NC1=NC=C2N=CN(C3OC(CO)C(O)C3O)C2=N1,0,0.5243209131080199,0.4756790868919801,0.9868403673171997,0.9046484369227141,1
CNP0017829.1,CCOC(=O)C[C@@H](O)CC,0,0.6783066671890202,0.3216933328109799,0.9989458918571472,0.9726665069815521,1
CNP0246890.1,COC1=CC=C(Br)C(CCN(C)C[C@H](C)O)=C1Br,0,0.747254302886656,0.2527456971133441,0.9885669946670532,0.9108606238678452,1
CNP0400337.1,CC[C@@H](C)[C@H](NC(=O)NC(C)C)C(=O)OC,0,0.6500255316578845,0.3499744683421154,0.99847012758255,0.9669959539748494,1
CNP0151315.1,CCCCN1CC(=O)N2CC(C3=CC=C(OC(C)C)C(OC)=C3)C3=C(NC4=CC=CC=C34)[C@@]2(C)C1=O,0,0.5062536075036074,0.4937463924963925,0.9946051239967346,0.9381252745684968,1
CNP0151465.0,COC1=CC=C(C2=C3OC4=CC(O)=CC=C4C3=NC3=C2C(=O)NN3C(C)C)C=C1O,0,0.6557494127475552,0.3442505872524449,0.987800121307373,0.9080411382188027,1
CNP0379778.1,C[C@H](NC(=O)NC1=CC=C(C(=O)O)C=C1)C(=O)O,0,0.665575393673264,0.3344246063267361,0.9973010420799255,0.9561069447129631,1
CNP0369661.0,O=C(O)C1=CC=CC(NC2=NC=NC3=C2C=NN3)=C1,0,0.6466776723276724,0.3533223276723275,0.9992966651916504,0.9777522866117,1
CNP0289625.0,COC1=CC=C(C2=C3OC4=CC(O)=CC=C4C3=NC3=C2C(=O)NN3C(C)C)C(OC)=C1OC,0,0.6621327460808886,0.3378672539191115,0.9981654286384583,0.9638322146027315,1
CNP0399976.0,COC1=CC(C2=C3OC4=CC(O)=CC=C4C3=NC3=C2C(=O)NN3C(C)C)=CC(OC)=C1OC,0,0.5961898889380314,0.4038101110619687,0.9991849064826965,0.9760164828895384,1
CNP0317963.1,CC1=CC=C(S(=O)(=O)N[C@@H](CC(C)C)C(=O)N2CCC(C(=O)N3CCC[C@H]3C(=O)O)CC2)C=C1,0,0.5036217948717947,0.4963782051282052,0.9985404014587402,0.9677702175861871,1
CNP0558240.1,CC1=CC=C(S(=O)(=O)N[C@H](C(=O)NC[C@H]2CC[C@H](C(=O)O)CC2)C(C)C)C=C1,1,0.4419008079639658,0.5580991920360343,0.9915981292724609,0.9231772959564319,1
CNP0240910.1,CCC(C)[C@H](NC(=O)[C@H]1CC[C@H](CNC(=O)[C@@H](C)NC(=O)OC(C)(C)C)CC1)C(=O)O,0,0.530268858214369,0.469731141785631,0.9939411878585815,0.934498076848841,1
CNP0320252.0,COC1=CC(C2=C3C=NNC3=NC3=C2OC2=CC(O)=CC=C23)=CC=C1O,0,0.6871104744928274,0.3128895255071726,0.9868263006210327,0.9045997882100246,1
CNP0402629.0,COC1=CC=C(C2=C3C=NNC3=NC3=C2OC2=CC(O)=CC=C23)C(OC)=C1OC,0,0.7070152363975895,0.2929847636024106,0.9895560145378113,0.914656087560456,1
CNP0378642.1,CCC(C)[C@H](NC(=O)NC(C)CCCC(C)C)C(=O)O,0,0.6574561288384818,0.3425438711615182,0.9999065399169922,0.9921167688170908,1
CNP0368271.0,COC(=O)C(CC1=CNC2=CC=CC=C12)NC(=O)C(NC(=O)OCC1=CC=CC=C1)C(C)C,0,0.5498997113997113,0.4501002886002886,0.9861307740211487,0.9022278815558002,1
CNP0375303.3,CC1(CN2C=CN=N2)[C@H](C(=O)O)N2C(=O)C[C@H]2S1(=O)=O,0,0.7183592118665648,0.2816407881334351,0.9981310963630676,0.9634940218900592,1
CNP0312992.0,COC(=O)CC(C1=CC=C(C(=O)O)C=C1)C1=C(CC2=CC=CC=C2)NNC1=O,0,0.6657679820179823,0.3342320179820179,0.9883757829666138,0.9101478139780527,1
CNP0176458.1,CC[C@@H](C)[C@H](NC(=O)NCC(C)C)C(=O)O,0,0.6691761865585393,0.3308238134414604,0.9989295601844788,0.9724533785095238,1
CNP0401272.0,CC(C)N1NC(=O)C2=C(C3=CC=C(C(=O)O)C=C3)C3=C(N=C21)C1=CC=C(O)C=C1O3,0,0.6305946508427933,0.3694053491572068,0.9957678318023682,0.9451052748104571,1
CNP0283974.1,CC[C@@H](C)[C@H](NC(=O)NCC(C)C)C(=O)OC,0,0.6788545914869444,0.3211454085130555,0.9932958483695984,0.9311730267727598,1
CNP0393782.0,COC1=CC(OC)=C(C2=C3OC4=CC(O)=CC=C4C3=NC3=C2C(=O)NN3C(C)C)C=C1OC,0,0.6098583099906629,0.390141690009337,0.9909937977790833,0.9205470395377375,1
CNP0285233.1,CC(C)CCCC(C)NC(=O)N[C@@H](C)C(=O)O,0,0.6483865595189124,0.3516134404810875,0.9990014433860779,0.9734074040054345,1
CNP0243452.0,COC1=CC(C2=C3OC4=CC(O)=CC=C4C3=NC3=C2C(=O)NN3C(C)C)=CC(OC)=C1O,0,0.621895516643659,0.378104483356341,0.9957664012908936,0.9450960945476836,1
CNP0400068.0,COC1=CC(C2=C3OC4=CC(O)=CC=C4C3=NC3=C2C(=O)NN3C(C)C)=CC=C1O,0,0.6441803651285076,0.3558196348714925,0.9919227361679077,0.9246324290631134,1
CNP0403195.0,COC1=CC(C2=C3C=NNC3=NC3=C2OC2=CC(O)=CC=C23)=CC(OC)=C1OC,0,0.6960134820116245,0.3039865179883756,0.9982327222824097,0.9645065219876645,1
CNP0318173.1,CCC(C)[C@H](NC(=O)OC(C)(C)C)C(=O)NC[C@H]1CC[C@H](C(=O)N[C@@H](C(=O)O)C(C)C)CC1,0,0.5430805465260573,0.4569194534739427,0.997913658618927,0.9614172886613278,1
CNP0403435.0,O=C(O)C1=CC=C(C2=C3C=NNC3=NC3=C2OC2=CC(O)=CC=C23)C=C1,0,0.7073912825736356,0.2926087174263644,0.9997449517250061,0.9867683751264131,1
CNP0342363.1,CCC(C)[C@H](NC(=O)NC1=CC=CC(C(=O)O)=C1)C(=O)O,0,0.7119671717171715,0.2880328282828283,0.9986274242401123,0.9687565624279634,1
CNP0139226.1,CCC(C)[C@H](NC(=O)OC(C)(C)C)C(=O)NC[C@H]1CC[C@H](C(=O)N[C@@H](C)C(=O)O)CC1,0,0.5390805465260573,0.4609194534739427,0.9980619549751282,0.9628204714334323,1
CNP0017539.0,COC(=O)CCS(C)(=O)=O,0,0.6953342352092352,0.3046657647907648,0.9978783130645752,0.9610903885242974,1
CNP0334113.0,O=C(O)C1=C(Br)C(Br)=C(Br)N1,0,0.6191376001449532,0.3808623998550468,0.990558385848999,0.9187117360677648,1
CNP0352253.0,CS(=O)(=O)CCC(=O)O,0,0.7445008463758462,0.2554991536241536,0.9945567846298218,0.9378532319296415,1
CNP0150555.0,CC(=O)OCCS(=O)(=O)Cl,0,0.6832302836052837,0.3167697163947163,0.9976449608802795,0.9590011755973431,1
CNP0209383.0,COC1=CC(C2=C(Br)C=CN2)=NC1=CNCC(C)C,0,0.6182875768022827,0.3817124231977173,0.9965224266052246,0.9501979502413612,1
CNP0380129.0,COC1=C2C=C(C(=O)C3=CC=C4NC(=O)COC4=C3)N(C)CCC2=C(Br)C2=C1OCO2,0,0.5743951814525344,0.4256048185474656,0.9888784289360046,0.9120352620088578,1
CNP0357173.0,COC1=CC=C(CCN(C)C2=NC=NC3=C2NC2=CC=C(Br)C=C23)C=C1OC,0,0.6227837523019749,0.3772162476980252,0.9863061904907227,0.9028198553385948,1
CNP0282708.1,CN1CCN(C2=NC3=C(N=CNC3=O)N2[C@@H]2O[C@H](CO)[C@@H](O)[C@H]2O)CC1,0,0.6463897230220759,0.3536102769779241,0.9870870113372803,0.9055067927617134,1
CNP0380648.1,CCC(C)[C@H](NC(=O)OC(C)(C)C)C(=O)N1CCC(C(=O)N2CCC[C@H]2C(=O)O)CC1,0,0.5168919413919413,0.4831080586080587,0.9926020503044128,0.9277860658958286,1
CNP0202201.1,COC(=O)[C@@H](CC1=CC=CC=C1)NC(=O)NC1=CC=C2OCOC2=C1,1,0.4530173932347844,0.5469826067652156,0.9906303286552429,0.9190117070743131,1
CNP0389108.1,CCC(C)[C@H](NC(=O)OC(C)(C)C)C(=O)NC[C@H]1CC[C@H](C(=O)N2CCC[C@H]2C(=O)O)CC1,1,0.4851276660731768,0.5148723339268231,0.999829888343811,0.9892615833120063,1
CNP0385436.1,CC(C)CCN1CC(=O)N2CC(C3=CC=C(Cl)C=C3)C3=C(NC4=CC=CC=C34)[C@@]2(C)C1=O,0,0.5288215395715395,0.4711784604284604,0.9893213510513306,0.9137378910381465,1
CNP0243356.8,CC(C)(O)[C@@H]1CC[C@](C)([C@H]2[C@@H](O)C[C@@]3(C)[C@@H]4C[C@H](O)C5C(C)(C)[C@@H](O)CC[C@@]56C[C@@]46CC[C@]23C)O1,0,0.6638484504058034,0.3361515495941966,0.999362051486969,0.9788324311483627,1
CNP0143065.1,C[C@H](NC(=O)NC1CCCC1)C(=O)O,0,0.5584251598075127,0.4415748401924873,0.9887869954109192,0.9116885274597861,1
CNP0107238.1,CCC(C)[C@H](NC(=O)[C@H](CC1=CC=CC=C1)NC(=O)N1CC(=O)NC2=CC=CC=C21)C(=O)O,1,0.4509419191919193,0.5490580808080807,0.9900383949279785,0.9165797927351335,1
CNP0381754.1,CCC(C)[C@H](NS(=O)(=O)C1=CC=C(C)C=C1)C(=O)N1CCC(C(=O)N[C@H](C(=O)O)C(C)O)CC1,0,0.5527617105117104,0.4472382894882895,0.9888802766799927,0.9120423192974519,1
CNP0294828.1,COC1=CC=C2NC3=C(CCN4C(=O)CN(CCC5=CC=C(S(N)(=O)=O)C=C5)C(=O)[C@]34C)C2=C1,0,0.6273237945061474,0.3726762054938525,0.994971513748169,0.9402298708292007,1
CNP0553031.1,CCC(C)[C@H](NC(=O)[C@H](CC1=CC=CC=C1)NC(=O)N1C2=CC=CC=C2NC(=O)[C@@H]1C(C)C)C(=O)O,1,0.4386114718614719,0.561388528138528,0.9958667755126953,0.9457438907685352,1
CNP0411208.0,COC1=C2C=C(C(=O)C3=CC=C4OCCOC4=C3)N(C)CCC2=C(Br)C2=C1OCO2,0,0.5896931457431457,0.4103068542568542,0.9909472465515137,0.9203483000867102,1
CNP0362745.0,COC1=C2CN(C)CCC2=C(S(=O)(=O)N2CCN(C(=O)C3CCC3)CC2)C2=C1OCO2,0,0.5436345182595183,0.4563654817404818,0.9870628714561462,0.9054220686483916,1
CNP0390455.1,NC1=NC=NC2=C1N=C(Br)N2[C@@H]1O[C@H](CO)[C@@H](O)[C@H]1O,0,0.6780984362384842,0.3219015637615159,0.9973229765892029,0.9562854298000542,1
CNP0215192.1,CCC(C)[C@H](NC(=O)NC1CCCC1)C(=O)O,0,0.5654290725614254,0.4345709274385745,0.9987409710884094,0.9700913613399599,1
CNP0285417.1,COC(=O)[C@H](CC1=CC=CC=C1)NC(=O)[C@@H](N)CC(=O)O,1,0.4034238816738816,0.5965761183261183,0.9876871705055237,0.9076340978543747,1
CNP0377394.1,NC1=NC2=C(N=C(SCC3=CC=C(Cl)C=C3Cl)N2[C@@H]2O[C@H](CO)[C@@H](O)[C@H]2O)C(=O)N1,0,0.5919597760395632,0.4080402239604367,0.9998960494995117,0.9916709801270568,1
CNP0382002.1,CCC(C)[C@H](NS(=O)(=O)C1=CC=C(C)C=C1)C(=O)N1CCC(C(=O)N(C)CC(=O)O)CC1,0,0.6314238816738816,0.3685761183261183,0.9886725544929504,0.9112567147329713,1
CNP0219768.1,CCO[C@@H]1[C@H]2OC3(CCCCC3)O[C@H]2O[C@@H]1C1COC2(CCCCC2)O1,0,0.5516024177347706,0.4483975822652294,0.9948792457580566,0.9396922558342742,1
CNP0366584.1,CC(C)CO[C@@H]1[C@H]2OC3(CCCCC3)O[C@H]2O[C@@H]1C1COC2(CCCCC2)O1,0,0.5839399527487761,0.4160600472512237,0.9938836097717285,0.9341942269126124,1
CNP0105105.1,COC(=O)[C@H](CC1=CC=CC=C1)NC(=O)[C@H](NC(=O)OCC1=CC=CC=C1)C(C)C,1,0.4700198412698412,0.5299801587301588,0.9994107484817505,0.97967234718818,1
CNP0393852.1,CC1CCN(C2=NC3=C(N=CNC3=O)N2[C@@H]2O[C@H](CO)[C@@H](O)[C@H]2O)CC1,1,0.4927741980241978,0.5072258019758021,0.9933651089668274,0.9315212603503877,1
CNP0386223.1,NC1=NC2=C(N=C(SCC3=CC=CC=C3Br)N2[C@@H]2O[C@H](CO)[C@@H](O)[C@H]2O)C(=O)N1,0,0.5154954903252775,0.4845045096747224,0.9988055229187012,0.9708781880310162,1
CNP0318173.2,CCC(C)[C@H](NC(=O)OC(C)(C)C)C(=O)NC[C@H]1CC[C@H](C(=O)N[C@H](C(=O)O)C(C)C)CC1,0,0.5430805465260573,0.4569194534739427,0.997913658618927,0.9614172886613278,1
CNP0365493.1,O=C1NC=NC2=C1N=C(SCC1=CC=CC=C1)N2[C@@H]1O[C@H](CO)[C@@H](O)[C@H]1O,0,0.5953190709414278,0.4046809290585721,0.9887446165084839,0.9115281757489206,1
CNP0369322.1,CCC(C)[C@H](NC(N)=O)C(=O)O,0,0.6042041585865114,0.3957958414134884,0.999526858329773,0.9818309725477014,1
CNP0260069.1,CC[C@H](C)[C@H](NC(=O)OC(C)(C)C)C(=O)NC[C@H]1CC[C@H](C(=O)O)CC1,1,0.4973229707684815,0.5026770292315185,0.997930645942688,0.9615751028859109,1
CNP0414959.0,COC1=CC(C(CC(=O)NC2C=CS(=O)(=O)C2)C2=C(O)C(=O)C=C(C)O2)=CC=C1O,0,0.6637417876241406,0.3362582123758594,0.992586076259613,0.9277099660955043,1
CNP0134193.1,CC(C)(O)[C@H]1CC[C@@](C)(C2[C@@H](O)C[C@@]3(C)[C@@H]4[C@H](O)C[C@H]5C(C)(C)[C@@H](O)CC[C@@]56C[C@@]46CC[C@]23C)O1,0,0.6487562509386039,0.3512437490613961,0.9996464252471924,0.9843507909685772,1
CNP0386258.1,NC1=NC2=C(N=C(SCC3=CC=C(Cl)C(Cl)=C3)N2[C@@H]2O[C@H](CO)[C@@H](O)[C@H]2O)C(=O)N1,0,0.6496548309846182,0.3503451690153817,0.9999583959579468,0.9948191334669043,1
CNP0139226.2,CCC(C)[C@H](NC(=O)OC(C)(C)C)C(=O)NC[C@H]1CC[C@H](C(=O)N[C@H](C)C(=O)O)CC1,0,0.5390805465260573,0.4609194534739427,0.9980619549751282,0.9628204714334323,1
CNP0240910.2,CCC(C)[C@H](NC(=O)[C@H]1CC[C@H](CNC(=O)[C@H](C)NC(=O)OC(C)(C)C)CC1)C(=O)O,0,0.530268858214369,0.469731141785631,0.9939411878585815,0.934498076848841,1
CNP0388526.1,CCC(C)[C@H](NC(=O)[C@H]1CC[C@H](CNC(=O)[C@@H](C)N)CC1)C(=O)O,0,0.550177588373099,0.4498224116269009,0.9862520098686218,0.902636613840182,1
CNP0550390.1,CC[C@H](C)[C@H](NS(=O)(=O)C1=CC=C(C)C=C1)C(=O)NC[C@H]1CC[C@H](C(=O)O)CC1,1,0.4681825539957117,0.5318174460042883,0.9992334842681885,0.976753821583483,1
CNP0366179.1,COC(=O)[C@@H](CC(C)C)NC(=O)[C@H](CC1=CC=CC=C1)NC(=O)OC(C)(C)C,1,0.4035544733044733,0.5964455266955266,0.9906593561172485,0.9191328736356609,1
CNP0268563.1,COC(=O)[C@H](CC1=CC=CC=C1)NC(=O)NC1CCCCCCC1,1,0.4070602453102453,0.5929397546897548,0.9963041543960571,0.9486694693133213,1
CNP0333052.1,CCC(C)[C@H](NC(=O)[C@H]1CC[C@H](CNC(=O)[C@H](NC(=O)OC(C)(C)C)C(C)C)CC1)C(=O)O,0,0.535848223293734,0.4641517767062659,0.9966301321983337,0.9509710987985978,1
CNP0351144.1,CN[C@H](CC(C)C)C(=O)N[C@H](CC1=CC=CC=C1)C(=O)OC,1,0.4377142857142858,0.5622857142857142,0.997789740562439,0.9602836651474617,1
CNP0272179.1,C[C@H](NC(=O)NC1=CC=CC(C(=O)O)=C1)C(=O)O,0,0.6815619103119103,0.3184380896880896,0.991689920425415,0.9235856240479671,1
CNP0301845.1,CCCCC(CC)CNC(=O)N[C@H](C(=O)O)C(C)C,0,0.6512269621631325,0.3487730378368676,0.9937479496002197,0.9334835546528107,1
CNP0365383.1,COC(=O)[C@H](CO)NC(=O)[C@H](CC1=CC=CC=C1)NC(=O)OCC1=CC=CC=C1,1,0.4051190476190476,0.5948809523809523,0.9931676983833313,0.9305332557616574,1
CNP0378816.1,NC1=NC2=C(N=C(SC/C=C/C3=CC=CC=C3)N2[C@@H]2O[C@H](CO)[C@@H](O)[C@H]2O)C(=O)N1,0,0.5586435786435787,0.4413564213564214,0.9998438358306885,0.9897259063686772,1
CNP0378967.1,CC(=O)C1=C(O)C(C)=C(O)C2=C1OC1=CC3=C(C(=O)[C@@]12C)C(C)=NN3C1CCS(=O)(=O)C1,0,0.5909461810590841,0.4090538189409157,0.9862614274024963,0.9026682653158525,1
CNP0374918.2,CCC(C)[C@H](NC(=O)OC(C)(C)C)C(=O)NC[C@H]1CC[C@H](C(=O)N[C@@H](C(=O)O)C(C)O)CC1,0,0.5225653950109058,0.4774346049890942,0.9993888139724731,0.9792915631151742,1
CNP0402744.0,COC1=CC=C(C2=C3OC4=CC(O)=CC=C4C3=NC3=C2C(=O)NN3C(C)C)C=C1OC,0,0.6707256032237457,0.3292743967762543,0.9941832423210144,0.9357948771299637,1
CNP0412516.1,NC1=NC2=C(N=C(N3CCCCC3)N2[C@@H]2O[C@H](CO)[C@@H](O)[C@H]2O)C(=O)N1,0,0.5697791252864782,0.4302208747135218,0.9996248483657837,0.9838696141375143,1
CNP0374123.1,NC1=NC2=C(N=C(SCCC3=CC=CC=C3)N2[C@@H]2O[C@H](CO)[C@@H](O)[C@H]2O)C(=O)N1,0,0.5999271975069849,0.4000728024930152,0.9995418787002563,0.9821286713853922,1
CNP0387764.1,CC(O)C(=O)O[C@@H]1C[C@H](C)CC[C@H]1C(C)C,0,0.6709097862921394,0.3290902137078607,0.9955203533172607,0.9435417106903887,1
CNP0333052.2,CCC(C)[C@H](NC(=O)[C@H]1CC[C@H](CNC(=O)[C@@H](NC(=O)OC(C)(C)C)C(C)C)CC1)C(=O)O,0,0.535848223293734,0.4641517767062659,0.9966301321983337,0.9509710987985978,1
CNP0281031.0,COC1=C2C=C(C(=O)C3=CC=C4C(=C3)CCN4C(C)=O)N(C)CCC2=C(Br)C2=C1OCO2,0,0.5282192823516353,0.4717807176483647,0.987837016582489,0.9081743217453236,1
CNP0388526.2,CCC(C)[C@H](NC(=O)[C@H]1CC[C@H](CNC(=O)[C@H](C)N)CC1)C(=O)O,0,0.550177588373099,0.4498224116269009,0.9862520098686218,0.902636613840182,1
CNP0236977.1,CCCC[C@@H]1CCC[C@H]1CCC,0,0.6751727733051264,0.3248272266948737,0.9909949898719788,0.9205522648347795,1
CNP0241508.1,CC(=O)C[C@@H](C)[C@H]1CC=C(C(=O)O)CC1,0,0.6599701426024955,0.3400298573975045,0.9886916875839233,0.91132844078419,1
CNP0291639.2,CC(C)CC(=O)C[C@@H](C)[C@H]1CC=C(C(=O)O)CC1,0,0.6952201426024955,0.3047798573975044,0.9930400848388672,0.9299035211948286,1
CNP0330044.1,CC(C)(O)[C@H]1CC[C@H](C)CC1,0,0.6902542349807058,0.3097457650192943,0.999729335308075,0.9863593181609467,1
CNP0177645.1,CC1=CC(=O)O[C@H]1C[C@@]1(C)[C@H](C)CC[C@]2(C)C(C(=O)O)=CCC[C@H]12,0,0.5928915251415251,0.4071084748584749,0.9977450370788574,0.9598826829070057,1
CNP0424563.1,CC[C@@H](C)OC(=O)C(C)C,0,0.6998990192813724,0.3001009807186277,0.9871747493743896,0.9058139337571528,1
CNP0389791.1,CC(C)C[C@H](O)C[C@H](C)[C@H]1CC[C@@H](C(=O)O)CC1,0,0.6309666281430988,0.3690333718569013,0.9897806644439697,0.9155458552881874,1
CNP0308620.1,COC[C@H]1CC2=CC3=C(OCO3)C(OC)=C2[C@@H](C2=CC=C(OC)C(OC)=C2)[C@@H]1COC,0,0.5733320707070707,0.4266679292929292,0.9865597486495972,0.9036828623698718,1
CNP0392807.1,C[C@@H](CC[C@@]1(C)[C@H](C)CC[C@@]2(C)C(C(=O)O)=CCC[C@H]12)CC(=O)O,0,0.6234541569541568,0.376545843045843,0.9981411695480347,0.9635922703415473,1
CNP0061619.2,CC[C@H](C)[C@@H](C)O,0,0.7703196542020073,0.2296803457979928,0.9990662932395935,0.9742996087905085,1
CNP0113564.1,CC(C)C1=CC2=C(CC[C@H]2C)[C@H](C)CC1,0,0.5614618580090182,0.4385381419909819,0.990319013595581,0.9177221361689585,1
CNP0272101.1,CN1CCC2=C3[C@H]1CCC=CN3C1=CC(Br)=CC=C21,0,0.6374724874798403,0.3625275125201596,0.990321695804596,0.9177335908361278,1
CNP0147412.1,CCCC[C@](O)(CC)C[C@@H](CC)[C@@H](O)CC(=O)OCC,0,0.5678841114838558,0.4321158885161441,0.9969415068626404,0.9532808697843876,1
CNP0113564.2,CC(C)C1=CC2=C(CC[C@@H]2C)[C@H](C)CC1,0,0.5614618580090182,0.4385381419909819,0.990319013595581,0.9177221361689585,1
CNP0425296.1,CC(C)[C@@H]1CC[C@]2(C)[C@H]3CC[C@@]45CCC[C@@H]4[C@]2(C[C@H](O)C(=O)[C@@]2(C)CO[C@]4(C)CC[C@H]2O4)[C@@H]1N5C3,0,0.6769434221964649,0.3230565778035352,0.9901178479194641,0.9169014429952368,1
CNP0289449.1,CCCC[S@](=N)(=O)CC[C@@H](N)C(=O)O,0,0.579442314221726,0.420557685778274,0.9996296167373657,0.9839729160550126,1
CNP0507392.0,CCCSC1=NN=C2C3=CC(Br)=CC=C3NC3(CCCC3)OC2=N1,1,0.4529534632034631,0.5470465367965369,0.9988412261009216,0.9713221312805665,1
CNP0289449.2,CCCC[S@@](=N)(=O)CC[C@@H](N)C(=O)O,0,0.579442314221726,0.420557685778274,0.9996296167373657,0.9839729160550126,1
CNP0571749.1,C[C@H](N)C(=O)N[C@@H](C)C(=O)N1CCC[C@H]1C(=O)N1CCC[C@H]1C(=O)O,0,0.579225193107546,0.420774806892454,0.9965831637382507,0.9506320215265688,1
CNP0536941.1,COCC(=O)N1C2=NC(C3=CC=C(Cl)C=C3)=NN2C2(CCCCC2)[C@@H]2CCCC[C@@H]21,0,0.5253266276207453,0.4746733723792547,0.9987899661064148,0.9706858433287755,1
CNP0602747.1,CCOC(=O)[C@H](CC1=CNC2=CC=CC=C12)NS(=O)(=O)C1=CC=C(Cl)C=C1,0,0.5250725108225108,0.4749274891774891,0.9999070167541504,0.9921404904016393,1
CNP0459865.1,CS(=O)(=O)N[C@@H]1CO[C@@H]2[C@@H]1OC[C@@H]2N1N=NN=C1C1=CC=C2OCOC2=C1,0,0.5428490933321719,0.4571509066678281,0.989782452583313,0.9155526473987627,1
CNP0445143.1,CCCS(=O)(=O)N[C@H]1CO[C@H]2[C@@H]1OC[C@H]2O,0,0.6138281848870084,0.3861718151129915,0.9977869987487793,0.9602598552916958,1
CNP0539646.1,O=C1N=C(O)N([C@@H]2O[C@H](CO)[C@@H](O)[C@@H]2O)C2=NC(C3=CC=C(Cl)C=C3)=CN=C12,0,0.6269886708934246,0.3730113291065754,0.9929165840148926,0.9292987885058914,1
CNP0289449.3,CCCC[S@](=N)(=O)CC[C@H](N)C(=O)O,0,0.579442314221726,0.420557685778274,0.9996296167373657,0.9839729160550126,1
CNP0289449.4,CCCC[S@@](=N)(=O)CC[C@H](N)C(=O)O,0,0.579442314221726,0.420557685778274,0.9996296167373657,0.9839729160550126,1
CNP0602747.2,CCOC(=O)[C@@H](CC1=CNC2=CC=CC=C12)NS(=O)(=O)C1=CC=C(Cl)C=C1,0,0.5250725108225108,0.4749274891774891,0.9999070167541504,0.9921404904016393,1
CNP0459865.2,CS(=O)(=O)N[C@H]1CO[C@H]2[C@@H]1OC[C@@H]2N1N=NN=C1C1=CC=C2OCOC2=C1,0,0.5428490933321719,0.4571509066678281,0.989782452583313,0.9155526473987627,1
CNP0533191.0,CCC(C)C(COC(C)=O)NC(=O)C(C)CC(=O)O,0,0.6018824247647777,0.3981175752352222,0.9872241020202637,0.9059877544368052,1
CNP0510446.0,COC1=CC=C(C(=O)O)C=C1S(=O)(=O)NC1=CC=CC=C1,0,0.6137335303585303,0.3862664696414695,0.9977838397026062,0.9602306466764489,1
CNP0441339.1,COC1=CC=C(Cl)C=C1C1=CC=C2NC(=O)[C@@H]3C[C@H](NS(C)(=O)=O)CN3C(=O)C2=C1,0,0.6294648925334156,0.3705351074665843,0.9982635378837585,0.9648195069244478,1
CNP0208889.1,CC[C@@H](C)C1=N[C@](C(=O)N/C=C\C2=CNC3=CC(Br)=CC=C23)(C(C)C)NC1=O,0,0.5842738095238096,0.4157261904761903,0.9999433755874634,0.9939163604634261,1
CNP0317240.1,C[C@@]12CC[C@H]3OC(=O)C=C3[C@H]1CC[C@@]13C[C@@H](CC[C@H]12)[C@](CO)(O[C@@H]1O[C@H](CO)[C@@H](O)[C@H](O)[C@H]1O)C3,0,0.6780050313162015,0.3219949686837984,0.9989972710609436,0.9733519729870357,1
CNP0121132.1,CCCC[C@H](C)C[C@H](C)C(=O)N1CCC[C@H]1C(=O)O[C@@H](C(=O)O[C@H](C(=O)O)[C@@H](C)CC)[C@@H](C)CC,0,0.69948673711909,0.3005132628809099,0.9999984502792358,0.9990674272870906,1
CNP0426029.1,CC[C@@H](C)[C@H](NC(C)=O)C(=O)N(C)[C@@H](CC1=CC=CC=C1)C(=O)N/C=C/C1=CNC2=CC=CC=C12,0,0.5089556277056277,0.4910443722943723,0.9981805086135864,0.9639828853017751,1
CNP0264396.2,C[C@H]1CC[C@@]2(C)C(C(=O)O)=CCC[C@H]2[C@]1(C)CCC1=CCOC1=O,0,0.6507775974025973,0.3492224025974026,0.995259702205658,0.941943319559975,1
CNP0123957.1,N[C@@H](C/C=C\Cl)C(=O)O,0,0.7253604744928275,0.2746395255071724,0.9993857145309448,0.9792367680966827,1
CNP0339112.1,CC(C)CC(=O)C[C@@H](C)[C@H]1CC[C@H](CO)CC1,0,0.6668646924970457,0.3331353075029545,0.9894679188728333,0.9143099912117799,1
CNP0398899.2,C[C@H](O)[C@](O)(C(=O)OC[C@@H]1CCN2CCC[C@@H]12)C(C)(C)O,0,0.6392308802308803,0.3607691197691198,0.9925045967102051,0.9273242119140781,1
CNP0160440.1,CC(C)(O)[C@H]1CC2=C(C=C3OC4=C(C(=O)C3=C2O)C2=CC=C(O)C=C2O4)O1,0,0.5798519607843137,0.4201480392156863,0.9898019433021545,0.9156302171127753,1
CNP0426146.1,CC1=CC(=O)C(C(C)C)=CC2=C1CC[C@H]2C,0,0.6449774767715943,0.3550225232284056,0.9866005778312683,0.9038225102649384,1
CNP0235658.2,NC1=NC=NC2=C1C=CN2[C@H]1O[C@@H](CO)[C@H](O)[C@H]1O,0,0.5860038135409202,0.4139961864590797,0.9879165887832642,0.9084627270693414,1
CNP0138604.1,O=C(O)[C@@H]1CC2=CNC3=CC=C(O)C(=C23)C(C2=CNC3=CC=C(O)C=C23)=N1,0,0.6137111026228673,0.3862888973771327,0.9999357461929321,0.993506854180043,1
CNP0147412.2,CCCC[C@@](O)(CC)C[C@H](CC)[C@@H](O)CC(=O)OCC,0,0.5678841114838558,0.4321158885161441,0.9969415068626404,0.9532808697843876,1
CNP0326697.2,CC[C@@H](C)CC[C@H](O)[C@H]1C(=O)OC[C@@H]1CO,0,0.7647632155426274,0.2352367844573727,0.9934924244880676,0.9321668645513439,1
CNP0425019.1,COC1=CC=C2C(=C1OC)C[C@@H](C(C)(C)O)[C@@H]2CC(=O)C1=C(O)C=C(O)C=C1O,0,0.6311948262521792,0.3688051737478208,0.9975624084472656,0.9582872287256989,1
CNP0537884.1,CC[C@H](C)[C@@H]1NC(=O)[C@H]2CSC(=N2)[C@H](C)NC(=O)C2=COC(=N2)[C@H](C)NC(=O)C2=CSC1=N2,1,0.4282579365079364,0.5717420634920635,0.9939308166503906,0.9344433486325344,1
CNP0576548.0,COC1=CC=C(S(=O)(=O)NC2=CC=C(C(=O)O)C=C2)C=C1C(=O)O,0,0.6646455297067,0.3353544702933002,0.9997294545173645,0.9863626712850854,1
CNP0046176.1,CC(C)[C@H]1CC[C@@H](C)C[C@H]1OC(=O)CC#N,0,0.6343199594523125,0.3656800405476876,0.9883175492286682,0.9099320639846549,1
CNP0467407.1,CCOC(=O)[C@@H](NS(=O)(=O)C1=CC=C(C)C=C1)[C@@H](C)O,0,0.5576304806304807,0.4423695193695193,0.9937176704406738,0.9333259106052441,1
CNP0046176.2,CC(C)[C@@H]1CC[C@@H](C)C[C@H]1OC(=O)CC#N,0,0.6343199594523125,0.3656800405476876,0.9883175492286682,0.9099320639846549,1
CNP0595476.0,O=S(=O)(C1=CC=C2CCCCC2=C1)N1CCC2(CC1)NCCN=C2NCC1=CC=C(Cl)C=C1,0,0.6604696136520158,0.3395303863479843,0.9893985986709595,0.9140388024997734,1
CNP0595367.0,CCC(C)C(N)C(=O)NC(C(=O)NC(C(=O)N1CCCC1C(=O)O)C(C)CC)C(C)CC,0,0.5532653473977003,0.4467346526022997,0.9993160963058472,0.9780672101593604,1
CNP0518530.0,O=C(CN1C(=O)CCCC2=CC(S(=O)(=O)N3CCOCC3)=CC=C21)N1CCC2(CC1)OCCO2,0,0.6557424242424242,0.3442575757575757,0.9907062649726868,0.9193295146239558,1
CNP0280737.2,CC[C@@H](O)C[C@H]1CC[C@H]([C@H](C)C(=O)O[C@@H](C)C[C@H]2CC[C@H]([C@H](C)C(=O)O)O2)O1,0,0.5859178839864072,0.4140821160135929,0.9999418258666992,0.9938308660232688,1
CNP0215937.1,C[C@H](CCO)CC[C@@]1(C)[C@H](C)CC[C@]2(C)C(C(=O)O)=CCC[C@H]12,0,0.6584969197469198,0.3415030802530803,0.9972460269927979,0.9556624922799632,1
CNP0307053.1,COC1=CC(O)=C2C3=C(CCC2=C1CC1=CC=C(O)C=C1)C1=C(C=C3)O[C@H](C(C)(C)O)C1,0,0.6542420634920635,0.3457579365079365,0.9993976354598999,0.9794429653639378,1
CNP0392807.2,C[C@@H](CC[C@@]1(C)[C@H](C)CC[C@]2(C)C(C(=O)O)=CCC[C@H]12)CC(=O)O,0,0.6234541569541568,0.376545843045843,0.9981411695480347,0.9635922703415473,1
CNP0426029.2,CC[C@@H](C)[C@H](NC(C)=O)C(=O)N(C)[C@@H](CC1=CC=CC=C1)C(=O)N/C=C\C1=CNC2=CC=CC=C12,0,0.5089556277056277,0.4910443722943723,0.9981805086135864,0.9639828853017751,1
CNP0147650.1,CC[C@H](C)COC(C)=O,0,0.690811231773372,0.309188768226628,0.9956153631210327,0.9441363505794571,1
CNP0552133.1,CC[C@@H](C)[C@@H](NC(=O)OCC1=CC=CC=C1)C(=O)NC1=CC=C(C)C(C)=C1,0,0.581599194712098,0.418400805287902,0.9920654892921448,0.9252827651023446,1
CNP0552133.2,CC[C@H](C)[C@@H](NC(=O)OCC1=CC=CC=C1)C(=O)NC1=CC=C(C)C(C)=C1,0,0.581599194712098,0.418400805287902,0.9920654892921448,0.9252827651023446,1
CNP0552133.3,CC[C@H](C)[C@H](NC(=O)OCC1=CC=CC=C1)C(=O)NC1=CC=C(C)C(C)=C1,0,0.581599194712098,0.418400805287902,0.9920654892921448,0.9252827651023446,1
CNP0552133.4,CC[C@@H](C)[C@H](NC(=O)OCC1=CC=CC=C1)C(=O)NC1=CC=C(C)C(C)=C1,0,0.581599194712098,0.418400805287902,0.9920654892921448,0.9252827651023446,1
CNP0060924.1,O=C(N[C@H](CC1=CC=CC=C1)C(=O)OC[C@@H]1O[C@@H](O)[C@@H](O)[C@@H](O)[C@@H]1O)OCC1=CC=CC=C1,0,0.5933818079065757,0.4066181920934243,0.9881302118301392,0.9092420104670933,1
CNP0060924.2,O=C(N[C@H](CC1=CC=CC=C1)C(=O)OC[C@@H]1O[C@@H](O)[C@@H](O)[C@H](O)[C@@H]1O)OCC1=CC=CC=C1,0,0.5933818079065757,0.4066181920934243,0.9881302118301392,0.9092420104670933,1
CNP0060924.3,O=C(N[C@H](CC1=CC=CC=C1)C(=O)OC[C@H]1O[C@@H](O)[C@@H](O)[C@@H](O)[C@@H]1O)OCC1=CC=CC=C1,0,0.5933818079065757,0.4066181920934243,0.9881302118301392,0.9092420104670933,1
CNP0539646.2,O=C1N=C(O)N([C@@H]2O[C@H](CO)[C@@H](O)[C@H]2O)C2=NC(C3=CC=C(Cl)C=C3)=CN=C12,0,0.6269886708934246,0.3730113291065754,0.9929165840148926,0.9292987885058914,1
CNP0539646.3,O=C1N=C(O)N([C@@H]2O[C@H](CO)[C@H](O)[C@@H]2O)C2=NC(C3=CC=C(Cl)C=C3)=CN=C12,0,0.6269886708934246,0.3730113291065754,0.9929165840148926,0.9292987885058914,1
CNP0052171.1,CC(=O)N[C@]1(C)CCCC[C@@H]1O,0,0.6183002291825822,0.3816997708174178,0.9885920882225037,0.910954340840486,1
CNP0590443.0,CCN(CC)S(=O)(=O)C1=CC(C(=O)O)=CC=C1OC,0,0.523541787860311,0.476458212139689,0.9912522435188293,0.9216596013272194,1
CNP0060924.4,O=C(N[C@H](CC1=CC=CC=C1)C(=O)OC[C@H]1O[C@@H](O)[C@@H](O)[C@H](O)[C@@H]1O)OCC1=CC=CC=C1,0,0.5933818079065757,0.4066181920934243,0.9881302118301392,0.9092420104670933,1
CNP0527471.0,CC1=CC(CN2C(=O)CC3(CCN(S(=O)(=O)C4=CC=CC(Cl)=C4)CC3)N3N=CC=C23)=NO1,0,0.6252658730158731,0.374734126984127,0.9882819056510925,0.9098001672234357,1
CNP0539646.4,O=C1N=C(O)N([C@@H]2O[C@H](CO)[C@H](O)[C@H]2O)C2=NC(C3=CC=C(Cl)C=C3)=CN=C12,0,0.6269886708934246,0.3730113291065754,0.9929165840148926,0.9292987885058914,1
CNP0506274.1,O=C(O)C1=N[C@H](C(=O)O)CC(/C=C/N[C@@H](CC2=CC=C(O)C=C2)C(=O)O)=C1,1,0.4703955044260267,0.5296044955739733,0.9892919659614563,0.9136237077765128,1
CNP0150091.1,CC1=CC(=O)O[C@H]1C[C@@]1(C)[C@H](C)CC[C@]2(C)C(C(=O)O[C@@H]3O[C@H](CO)[C@@H](O)[C@H](O)[C@H]3O)=CCC[C@H]12,0,0.569190069317416,0.430809930682584,0.9946693778038025,0.9384882596772163,1
CNP0249467.1,COC1=CC(C(=O)O)=CC(C)=C1C(=O)C[C@H](C)O,0,0.7047791489556195,0.2952208510443805,0.9975365400314331,0.9580664249710098,1
CNP0203298.4,NC1=NC(=O)N([C@H]2O[C@@H](CO)[C@H](O)[C@@H]2O)C=C1,1,0.4317446462376352,0.5682553537623647,0.9997780919075012,0.9876815105723767,1
CNP0546195.2,NC1=NC(=O)NC2=C1N=CN2[C@H]1O[C@@H](CO)[C@H](O)[C@@H]1O,0,0.5683084733893556,0.4316915266106443,0.9917090535163879,0.9236710083055181,1
CNP0253011.1,C=C(Cl)CC[C@@H](N)C(=O)O,0,0.6903427977251507,0.3096572022748493,0.9930374026298523,0.9298898811635566,1
CNP0558818.1,CC[C@H](C)[C@H](N)C(=O)N1CCC[C@H]1C(=O)N[C@H](C(=O)O)[C@@H](C)CC,0,0.5618618326118325,0.4381381673881673,0.9984026551246643,0.9662700339708712,1
CNP0225368.1,CC(C)(O)[C@H]1CC2=C(C=CC3=C2O[C@H]2C4=CC=C(O)C=C4OC[C@@H]32)O1,0,0.6174211187505306,0.3825788812494694,0.9966307282447815,0.9509754609049392,1
CNP0144244.1,CC[C@@H](C)C1=N[C@@](C(=O)N/C=C\C2=CNC3=CC=C(Br)C=C23)(C(C)C)NC1=O,0,0.6089166666666667,0.3910833333333333,0.9999750852584839,0.9960228470458503,1
CNP0303572.1,CC[C@@H](C)[C@@]1(C(=O)N/C=C\C2=CNC3=CC(Br)=C(Br)C=C23)N=C(C)C(=O)N1,0,0.5518596491228069,0.448140350877193,0.9988184571266174,0.971038937932299,1
CNP0333356.1,CCCC[C@H](CC)C(=O)O,0,0.6220501181824712,0.3779498818175288,0.9952836632728577,0.9420882390534555,1
CNP0264396.3,C[C@@H]1CC[C@@]2(C)C(C(=O)O)=CCC[C@@H]2[C@@]1(C)CCC1=CCOC1=O,0,0.6507775974025973,0.3492224025974026,0.995259702205658,0.941943319559975,1
CNP0264396.4,C[C@H]1CC[C@]2(C)C(C(=O)O)=CCC[C@H]2[C@]1(C)CCC1=CCOC1=O,0,0.6507775974025973,0.3492224025974026,0.995259702205658,0.941943319559975,1
CNP0472378.0,ClC1=NSSC1=NC1=NCCS1,0,0.6846253162419196,0.3153746837580802,0.9999672174453735,0.995419442799118,1
CNP0577588.0,CCC(CC)CC(C)C,0,0.7475462054285587,0.2524537945714416,0.9912434816360474,0.9216217788532671,1
CNP0481584.1,COC1=CC=C(C(=O)N[C@H](CC2=CC=CC=C2)C(=O)OCC(=O)C2=CC=C(C)C=C2)C=C1OC,1,0.4403849206349206,0.5596150793650794,0.9994664788246155,0.9806800844115015,1
CNP0481584.2,COC1=CC=C(C(=O)N[C@@H](CC2=CC=CC=C2)C(=O)OCC(=O)C2=CC=C(C)C=C2)C=C1OC,1,0.4403849206349206,0.5596150793650794,0.9994664788246155,0.9806800844115015,1
CNP0508607.0,CCOC(=O)CSC1=NC(O)=C2C(=N1)C1=CC=CC=C1CC21CCCCC1,0,0.50239898989899,0.49760101010101,0.9947288632392883,0.938826844248881,1
CNP0506322.0,COC1=CC=C(Cl)C=C1S(=O)(=O)N1CCC2(CC1)NC1=CC=CC=C1N1C=CC=C12,0,0.6423345265845265,0.3576654734154735,0.9918254613876343,0.9241931612261606,1
CNP0484525.0,ClC1=NSSC1=NC1=[N+]CCS1,0,0.6771974789915965,0.3228025210084033,0.9929214119911194,0.929322614378747,1
CNP0594523.0,CC(C)C1=CC=C(S(=O)(=O)N2CCC3(CC2)NCCN=C3NCC2=CC=C3OCOC3=C2)C=C1,0,0.5143990683229813,0.4856009316770187,0.9897953867912292,0.9156043357273479,1
CNP0142257.1,CCCC(=O)OC[C@]1(C)CC[C@@H](C)C1(C)C,0,0.5614337068160595,0.4385662931839402,0.9942869544029236,0.9363587669917944,1
CNP0599736.1,CCOC(=O)[C@@H](CC)NC,0,0.7076096126096125,0.2923903873903873,0.9978596568107605,0.9609192621833474,1
CNP0591375.1,CC1=CC=CC(NC(=O)[C@H](CC2=CNC3=CC=CC=C23)NC(=O)OCC2=CC=CC=C2)=C1,0,0.5243568762155718,0.4756431237844281,0.9958555102348328,0.9456713351719035,1
CNP0469186.1,COC(=O)CO[C@H]1CO[C@@H]2[C@@H]1OC[C@@H]2NS(=O)(=O)C1=CC=CC=C1C#N,0,0.5865947239035474,0.4134052760964524,0.9997023940086365,0.9856765438285502,1
CNP0469186.2,COC(=O)CO[C@@H]1CO[C@H]2[C@@H]1OC[C@@H]2NS(=O)(=O)C1=CC=CC=C1C#N,0,0.5865947239035474,0.4134052760964524,0.9997023940086365,0.9856765438285502,1
CNP0601075.1,COC(=O)[C@H](CC(C)C)NC(=O)CSC1=NN=C(C)C(O)=N1,1,0.4940980841054371,0.5059019158945629,0.9967920184135437,0.9521576003393281,1
CNP0060524.1,COC(=O)CC[C@H](C)[C@H]1CC[C@H]2[C@H]3C(=O)C[C@@H]4CCCC[C@]4(C)[C@H]3CC(=O)[C@]12C,0,0.6067038239538239,0.393296176046176,0.9999749660491943,0.9960169323306479,1
CNP0060524.2,COC(=O)CC[C@H](C)[C@H]1CC[C@H]2[C@H]3C(=O)C[C@@H]4CCCC[C@]4(C)[C@@H]3CC(=O)[C@]12C,0,0.6067038239538239,0.393296176046176,0.9999749660491943,0.9960169323306479,1
CNP0060524.3,COC(=O)CC[C@H](C)[C@H]1CC[C@@H]2[C@H]3C(=O)C[C@@H]4CCCC[C@]4(C)[C@@H]3CC(=O)[C@@]21C,0,0.6067038239538239,0.393296176046176,0.9999749660491943,0.9960169323306479,1
CNP0060524.4,COC(=O)CC[C@H](C)[C@H]1CC[C@@H]2[C@H]3C(=O)C[C@@H]4CCCC[C@]4(C)[C@H]3CC(=O)[C@@]21C,0,0.6067038239538239,0.393296176046176,0.9999749660491943,0.9960169323306479,1
CNP0591375.2,CC1=CC=CC(NC(=O)[C@@H](CC2=CNC3=CC=CC=C23)NC(=O)OCC2=CC=CC=C2)=C1,0,0.5243568762155718,0.4756431237844281,0.9958555102348328,0.9456713351719035,1
CNP0061788.0,CN(C)S(=O)(=O)C1=CC=C(NC(=O)NC2=C(Br)C=C(Br)C=C2C#N)C=C1,0,0.6126246070993513,0.3873753929006487,0.9946021437644958,0.9381085326873884,1
CNP0142257.2,CCCC(=O)OC[C@]1(C)CC[C@H](C)C1(C)C,0,0.5614337068160595,0.4385662931839402,0.9942869544029236,0.9363587669917944,1
CNP0142257.3,CCCC(=O)OC[C@@]1(C)CC[C@H](C)C1(C)C,0,0.5614337068160595,0.4385662931839402,0.9942869544029236,0.9363587669917944,1
CNP0142257.4,CCCC(=O)OC[C@@]1(C)CC[C@@H](C)C1(C)C,0,0.5614337068160595,0.4385662931839402,0.9942869544029236,0.9363587669917944,1
CNP0599736.2,CCOC(=O)[C@H](CC)NC,0,0.7076096126096125,0.2923903873903873,0.9978596568107605,0.9609192621833474,1
CNP0601075.2,COC(=O)[C@@H](CC(C)C)NC(=O)CSC1=NN=C(C)C(O)=N1,1,0.4940980841054371,0.5059019158945629,0.9967920184135437,0.9521576003393281,1
CNP0510995.0,CCN1C2=CC(C)=CC=C2N2C=CC=C2C12CCN(S(=O)(=O)C1=CC(Cl)=CC=C1OC)CC2,0,0.5965985321867675,0.4034014678132325,0.9972520470619202,0.9557108078899805,1
CNP0516989.1,O=C1NC(=O)C2=C(N1)N([C@H]1O[C@@H](CO)[C@H](O)[C@@H]1O)C(Br)=N2,0,0.64633343898084,0.3536665610191602,0.998227059841156,0.9644496291183042,1
CNP0505530.1,COC(=O)[C@@H](CC1=CNC2=CC=CC=C12)NS(=O)(=O)C1=CC=C(Cl)C=C1,0,0.5273463203463202,0.4726536796536797,0.9994321465492249,0.9800548377966971,1
CNP0572710.0,COC1=CC(C2=C(C3=C(O)C(=O)C=C(C)O3)NC(C3=CC=CN3C3=CC=C(Cl)C=N3)=N2)=CC=C1O,0,0.657357142857143,0.3426428571428572,0.9971179962158203,0.9546455327771592,1
CNP0516989.2,O=C1NC(=O)C2=C(N1)N([C@H]1O[C@@H](CO)[C@@H](O)[C@H]1O)C(Br)=N2,0,0.64633343898084,0.3536665610191602,0.998227059841156,0.9644496291183042,1
CNP0516989.3,O=C1NC(=O)C2=C(N1)N([C@H]1O[C@@H](CO)[C@@H](O)[C@@H]1O)C(Br)=N2,0,0.64633343898084,0.3536665610191602,0.998227059841156,0.9644496291183042,1
CNP0516989.4,O=C1NC(=O)C2=C(N1)N([C@H]1O[C@@H](CO)[C@H](O)[C@H]1O)C(Br)=N2,0,0.64633343898084,0.3536665610191602,0.998227059841156,0.9644496291183042,1
CNP0547309.1,CC(C)CCC[C@@](C)(O)[C@@H]1CC[C@@](C)(O)[C@H]1C,0,0.6114980815666047,0.3885019184333953,0.9894039630889893,0.9140599362581457,1
CNP0602337.1,COC[C@@H]1C[C@H](N2C=C(NS(C)(=O)=O)C=N2)CN1C(=O)NC(C)C,1,0.4923452674776205,0.5076547325223796,0.9945067763328552,0.9375732516567149,1
CNP0515035.0,CCSC1=NN=C2C3=CC(Br)=CC=C3NC3(CCCCC3)OC2=N1,0,0.5236205755029285,0.4763794244970715,0.9897758960723877,0.915526840505886,1
CNP0576978.1,CC(C)CS(=O)(=O)N[C@@H]1C[C@H](CN2C=C(CN(C)C)N=N2)[C@@H](O)[C@H]1O,0,0.557593566108614,0.442406433891386,0.989546000957489,0.9146168369056994,1
CNP0513120.1,CC[C@H](C)[C@H](NC(C)=O)C(=O)N(C)[C@@H](CC1=CC=C(O)C=C1)C(=O)N/C=C/C1=CNC2=CC=CC=C12,0,0.5735584415584415,0.4264415584415584,0.9993840456008911,0.9792085281580309,1
CNP0513120.2,CC[C@H](C)[C@H](NC(C)=O)C(=O)N(C)[C@@H](CC1=CC=C(O)C=C1)C(=O)N/C=C\C1=CNC2=CC=CC=C12,0,0.5735584415584415,0.4264415584415584,0.9993840456008911,0.9792085281580309,1
CNP0485222.1,C1=COC(C2=NN3C(=N[C@H]4CCCC[C@H]4C34CCCCC4)N2)=C1,0,0.6491447618054312,0.3508552381945686,0.9860683679580688,0.9020187858258288,1
CNP0522744.0,CCCC(CC)OC(C)=O,0,0.7077179226002757,0.2922820773997244,0.9882422089576721,0.9096538627846634,1
CNP0505530.2,COC(=O)[C@H](CC1=CNC2=CC=CC=C12)NS(=O)(=O)C1=CC=C(Cl)C=C1,0,0.5273463203463202,0.4726536796536797,0.9994321465492249,0.9800548377966971,1
CNP0050494.0,N=C1SC(C(=O)C2=CC=CS2)=NN1C1=C(Cl)C=C(Cl)C=C1Cl,0,0.6005958521089593,0.3994041478910405,0.9873508810997009,0.9064349965770094,1
CNP0516887.0,CCCCC(C)C(C)CC,0,0.7088246492070023,0.2911753507929978,0.9990177154541016,0.9736294793258019,1
CNP0498429.0,CNC1(C(=O)O)CCCCC1,0,0.7509428765678763,0.2490571234321234,0.995821475982666,0.9454506458353364,1
CNP0462515.0,O=S(=O)(NC1=NN=C(C2=CC=CC=C2)O1)C1=CC=C(Cl)C=C1,0,0.7236113399758137,0.2763886600241863,0.9962737560272217,0.9484605440201107,1
CNP0586501.0,CC(=O)NC1(C(=O)O)CCCCC1,0,0.7285141912181384,0.2714858087818614,0.9968516230583191,0.9526013921484058,1
CNP0289052.0,CCOC(=O)CN1N=C(C2=NN=C(C(C)C)C2)C=C1C(C)C,0,0.5232270523594054,0.4767729476405946,0.9982632994651794,0.9648176259012078,1
CNP0498878.0,CC=CS(O)=S,0,0.83243635694371,0.1675636430562901,0.9915208220481873,0.9228349572456771,1
CNP0097136.0,COC1=CC=C(C(=O)O)C=C1Br,0,0.656144926152279,0.3438550738477209,0.9967855215072632,0.9521088775377442,1
CNP0480306.1,COC1=CC([C@H]2C(C(=O)OC[C@H]3CCCO3)=C(C)NC3=C2C(=O)CC(C)(C)C3)=CC(Cl)=C1O,0,0.6021328132651661,0.3978671867348338,0.985752522945404,0.9009660990562314,1
CNP0480306.2,COC1=CC([C@@H]2C(C(=O)OC[C@H]3CCCO3)=C(C)NC3=C2C(=O)CC(C)(C)C3)=CC(Cl)=C1O,0,0.6021328132651661,0.3978671867348338,0.985752522945404,0.9009660990562314,1
CNP0480306.3,COC1=CC([C@H]2C(C(=O)OC[C@@H]3CCCO3)=C(C)NC3=C2C(=O)CC(C)(C)C3)=CC(Cl)=C1O,0,0.6021328132651661,0.3978671867348338,0.985752522945404,0.9009660990562314,1
CNP0480306.4,COC1=CC([C@@H]2C(C(=O)OC[C@@H]3CCCO3)=C(C)NC3=C2C(=O)CC(C)(C)C3)=CC(Cl)=C1O,0,0.6021328132651661,0.3978671867348338,0.985752522945404,0.9009660990562314,1
CNP0488940.1,COC(=O)[C@H](CC1=CC=CC=C1)NC(=O)C1=CC(OC)=C(OC)C(OC)=C1,1,0.473211038961039,0.5267889610389611,0.9972291588783264,0.9555266960418669,1
CNP0488940.2,COC(=O)[C@@H](CC1=CC=CC=C1)NC(=O)C1=CC(OC)=C(OC)C(OC)=C1,1,0.473211038961039,0.5267889610389611,0.9972291588783264,0.9555266960418669,1
CNP0505607.1,C[C@@H]1CC2=CC=CC=C2N1NC(=O)C1=CC=C(Cl)C(S(N)(=O)=O)=C1,0,0.566746371275783,0.4332536287242169,0.9995781779289246,0.9828688190584401,1
CNP0603011.0,COC1=CC(C(=O)O)=CC=C1OCC1=CC=C(Cl)C=C1,0,0.6735321361644891,0.3264678638355109,0.9942508935928345,0.9361617301980811,1
CNP0562625.0,COC1=CC=C(C(=O)O)C=C1S(=O)(=O)NCC1=CC=CC=C1,0,0.5260074508824509,0.4739925491175492,0.997796893119812,0.9603477836340326,1
CNP0514587.0,C=C(CCCC(C)COC(C)=O)C1=CC=C(C(=O)O)C=C1O,0,0.6968919549717421,0.3031080450282578,0.9999040365219116,0.9920099576652193,1
CNP0505607.2,C[C@H]1CC2=CC=CC=C2N1NC(=O)C1=CC=C(Cl)C(S(N)(=O)=O)=C1,0,0.566746371275783,0.4332536287242169,0.9995781779289246,0.9828688190584401,1
CNP0560483.0,CC=CS(=S)OC,0,0.8134197624271152,0.1865802375728846,0.9959490299224854,0.9462812403468313,1
CNP0063451.0,NC(C(=O)O)C1=CC=C(C(=O)O)C=C1,0,0.7175133216456747,0.2824866783543253,0.9982990622520447,0.965183767234977,1
CNP0038568.0,CC(O)C1C(=O)N2C(C(=O)O)=C(SC3NC(C(=O)NC4=CC=CC(C(=O)O)=C4)CS3)C(C)C12,0,0.5334951408494887,0.4665048591505112,0.9916422367095947,0.9233731690355923,1
CNP0516145.0,COC1=CC=C(S(=O)(=O)NC2=CC=CC(C(=O)O)=C2)C=C1C(=O)O,0,0.6795286465898168,0.3204713534101832,0.999254047870636,0.977074900552949,1
CNP0481331.0,CCCC(O)C(CC)C(=O)O,0,0.6510908829732359,0.348909117026764,0.9866772890090942,0.9040860294906788,1
CNP0555644.1,N[C@H](C(=O)O)C1=CC=CC(Cl)=C1Cl,0,0.6750644633144632,0.3249355366855366,0.9944663643836975,0.9373478218478759,1
CNP0555644.2,N[C@@H](C(=O)O)C1=CC=CC(Cl)=C1Cl,0,0.6750644633144632,0.3249355366855366,0.9944663643836975,0.9373478218478759,1
CNP0596946.1,CC(C)C(=O)N1C2=NC(C(C)C)=NN2C2(CCCCC2)[C@@H]2CCCC[C@@H]21,1,0.4876279135896783,0.5123720864103216,0.9947326183319092,0.9388481698675585,1
CNP0571722.1,CO[C@H]1OC(=O)C=C1CC[C@@]1(C)[C@H](C)CC[C@@]2(C)C(C(=O)O)=CCC[C@H]12,0,0.5743796992481203,0.4256203007518798,0.9973873496055603,0.9568140840339424,1
CNP0530084.1,O=C(COC(=O)[C@H](CC1=CNC2=CC=CC=C12)NC(=O)C1=CC=CO1)C1=CC=C(Br)C=C1,0,0.507683288933289,0.4923167110667111,0.9993775486946106,0.9790961914343927,1
CNP0530084.2,O=C(COC(=O)[C@@H](CC1=CNC2=CC=CC=C12)NC(=O)C1=CC=CO1)C1=CC=C(Br)C=C1,0,0.507683288933289,0.4923167110667111,0.9993775486946106,0.9790961914343927,1
CNP0508573.1,COC(=O)[C@H](CC1=CNC2=CC=CC=C12)NC(=O)C1=CC=C(Cl)C=C1Cl,0,0.5074004802387155,0.4925995197612844,0.9906755685806274,0.9192011515201453,1
CNP0508573.2,COC(=O)[C@@H](CC1=CNC2=CC=CC=C12)NC(=O)C1=CC=C(Cl)C=C1Cl,0,0.5074004802387155,0.4925995197612844,0.9906755685806274,0.9192011515201453,1
CNP0571722.2,CO[C@@H]1OC(=O)C=C1CC[C@@]1(C)[C@H](C)CC[C@@]2(C)C(C(=O)O)=CCC[C@H]12,0,0.5743796992481203,0.4256203007518798,0.9973873496055603,0.9568140840339424,1
CNP0563198.1,COC[C@@H]1C[C@H](N2C=C(NS(C)(=O)=O)C=N2)CN1C(C)C,0,0.5229697568845154,0.4770302431154846,0.990725576877594,0.9194107058028644,1
CNP0496996.0,CCOC(C)C(C)=O,0,0.737805588855589,0.2621944111444111,0.9947668313980103,0.9390444607394792,1
CNP0538709.1,CN[C@H](COC(C)C)C(=O)OC,0,0.7293108558108559,0.2706891441891442,0.9991461038589478,0.9754419847508471,1
CNP0054856.1,CC[C@@H](C)[C@@H](NC(=O)OCC1=CC=CC=C1)C(=O)O,0,0.5954603174603175,0.4045396825396825,0.9976823329925537,0.9593281344835964,1
CNP0054856.2,CC[C@H](C)[C@H](NC(=O)OCC1=CC=CC=C1)C(=O)O,0,0.5954603174603175,0.4045396825396825,0.9976823329925537,0.9593281344835964,1
CNP0541236.1,CCOC(=O)[C@H](CC(C)C)NC(=O)[C@H](NC(=O)OC(C)(C)C)C(C)C,0,0.5614739149739151,0.438526085026085,0.9997603297233582,0.9871859014268737,1
CNP0541236.2,CCOC(=O)[C@@H](CC(C)C)NC(=O)[C@@H](NC(=O)OC(C)(C)C)C(C)C,0,0.5614739149739151,0.438526085026085,0.9997603297233582,0.9871859014268737,1
CNP0492941.0,CC1=C(C(=O)NCCN2CCN(C3=CC(Cl)=CC=C3C)CC2)C2(CCCCCC2)OC1=O,0,0.6020579858737753,0.3979420141262246,0.9871464967727661,0.9057148679692958,1
CNP0064351.1,CC[C@H](C)[C@@H](NC(=O)OC(C)(C)C)C(=O)N[C@@H](CCSC)C(=O)OC,0,0.5728999766573295,0.4271000233426705,0.9996615648269653,0.9846993292997601,1
CNP0538709.2,CN[C@@H](COC(C)C)C(=O)OC,0,0.7293108558108559,0.2706891441891442,0.9991461038589478,0.9754419847508471,1
CNP0504100.1,COCC(=O)N1C2=NC(C3CCCCC3)=NN2C2(CCCCC2)[C@@H]2CCCC[C@@H]21,0,0.556337089381207,0.4436629106187929,0.996577799320221,0.9505934338516694,1
CNP0541236.3,CCOC(=O)[C@@H](CC(C)C)NC(=O)[C@H](NC(=O)OC(C)(C)C)C(C)C,0,0.5614739149739151,0.438526085026085,0.9997603297233582,0.9871859014268737,1
CNP0541236.4,CCOC(=O)[C@H](CC(C)C)NC(=O)[C@@H](NC(=O)OC(C)(C)C)C(C)C,0,0.5614739149739151,0.438526085026085,0.9997603297233582,0.9871859014268737,1
CNP0503445.1,C[C@@H](O)[C@H](N)C(=O)N[C@@H](CO)C(=O)O,0,0.6241486585310115,0.3758513414689885,0.9865537285804749,0.9036622256977003,1
CNP0064351.2,CC[C@H](C)[C@H](NC(=O)OC(C)(C)C)C(=O)N[C@@H](CCSC)C(=O)OC,0,0.5728999766573295,0.4271000233426705,0.9996615648269653,0.9846993292997601,1
CNP0064351.3,CC[C@@H](C)[C@H](NC(=O)OC(C)(C)C)C(=O)N[C@@H](CCSC)C(=O)OC,0,0.5728999766573295,0.4271000233426705,0.9996615648269653,0.9846993292997601,1
CNP0064351.4,CC[C@@H](C)[C@@H](NC(=O)OC(C)(C)C)C(=O)N[C@@H](CCSC)C(=O)OC,0,0.5728999766573295,0.4271000233426705,0.9996615648269653,0.9846993292997601,1
CNP0582447.0,COC1=CC(C2OC3=C(OC)C=C4OCC(CC5=CC=C(O)C=C5)CC4=C3C2CO)=CC(OC)=C1O,0,0.6555014985014985,0.3444985014985016,0.9989309906959534,0.9724710768131185,1
CNP0508841.0,CCOC(=O)C(CC)(CC)NC,0,0.6637864651688181,0.3362135348311818,0.9886349439620972,0.911114957008466,1
CNP0500862.0,COC1=CC=C(CCNC(=O)C2=CC=C(Cl)C=C2N2C=NN=N2)C=C1OC,1,0.4411865120173944,0.5588134879826054,0.9856451153755188,0.9006113672510718,1
CNP0541774.0,CC(=O)OCC(C)CCC=C(C)C1=CC=C(C(=O)O)C=C1O,0,0.6765889540510942,0.3234110459489057,0.9976432919502258,0.9589864732262948,1
CNP0560380.0,COC1=CC=C(S(=O)(=O)N2CCC3(CC2)NC2=CC=CC=C2N2C=CC=C23)C=C1Cl,0,0.6715624946948475,0.3284375053051523,0.9892388582229614,0.9134181140325466,1
CNP0593662.0,O=C(C1=NC(O)=C(C=C2C=NC3=CC=CC=C23)N1)C1=CNC2=CC=C(Br)C=C12,0,0.7082577561327561,0.2917422438672438,0.9999843835830688,0.996879910458426,1
CNP0520064.1,COC1=CC=CC=C1NC(=O)[C@@H]1SC2=NN=C(C3=CC=CC=C3)N2NC12CCCCC2,0,0.664149766899767,0.335850233100233,0.9954138994216919,0.9428828685554805,1
CNP0520064.2,COC1=CC=CC=C1NC(=O)[C@H]1SC2=NN=C(C3=CC=CC=C3)N2NC12CCCCC2,0,0.664149766899767,0.335850233100233,0.9954138994216919,0.9428828685554805,1
CNP0574404.0,CSC1=C(CC(NC(=O)C2=CNC3=CC(Br)=CC=C23)C(=O)O)N(C)CN1C,0,0.5962486122033994,0.4037513877966006,0.9893925189971924,0.9140153888044246,1
CNP0533195.1,CCC1=NN2C(=N1)N(C(=O)C(C)C)[C@H]1CCCC[C@H]1C21CCCCC1,0,0.5227534547152194,0.4772465452847805,0.9989293217658997,0.9724504360394716,1
CNP0488125.1,CC[C@@H](NS(=O)(=O)C1=CC=C(NC(C)=O)C=C1)C(=O)O,0,0.6411465201465201,0.3588534798534797,0.995989978313446,0.9465510339448623,1
CNP0593905.1,COC(=O)[C@H](CC1=CNC2=CC=CC=C12)NC(=O)C1=CC=CC=C1N1C=NN=N1,1,0.4696503219003219,0.530349678099678,0.9993000030517578,0.9778055262308988,1
CNP0531548.0,CCCC(=O)OC(C)CC,0,0.7095656859480388,0.2904343140519611,0.9893621802330017,0.9138968648435983,1
CNP0578330.1,O=C1C[C@@H](C(=O)NC2=C(Cl)C=CC=C2Cl)C2(CCCCC2)O1,0,0.6716382645132645,0.3283617354867354,0.9916998744010925,0.9236301501292529,1
CNP0578330.2,O=C1C[C@H](C(=O)NC2=C(Cl)C=CC=C2Cl)C2(CCCCC2)O1,0,0.6716382645132645,0.3283617354867354,0.9916998744010925,0.9236301501292529,1
CNP0561128.1,CCC1=NN2C(=N1)N(C(=O)C1=CC=C(OC)C(OC)=C1)[C@H]1CCCC[C@H]1C21CCCCC1,0,0.5589820261437908,0.4410179738562091,0.993843674659729,0.9339838825336256,1
CNP0589466.1,CC1=CC=C(NC(=O)[C@H](CC2=CC=CC=C2)NC(=O)OCC2=CC=CC=C2)C(C)=C1,0,0.5021765010351967,0.4978234989648032,0.9969064593315125,0.9530152895358905,1
CNP0589466.2,CC1=CC=C(NC(=O)[C@@H](CC2=CC=CC=C2)NC(=O)OCC2=CC=CC=C2)C(C)=C1,0,0.5021765010351967,0.4978234989648032,0.9969064593315125,0.9530152895358905,1
CNP0488125.2,CC[C@H](NS(=O)(=O)C1=CC=C(NC(C)=O)C=C1)C(=O)O,0,0.6411465201465201,0.3588534798534797,0.995989978313446,0.9465510339448623,1
CNP0502311.1,O=C(C1=CC=C(Cl)C=C1)N1C2=NC=NN2C2(CCCCC2)[C@@H]2CCCC[C@@H]21,0,0.6690040531364061,0.3309959468635939,0.9931614398956299,0.9305027209575567,1
CNP0541174.1,CS(=O)(=O)N[C@@H]1[C@@H](O)CO[C@@H]1CN1C=C(C2CC2)N=N1,0,0.5763425426222962,0.4236574573777036,0.9858961701393127,0.9014431097811074,1
CNP0543008.1,CC[C@H](C)C1=C2N=C3OC=CC=C[C@@]34OC[C@H]3O[C@@]4(OC3(C)C)N2[C@@H](CC2=CC=CC=C2)C(=O)N1,0,0.5188746993746993,0.4811253006253007,0.9867914915084839,0.9044792393849895,1
CNP0049127.1,N#CC1=CN([C@H]2O[C@@H](CO)[C@@H](O)[C@H]2O)C(=O)N=C1N,0,0.525298216639403,0.474701783360597,0.9993785619735718,0.979113738735183,1
CNP0569522.0,COC1=CC(C2=C(C3=C(O)C(=O)C=C(C)O3)NC(C3=CNC4=CC(C(=O)O)=CC=C34)=N2)=CC=C1O,0,0.5326436318067899,0.4673563681932102,0.9990992546081543,0.9747641350096862,1
CNP0049127.2,N#CC1=CN([C@@H]2O[C@@H](CO)[C@@H](O)[C@H]2O)C(=O)N=C1N,0,0.525298216639403,0.474701783360597,0.9993785619735718,0.979113738735183,1
CNP0493987.1,O=C(NC1=CC=CC=C1)[C@H]1SC2=NN=C(C3=CC=CC=C3)N2NC12CCCCC2,0,0.6419498001998002,0.3580501998001997,0.989250659942627,0.913463511294504,1
CNP0575768.1,CCOC(=O)[C@@H](CC1=CNC2=CC=CC=C12)NC(=O)C1=CC=CO1,0,0.521273199023199,0.478726800976801,0.9908672571182251,0.9200089873563513,1
CNP0304883.1,COC(=O)[C@H]1C[C@H](N2N=NC(C(N)=O)=C2C(N)=O)CN1S(=O)(=O)C1=CC=C(Cl)C=C1,0,0.541926174921431,0.4580738250785689,0.9987635612487793,0.9703650993760259,1
CNP0304883.2,COC(=O)[C@@H]1C[C@H](N2N=NC(C(N)=O)=C2C(N)=O)CN1S(=O)(=O)C1=CC=C(Cl)C=C1,0,0.541926174921431,0.4580738250785689,0.9987635612487793,0.9703650993760259,1
CNP0493987.2,O=C(NC1=CC=CC=C1)[C@@H]1SC2=NN=C(C3=CC=CC=C3)N2NC12CCCCC2,0,0.6419498001998002,0.3580501998001997,0.989250659942627,0.913463511294504,1
CNP0529294.1,C/C=C/C1=CC(OC)=C(O[C@H](C)[C@@H](OC(C)=O)C2=CC(OC)=C(O)C(OC)=C2)C(OC)=C1,0,0.5714136974136974,0.4285863025863026,0.9917014241218567,0.9236368283029157,1
CNP0049127.3,N#CC1=CN([C@H]2O[C@@H](CO)[C@@H](O)[C@@H]2O)C(=O)N=C1N,0,0.525298216639403,0.474701783360597,0.9993785619735718,0.979113738735183,1
CNP0049127.4,N#CC1=CN([C@@H]2O[C@@H](CO)[C@@H](O)[C@@H]2O)C(=O)N=C1N,0,0.525298216639403,0.474701783360597,0.9993785619735718,0.979113738735183,1
CNP0575768.2,CCOC(=O)[C@H](CC1=CNC2=CC=CC=C12)NC(=O)C1=CC=CO1,0,0.521273199023199,0.478726800976801,0.9908672571182251,0.9200089873563513,1
CNP0605263.1,CCCC(=O)N1C2=NC=NN2C2(CCCCC2)[C@@H]2CCCC[C@@H]21,0,0.6525554282318988,0.3474445717681012,0.9915785789489746,0.9230904086172753,1
CNP0567566.1,CCOC(=O)C1=C(NC(=O)COC(=O)[C@@H](CC(C)C)NC(=O)C2=CC=CC=C2)SC2=C1CCC2,0,0.6875316350316351,0.3124683649683649,0.9972694516181946,0.9558518463902447,1
CNP0567566.2,CCOC(=O)C1=C(NC(=O)COC(=O)[C@H](CC(C)C)NC(=O)C2=CC=CC=C2)SC2=C1CCC2,0,0.6875316350316351,0.3124683649683649,0.9972694516181946,0.9558518463902447,1
CNP0501781.0,CCCCC1=NC(Cl)=C(CO)N1CC1=CC=C(C2=CC=CC=C2C2=NN=NN2)C=C1,0,0.6611050958845077,0.3388949041154923,0.9971518516540527,0.9549119270529024,1
CNP0310866.0,COC1=CC(CNC2=NC(SC)=NC3=C(C4=CC=CC(Cl)=C4)C=NN23)=CC(OC)=C1OC,1,0.4931255411255409,0.5068744588744589,0.9901753067970276,0.9171352642818003,1
CNP0483359.0,O=C(C1=NC(O)=C(C=C2C=NC3=CC(O)=CC=C23)N1)C1=CNC2=CC=CC=C12,0,0.7021666666666667,0.2978333333333333,0.9999450445175171,0.9940132735663743,1
CNP0521550.0,O=C1NC(CC2=CC=CC=C2)=NC2=C1C1(CCCCC1)CC1=CC=CC=C12,0,0.6774464285714284,0.3225535714285714,0.9951243996620178,0.9411318641158408,1
CNP0604434.0,CC(=O)N1N=C(C2=CC=C(Cl)C(Cl)=C2)OC12CCCC2,0,0.6609264624264626,0.3390735375735376,0.9989932179450989,0.9732972433781277,1
CNP0492338.1,CC(C)C(=O)N1C2=NC=NN2C2(CCCCC2)[C@@H]2CCCC[C@@H]21,0,0.6325265639589168,0.367473436041083,0.9978834986686707,0.9611381630342675,1
CNP0572365.1,C[C@@H](NC(=O)CC1=CC=CC=C1)C1=C(C(=O)O)C(C2=CC=C(Cl)C=C2)=NO1,0,0.5634912864912864,0.4365087135087135,0.9930330514907837,0.929868743988454,1
CNP0603803.1,C[C@H](NC(=O)[C@@H](N)[C@@H](C)O)C(=O)O,0,0.686792958675312,0.3132070413246883,0.9989169836044312,0.9722886211631994,1
CNP0519574.0,CC(O)C(N)C(=O)NC(=O)CCC(N)C(=O)O,0,0.660961243264286,0.3390387567357141,0.9919454455375671,0.9247357750309381,1
CNP0540646.0,CCC(C)CC(C(=O)O)C(C)C,0,0.6997541918865449,0.3002458081134551,0.9997243285179138,0.9862288873430571,1
CNP0458808.1,CCO[C@H](COC)[C@H](OC(C)=O)[C@H](OC)[C@H](COC(C)=O)OC,0,0.6480866107073006,0.3519133892926996,0.9991378784179688,0.9753209234356108,1
CNP0050032.1,CC[C@H](C)[C@@H](C(=O)O)N(C)C(=O)OC(C)(C)C,0,0.6543142429465958,0.3456857570534041,0.9969452023506165,0.9533086742977033,1
CNP0529288.1,CCOC(=O)C1=C(NC(=O)COC(=O)[C@@H](CCSC)NC(C)=O)SC2=C1CCC2,0,0.6395264887386287,0.360473511261371,0.9913186430931091,0.9219486168702121,1
CNP0602985.0,CCC(C)C(N)C(=O)NC(C(=O)NC(C(=O)O)C(C)C)C(C)C,0,0.5849940076263606,0.4150059923736393,0.9981326460838318,0.9635080786016503,1
CNP0529288.2,CCOC(=O)C1=C(NC(=O)COC(=O)[C@H](CCSC)NC(C)=O)SC2=C1CCC2,0,0.6395264887386287,0.360473511261371,0.9913186430931091,0.9219486168702121,1
CNP0594789.0,CCCCS(=O)(O)=S,0,0.6736366133866134,0.3263633866133866,0.9961951971054077,0.947924655595912,1
CNP0501589.1,CC1=CC=CC(NC(=O)[C@@H]2SC3=NN=C(C4=CC=CC=C4)N3NC23CCCCC3)=C1,0,0.6194144090676349,0.3805855909323651,0.9954575300216675,0.9431514262470961,1
CNP0501589.2,CC1=CC=CC(NC(=O)[C@H]2SC3=NN=C(C4=CC=CC=C4)N3NC23CCCCC3)=C1,0,0.6194144090676349,0.3805855909323651,0.9954575300216675,0.9431514262470961,1
CNP0552595.0,COC1=CC(C2=C(C3=C(O)C(=O)C=C(C)O3)NC(C3=CC=C4C(=C3)CCCN4C)=N2)=CC=C1O,0,0.682648714031067,0.317351285968933,0.985509991645813,0.9001671838959665,1
CNP0495417.1,O=C(C1=CC=CC(Cl)=C1)N1C2=NC=NN2C2(CCCCC2)[C@@H]2CCCC[C@@H]21,0,0.6439120879120879,0.356087912087912,0.9995383024215698,0.9820576797513761,1
CNP0475261.1,CCCS(=O)(=O)N[C@H]1CO[C@H]2[C@@H]1OC[C@H]2OC,0,0.6081008011596246,0.3918991988403753,0.9879124760627747,0.9084479918651657,1
CNP0540071.1,O=C(C1=CC=CC=C1Cl)N1C2=NC=NN2C2(CCCCC2)[C@@H]2CCCC[C@@H]21,0,0.6673917748917748,0.3326082251082251,0.9952902793884277,0.9421280047500046,1
CNP0559995.1,COC1=CC=C(Br)C=C1[C@@H](N)C(=O)O,0,0.6762251849457732,0.3237748150542268,0.9894934892654419,0.9144100696065525,1
CNP0559995.2,COC1=CC=C(Br)C=C1[C@H](N)C(=O)O,0,0.6762251849457732,0.3237748150542268,0.9894934892654419,0.9144100696065525,1
CNP0529636.1,CCOC(=O)C1=C(NC(=O)[C@@H]2CC(=O)OC23CCCCC3)SC2=C1CC(C)(C)OC2,0,0.603788961038961,0.396211038961039,0.9953696131706238,0.9426110223206766,1
CNP0529636.2,CCOC(=O)C1=C(NC(=O)[C@H]2CC(=O)OC23CCCCC3)SC2=C1CC(C)(C)OC2,0,0.603788961038961,0.396211038961039,0.9953696131706238,0.9426110223206766,1
CNP0485329.1,O=C(NC1CCC1)N[C@@H]1[C@@H](O)CO[C@@H]1CN1C=C(C2CC2)N=N1,0,0.6698591539179773,0.3301408460820225,0.9902198910713196,0.917316358474659,1
CNP0603761.1,O=S(=O)(N[C@@H]1[C@@H](O)CO[C@@H]1CN1C=C(C2CC2)N=N1)C1=CSC=C1,0,0.6409392237189775,0.3590607762810225,0.999408483505249,0.9796338942341947,1
CNP0507679.1,CC1=CC=C(NC(=O)[C@H]2SC3=NN=C(C4=CC=CC=C4)N3NC23CCCCC3)C=C1C,0,0.5939855028484061,0.4060144971515938,0.9867414832115173,0.904306676780692,1
CNP0507679.2,CC1=CC=C(NC(=O)[C@@H]2SC3=NN=C(C4=CC=CC=C4)N3NC23CCCCC3)C=C1C,0,0.5939855028484061,0.4060144971515938,0.9867414832115173,0.904306676780692,1
CNP0229877.0,COC1=CC(C(=O)NC2=NN=C(C3=CC=C(Cl)C=C3)O2)=CC(OC)=C1OC,0,0.574385769828353,0.425614230171647,0.9955032467842102,0.9434351836481124,1
CNP0265361.1,CCOC(=O)CC[C@H](C)[C@H]1CC[C@H]2[C@H]3C(=O)C[C@@H]4CC(=O)CC[C@]4(C)[C@H]3CC(=O)[C@]12C,0,0.5390358047181575,0.4609641952818425,0.9915034770965576,0.9227583784626825,1
CNP0265361.2,CCOC(=O)CC[C@H](C)[C@H]1CC[C@H]2[C@H]3C(=O)C[C@@H]4CC(=O)CC[C@]4(C)[C@@H]3CC(=O)[C@]12C,0,0.5390358047181575,0.4609641952818425,0.9915034770965576,0.9227583784626825,1
CNP0265361.3,CCOC(=O)CC[C@H](C)[C@H]1CC[C@@H]2[C@H]3C(=O)C[C@@H]4CC(=O)CC[C@]4(C)[C@@H]3CC(=O)[C@@]21C,0,0.5390358047181575,0.4609641952818425,0.9915034770965576,0.9227583784626825,1
CNP0491115.1,N[C@@H](C(=O)O)C1=CC=CC(Cl)=C1,0,0.6456867838044309,0.354313216195569,0.9954690933227539,0.9432231461811186,1
CNP0053861.1,C[C@@H](O)[C@@H](C(=O)O)N(C)C(=O)OC(C)(C)C,0,0.7021158302481832,0.2978841697518167,0.9905721545219421,0.9187690162873242,1
CNP0066983.1,N[C@H](CC1CCCC1)C(=O)O,0,0.6395109710550885,0.3604890289449113,0.9893807172775269,0.9139691595805618,1
CNP0530722.1,CCC1=NN2C(=N1)N(C(=O)COC)[C@H]1CCCC[C@H]1C21CCCCC1,0,0.5288947245564892,0.4711052754435107,0.9885677099227905,0.9108630753149264,1
CNP0552686.1,CC(C)C(=O)N1C2=NC(C3=CC=CO3)=NN2C2(CCCCC2)[C@@H]2CCCC[C@@H]21,0,0.5532826754944402,0.4467173245055598,0.9948217868804932,0.9393598079986311,1
CNP0603942.1,O=C(NC1=CC=CC=C1Cl)[C@@H]1SC2=NN=C(C3=CC=CC=C3)N2NC12CCCCC2,0,0.6274592907092906,0.3725407092907092,0.999810516834259,0.9886462457783891,1
CNP0265361.4,CCOC(=O)CC[C@H](C)[C@H]1CC[C@@H]2[C@H]3C(=O)C[C@@H]4CC(=O)CC[C@]4(C)[C@H]3CC(=O)[C@@]21C,0,0.5390358047181575,0.4609641952818425,0.9915034770965576,0.9227583784626825,1
CNP0491115.2,N[C@H](C(=O)O)C1=CC=CC(Cl)=C1,0,0.6456867838044309,0.354313216195569,0.9954690933227539,0.9432231461811186,1
CNP0574624.1,NC1=NC(=O)N([C@@H]2O[C@H](CO)[C@@H](O)[C@H]2O)C=[NH+]1,0,0.5338403936275002,0.4661596063724997,0.9973325729370117,0.9563639809132641,1
CNP0053861.2,C[C@H](O)[C@H](C(=O)O)N(C)C(=O)OC(C)(C)C,0,0.7021158302481832,0.2978841697518167,0.9905721545219421,0.9187690162873242,1
CNP0035958.1,O=S(=O)(C[C@@H](COCC1=CC=CC=C1)OCC1=CC=CC=C1)C1=CC=CC=C1,0,0.531647324897325,0.468352675102675,0.9982274174690247,0.9644524960807346,1
CNP0603942.2,O=C(NC1=CC=CC=C1Cl)[C@H]1SC2=NN=C(C3=CC=CC=C3)N2NC12CCCCC2,0,0.6274592907092906,0.3725407092907092,0.999810516834259,0.9886462457783891,1
CNP0490522.1,C[C@@H](NCC1=CC=CC(Cl)=C1)C1=C(C(=O)O)C(C2=CC=CC=C2)=NO1,0,0.5289903041403041,0.4710096958596959,0.9995753169059753,0.9828086218263609,1
CNP0537355.1,CCC[C@H]1CC(=O)N[C@@H](CC2=CC=CC=C2)C2=N[C@H](CS2)C(=O)N[C@H](CO)CS1,0,0.5850057507851626,0.4149942492148374,0.9982255101203918,0.9644334029422292,1
CNP0493568.0,O=S(=O)(C1=CC=C2CCCCC2=C1)N1CCC2(CC1)NCCN=C2NCC1=CC=C2OCOC2=C1,0,0.5995850946622335,0.4004149053377664,0.9947549104690552,0.9389756715481776,1
CNP0467287.1,O=S(=O)(CC1=CC=CC=C1)N[C@H]1CO[C@H]2[C@@H]1OC[C@@H]2N1N=NN=C1C1=CC=C2OCOC2=C1,0,0.5620897306018791,0.437910269398121,0.9979642629623413,0.9618905457299408,1
CNP0467287.2,O=S(=O)(CC1=CC=CC=C1)N[C@@H]1CO[C@@H]2[C@@H]1OC[C@@H]2N1N=NN=C1C1=CC=C2OCOC2=C1,0,0.5620897306018791,0.437910269398121,0.9979642629623413,0.9618905457299408,1
CNP0488671.1,C[C@@H]1[C@@H]([C@](C)(O)CCCC(C)(C)O)CC[C@]1(C)O,0,0.6372691854627086,0.3627308145372914,0.9886699914932251,0.9112469376163591,1
CNP0468498.1,CC(C)OC(=O)[C@H](O)[C@@H](NC(=O)OCC1=CC=CC=C1)C1=CC=CC=C1,0,0.5641121933621932,0.4358878066378067,0.9859567880630493,0.9016453228218,1
CNP0561107.1,COC[C@H]1C[C@@H](NS(=O)(=O)CC(C)C)[C@H](O)[C@@H]1O,0,0.5184774903272346,0.4815225096727654,0.9999744892120361,0.9959804667920744,1
CNP0491398.1,COCC(=O)N1C2=NC(C(C)C)=NN2C2(CCCCC2)[C@@H]2CCCC[C@@H]21,1,0.499124883286648,0.5008751167133519,0.9952908754348755,0.9421313783683442,1
CNP0053502.0,CCC(C1=CC=CC(C(=O)O)=C1)C(C(C)=O)C1=CC=C(O)C=C1,0,0.5855797813297814,0.4144202186702185,0.9958356618881226,0.945542420158795,1
CNP0488671.2,C[C@@H]1[C@@H](C(C)(O)CCCC(C)(C)O)CC[C@]1(C)O,0,0.6372691854627086,0.3627308145372914,0.9886699914932251,0.9112469376163591,1
CNP0452831.1,CCCS(=O)(=O)N[C@H]1CO[C@H]2[C@@H]1OC[C@H]2OCC(=O)OC,0,0.5858094258682494,0.4141905741317505,0.9998440742492676,0.9897322924145739,1
CNP0585940.0,O=S(=O)(C1=CC=C(Cl)C=C1)N1CCC2(CC1)NCCN=C2NCC1=CC=C2OCOC2=C1,0,0.5356215651414084,0.4643784348585915,0.9979313611984253,0.9615816122258762,1
CNP0524845.1,C=C(Cl)C(O)C[C@H](N)C(=O)O,0,0.7003391902215433,0.2996608097784568,0.9981866478919983,0.9640438913014201,1
CNP0510238.1,O=C(NC1=CC=CC=C1Cl)[C@H]1SC2=NN=C(C3=CC=CC=C3)N2NC12CCCC2,0,0.6266259573759574,0.3733740426240426,0.9985068440437317,0.9673993413142477,1
CNP0576756.1,C[C@H](N)C(=O)N[C@H](C(=O)N[C@@H](C)C(=O)N1CCC[C@H]1C(=O)O)[C@@H](C)O,0,0.5753789321789321,0.4246210678210679,0.9989510774612427,0.972735192838524,1
CNP0567403.1,CC(C)C(=O)N1C2=NC(C(=O)N3CCOCC3)=NN2C2(CCCCC2)[C@@H]2CCCC[C@@H]21,0,0.5496640098463628,0.4503359901536371,0.9943603873252869,0.9367615571202149,1
CNP0510238.2,O=C(NC1=CC=CC=C1Cl)[C@@H]1SC2=NN=C(C3=CC=CC=C3)N2NC12CCCC2,0,0.6266259573759574,0.3733740426240426,0.9985068440437317,0.9673993413142477,1
CNP0488671.3,C[C@H]1[C@H]([C@](C)(O)CCCC(C)(C)O)CC[C@@]1(C)O,0,0.6372691854627086,0.3627308145372914,0.9886699914932251,0.9112469376163591,1
CNP0046176.3,CC(C)[C@H]1CC[C@H](C)C[C@H]1OC(=O)CC#N,0,0.6343199594523125,0.3656800405476876,0.9883175492286682,0.9099320639846549,1
CNP0046176.4,CC(C)[C@@H]1CC[C@H](C)C[C@H]1OC(=O)CC#N,0,0.6343199594523125,0.3656800405476876,0.9883175492286682,0.9099320639846549,1
CNP0217604.1,CCCS(=O)(=O)N[C@@H]1CO[C@@H]2[C@@H]1OC[C@H]2OC(=O)NC1=CC=C(C(C)C)C=C1,1,0.486527727148026,0.5134722728519739,0.9985889792442322,0.9683171392513484,1
CNP0217604.2,CCCS(=O)(=O)N[C@H]1CO[C@H]2[C@@H]1OC[C@H]2OC(=O)NC1=CC=C(C(C)C)C=C1,1,0.486527727148026,0.5134722728519739,0.9985889792442322,0.9683171392513484,1
CNP0380651.0,CCC(C)C(=O)OCC(C)C,0,0.6688077494401027,0.3311922505598976,0.998569130897522,0.9680924571275166,1
CNP0474266.0,CCC(C(=O)O)C(C)C,0,0.7201659745483276,0.2798340254516724,0.995964765548706,0.946384452198718,1
CNP0415773.1,CC[C@H](C)[C@H](N)CC(=O)O,0,0.6679390625714156,0.3320609374285845,0.994216799736023,0.9359767317398089,1
CNP0597062.1,COC1=CC2=C(C3=CC=C4N=C(NS(C)(=O)=O)N=C4C=C3[C@@H](NC(C)=O)CC2)C(OC)=C1OC,0,0.5943593073593073,0.4056406926406926,0.9968448877334595,0.9525510827380875,1
CNP0469536.1,O=C(N[C@H]1CO[C@H]2[C@@H]1OC[C@@H]2N1N=NN=C1C1=CC=C2OCOC2=C1)C1=CC=CO1,0,0.5756850012732366,0.4243149987267635,0.991823136806488,0.9241829408654165,1
CNP0469536.2,O=C(N[C@@H]1CO[C@@H]2[C@@H]1OC[C@@H]2N1N=NN=C1C1=CC=C2OCOC2=C1)C1=CC=CO1,0,0.5756850012732366,0.4243149987267635,0.991823136806488,0.9241829408654165,1
CNP0515059.0,CCN1C2=CC(C)=CC=C2N2C=CC=C2C12CCN(S(=O)(=O)C1=CC=C(OC)C(Cl)=C1)CC2,0,0.6046321456321457,0.3953678543678544,0.9956222176551819,0.9441792661352498,1
CNP0502811.0,CCC(C)C(NC(=O)C1CCCN1C(=O)C(N)CC(C)C)C(=O)O,0,0.5101118326118326,0.4898881673881674,0.995301365852356,0.9421957195065406,1
CNP0545782.0,CCCCC(CC(C)CC)C(=O)O,0,0.6247805996892685,0.3752194003107316,0.9999161958694458,0.9925473709357252,1
CNP0513996.1,C[C@H](N)C(=O)N[C@@H](C)C(=O)N1CCC[C@H]1C(=O)O,0,0.620677574059927,0.379322425940073,0.9883537292480469,0.9100660649209007,1
CNP0505565.1,CC[C@H](C)[C@H](NC(=O)OCC1=CC=CC=C1)C(=O)N[C@@H](CC1=CC=CC=C1)C(=O)OC,1,0.4614880952380952,0.5385119047619048,0.9999853372573853,0.9969843947088518,1
CNP0457991.1,N#CC1=CC=CC=C1S(=O)(=O)N[C@H]1CO[C@H]2[C@@H]1OC[C@H]2OCC1=CC=CC=C1,0,0.6564120732208966,0.3435879267791031,0.994426965713501,0.9371296198147829,1
CNP0505565.2,CC[C@H](C)[C@H](NC(=O)OCC1=CC=CC=C1)C(=O)N[C@H](CC1=CC=CC=C1)C(=O)OC,1,0.4614880952380952,0.5385119047619048,0.9999853372573853,0.9969843947088518,1
CNP0514442.1,COC1=CC=C(C(=O)N[C@@H](CC2=CC=CC=C2)C(=O)OCC(=O)C2=CC=C(Cl)C=C2)C=C1OC,1,0.4706771978021977,0.5293228021978023,0.9999364614486694,0.9935442596839987,1
CNP0514442.2,COC1=CC=C(C(=O)N[C@H](CC2=CC=CC=C2)C(=O)OCC(=O)C2=CC=C(Cl)C=C2)C=C1OC,1,0.4706771978021977,0.5293228021978023,0.9999364614486694,0.9935442596839987,1
CNP0516641.0,O=C(C1=NC(O)=C(C=C2C=NC3=CC(O)=CC=C23)N1)C1=CNC2=CC=C(Br)C=C12,0,0.6716468253968253,0.3283531746031745,0.9999997615814209,0.9996168401630579,1
CNP0594677.1,COC[C@H]1C[C@@H](NS(=O)(=O)C(C)C)[C@H](O)[C@@H]1O,0,0.5734579543076985,0.4265420456923015,0.9992311000823975,0.9767169648977844,1
CNP0518165.0,COC1=CC=C(S(=O)(=O)N(CC(=O)O)C2=CC(Cl)=CC=C2OC)C=C1OC,0,0.6592974305106659,0.3407025694893342,0.9975016713142395,0.9577696912515976,1
CNP0457991.2,N#CC1=CC=CC=C1S(=O)(=O)N[C@H]1CO[C@H]2[C@H]1OC[C@@H]2OCC1=CC=CC=C1,0,0.6564120732208966,0.3435879267791031,0.994426965713501,0.9371296198147829,1
CNP0505565.3,CC[C@H](C)[C@@H](NC(=O)OCC1=CC=CC=C1)C(=O)N[C@@H](CC1=CC=CC=C1)C(=O)OC,1,0.4614880952380952,0.5385119047619048,0.9999853372573853,0.9969843947088518,1
CNP0505565.4,CC[C@H](C)[C@@H](NC(=O)OCC1=CC=CC=C1)C(=O)N[C@H](CC1=CC=CC=C1)C(=O)OC,1,0.4614880952380952,0.5385119047619048,0.9999853372573853,0.9969843947088518,1
CNP0582554.1,O=C(NC1=CC=CC(Cl)=C1)[C@H]1SC2=NN=C(C3=CC=CC=C3)N2NC12CCCCC2,0,0.6329944401476659,0.367005559852334,0.9999030828475952,0.9919659257557183,1
CNP0582554.2,O=C(NC1=CC=CC(Cl)=C1)[C@@H]1SC2=NN=C(C3=CC=CC=C3)N2NC12CCCCC2,0,0.6329944401476659,0.367005559852334,0.9999030828475952,0.9919659257557183,1
CNP0569611.1,CCOC(=O)[C@@H](CC1=CNC2=CC=CC=C12)NC(=O)C1=CC=C(Br)C=C1,0,0.5446706349206348,0.4553293650793651,0.9962224960327148,0.9481102904981769,1
CNP0569611.2,CCOC(=O)[C@H](CC1=CNC2=CC=CC=C12)NC(=O)C1=CC=C(Br)C=C1,0,0.5446706349206348,0.4553293650793651,0.9962224960327148,0.9481102904981769,1
CNP0518172.1,CC(=O)NC1=CC=C(S(=O)(=O)N[C@@H](CC2=CNC3=CC=CC=C23)C(=O)O)C=C1,0,0.5494206349206351,0.450579365079365,0.9915990829467773,0.9231814463088429,1
CNP0556812.1,O=C(C1CCCCC1)N1C2=NC=NN2C2(CCCCC2)[C@@H]2CCCC[C@@H]21,0,0.6583662464985993,0.3416337535014005,0.9905180335044861,0.918543885898661,1
CNP0506997.1,COC(=O)[C@H](CC1=CC=C(O)C=C1)NC(=O)C1=CC=CC=C1OC,1,0.4828333333333334,0.5171666666666667,0.9934397339820862,0.9318991251682892,1
CNP0506997.2,COC(=O)[C@@H](CC1=CC=C(O)C=C1)NC(=O)C1=CC=CC=C1OC,1,0.4828333333333334,0.5171666666666667,0.9934397339820862,0.9318991251682892,1
CNP0471126.1,CCCS(=O)(=O)N[C@H]1CO[C@H]2[C@@H]1OC[C@H]2OC(=O)NC1CCCCC1,1,0.4278271026359261,0.572172897364074,0.9998327493667603,0.9893548977360552,1
CNP0565459.0,CC1=CCC2=C1CC1=C(CC2C)OC=C1C,0,0.6451305034834445,0.3548694965165553,0.9857947826385498,0.9011064425064444,1
CNP0275711.1,CC(=O)CC[C@@]1(C)[C@H](C)CC[C@@]2(C)C(C(=O)O)=CCC[C@H]12,0,0.6155023310023311,0.3844976689976691,0.9915450811386108,0.9229422945540668,1
CNP0554427.0,CC1=CC(CN2C(=O)CC3(CCN(S(=O)(=O)C4=CC=C(Cl)C=C4)CC3)N3N=CC=C23)=NO1,0,0.6862345558378391,0.3137654441621609,0.9950150847434998,0.9404851114167679,1
CNP0531203.1,CC(C)(O)[C@H]1CC[C@@](C)([C@H]2[C@@H](O)C[C@@]3(C)[C@@H]4CC[C@H]5C(C)(C)NC(=O)CC[C@@]56C[C@@]46CC[C@]23C)O1,0,0.7045617926191455,0.2954382073808543,0.9964587092399597,0.949747005767292,1
CNP0577287.0,CCC(CC(C)(C)CC)C(=O)O,0,0.6444824081147611,0.3555175918852389,0.9907848834991455,0.9196602953826297,1
CNP0440901.1,COCC(=O)NC1=NC=NC=C1C1=NOC([C@H]2CCCN2CC2=CC=C(C(=O)O)C=C2)=N1,0,0.535013958263958,0.4649860417360418,0.9971810579299927,0.9551433520100893,1
CNP0518909.1,C[C@@H]1CCCC[C@]1(N)C(=O)O,0,0.6051440242763771,0.3948559757236228,0.9973363280296326,0.9563950040155572,1
CNP0518909.2,C[C@H]1CCCC[C@@]1(N)C(=O)O,0,0.6051440242763771,0.3948559757236228,0.9973363280296326,0.9563950040155572,1
CNP0518909.3,C[C@H]1CCCC[C@]1(N)C(=O)O,0,0.6051440242763771,0.3948559757236228,0.9973363280296326,0.9563950040155572,1
CNP0594323.1,O=C(NC1=CC=C(Cl)C=C1)[C@H]1SC2=NN=C(C3=CC=CC=C3)N2NC12CCCCC2,0,0.6654894827394826,0.3345105172605172,0.9993756413459778,0.9790630606473243,1
CNP0594323.2,O=C(NC1=CC=C(Cl)C=C1)[C@@H]1SC2=NN=C(C3=CC=CC=C3)N2NC12CCCCC2,0,0.6654894827394826,0.3345105172605172,0.9993756413459778,0.9790630606473243,1
CNP0496838.1,O=C(N[C@H](CC1=CNC2=CC=CC=C12)C(=O)NC1CCCCC1)OCC1=CC=CC=C1,0,0.5036038961038961,0.4963961038961039,0.9964292645454407,0.9495398219313944,1
CNP0496838.2,O=C(N[C@@H](CC1=CNC2=CC=CC=C12)C(=O)NC1CCCCC1)OCC1=CC=CC=C1,0,0.5036038961038961,0.4963961038961039,0.9964292645454407,0.9495398219313944,1
CNP0496479.1,O=C(C1=CC=CS1)N1C2=NC=NN2C2(CCCCC2)[C@@H]2CCCC[C@@H]21,0,0.7174274891774892,0.2825725108225108,0.9917072653770447,0.9236631939673181,1
CNP0553885.0,COC1=CC(CNC2=CC=C(C(=O)O)C=C2)=CC=C1OCC1=CC=CC=C1,0,0.6014841963591965,0.3985158036408036,0.9979174733161926,0.9614531489526982,1
CNP0440901.2,COCC(=O)NC1=NC=NC=C1C1=NOC([C@@H]2CCCN2CC2=CC=C(C(=O)O)C=C2)=N1,0,0.535013958263958,0.4649860417360418,0.9971810579299927,0.9551433520100893,1
CNP0518909.4,C[C@@H]1CCCC[C@@]1(N)C(=O)O,0,0.6051440242763771,0.3948559757236228,0.9973363280296326,0.9563950040155572,1
CNP0588007.0,CNC1(C(=O)OC)CCCC1,0,0.6943718087468089,0.3056281912531912,0.9960426092147827,0.9468992291740673,1
CNP0557513.1,C[C@@H](O)[C@H](N)C(=O)N[C@@H](CC1=CC=C(O)C=C1)C(=O)O,0,0.5347133993457525,0.4652866006542476,0.9931820034980774,0.9306045436302691,1
CNP0551082.1,COC(=O)[C@H](CC1=CNC2=CC=CC=C12)NC(=O)C1=CC=C(N2C=NN=N2)C=C1,1,0.4527534965034965,0.5472465034965034,0.9959272742271423,0.9461389958607829,1
CNP0586664.1,O=C(C1=CC=CO1)N1C2=NC=NN2C2(CCCCC2)[C@@H]2CCCC[C@@H]21,0,0.6632330447330446,0.3367669552669551,0.9969724416732788,0.9535169548795661,1
CNP0167386.0,C=CS(=O)(=O)CCC(C)=O,0,0.7008011604408664,0.2991988395591337,0.9982317090034485,0.9644956822908163,1
CNP0416647.1,CC[C@@H](C)[C@H](NC(C)=O)C(=O)N(C)[C@H](CC1=CC=C(O)C=C1)C(=O)N[C@@H](CC(C)C)C(=O)OC,0,0.5701995798319327,0.4298004201680673,0.9999653100967407,0.9952852473062542,1
CNP0348711.1,CCC[C@@H](O)C[C@H](SC[C@@H](C(=O)O)N(C)C(=O)CC(C)C)[C@H](C)O,0,0.6038327938401468,0.3961672061598532,0.9998612403869629,0.9903308057784087,1
CNP0139856.1,CC(=O)OC[C@@H](C)CCC[C@](C)(O)C1=CC=C(C(=O)O)C=C1O,0,0.6090697493995366,0.3909302506004634,0.9979946613311768,0.9621774370253354,1
CNP0332829.1,CO[C@@H](CC[C@H](C)[C@@H](OC(=O)C[C@@H](O)[C@@H](C)O)[C@@H](C)C(=O)O)C1=CC(O)=CC=C1Br,0,0.619860835243188,0.3801391647568119,0.9858168959617615,0.9011799614608347,1
CNP0427416.0,CC(=CCC(O)C(C)C)C1=CC=C(C(=O)O)C=C1O,0,0.6477580768904297,0.3522419231095701,0.9948655962944031,0.9396131535616833,1
CNP0442444.1,CC1=CC(C(=O)O)=CC2=C1O[C@H](C(C)(C)O)C2,0,0.6795732492997199,0.3204267507002801,0.9989476799964905,0.9726902251900561,1
CNP0265200.1,CC[C@@H](C)[C@H](NC(C)=O)C(=O)N(C)[C@H](CC1=CC=C(O)C=C1)C(=O)N[C@@H](CC(C)C)C(=O)O,0,0.5722580213903743,0.4277419786096256,0.9979434609413147,0.961694722801748,1
CNP0356927.1,CC[C@@H](C)[C@H](NC(C)=O)C(=O)N(C)[C@H](CC1=CC=CC=C1)C(=O)N[C@@H](CC(C)C)C(=O)O,1,0.4542038239538239,0.5457961760461761,0.9910835027694702,0.9209312901387258,1
CNP0226639.1,CC[C@@H](C)[C@H](NC(C)=O)C(=O)N(C)[C@H](CC1=CC=C(O)C=C1)C(=O)O,0,0.5341060606060606,0.4658939393939393,0.9926559925079346,0.9280424706673706,1
CNP0227030.1,O=C(O)[C@@H]1CC2=CNC3=CC=C4OC5=NC6=CC=C(O)C=C6C5=C(N1)C4=C23,0,0.6007805322128851,0.3992194677871149,0.9909476637840271,0.9203504496687828,1
CNP0436359.1,CC1=CC([C@H]2[C@@H](C(C)C)CC[C@@]2(C)CC(=O)O)=C(C#N)C(O)=C1Br,0,0.7151098737863443,0.2848901262136556,0.9938617944717407,0.9340793671742214,1
CNP0147412.3,CCCC[C@](O)(CC)CC(CC)C(O)CC(=O)OCC,0,0.5678841114838558,0.4321158885161441,0.9969415068626404,0.9532808697843876,1
CNP0537884.2,CC[C@H](C)[C@H]1NC(=O)[C@H]2CSC(=N2)[C@@H](C)NC(=O)C2=COC(=N2)[C@H](C)NC(=O)C2=CSC1=N2,1,0.4282579365079364,0.5717420634920635,0.9939308166503906,0.9344433486325344,1
CNP0272101.2,CN1CCC2=C3[C@@H]1CCC=CN3C1=CC(Br)=CC=C21,0,0.6374724874798403,0.3625275125201596,0.990321695804596,0.9177335908361278,1
CNP0428819.1,CC[C@H](C[C@H]1CC[C@@H]([C@H](C)C(=O)O)O1)OC(C)=O,0,0.5974479748106156,0.4025520251893844,0.9996438026428223,0.9842920261514293,1
CNP0337161.0,COC1=CC(C2=C(C(=O)C3=CC=C(O)C=C3)NC3=C2C(=O)NC(=O)N3)=CC=C1O,0,0.6999294333117863,0.3000705666882137,0.9922389984130859,0.9260819680375584,1
CNP0382386.0,COC1=CC(C(=O)C2=C(C3=CC=C(O)C=C3)C3=C(N2)NC(=O)NC3=O)=CC=C1O,0,0.5924483159954762,0.4075516840045237,0.9900556802749634,0.9166494706668649,1
CNP0435938.0,C=C(CCCC(C)CO)C1=CC=C(C(=O)O)C=C1O,0,0.7485577506784402,0.2514422493215597,0.9982466697692871,0.9646479618416237,1
CNP0201586.1,CC1=CC([C@H]2[C@@H](C(C)C)CC[C@@]2(C)CC(=O)O)=C(C(=O)O)C(O)=C1Br,0,0.7425452145893324,0.2574547854106677,0.9854711294174194,0.9000396072252438,1
CNP0249394.0,CC(=CCCC(C)C)C1=CC=C(C(=O)O)C=C1O,0,0.7157618508942036,0.2842381491057962,0.9920030832290649,0.9249978506669332,1
CNP0421424.1,CC(=O)C[C@@H]1C[C@@H]1C1=C(Br)[C@H]2O[C@H](C=C=CBr)C[C@H]2O1,0,0.6816995718717505,0.3183004281282495,0.9990043044090271,0.9734467912663428,1
CNP0291246.0,C=C(CCCC(C)C)C1=CC=C(C(=O)O)C=C1O,0,0.7739185259185258,0.2260814740814741,0.9979034662246704,0.9613233910399187,1
CNP0353769.0,COC1=CC(O)=CC=C1N1N=CN=C1CC1=CC=C(O)C=C1,0,0.6242261904761905,0.3757738095238095,0.9900075197219849,0.9164548726106776,1
CNP0429947.1,CC(C)[C@H](NC(=O)[C@H](C)O)C(=O)O[C@@H](C(=O)N[C@@H](C(=O)O)C(C)C)C(C)C,0,0.609423134055487,0.390576865944513,0.9917142987251282,0.9236945695235245,1
CNP0124034.1,COC(=O)C[C@]1(C)CC[C@H](C(C)C)[C@@H]1C1=CC(C)=C(Br)C(O)=C1C(=O)O,0,0.7348925518925519,0.2651074481074481,0.9906197786331177,0.9189676576263568,1
CNP0431627.1,CC(=O)CC[C@@H]1C(C)(C)CCC[C@@]1(C)C(=O)CC[C@@H](C)CC(=O)CCC(O)COC(C)=O,0,0.6879829631153161,0.3120170368846839,0.9870033860206604,0.9052146302416028,1
CNP0071052.0,CCC(C)C(NS(=O)(=O)C1=CC=C(C)C=C1)C(=O)O,0,0.6281409423909424,0.3718590576090574,0.9996260404586792,0.9838953842019125,1
CNP0317240.2,C[C@@]12CC[C@H]3OC(=O)C=C3C1CC[C@@]13CC(CCC12)[C@](CO)(O[C@H]1O[C@H](CO)[C@@H](O)[C@H](O)[C@H]1O)C3,0,0.6780050313162015,0.3219949686837984,0.9989972710609436,0.9733519729870357,1
CNP0248084.0,CCOC(=O)C(CC1=CC=CC=C1)NC(C)=O,1,0.4085176767676768,0.5914823232323231,0.9978839755058289,0.9611434580410129,1
CNP0071015.0,COC(=O)C(CC1=CC=C(O)C=C1)NC(=O)C1=CC=CC=C1,0,0.5802936507936508,0.4197063492063491,0.9985634684562683,0.9680286455400537,1
CNP0075346.0,CCC(CC(C)(C)O)C(C)(C)O,0,0.8107908496732026,0.1892091503267973,0.9974350333213806,0.9572102005056933,1
CNP0003450.0,CCCC(=O)OCC(C)CC,0,0.6949157247980778,0.3050842752019223,0.9993897676467896,0.9793076784087201,1
CNP0259185.1,CCC(C)C(=O)OCC1=CC(=O)C2=C(OC)C3=C(C=C2O1)O[C@H](C(C)(C)O)C3,0,0.5714518886342416,0.4285481113657584,0.9956738352775574,0.9445055152389438,1
CNP0223842.1,COC1=CC=C([C@H]2COC3=CC(O)=CC(O)=C3C2=O)C2=C1CC(C(C)(C)O)O2,0,0.6419660894660895,0.3580339105339105,0.9978298544883728,0.9606472558730316,1
CNP0132106.1,C[C@H](N)C(=O)N1CCC[C@H]1C(=O)O,0,0.6403191780699521,0.3596808219300479,0.997093915939331,0.9544561611581415,1
CNP0268061.0,CC(C)CCCC(=O)CCC(C)C,0,0.7866222388722389,0.2133777611277611,0.99240642786026,0.9268621975208531,1
CNP0067908.0,NC(CCS(=O)(=O)CCC(N)C(=O)O)C(=O)O,0,0.6536413586413587,0.3463586413586414,0.9953219294548035,0.9423199796392686,1
CNP0455689.1,CC[C@H](C)[C@H](NC(=O)[C@@H](N)[C@@H](C)O)C(=O)O,0,0.5684469435792966,0.4315530564207034,0.9999309778213501,0.9932608314000559,1
CNP0560542.1,COC(=O)[C@H](CC(C)C)NC(=O)[C@@H](O)C(C)C,0,0.6324233821733822,0.3675766178266177,0.9973137974739075,0.956210552243335,1
CNP0482523.1,CC(C)(O)[C@@H]1OC(=O)C=C2[C@H](CC[C@@]3(C)[C@H]2CC[C@H]2CC4=C(NC5=CC=CC=C45)[C@@]23C)O1,0,0.6670912416086329,0.3329087583913671,0.9940675497055054,0.9351716849956208,1
CNP0258416.1,CS(=N)(=O)CC[C@H](NC(=O)CC[C@H](N)C(=O)O)C(=O)O,0,0.6207525040319158,0.3792474959680841,0.999974250793457,0.9959584986859314,1
CNP0348395.1,CC[C@@H](O)C[C@H]1CC[C@@H]([C@H](C)C(=O)O[C@@H](CC)C[C@@H]2CC[C@H]([C@@H](C)C(=O)O)O2)O1,0,0.566216012328653,0.4337839876713469,0.9999775886535645,0.9962439744757218,1
CNP0204769.1,CC1=CC([C@@H](CCCO)C(=O)O)=C(C)CC[C@@H]1C,0,0.6738823398823399,0.3261176601176601,0.9933183193206787,0.9312858039491578,1
CNP0106223.1,C=C(Cl)C[C@H](N)C(=O)O,0,0.6929676173499704,0.3070323826500297,0.999612033367157,0.9835869374655534,1
CNP0141293.3,CC[C@H](O)CC1CCC([C@H](C)C(=O)O)O1,0,0.6039582455855923,0.3960417544144078,0.9996058344841003,0.9834541188101614,1
CNP0357836.1,C=C1OC(=O)C=C(OC)/C1=C/[C@@H](O)CC,0,0.7206052075375605,0.2793947924624395,0.9909716844558716,0.9204526666513984,1
CNP0270417.1,CCOC(=O)[C@H](CC1=CC=CC=C1)NC(=O)C1=CC(Cl)=C2CC(C)OC(=O)C2=C1O,1,0.4704799367299367,0.5295200632700634,0.9991790652275085,0.9759279576529004,1
CNP0124943.1,C=C1C[C@@H](C(=O)N[C@H](C(=O)O)[C@@H](C)O)N=C1N,0,0.5042692934516463,0.4957307065483537,0.9992840886116028,0.9775489986052364,1
CNP0353648.2,C[C@H](O)CC1CCC([C@H](C)C(=O)O)O1,0,0.6182329761741526,0.3817670238258474,0.9892765283584595,0.9135642199349131,1
CNP0139856.2,CC(=O)OC[C@@H](C)CCC[C@@](C)(O)C1=CC=C(C(=O)O)C=C1O,0,0.6090697493995366,0.3909302506004634,0.9979946613311768,0.9621774370253354,1
CNP0332829.2,COC(CC[C@H](C)[C@@H](OC(=O)C[C@@H](O)[C@@H](C)O)[C@@H](C)C(=O)O)C1=CC(O)=CC=C1Br,0,0.619860835243188,0.3801391647568119,0.9858168959617615,0.9011799614608347,1
CNP0165107.0,CCOC(=O)C(CC)CC,0,0.6717594088917619,0.3282405911082381,0.9980341792106628,0.9625532693705571,1
CNP0498551.0,O=S(O)(O)=S,0,0.7975448873022403,0.2024551126977597,0.9975842237472534,0.9584743623281621,1
CNP0175933.0,CC(O)CCC(C)CC(C)CCC(O)CC(=O)O,0,0.6730846114669644,0.3269153885330355,0.9990482926368713,0.9740492160859641,1
CNP0072044.1,C=C(Cl)[C@H](O)CC(N)=O,0,0.7363283677107206,0.2636716322892793,0.9964808821678162,0.9499030546191357,1
CNP0383064.0,CC1=CC=C(C(C)CCC(O)C(C)(C)O)CC1,0,0.7888233172056702,0.2111766827943298,0.9885701537132263,0.910872305526784,1
CNP0471954.1,COC1=C(C)C(OC[C@@H]2[C@@]3(C)CCCC(C)(C)[C@@H]3CC[C@@]2(C)O)=C2COC(=O)C2=C1C(=O)O,0,0.6026590909090909,0.3973409090909092,0.9927998781204224,0.9287335781666225,1
CNP0444894.0,CCCCC(=O)OCC(C)CC,0,0.7036191880015411,0.296380811998459,0.9997766613960266,0.9876419979961236,1
CNP0217181.1,N[C@H](CC1=NC=NN1)C(=O)O,0,0.6564569067961564,0.3435430932038437,0.9858270883560181,0.901213505875847,1
CNP0357281.1,C[C@H]([C@H]1OC(C)(C)[C@@H](C)[C@@H]1O)[C@H]1C[C@@H](O)C2=C3C=CC4=CC(=O)CC[C@]4(C)[C@H]3C[C@@H](O)[C@@]21C,1,0.4630603856927385,0.5369396143072614,0.9985854625701904,0.9682766165220845,1
CNP0141832.1,CC[C@H](C)[C@H](NC(=O)[C@H](CC1=CC=CC=C1)NC(=O)CC(C)C)C(=O)N[C@H](CO)CC1=CC=CC=C1,1,0.4283344155844155,0.5716655844155845,0.9927256107330322,0.928375893842943,1
CNP0352003.1,CCOC(=O)[C@H](C)[C@H]1CC[C@@H](C[C@H](CC)OC(=O)[C@@H](C)[C@@H]2CC[C@H](C[C@H](O)CC)O2)O1,0,0.5597911039037448,0.4402088960962553,0.99997878074646,0.9963419685217257,1
CNP0072361.1,CCC(C)C1=C(C(=O)O)[C@H]([C@@H](C)C(C)=O)CO1,0,0.6910104911428441,0.3089895088571558,0.998902440071106,0.9721013788073262,1
CNP0353550.1,CCC(C)[C@H](C(=O)O[C@@H](C(=O)N(C)[C@H](C(=O)O)C(C)C)C(C)C)N(C)C(=O)[C@H](O)C(C)C,0,0.6561261881393462,0.3438738118606539,0.9942241311073303,0.9360163163374475,1
CNP0237913.1,CC(=O)OC[C@@H](C)CCC[C@@](C)(O)C1=CC=C(C(=O)O)C=C1,0,0.6649522296643697,0.3350477703356301,0.9948424696922302,0.9394794522663047,1
CNP0337808.1,OC[C@H]1O[C@@H](N2C3=CC=C(Cl)C=C3C3=CC=C4C5=CC(Cl)=CC=C5NC4=C32)[C@H](O)[C@@H](O)[C@@H]1O,0,0.6281649378486803,0.3718350621513196,0.9954959154129028,0.9433895405849946,1
CNP0295441.1,CC[C@H](C)[C@H](C(=O)OC)[C@@H](O)C(=O)N[C@H]1C[C@@H]1C[C@H](NC(=O)[C@H](C)N)C(=O)O,0,0.5958210278283808,0.4041789721716193,0.9927474856376648,0.9284811788980203,1
CNP0437103.0,CCCCC(=O)OCC(C)C,0,0.6368304212127742,0.3631695787872258,0.9956523776054382,0.9443699627028591,1
CNP0072390.0,C=C(CO)C1=C(O)C(Cl)=C(C)C2=C1CC(C)(C)C2=O,0,0.7761824466383289,0.2238175533616709,0.9918774366378784,0.9244275508580533,1
CNP0084766.1,C=C(CO)C1=C(O)C(Cl)=C(C)C2=C1C[C@@](C)(CO)C2=O,0,0.8015078434637257,0.1984921565362741,0.9890840649604797,0.9128209226755006,1
CNP0071615.1,CCC(=O)N[C@@H](CC1=CC=C(O)C=C1)C(=O)N[C@H](C(=O)N[C@H](CO)CC1=CC=CC=C1)[C@@H](C)CC,1,0.4851320346320346,0.5148679653679654,0.9950626492500305,0.9407656749915008,1
CNP0071613.1,CC[C@H](C)[C@H](NC(=O)[C@H](CC1=CC=C(O)C=C1)NC(=O)CC(C)C)C(=O)N[C@H](CO)CCSC,0,0.5037987012987013,0.4962012987012986,0.9994100332260132,0.9796599467905431,1
CNP0441056.1,COC(=O)[C@H](CC1=CC=C(O)C=C1)NC(=O)CC(C)C,1,0.4601717171717173,0.5398282828282827,0.9998571872711182,0.9901893191215566,1
CNP0257376.1,CCOC(=O)[C@H](C)[C@H]1CC[C@@H](C[C@H](CC)OC(=O)[C@@H](C)[C@@H]2CC[C@H](C[C@@H](C)O)O2)O1,0,0.5677411591676297,0.4322588408323702,0.9999346733093262,0.993450826500205,1
CNP0462485.1,CO[C@](C)(CCCC(C)(C)O)C1=CC=C(C(=O)O)C=C1O,0,0.6747019841269842,0.325298015873016,0.9986282587051392,0.9687654967154643,1
CNP0352005.1,CCOC(=O)[C@H](C)[C@H]1CC[C@@H](C[C@H](C)O)O1,0,0.6016738686150451,0.3983261313849548,0.996620774269104,0.9509030010981026,1
CNP0282416.2,CC[C@H](C)C(=O)O[C@H]1CCC=C2C=C[C@H](C)[C@H](CC[C@@H](O)C[C@@H](O)CC(=O)O)[C@H]21,0,0.6232174214674214,0.3767825785325785,0.993279755115509,0.9310921082076852,1
CNP0418281.1,CCC(O)C(C)C(O)[C@@]1(C)C[C@@H](C)C(=O)O1,0,0.553551948051948,0.4464480519480519,0.9869298934936523,0.9049587269690088,1
CNP0141293.4,CC[C@H](O)CC1CCC([C@@H](C)C(=O)O)O1,0,0.6039582455855923,0.3960417544144078,0.9996058344841003,0.9834541188101614,1
CNP0254170.1,CC[C@@H](C[C@@H]1CC[C@H]([C@@H](C)C(=O)O)O1)OC(=O)[C@@H](C)[C@H]1CC[C@@H](C[C@H](C)O)O1,0,0.568764552441023,0.4312354475589769,0.9999353885650635,0.9934899390356814,1
CNP0002376.1,N[C@@H](C[S](=O)=O)C(=O)O,0,0.7015653806977338,0.2984346193022663,0.9997894167900085,0.9880100918847748,1
CNP0002840.0,C=C=CC(C)C(=O)OCC,0,0.7049206088029618,0.2950793911970382,0.999607503414154,0.9834907386871512,1
CNP0292075.2,CC(C)[C@H](N)C(=O)N[C@H](C(=O)O)C(C)O,0,0.673529610911964,0.3264703890880361,0.9892637133598328,0.9135143942564701,1
CNP0347748.1,CC(C)C[C@H](NC(=O)[C@@H](N)[C@@H](C)O)C(=O)O,0,0.6679754983578513,0.3320245016421486,0.9890477061271667,0.9126813152536749,1
CNP0087176.2,CC(O)[C@H](NC(=O)[C@@H](N)[C@@H](C)O)C(=O)O,0,0.6102677061500592,0.3897322938499409,0.9990406632423401,0.973943147142804,1
CNP0558277.0,CCC(CC(C)C(=O)O)C(N)=O,0,0.6954235503059033,0.3045764496940967,0.9997461438179016,0.9867996342384255,1
CNP0244000.1,CC(C)OC(=O)[C@H](O)[C@@H](O)C(=O)O,0,0.6721201592525122,0.3278798407474878,0.9884788393974304,0.9105309821689285,1
CNP0507931.1,CC[C@H](C)[C@H](NC(=O)[C@H](C)N)C(=O)O,0,0.6013051686875216,0.3986948313124784,0.9983783960342407,0.9660119592559191,1
CNP0462211.1,CC[C@H](C)[C@H](NC(=O)[C@@H](N)C(C)C)C(=O)O,0,0.6347716189039718,0.3652283810960282,0.9988774657249451,0.9717809981234865,1
CNP0565435.0,CCC(O)C1CCCC(CC(=O)O)O1,0,0.7510487927105575,0.2489512072894425,0.9857326149940491,0.9009003702685711,1
CNP0141293.5,CC[C@@H](O)CC1CCC([C@@H](C)C(=O)O)O1,0,0.6039582455855923,0.3960417544144078,0.9996058344841003,0.9834541188101614,1
CNP0129167.1,O=C(O)C1=CC2=C(NC3=CC=C(O)C=C32)C(CCC(=O)N2CCC[C@H]2C(=O)O)=N1,0,0.6250186274509804,0.3749813725490196,0.9975869655609131,0.9584980243156935,1
CNP0528110.0,COC(=O)CC(O)CCCC(O)CC(C)O,0,0.6101079145440849,0.3898920854559151,0.9924160242080688,0.9269072636256834,1
CNP0391630.1,O=C(O)C1=CC(=O)NC(=O)N1[C@@H]1O[C@H](CO)[C@@H](O)[C@H]1O,0,0.6804547519029611,0.319545248097039,0.9955844283103943,0.9439412452096203,1
CNP0115257.1,N[C@@H](CC1CC1)C(=O)O,0,0.6251996245068999,0.3748003754931,0.9954002499580383,0.9427986779447213,1
CNP0538077.1,CC(=O)CC[C@H]1[C@@H]2C[C@@H](C(C)(C)O)CC[C@]12C,0,0.6086925091248621,0.3913074908751378,0.9931163191795349,0.9302789834485324,1
CNP0579161.1,CC[C@@H](O)[C@@H](O)C[C@H](C)O,0,0.6904756093579626,0.3095243906420377,0.9969847798347473,0.9536118765881162,1
CNP0543008.2,CC[C@@H](C)C1=C2N=C3OC=CC=C[C@@]34OC[C@H]3O[C@@]4(OC3(C)C)N2[C@@H](CC2=CC=CC=C2)C(=O)N1,0,0.5188746993746993,0.4811253006253007,0.9867914915084839,0.9044792393849895,1
CNP0139856.3,CC(=O)OC[C@H](C)CCC[C@](C)(O)C1=CC=C(C(=O)O)C=C1O,0,0.6090697493995366,0.3909302506004634,0.9979946613311768,0.9621774370253354,1
CNP0340887.1,CCOC(=O)C[C@@H](O)C(=O)O,0,0.6739249084249086,0.3260750915750916,0.995201826095581,0.9415945892873442,1
CNP0460844.0,C=C(CCCC(C)(C)O)C1=CC=C(C(=O)O)C=C1O,0,0.765400974025974,0.2345990259740259,0.9986613988876343,0.9691500933822061,1
CNP0573981.1,CC[C@@H](C)[C@H](O)C(=O)O[C@H](C(=O)O)[C@H](C)CC,0,0.7570006105006105,0.2429993894993895,0.9993830919265747,0.9791911853869274,1
CNP0481865.1,CC(CC[C@@H](O)C(C)(C)O)CC(N)=O,0,0.7176956115779646,0.2823043884220355,0.9968998432159424,0.9529646514680066,1
CNP0535641.1,CC[C@@H](C)[C@H](O)C(=O)O[C@H](C(=O)O[C@H](C(=O)O)[C@H](C)CC)[C@H](C)CC,0,0.8092936507936507,0.1907063492063492,0.9982122182846069,0.9643001756555623,1
CNP0352000.1,CCOC(=O)[C@@H](C)[C@@H]1CC[C@H](C[C@H](O)CC)O1,0,0.5941404800178267,0.4058595199821733,0.9997929930686951,0.9881165087827614,1
CNP0351604.1,CCC(C)CC[C@@H](N)[C@H](O)C(=O)N[C@H](C(=O)O)C(C)C,0,0.580384173016526,0.419615826983474,0.9986394047737122,0.9688939238064754,1
CNP0302037.0,CC(NC(=O)CC(N)C(=O)O)C(=O)O,0,0.6402046303369834,0.3597953696630167,0.9964308738708496,0.9495512571071998,1
CNP0002928.0,CCCC(=O)OCC1CCCO1,0,0.6748421093870011,0.325157890612999,0.9893496036529541,0.9138479269430404,1
CNP0042669.0,CCC(O)C(O)C(=O)O,0,0.634512405894759,0.3654875941052411,0.9980523586273193,0.9627284563965528,1
CNP0082312.1,C[C@@H](O)[C@@H](O)C(=O)O,0,0.767756522888876,0.2322434771111242,0.9970735311508179,0.9542974179605163,1
CNP0022696.0,CC(O)C(NC(=O)CC(N)C(=O)O)C(=O)O,0,0.5969856548680078,0.4030143451319922,0.999413251876831,0.9797167594538041,1
CNP0161471.0,CC(C)CCCC(C)CCC(=O)O,0,0.7341792083905087,0.2658207916094913,0.9961379170417786,0.9475371180261214,1
CNP0082312.2,C[C@@H](O)[C@H](O)C(=O)O,0,0.767756522888876,0.2322434771111242,0.9970735311508179,0.9542974179605163,1
CNP0004186.0,COC1=CC(C2OCC(COC3CC(C)CCC3C(C)C)O2)=CC=C1O,0,0.5742891944656651,0.4257108055343351,0.9956743121147156,0.9445086802778428,1
CNP0443318.0,CCC(C)C(N)C(=O)NC(C(=O)O)C(C)O,0,0.5937829686653217,0.4062170313346784,0.9991291165351868,0.9751939158546404,1
CNP0051199.0,NC1=NC=NC2=C1N=C(Cl)N2C1OC(CO)C(O)C1O,0,0.6262741216641694,0.3737258783358305,0.9998162388801575,0.9888236477832318,1
CNP0083277.0,CC(=O)NC(C(=O)O)C(C)C,0,0.6661571222894753,0.3338428777105248,0.9894700050354004,0.9143184503110109,1
CNP0163141.0,CCC(C)C(CO)NC(=O)CC(O)CC(C)=O,0,0.6078644982468512,0.3921355017531487,0.9993093013763428,0.9779559853755614,1
CNP0357861.0,CC1=NC2=C(NC(=O)NC2=O)N(C2OC(CO)C(O)C2O)C1=O,0,0.6021975128155018,0.3978024871844981,0.9948388934135437,0.9394590322241712,1
CNP0151661.1,C=C1C[C@@H](C(=O)N[C@H](C(=O)O)C(C)C)N=C1N,0,0.5340001736825266,0.4659998263174734,0.9935958981513977,0.9326966719367855,1
CNP0299650.1,CC[C@H](O)[C@H]1C[C@H](CC(=O)O)CO1,0,0.7182227511051041,0.2817772488948959,0.9900904893875122,0.9167902128532037,1
CNP0299650.2,CC[C@H](O)[C@@H]1C[C@@H](CC(=O)O)CO1,0,0.7182227511051041,0.2817772488948959,0.9900904893875122,0.9167902128532037,1
CNP0352005.2,CCOC(=O)[C@@H](C)[C@@H]1CC[C@H](C[C@@H](C)O)O1,0,0.6016738686150451,0.3983261313849548,0.996620774269104,0.9509030010981026,1
CNP0141650.1,CCOC(=O)[C@H](C)[C@H]1CC[C@@H](C[C@H](C)OC(=O)[C@@H](C)[C@@H]2CC[C@H](C[C@@H](C)O)O2)O1,0,0.5832763641587172,0.4167236358412828,0.999369204044342,0.9789530501981699,1
CNP0121132.2,CCCCC(C)CC(C)C(=O)N1CCC[C@H]1C(=O)O[C@@H](C(=O)O[C@H](C(=O)O)[C@@H](C)CC)[C@@H](C)CC,0,0.69948673711909,0.3005132628809099,0.9999984502792358,0.9990674272870906,1
CNP0184894.1,CCOC(=O)C[C@H](O)C[C@H](O)CC[C@@H]1[C@@H]2C(=CCC[C@@H]2OC(=O)[C@@H](C)CC)C=C[C@@H]1C,0,0.6165832223332223,0.3834167776667777,0.9975939393043518,0.9585580557417361,1
CNP0227121.2,CO[C@](C)(CCCC(C)C)C1=CC=C(C(=O)O)C=C1O,0,0.6492822510822512,0.3507177489177489,0.9958070516586304,0.9453573458442193,1
CNP0254170.2,CC[C@@H](C[C@@H]1CC[C@H]([C@@H](C)C(=O)O)O1)OC(=O)[C@@H](C)[C@@H]1CC[C@H](C[C@@H](C)O)O1,0,0.568764552441023,0.4312354475589769,0.9999353885650635,0.9934899390356814,1
CNP0352000.2,CCOC(=O)[C@H](C)[C@H]1CC[C@@H](C[C@@H](O)CC)O1,0,0.5941404800178267,0.4058595199821733,0.9997929930686951,0.9881165087827614,1
CNP0296108.0,CCOC(=O)C(O)C(C)CC,0,0.6612381246204777,0.3387618753795224,0.9997053742408752,0.9857516399769364,1
CNP0019037.0,CCOC(=O)CC(C)SC,0,0.7116653085476616,0.2883346914523385,0.9967678785324097,0.9519781118054048,1
CNP0003276.0,CCCCC(CC)C(=O)OCC,0,0.5969252985576515,0.4030747014423486,0.9970694184303284,0.9542654185409045,1
CNP0346728.1,CC[C@H](C)[C@H](NC(=O)[C@@H](N)CC(N)=O)C(=O)O,0,0.5246718020541549,0.475328197945845,0.9992671608924866,0.9772808119561939,1
CNP0271733.1,CC[C@H](C)[C@H](NC(=O)[C@@H](N)CCC(N)=O)C(=O)O,0,0.5704614845938375,0.4295385154061625,0.9943948984146118,0.9369519790405236,1
CNP0003257.0,CSC(C)CC(=O)OCC(C)C,0,0.7080636460257861,0.2919363539742138,0.9933570027351379,0.9314805972226715,1
CNP0007327.1,CC(O)CC(=O)O[C@@H]1C[C@H](C)CC[C@H]1C(C)C,0,0.6878096462361171,0.3121903537638831,0.9904139637947083,0.9181128457412454,1
CNP0100557.0,CCCC(C)CC(C)O,0,0.6847579658903191,0.3152420341096811,0.9921866655349731,0.9258400653660287,1
CNP0419242.1,C[C@H](NC(=O)[C@@H](N)CC(N)=O)C(=O)O,0,0.5878197097020625,0.4121802902979374,0.9910139441490173,0.9206334483042441,1
CNP0527029.0,CCC(C)C(NC(=O)C1CCCN1C(=O)C(N)C(C)C)C(=O)O,0,0.627635642135642,0.3723643578643578,0.9985384941101074,0.9677486355959667,1
CNP0487957.0,OC1=NC(C2=CNC3=CC=C(O)C=C23)=CC1=C1C(O)=NC2=CC=CC=C12,0,0.7860544733044732,0.2139455266955267,0.9899619817733765,0.9162715776612604,1
CNP0535111.1,CC[C@H](O)[C@H](C)NC(C)=O,0,0.6765194266517796,0.3234805733482204,0.9871999025344849,0.905902580020137,1
CNP0540624.0,CCC(C)CCC(N)C(O)C(=O)NC(CC(C)C)C(=O)N1CCCC1C(=O)N1CCCC1C(=O)O,0,0.542975193107546,0.4570248068924539,0.9999828338623047,0.9967222191949712,1
CNP0572600.0,N=C1N=C(C2=CC(Cl)=CC=C2Cl)NC(=N)N1,0,0.7067646572723524,0.2932353427276478,0.9926239252090454,0.9278895152342963,1
CNP0501120.1,OC[C@@H]1O[C@H](N2C(SCC3=CC=CC=C3)=NC3=C(O)N=CN=C32)[C@@H](O)[C@H]1O,0,0.6571890620614189,0.3428109379385811,0.9960629343986511,0.9470346985211419,1
CNP0334381.1,CCC(=O)[C@@]1(C)OC(C)(C)O[C@@H]1[C@@H](C)COC(=O)C(C)(C)C,0,0.5573680502504031,0.4426319497495968,0.9990787506103516,0.9744749143916526,1
CNP0134670.0,OC1=NC(C2=CNC3=CC=C(O)C=C23)=CC1=C1C(O)=NC2=CC=C(O)C=C12,0,0.7080266955266954,0.2919733044733044,0.9885557293891907,0.9108179205988642,1
CNP0156142.1,CCC(OC(C)=O)[C@@](C)(OC)[C@H](OC(C)=O)[C@@H](C)C(=O)O,0,0.6499267970591499,0.35007320294085,0.9948335886001587,0.9394279658601236,1
CNP0334495.1,CC[C@@H](O)[C@@]1(C)OC(C)(C)O[C@@H]1[C@@H](C)COC(=O)C(C)(C)C,0,0.5968528987352516,0.4031471012647484,0.9997697472572327,0.9874468587013536,1
CNP0074707.2,C[C@H](O)[C@@H]1C(=O)N2C(C(=O)O)=C(S[C@@H]3CN[C@H](CNS(N)(=O)=O)C3)[C@@H](C)[C@@H]12,0,0.5752229767277639,0.424777023272236,0.9999706745147705,0.9956719446104982,1
CNP0170247.1,N[C@H](C(=O)O)[C@@H]1CC(Cl)=NO1,0,0.6811128038628037,0.318887196137196,0.997912585735321,0.9614076824000682,1
CNP0535111.2,CC[C@@H](O)[C@H](C)NC(C)=O,0,0.6765194266517796,0.3234805733482204,0.9871999025344849,0.905902580020137,1
CNP0581851.1,NC(C(=O)N[C@@H]1C(=O)N2C(C(=O)O)=C(CSC3=CN=NN3)CS[C@H]12)C1=CC=C(O)C=C1,0,0.5459818669892198,0.4540181330107802,0.9989762306213379,0.9730683320741744,1
CNP0583797.0,O=C(O)C1=CC=CC(NS(=O)(=O)C2=CC=C(Cl)C(C(=O)NC3=CC=CC=C3C(=O)O)=C2)=C1,0,0.7148197358197358,0.2851802641802642,0.9999833106994629,0.9967740643286702,1
CNP0496333.1,N=C1N=CN([C@@H]2O[C@H](CO)[C@@H](O)[C@H]2O)C(O)=N1,0,0.5937252930418115,0.4062747069581885,0.9918323755264282,0.9242245369682182,1
CNP0598915.0,OCC1OC(N2C(=NCC3=CC=CC=C3)NC3=C(O)N=CN=C32)C(O)C1O,0,0.594619038477862,0.405380961522138,0.9993690848350525,0.9789505719116032,1
CNP0530371.0,CC(=O)NC1=CC=C(S(=O)(=O)NC2=CC(C(=O)O)=CC(C(=O)O)=C2)C=C1,0,0.7072164502164502,0.2927835497835497,0.9986386895179749,0.9688859914699852,1
CNP0574896.0,CC(=O)C1=CC=C(NS(=O)(=O)C2=CC=CC(C(=O)NC3=CC=C(C(=O)O)C=C3)=C2)C=C1,0,0.7325054112554109,0.2674945887445887,0.9952852129936218,0.9420970848684342,1
CNP0480236.1,O=C1N=C(O)C(Br)=CN1[C@@H]1O[C@H](CO)[C@@H](O)[C@@H]1O,0,0.6202476691476791,0.3797523308523208,0.9950140118598938,0.9404788657997549,1
CNP0588803.0,N=C1NC2=C(N=CN2C2OC(CO)C(O)C2O)C(=O)O1,0,0.5042131506090809,0.4957868493909191,0.9916200637817383,0.923274488849464,1
CNP0536302.0,O=C(CCNC1=C2N=CN=C2NC=N1)NCCC1=CNC2=CC=C(Cl)C=C12,0,0.574610323010323,0.4253896769896771,0.9949550032615662,0.9401328155211225,1
CNP0152826.2,CC1=C(C(=O)O)N2C(=O)[C@@H](NC(=O)[C@@H](N)C3=CC=CC(NS(C)(=O)=O)=C3)[C@H]2SC1,0,0.6299272116772118,0.3700727883227883,0.9997968077659607,0.9882284855195788,1
CNP0270417.2,CCOC(=O)[C@H](CC1=CC=CC=C1)NC(=O)C1=CC(Cl)=C2C[C@@H](C)OC(=O)C2=C1O,1,0.4704799367299367,0.5295200632700634,0.9991790652275085,0.9759279576529004,1
CNP0181481.1,COCC1CC2=CC3=C(OCO3)C(OC)=C2[C@H](C2=CC=C(C)C(OC)=C2)C1COC,0,0.6031116988297294,0.3968883011702704,0.9927040338516235,0.928272666404152,1
CNP0479458.0,CCCCC(C)CCOC(C)=O,0,0.6230362957475961,0.3769637042524039,0.9998248219490051,0.9890955127583124,1
CNP0576402.0,COC1=C(Br)C=C(CC2=C3NC(=N)N=C3C=CN=C2O)C=C1Br,0,0.6175012458471759,0.382498754152824,0.9997645020484924,0.9873023357394161,1
CNP0511684.1,CC1=C2OC[C@H](C(C)(C)O)CC2=C2C=C(C)N([C@@H](CC(C)C)C(=O)O)C(=O)C2=C1O,0,0.5431011821511822,0.4568988178488178,0.9916471242904663,0.9233949161384648,1
CNP0326054.1,N[C@H](C(=O)O)[C@@H]1CC(O)=NO1,0,0.6307062382062383,0.3692937617937617,0.9900254011154175,0.9165273830981054,1
CNP0592580.1,CC[C@H](C)[C@H](NC(=O)[C@@H](N)CC(C)C)C(=O)O,0,0.5358973820297348,0.4641026179702651,0.9989240765571594,0.9723812100216694,1
CNP0576658.1,C[C@@H]1CCC[C@@]2(C)[C@H](C1=O)[C@@H](C(C)(C)O)C[C@@H]2O,0,0.62133237050306,0.3786676294969399,0.9986203908920288,0.968675156483269,1
CNP0340093.0,N=C1N=C(O)C2=C(N1)N(C1OC(CO)C1CO)C=N2,0,0.6259786410010418,0.3740213589989581,0.99781334400177,0.9604970988652365,1
CNP0604598.0,CCOC(=O)C1=C(NC(=O)CSC2=NN=C3C(=N2)NC2=C(C)C=C(C)C=C23)SC2=C1CCCC2,0,0.55924173786547,0.4407582621345299,0.9874208569526672,0.9066828774707952,1
CNP0487649.1,CC(=O)NC(CC1=CC=CC=C1)C(=O)COC(C(=O)O)C1CCCN1C(=O)[C@@H](N)C(C)C,1,0.4433768731268731,0.5566231268731269,0.9923480749130249,0.9265894290359307,1
CNP0558788.0,CCC(C)C(NC(=O)C(CC1=CC=CC=C1)NC(=O)N1C2=CC=CC=C2N=C(O)C1C(C)C)C(=O)O,1,0.4093243029372062,0.5906756970627938,0.9996215105056763,0.9837959549471291,1
CNP0594359.0,COC(=O)C(CC1=CC=CC=C1)NC(=O)CC1N=C(O)C2=CC=CC=C2N=C1O,0,0.5234960764209992,0.4765039235790009,0.9947361350059509,0.9388683190066779,1
CNP0479072.0,COC(=O)C(CC1=CC=CC=C1)NC(=O)CCC1N=C(O)C2=CC=CC=C2N=C1O,0,0.515111344537815,0.4848886554621848,0.9986534118652344,0.9690567505512976,1
CNP0507024.1,CCC(C)[C@H](NC(=O)N1CC(O)=NC2=CC=CC=C21)C(=O)N1CCC[C@@H]1C(=O)O,0,0.5716249861249862,0.4283750138750138,0.9928117394447327,0.9287909347841621,1
CNP0326697.3,CCC(C)CCC(O)[C@H]1C(=O)OC[C@H]1CO,0,0.7647632155426274,0.2352367844573727,0.9934924244880676,0.9321668645513439,1
CNP0289741.0,NC(C[S]=O)C(=O)O,0,0.7135365206688736,0.2864634793311263,0.9988671541213989,0.971650112784742,1
CNP0155416.1,CO[C@@H]1C[C@H](CC[C@@]2(C)[C@H](C)CC[C@@]3(C)C(C(=O)O)=CCC[C@H]23)CO1,0,0.6043268953268953,0.3956731046731047,0.9995889067649841,0.9830924965275109,1
CNP0268007.0,CCCCC1=NC2(CCCC2)C(=O)N1CC1=CC=C(C2=CC=CC=C2C2=NNN=N2)C=C1,0,0.6737845830639948,0.3262154169360052,0.9906050562858582,0.9189058665159653,1
CNP0583318.0,CC(C)S(=O)(=O)C(C)C#N,0,0.6914051520375051,0.308594847962495,0.9896376132965088,0.9149781749510772,1
CNP0499267.1,OC[C@@H]1O[C@H](N2C(N3CCCCC3)=NC3=C(O)N=CN=C32)[C@@H](O)[C@H]1O,0,0.595289476046829,0.404710523953171,0.9973767995834351,0.9567269607346238,1
CNP0482962.2,N=C1C=CN(C2O[C@H](CO)[C@@H](O)[C@H]2O)C(O)=N1,0,0.6177895233851116,0.3822104766148884,0.9936327338218689,0.9328860735481888,1
CNP0508000.0,O=C(O)C1=CC=C2N=CC3=C(NN=C3O)C2=C1,0,0.6841588150411683,0.315841184958832,0.9888547658920288,0.9119450072397014,1
CNP0239823.0,CCC(C)C1N=C(O)C2CSC(=N2)C(C)N=C(O)C2=COC(=N2)C(C)N=C(O)C2=CSC1=N2,0,0.5342414362123663,0.4657585637876337,0.9998148083686829,0.9887777106016022,1
CNP0336843.0,CC1(C(=O)O)CSC(C(C)(C)C(O)C2CSC(C3CSC(C4CCCC(O)C4)=N3)N2)=N1,0,0.5924310411810413,0.4075689588189587,0.9959087371826172,0.9460171619293715,1
CNP0489123.0,O=C(C1=NC(=CC2=CNC3=CC(O)=CC=C23)C(O)=N1)C1=CNC2=CC=CC=C12,0,0.6347877955377954,0.3652122044622043,0.9983602166175842,0.9658213153452871,1
CNP0508384.0,O=C(C1=NC(=CC2=CNC3=CC(O)=CC=C23)C(O)=N1)C1=CNC2=CC=C(Br)C=C12,0,0.5848119658119657,0.4151880341880341,0.9999865293502808,0.9971140392047877,1
CNP0243356.9,CC(C)(O)[C@H]1CC[C@@](C)([C@H]2[C@@H](O)C[C@@]3(C)[C@@H]4C[C@H](O)[C@@H]5C(C)(C)[C@@H](O)CC[C@@]56C[C@@]46CC[C@]23C)O1,0,0.6638484504058034,0.3361515495941966,0.999362051486969,0.9788324311483627,1
CNP0560222.1,C[C@@H]1NCC(O)=NN=C1O,0,0.6622768330051162,0.3377231669948838,0.9898117184638977,0.9156696109477218,1
CNP0393702.1,N[C@H](C(=O)O)C1=CC=CC(C(=O)O)=C1,0,0.7577922077922078,0.2422077922077922,0.9997794032096863,0.9877210294892768,1
CNP0079451.0,COC1=CC(O)=CC(C(=O)O)=C1C(=O)C1=C(O)C(Cl)=C(C)C(Cl)=C1O,0,0.7159906759906761,0.2840093240093241,0.9916965961456299,0.9236155649585324,1
CNP0265277.1,CCOC(=O)C[C@H](C)O,0,0.6775573331896861,0.3224426668103139,0.9913328289985657,0.9220105378152623,1
CNP0488160.1,CC(C)CCC(=O)N=C1C=CN([C@H]2CC[C@H](O[C@H]3O[C@H](C)[C@@H](N(C)C)[C@H](O)[C@H]3O)[C@@H](C)O2)C(O)=N1,0,0.6274947111711815,0.3725052888288182,0.9965993762016296,0.9507486430032961,1
CNP0346822.2,COC1=C2CC(C(C)(C)O[C@@H]3O[C@H](CO)[C@@H](O)[C@H](O)[C@H]3O)OC2=CC2=C1C(=O)C=C(C)O2,0,0.6335158793820557,0.3664841206179441,0.9904850721359253,0.9184072611617207,1
CNP0541683.0,COC1=CC(NS(C)(=O)=O)=CC=C1N=C1C2=CC=C(C(=O)O)C=C2NC2=C1NC1=CC=CC=C12,0,0.5898694083694084,0.4101305916305916,0.9999803304672241,0.9964886696518842,1
CNP0511942.1,O=C(NCCC1=CNC2=CC=CC=C12)[C@H](CC1=CC=CC=C1)NC(=O)N1CC(O)=NC2=CC=CC=C21,0,0.5825504838298957,0.4174495161701043,0.9981663823127747,0.9638413483137585,1
CNP0482962.3,N=C1C=CN(C2O[C@H](CO)[C@@H](O)[C@@H]2O)C(O)=N1,0,0.6177895233851116,0.3822104766148884,0.9936327338218689,0.9328860735481888,1
CNP0339516.1,CC[C@@H](O)[C@@](C)(OC)[C@H](O)[C@@H](C)COC(=O)C(C)(C)C,0,0.6755086318909848,0.3244913681090151,0.999509334564209,0.9814900614271125,1
CNP0165383.0,CN1C=NC=C1C1=C(C2=CNC3=CC(Br)=CC=C23)C(O)=NC1=O,0,0.5720262398420294,0.4279737601579705,0.9982030391693115,0.9642074373450665,1
CNP0557307.1,O=C(O)[C@H](CC1=CC=CC=C1)N1C(O)=N[C@@H]2N=C(O)N[C@@H]21,1,0.4809234825163772,0.5190765174836227,0.9861372709274292,0.9022498223330015,1
CNP0593913.1,O=C1[C@H](CC2=CNC3=CC=CC=C23)N=C(O)N1C1CCS(=O)(=O)C1,0,0.618205031080031,0.381794968919969,0.988811731338501,0.9117819080557779,1
CNP0596059.0,O=C(O)C1=CC=CC(N=C2N=CN=C3NNC=C32)=C1,0,0.7206847735597735,0.2793152264402264,0.9955974221229553,0.9440230792335077,1
CNP0563398.0,O=C(O)C1=CC=C(N=C2N=CN=C3NNC=C32)C=C1,0,0.747932582939936,0.252067417060064,0.9981204867362976,0.9633893134397288,1
CNP0339112.2,CC(C)CC(=O)C[C@@H](C)C1CCC(CO)CC1,0,0.6668646924970457,0.3331353075029545,0.9894679188728333,0.9143099912117799,1
CNP0224054.1,CC[C@@H](O)[C@@](C)(O)[C@H](O)[C@@H](C)COC(=O)C(C)(C)C,0,0.7016287617611147,0.2983712382388852,0.9989832043647766,0.9731618699805702,1
CNP0482670.1,CSC1=NC2=C(O)N=CN=C2N1C1O[C@@H](CO)[C@H](O)[C@@H]1O,0,0.6665751542713825,0.3334248457286173,0.9972489476203918,0.9556858986315734,1
CNP0210974.0,NC1N=C(O)C(=C2CCN=C(O)C3=C2C(Br)=CN3)N1,0,0.7240759699792533,0.2759240300207468,0.9964798092842102,0.9498958109854921,1
CNP0337843.4,CCC(C)[C@@H](N)C(=O)O,0,0.6770916599740129,0.322908340025987,0.9959372282028198,0.9462039425133485,1
CNP0353550.2,CC[C@H](C)[C@@H](C(=O)O[C@@H](C(=O)N(C)[C@H](C(=O)O)C(C)C)C(C)C)N(C)C(=O)[C@H](O)C(C)C,0,0.6561261881393462,0.3438738118606539,0.9942241311073303,0.9360163163374475,1
CNP0580623.0,CCCC(CC(C)O)C(=O)O,0,0.6223405777229307,0.3776594222770694,0.9920777678489685,0.9253390790921312,1
CNP0579911.0,CCCCC(CC)COC(=O)CCC(=O)OC(CC)C(C)C,0,0.5681774381804808,0.4318225618195191,0.9886906147003174,0.9113244345056631,1
CNP0561617.0,CCCCC(C)CCC(C)C,0,0.6613083570196574,0.3386916429803427,0.9996017813682556,0.9833667886378401,1
CNP0493314.0,CCC(C)OCCC(C)=O,0,0.6149342879342881,0.385065712065712,0.9948059916496277,0.9392689869877401,1
CNP0574062.0,CCCCC(C)CC(C)CC(C)C,0,0.7415508393879797,0.2584491606120204,0.9996399879455566,0.9842047039525043,1
CNP0593258.0,CC(C)OCC(N)C(=O)O,0,0.6714288211788212,0.3285711788211787,0.9982113838195801,0.9642914487611319,1
CNP0547533.0,CCCCC(C)CCC(C)CC,0,0.7018090230203236,0.2981909769796766,0.9996737241744995,0.9849819859297204,1
CNP0559284.0,CCC(C)C(C)C(C)C(C)CC,0,0.774908313908314,0.2250916860916861,0.9985995888710022,0.9684378261746095,1
CNP0574073.0,CCCCC(C)CC(C)CCC,0,0.7149011282834813,0.2850988717165188,0.9985772371292114,0.9681838715155338,1
CNP0538740.1,C[C@H]1CC[C@@H]2[C@@]1(O)C[C@H]([C@](C)(O)CO)CC[C@@]2(C)O,0,0.6344843922417451,0.3655156077582548,0.9857404828071594,0.9009263359476822,1
CNP0181211.0,CCOC(=O)CCCC(C)C,0,0.7105606354429885,0.2894393645570116,0.9872587323188782,0.906109451240191,1
CNP0319729.1,CC[C@H](C)[C@H](N)C(=O)N1CCC[C@H]1C(=O)O,0,0.635161701044054,0.3648382989559459,0.9977038502693176,0.9595174710325742,1
CNP0527560.0,CCC(C)(C)CCCC(C)C,0,0.7333052241875774,0.2666947758124228,0.988307774066925,0.9098956630190026,1
CNP0387764.2,CC(C)[C@@H]1CC[C@@H](C)C[C@H]1OC(=O)[C@H](C)O,0,0.6709097862921394,0.3290902137078607,0.9955203533172607,0.9435417106903887,1
CNP0538740.2,C[C@H]1CC[C@@H]2[C@@]1(O)C[C@H](C(C)(O)CO)CC[C@@]2(C)O,0,0.6344843922417451,0.3655156077582548,0.9857404828071594,0.9009263359476822,1
CNP0575302.1,CC[C@@H](O)C[C@H]1CC[C@@H]([C@H](C)C(=O)O[C@@H](C)C[C@@H]2CC[C@H]([C@@H](C)C(=O)OC)O2)O1,0,0.569652639427045,0.430347360572955,0.9999226331710815,0.9928495143551669,1
CNP0129092.0,COC1=C(O)C=C(C(=O)O)C=C1Br,0,0.7635861475126182,0.2364138524873819,0.9975461363792419,0.9581476063364771,1
CNP0308620.2,COC[C@@H]1CC2=CC3=C(OCO3)C(OC)=C2[C@H](C2=CC=C(OC)C(OC)=C2)[C@H]1COC,0,0.5733320707070707,0.4266679292929292,0.9865597486495972,0.9036828623698718,1
CNP0503865.1,CC(C)CC(=O)N=C1C=CN([C@H]2CC[C@H](O[C@H]3O[C@H](C)[C@@H](N(C)C)[C@H](O)[C@H]3O)[C@@H](C)O2)C(O)=N1,0,0.5881135253635251,0.4118864746364747,0.9949924349784851,0.9403520055128629,1
CNP0540407.1,CC1CCC[C@H](C)[C@@]12CC[C@@H](C(C)(C)O)C2,0,0.6912168597742128,0.3087831402257873,0.9977850914001465,0.960242625740464,1
CNP0112651.1,COC(=O)[C@H](C)[C@H](O)CC[C@](C)(O)CCCC(C)CCC(=O)C(C)(C)CCCC(C)=O,0,0.5602889581179055,0.4397110418820945,0.9999281167984009,0.9931203898528259,1
CNP0265277.2,CCOC(=O)C[C@@H](C)O,0,0.6775573331896861,0.3224426668103139,0.9913328289985657,0.9220105378152623,1
CNP0583236.1,COC1=C2C[C@H](C3=CC=C(O)C(CCC(C)(C)O)=C3O)COC2=CC2=C1CCC(C)(C)O2,0,0.6640590988182338,0.3359409011817662,0.9859420657157898,0.9015963227532462,1
CNP0500658.0,CC(=O)COC(C)C,0,0.7199851537351537,0.2800148462648463,0.9949888586997986,0.9403314150028235,1
CNP0516517.0,CCC(C)C(C(=O)O)N(C(=O)C(N)CC(C)C)C(C(=O)O)C(C)CC,0,0.6185394066717598,0.3814605933282403,0.9986922144889832,0.9695114918045851,1
CNP0258869.0,O=C(O)CC1(CC(=O)O)CCCC1,0,0.7174992254477547,0.2825007745522451,0.9932925701141357,0.9311565490266626,1
CNP0499950.0,N=C1N=C(C2=CNC3=CC=C(Br)C=C23)C=CN1,0,0.67296135681464,0.3270386431853599,0.995881199836731,0.9458373451330253,1
CNP0512099.0,COC1=CC(C2=C(C(=O)C3=CC=C(O)C=C3)NC3=C2C(O)=NC(=O)N3)=CC=C1O,0,0.6905779775779775,0.3094220224220224,0.9998629093170166,0.9903920489544341,1
CNP0235658.3,NC1=NC=NC2=C1C=CN2[C@H]1O[C@H](CO)[C@@H](O)[C@@H]1O,0,0.5860038135409202,0.4139961864590797,0.9879165887832642,0.9084627270693414,1
CNP0560222.2,C[C@H]1NCC(O)=NN=C1O,0,0.6622768330051162,0.3377231669948838,0.9898117184638977,0.9156696109477218,1
CNP0543612.1,C/C1=C/C(=O)O[C@@H](C[C@@H](O)[C@@H]2CSC(O)=N2)C[C@H](O)CC[C@H](C)/C=C\C=C\CC1,1,0.4979450218424224,0.5020549781575775,0.9999817609786987,0.9966191942168008,1
CNP0596384.1,O=C(O)C1=CC(O)=NC(=O)N1[C@@H]1O[C@H](CO)[C@@H](O)[C@H]1O,0,0.6353952444614209,0.3646047555385789,0.9989259839057922,0.9724058855853901,1
CNP0124739.1,C[C@@H]1C[C@H](O)[C@@]23O[C@@]4(O)C[C@@]12CC(=O)OC[C@@]3(C)[C@H]4C,0,0.6500511033084561,0.3499488966915439,0.9946523904800415,0.9383921318097964,1
CNP0603118.0,O=C1N=C(O)C2=C1C1=C(NC3=CC(O)=CC=C13)OC1=CC=CC3=C1C2=CN3,0,0.6624134947439901,0.3375865052560099,0.9988603591918945,0.9715637038423266,1
CNP0488890.1,COC1=CC([C@@H](O)[C@H](O)COC(=O)CC(C)C)=CC=C1O,0,0.620312114957626,0.3796878850423741,0.9933865666389465,0.9316294488951131,1
CNP0556046.1,CCC(C)[C@@H](C(=O)O)N1C(C)=CC2=C3C[C@@H](C(C)(C)O)COC3=C(C)C(O)=C2C1=O,1,0.4658435786435785,0.5341564213564215,0.9995063543319702,0.981432219691704,1
CNP0324416.1,COC1=CC=C([C@@H](C)O)C=C1C(=O)CC(C)C,0,0.6805534759358289,0.3194465240641712,0.9931241869926453,0.9303176080276437,1
CNP0235658.4,NC1=NC=NC2=C1C=CN2[C@H]1O[C@@H](CO)[C@H](O)[C@@H]1O,0,0.5860038135409202,0.4139961864590797,0.9879165887832642,0.9084627270693414,1
CNP0155416.2,CO[C@H]1C[C@H](CC[C@@]2(C)[C@H](C)CC[C@@]3(C)C(C(=O)O)=CCC[C@H]23)CO1,0,0.6043268953268953,0.3956731046731047,0.9995889067649841,0.9830924965275109,1
CNP0495437.0,CCC(C)CCC(C)C,0,0.7499477760801292,0.250052223919871,0.9923378825187683,0.9265414087049539,1
CNP0557594.1,CC[C@@H](C)CC[C@H](O[C@@H]1O[C@H](CO)[C@@H](O)[C@H](O)[C@H]1O)[C@@H](C)CCC[C@@H](C)CCCC(C)C,0,0.6364828589882768,0.3635171410117231,0.999671459197998,0.9849304171049229,1
CNP0316968.1,CC(C)[C@H](NC(=O)[C@H](O)[C@H](N)C(C)C)C(=O)O,0,0.6022767249090779,0.3977232750909221,0.9895339608192444,0.9145695708383299,1
CNP0280737.3,CC[C@H](O)C[C@H]1CC[C@H]([C@H](C)C(=O)O[C@H](C)C[C@H]2CC[C@H]([C@H](C)C(=O)O)O2)O1,0,0.5859178839864072,0.4140821160135929,0.9999418258666992,0.9938308660232688,1
CNP0430567.1,CC[C@H](O)C[C@H]1CC[C@H]([C@H](C)C(=O)OC)O1,0,0.5757016590348881,0.4242983409651119,0.9997391104698181,0.9866144041941167,1
CNP0295441.2,CC[C@H](C)[C@H](C(=O)OC)[C@H](O)C(=O)N[C@H]1C[C@@H]1C[C@H](NC(=O)[C@H](C)N)C(=O)O,0,0.5958210278283808,0.4041789721716193,0.9927474856376648,0.9284811788980203,1
CNP0433198.1,CCC[C@H](C)CCC[C@H](C)CCC(=O)OC,0,0.5978094128094128,0.4021905871905872,0.9998432397842407,0.9897030506788922,1
CNP0326697.4,CC[C@H](C)CC[C@H](O)[C@@H]1C(=O)OC[C@@H]1CO,0,0.7647632155426274,0.2352367844573727,0.9934924244880676,0.9321668645513439,1
CNP0326697.5,CC[C@H](C)CC[C@@H](O)[C@@H]1C(=O)OC[C@H]1CO,0,0.7647632155426274,0.2352367844573727,0.9934924244880676,0.9321668645513439,1
CNP0353648.3,C[C@H](C(=O)O)[C@@H]1CC[C@H](C[C@@H](C)O)O1,0,0.6182329761741526,0.3817670238258474,0.9892765283584595,0.9135642199349131,1
CNP0135574.1,C=CSC[C@H](N)C(=O)O,0,0.6258502053502053,0.3741497946497947,0.9997734427452087,0.987551135063544,1
CNP0592735.0,CCC(C)CCOC(=O)C(C)C,0,0.7236042862366393,0.2763957137633608,0.9994627833366394,0.98061052416933,1
CNP0517544.1,CCC(O)C[C@H](N)C(=O)O,0,0.7093402724726254,0.2906597275273745,0.9988139867782593,0.9709827363441625,1
CNP0503370.0,CC(O)COC(C)C,0,0.7688655788655788,0.2311344211344211,0.9981156587600708,0.9633417700279194,1
CNP0113564.3,CC(C)C1=CC2=C(CC[C@@H]2C)[C@@H](C)CC1,0,0.5614618580090182,0.4385381419909819,0.990319013595581,0.9177221361689585,1
CNP0513206.0,C=CC1=CC=C(C(=O)O)C=C1,0,0.8045259479083008,0.1954740520916991,0.9936162233352661,0.9328012214936852,1
CNP0308620.3,COC[C@@H]1CC2=CC3=C(OCO3)C(OC)=C2[C@H](C2=CC=C(OC)C(OC)=C2)[C@@H]1COC,0,0.5733320707070707,0.4266679292929292,0.9865597486495972,0.9036828623698718,1
CNP0322159.1,C[C@@H]1CC[C@@H]2CC3=C(C(=O)O)CC[C@@]31C2(C)C,0,0.6957189433186877,0.3042810566813124,0.9955743551254272,0.9438785601362638,1
CNP0265139.1,C[C@H](CC[C@@H](O)C(C)(C)O)[C@H]1CC[C@@]2(C)[C@@H]3[C@@H](O)C[C@H]4C(C)(C)[C@@H](O)C[C@H](O)[C@@]45C[C@@]35CC[C@]12C,0,0.6332521645021644,0.3667478354978356,0.995629072189331,0.9442227068983294,1
CNP0347936.1,C[C@@H](O)C[C@@H]1CC[C@@H]([C@@H](C)C(=O)O[C@@H](C)C[C@@H]2CC[C@@H]([C@@H](C)C(=O)O)O2)O1,0,0.589716424098777,0.410283575901223,0.9990328550338745,0.9738353393148302,1
CNP0203298.5,NC1=NC(=O)N([C@H]2O[C@H](CO)[C@@H](O)[C@H]2O)C=C1,1,0.4317446462376352,0.5682553537623647,0.9997780919075012,0.9876815105723767,1
CNP0358237.1,CC(C)(O)[C@@H](O)CC[C@](C)(O)[C@H]1[C@@H](O)C[C@@]2(C)[C@@H]3CC[C@H]4C(C)(C)[C@@H](O)CC[C@@]45C[C@@]35CC[C@]12C,0,0.653264500726641,0.3467354992733591,0.9959610104560852,0.946359966111788,1
CNP0170247.2,N[C@H](C(=O)O)[C@H]1CC(Cl)=NO1,0,0.6811128038628037,0.318887196137196,0.997912585735321,0.9614076824000682,1
CNP0370611.1,CC(=O)O[C@@H]1[C@H]([C@@H]2COC3(CCCCC3)O2)O[C@H]2OC3(CCCCC3)O[C@@H]21,0,0.5862550151373679,0.413744984862632,0.9939936995506287,0.9347771190465894,1
CNP0236959.1,CC[C@H](C)NC,0,0.779821733821734,0.2201782661782661,0.991934061050415,0.9246841572689164,1
CNP0453302.1,CC[C@H](C(=O)O)[C@@H](CC)C(=O)O,0,0.6706695820519352,0.329330417948065,0.9964261651039124,0.949518123474711,1
CNP0277815.1,COC(=O)[C@H](CC1=CC=C(O)C=C1)NC(=O)[C@@H](CCSC)NC(=O)OCC1=CC=CC=C1,1,0.4611903648951522,0.538809635104848,0.9984776377677917,0.9670782012623091,1
CNP0441883.1,CC(C)[C@H](O)C[C@@H]1CC[C@H]([C@@H](C)C(=O)O)O1,0,0.6250361676635143,0.3749638323364856,0.9939801692962646,0.9347048878743884,1
CNP0353648.4,C[C@@H](O)C[C@H]1CC[C@@H]([C@@H](C)C(=O)O)O1,0,0.6182329761741526,0.3817670238258474,0.9892765283584595,0.9135642199349131,1
CNP0333052.3,CC[C@H](C)[C@H](NC(=O)[C@H]1CC[C@H](CNC(=O)[C@@H](NC(=O)OC(C)(C)C)C(C)C)CC1)C(=O)O,0,0.535848223293734,0.4641517767062659,0.9966301321983337,0.9509710987985978,1
CNP0139226.3,CC[C@@H](C)[C@H](NC(=O)OC(C)(C)C)C(=O)NC[C@H]1CC[C@@H](C(=O)N[C@H](C)C(=O)O)CC1,0,0.5390805465260573,0.4609194534739427,0.9980619549751282,0.9628204714334323,1
CNP0361769.1,CC(=O)NC1=CC(=O)[C@@H]2CC(C)=C3[C@@H](CCS3(=O)=O)[C@H]2C1=O,0,0.6410645269762917,0.3589354730237082,0.9958314299583435,0.9455144480396506,1
CNP0257551.1,C/C=C/C1=CC=C(O[C@H](C)[C@H](O)C2=CC=C(O)C=C2)C(OC)=C1,0,0.7069139487963016,0.2930860512036982,0.9886443614959717,0.9111506620257936,1
CNP0380648.2,CC[C@H](C)[C@H](NC(=O)OC(C)(C)C)C(=O)N1CCC(C(=O)N2CCC[C@H]2C(=O)O)CC1,0,0.5168919413919413,0.4831080586080587,0.9926020503044128,0.9277860658958286,1
CNP0131337.1,COC(=O)[C@@H](CC1=CC=C(O)C=C1)NC(=O)C1=CC=C(OCC(C)C)C=C1,0,0.5245606909430439,0.475439309056956,0.9910455346107483,0.9207687065039949,1
CNP0398117.1,N#CC1=CC=CC=C1S(=O)(=O)N[C@H]1CO[C@H]2[C@@H]1OC[C@H]2OC(=O)NC1=CC=CC2=CC=CC=C12,0,0.607614315423139,0.392385684576861,0.9957640171051025,0.9450809349239909,1
CNP0252327.1,C[C@H](N)C[C@@H](N)C(=O)O,0,0.7487659578983109,0.2512340421016891,0.9953255653381348,0.9423422281372499,1
CNP0253011.2,C=C(Cl)CC[C@H](N)C(=O)O,0,0.6903427977251507,0.3096572022748493,0.9930374026298523,0.9298898811635566,1
CNP0227796.1,CC(C)CCC[C@@H](C)CCC[C@@H](C)CC(=O)O,0,0.603602895814196,0.3963971041858039,0.9980691075325012,0.9628892894022896,1
CNP0335182.1,CC[C@H](C)[C@H](C(=O)O)N(C)C(=O)[C@H](O)C(C)C,0,0.543194388944389,0.4568056110556111,0.9976633787155151,0.95916110895104,1
CNP0387764.3,CC(C)[C@@H]1CC[C@@H](C)C[C@H]1OC(=O)[C@@H](C)O,0,0.6709097862921394,0.3290902137078607,0.9955203533172607,0.9435417106903887,1
CNP0398885.1,CC1=CCC=CC2=C1CC[C@@H]2C,0,0.6957276628600161,0.3042723371399841,0.9990755319595337,0.9744289761924486,1
CNP0277444.1,CC[C@H](C)[C@@H](C[C@@H](C(=O)O)[C@@H](C)CC)C(=O)O,0,0.703892165024518,0.296107834975482,0.9988858103752136,0.971887227052273,1
CNP0349415.1,CC(C)[C@@](O)([C@H](C)O)[C@@H]1C=C([C@H]2[C@H](O)C[C@H]3C4=CC[C@H]5C[C@@H](O)CC[C@]5(C)C4=CC[C@@]32C)C(=O)O1,0,0.6588412698412698,0.3411587301587302,0.9936662316322327,0.9330594685118754,1
CNP0350127.2,CC[C@@H](C)C(=O)O[C@H]1CCC=C2C=C[C@@H](C)[C@@H](CC[C@H](O)C[C@H](O)CC(=O)OC)[C@@H]21,0,0.5986817071817072,0.4013182928182929,0.9928531050682068,0.9289906794331714,1
CNP0199971.1,COC(=O)CC[C@H](C)[C@H]1CC[C@@H]2[C@H]3C(=O)C[C@@H]4CC(=O)CC[C@]4(C)[C@@H]3CC(=O)[C@@]21C,0,0.5831933677433676,0.4168066322566323,0.9914578795433044,0.9225578078209012,1
CNP0257531.1,C=CSC[C@@H](NC(=O)CC[C@H](N)C(=O)O)C(=O)O,0,0.6329938119156386,0.3670061880843614,0.9980529546737671,0.9627336768588376,1
CNP0051858.1,CCCOC1=C2C[C@@H](C(C)(C)O)OC2=CC2=C1C(=O)C=C(C1(O)CCCCC1)O2,0,0.6420067226890754,0.3579932773109244,0.9998706579208374,0.9906755318633717,1
CNP0341880.2,CC(=O)CCC[C@@H](C)CCCC(C)C,0,0.7245900181689656,0.2754099818310345,0.9966782331466675,0.951319867339665,1
CNP0126724.1,CC[C@H](C)C[C@H](C)CCC[C@@H](C)C(=O)OC,0,0.666181792064145,0.333818207935855,0.9871783256530762,0.9058266535705988,1
CNP0071059.1,CC1=CC=C(S(=O)(=O)N[C@@H](CC2=CC=CC=C2)C(=O)O)C=C1,0,0.5023376623376624,0.4976623376623376,0.9910813570022583,0.9209221878033919,1
CNP0309893.1,C[C@H](CC[C@@H](O)C(C)(C)O)[C@H]1[C@@H](O)C[C@@]2(C)[C@@H]3C[C@H](O)[C@H]4C(C)(C)[C@@H](O)CC[C@@]45C[C@@]35CC[C@]12C,0,0.5699379525703056,0.4300620474296945,0.9997377991676331,0.9865799933785095,1
CNP0333356.2,CCCC[C@@H](CC)C(=O)O,0,0.6220501181824712,0.3779498818175288,0.9952836632728577,0.9420882390534555,1
CNP0191849.1,C[C@@H](O)C[C@@H](N)C(=O)O,0,0.6940462609286139,0.3059537390713861,0.9929671287536621,0.9295456244525814,1
CNP0381754.2,CC[C@@H](C)[C@H](NS(=O)(=O)C1=CC=C(C)C=C1)C(=O)N1CCC(C(=O)N[C@H](C(=O)O)[C@H](C)O)CC1,0,0.5527617105117104,0.4472382894882895,0.9888802766799927,0.9120423192974519,1
CNP0532146.2,NC(=O)NC[C@@H](N)C(=O)O,0,0.6457232515625009,0.3542767484374989,0.9907792806625366,0.9196368640900208,1
CNP0407566.1,CC[C@H](O)[C@H](C)CCC[C@H](C)O,0,0.7046036757360288,0.2953963242639713,0.9952661991119385,0.9419822415525189,1
CNP0170247.3,N[C@@H](C(=O)O)[C@H]1CC(Cl)=NO1,0,0.6811128038628037,0.318887196137196,0.997912585735321,0.9614076824000682,1
CNP0308857.1,CC[C@H](C)CCCC(C)C,0,0.789386393018746,0.210613606981254,0.9996837377548218,0.9852206460149995,1
CNP0464629.1,CC[C@](O[C@@H]1C[C@H](C)CC[C@@H]1C(C)C)(C(=O)N[C@H]1C(=O)N2[C@@H]1SC(C)(C)[C@H]2C(=O)O)C(C)C,0,0.5523023088023087,0.4476976911976911,0.9858998656272888,0.9014558037772463,1
CNP0104947.1,C[C@H](C[C@H](N)C(=O)O)C(=O)O,0,0.6626594516594517,0.3373405483405484,0.9986612796783447,0.9691483659152893,1
CNP0233039.1,COC/C=C/C1=CC2=C(O[C@H](C(C)(C)O)C2)C(OC)=C1,0,0.5633663740196572,0.4366336259803428,0.99309241771698,0.9301610617823939,1
CNP0150091.2,CC1=CC(=O)O[C@@H]1C[C@@]1(C)[C@H](C)CC[C@]2(C)C(C(=O)O[C@@H]3O[C@H](CO)[C@@H](O)[C@H](O)[C@H]3O)=CCC[C@H]12,0,0.569190069317416,0.430809930682584,0.9946693778038025,0.9384882596772163,1
CNP0335306.1,COC(=O)[C@@H](CC1=CC=C(O)C=C1)NC(=O)C1=CC=C(OC(C)C)C=C1,0,0.5840498684322214,0.4159501315677785,0.999381422996521,0.9791624512666718,1
CNP0227796.2,CC(C)CCC[C@H](C)CCC[C@H](C)CC(=O)O,0,0.603602895814196,0.3963971041858039,0.9980691075325012,0.9628892894022896,1
CNP0141293.6,CC[C@H](O)C[C@@H]1CC[C@H]([C@H](C)C(=O)O)O1,0,0.6039582455855923,0.3960417544144078,0.9996058344841003,0.9834541188101614,1
CNP0113274.1,CCOC(=O)[C@H](CC1=CC=CC=C1)NC(=O)C1=CC=C2C[C@H](C)OC(=O)C2=C1O,1,0.4777287157287155,0.5222712842712844,0.9855098724365234,0.9001669047462667,1
CNP0342363.2,CC[C@H](C)[C@H](NC(=O)NC1=CC=CC(C(=O)O)=C1)C(=O)O,0,0.7119671717171715,0.2880328282828283,0.9986274242401123,0.9687565624279634,1
CNP0114939.0,CC(=O)NC(N)=O,0,0.7517979242979242,0.2482020757020757,0.9922438263893127,0.9261042578647161,1
CNP0438010.1,CC(C)[C@H]1CC[C@H](C)C[C@H]1O[C@](C)(C(=O)N[C@H]1C(=O)N2[C@@H]1SC(C)(C)[C@H]2C(=O)O)C(C)C,0,0.5640238095238094,0.4359761904761904,0.989406168460846,0.9140686812307592,1
CNP0205419.1,CCCC[C@H](C)[C@H](C)CCC(C)C,0,0.6804163352986883,0.3195836647013117,0.9967523813247681,0.9518636165511415,1
CNP0415190.1,CCCC[C@@H](C)CCC(=O)O,0,0.6845186189799195,0.3154813810200807,0.995591402053833,0.9439850441778087,1
CNP0226238.2,CC[C@H](C)[C@H](C[C@H](O)CC(=O)O)O[C@@H]1O[C@@H](CO)[C@H](O)[C@H]1O,0,0.6894884510913922,0.3105115489086077,0.9993314743041992,0.978320420034319,1
CNP0388526.3,CC[C@H](C)[C@H](NC(=O)[C@H]1CC[C@H](CNC(=O)[C@@H](C)N)CC1)C(=O)O,0,0.550177588373099,0.4498224116269009,0.9862520098686218,0.902636613840182,1
CNP0139226.4,CC[C@H](C)[C@H](NC(=O)OC(C)(C)C)C(=O)NC[C@H]1CC[C@H](C(=O)N[C@@H](C)C(=O)O)CC1,0,0.5390805465260573,0.4609194534739427,0.9980619549751282,0.9628204714334323,1
CNP0112934.1,CCOC(=O)C[C@H](C)CC,0,0.6795187884011414,0.3204812115988587,0.9998942613601685,0.9915973611408948,1
CNP0180387.1,C[C@@H](CSC[C@H](N)C(=O)O)C(=O)O,0,0.7311160103281505,0.2688839896718494,0.9899387359619141,0.9161782188186525,1
CNP0365374.2,CC1=CC=C(S(=O)(=O)N[C@H](CC2=CC=CC=C2)C(=O)N2CCC[C@@H]2C(=O)O)C=C1,1,0.4614397546897546,0.5385602453102453,0.9999083280563354,0.992196488363751,1
CNP0390455.2,NC1=NC=NC2=C1N=C(Br)N2[C@H]1O[C@@H](CO)[C@@H](O)[C@@H]1O,0,0.6780984362384842,0.3219015637615159,0.9973229765892029,0.9562854298000542,1
CNP0240910.3,CC[C@H](C)[C@H](NC(=O)[C@H]1CC[C@H](CNC(=O)[C@H](C)NC(=O)OC(C)(C)C)CC1)C(=O)O,0,0.530268858214369,0.469731141785631,0.9939411878585815,0.934498076848841,1
CNP0173567.1,CCC[C@@H]1CCC[C@@]2(CCCCO2)O1,0,0.7098580422845129,0.2901419577154871,0.9857914447784424,0.9010954248600506,1
CNP0055120.1,CC(C)C1=CC=C(NC(=O)O[C@@H]2CO[C@H]3[C@@H]2OC[C@@H]3NS(=O)(=O)C2=CC=CC=C2C#N)C=C1,1,0.4976455897044131,0.5023544102955867,0.9998714923858643,0.9907073470120866,1
CNP0361769.2,CC(=O)NC1=CC(=O)[C@@H]2CC(C)=C3[C@H](CCS3(=O)=O)[C@H]2C1=O,0,0.6410645269762917,0.3589354730237082,0.9958314299583435,0.9455144480396506,1
CNP0192849.2,C/C=C/SC[C@@H](NC(=O)CC[C@H](N)C(=O)O)C(=O)O,0,0.6873291334119632,0.3126708665880367,0.9876680970191956,0.9075656177026717,1
CNP0347936.2,C[C@H](O)C[C@@H]1CC[C@@H]([C@@H](C)C(=O)O[C@@H](C)C[C@@H]2CC[C@@H]([C@@H](C)C(=O)O)O2)O1,0,0.589716424098777,0.410283575901223,0.9990328550338745,0.9738353393148302,1
CNP0170247.4,N[C@@H](C(=O)O)[C@@H]1CC(Cl)=NO1,0,0.6811128038628037,0.318887196137196,0.997912585735321,0.9614076824000682,1
CNP0280737.4,CC[C@H](O)C[C@@H]1CC[C@H]([C@H](C)C(=O)O[C@H](C)C[C@@H]2CC[C@H]([C@H](C)C(=O)O)O2)O1,0,0.5859178839864072,0.4140821160135929,0.9999418258666992,0.9938308660232688,1
CNP0202126.1,CCC[C@@H](C)C[C@@H](C)C[C@@H](C)C[C@@H](C)O,0,0.7067749018752002,0.2932250981248,0.9957315325737,0.9448729846844797,1
CNP0373511.1,CC[C@H](C)[C@H](NC(=O)CN)C(=O)N[C@@H](C)C(=O)O,0,0.5816689160512689,0.4183310839487311,0.9935135245323181,0.9322742092590864,1
CNP0235658.5,NC1=NC=NC2=C1C=CN2[C@@H]1O[C@@H](CO)[C@@H](O)[C@H]1O,0,0.5860038135409202,0.4139961864590797,0.9879165887832642,0.9084627270693414,1
CNP0147674.1,CN[C@H](C(=O)O)[C@@H](C)O,0,0.7072434509934511,0.292756549006549,0.987245500087738,0.9060628347711548,1
CNP0110146.1,C[C@H](O)[C@H](O)[C@H](O)[C@@H](O)C(=O)O,0,0.7590357436680968,0.2409642563319033,0.994649350643158,0.9383750622114827,1
CNP0366664.1,COC1=C2C[C@@H](C(C)(C)O)OC2=CC2=C1C(=O)C=C(C1(O)CCCCC1)O2,0,0.6775900560224088,0.322409943977591,0.9997995495796204,0.9883096204516341,1
CNP0333052.4,CC[C@H](C)[C@H](NC(=O)[C@H]1CC[C@H](CNC(=O)[C@H](NC(=O)OC(C)(C)C)C(C)C)CC1)C(=O)O,0,0.535848223293734,0.4641517767062659,0.9966301321983337,0.9509710987985978,1
CNP0315498.1,CO[C@H]1[C@H](O)[C@@H](CO)O[C@@H]1N1C=CC(N)=NC1=O,1,0.4155327239579886,0.5844672760420113,0.9940954446792603,0.9353210430878333,1
CNP0118655.1,CC(=O)O[C@H](C/C=C(/C)Cl)/C(C)=C/Cl,0,0.6655849542614248,0.3344150457385751,0.9992213249206543,0.9765678410067545,1
CNP0201435.1,COC(=O)[C@H](CC1=CC=CC=C1)NC(=O)C1=CC(Cl)=C2C[C@@H](C)OC(=O)C2=C1O,1,0.4731585081585081,0.5268414918414919,0.987779438495636,0.9079661079285589,1
CNP0347936.3,C[C@H](O)C[C@H]1CC[C@H]([C@@H](C)C(=O)O[C@@H](C)C[C@@H]2CC[C@H]([C@@H](C)C(=O)O)O2)O1,0,0.589716424098777,0.410283575901223,0.9990328550338745,0.9738353393148302,1
CNP0302017.2,COC1=C2C[C@@H](C(C)(C)O)OC2=CC2=C1C(=O)C=C(C(=O)O)O2,0,0.6648880168335277,0.3351119831664724,0.9870170950889587,0.9052624015174017,1
CNP0226238.3,CC[C@@H](C)[C@@H](C[C@H](O)CC(=O)O)O[C@@H]1O[C@@H](CO)[C@H](O)[C@H]1O,0,0.6894884510913922,0.3105115489086077,0.9993314743041992,0.978320420034319,1
CNP0101356.1,CC(=O)OCC[C@H](NC(=O)[C@@H](CC1=CC=C(O)C=C1)NC(=O)C1=CC=CC=C1)C1=CC=CC=C1,0,0.5764325396825396,0.4235674603174603,0.9975565671920776,0.9582376829545536,1
CNP0167620.1,CC(C)C[C@@H](N)[C@@H](O)C(=O)O,0,0.6449686441009971,0.355031355899003,0.9898244738578796,0.9157203424774147,1
CNP0309956.1,CC[C@H](C)CCCC(C)(C)O,0,0.793176380808734,0.2068236191912662,0.9988110065460205,0.970946438984061,1
CNP0208730.1,CCC[C@H](C)C[C@H](C)C[C@H](C)C[C@@H](C)C(=O)O,0,0.7048006017171536,0.2951993982828463,0.9999808073043823,0.9965298281939104,1
CNP0378642.2,CC[C@H](C)[C@H](NC(=O)N[C@H](C)CCCC(C)C)C(=O)O,0,0.6574561288384818,0.3425438711615182,0.9999065399169922,0.9921167688170908,1
CNP0226238.4,CC[C@@H](C)[C@H](C[C@@H](O)CC(=O)O)O[C@@H]1O[C@@H](CO)[C@H](O)[C@H]1O,0,0.6894884510913922,0.3105115489086077,0.9993314743041992,0.978320420034319,1
CNP0324526.1,CC[C@H](C)C[C@H](O)CC,0,0.7652525546349078,0.2347474453650923,0.9947097301483154,0.9387180247306558,1
CNP0177367.1,CCCC[C@@H](C)CCC(=O)OCC,0,0.6454962524575528,0.3545037475424473,0.9999444484710693,0.9939806785355584,1
CNP0356137.2,CS(=O)(=O)CC[C@@H](N)C(=O)O,0,0.6576307026307027,0.3423692973692974,0.9967319965362549,0.9517132557977881,1
CNP0392807.3,C[C@H](CC[C@@]1(C)[C@H](C)CC[C@@]2(C)C(C(=O)O)=CCC[C@@H]12)CC(=O)O,0,0.6234541569541568,0.376545843045843,0.9981411695480347,0.9635922703415473,1
CNP0091041.1,CC(=O)OCC[C@H](NC(=O)[C@@H](CC1=CC=C(O)C=C1)NC(=O)C1=CC=CC=C1)C1=CC=C(O)C=C1,0,0.5739444444444445,0.4260555555555555,0.9974961876869202,0.9577235676235601,1
CNP0173567.2,CCC[C@@H]1CCC[C@]2(CCCCO2)O1,0,0.7098580422845129,0.2901419577154871,0.9857914447784424,0.9010954248600506,1
CNP0441883.2,CC(C)[C@@H](O)C[C@H]1CC[C@H]([C@@H](C)C(=O)O)O1,0,0.6250361676635143,0.3749638323364856,0.9939801692962646,0.9347048878743884,1
CNP0389108.2,CC[C@H](C)[C@H](NC(=O)OC(C)(C)C)C(=O)NC[C@H]1CC[C@H](C(=O)N2CCC[C@H]2C(=O)O)CC1,1,0.4851276660731768,0.5148723339268231,0.999829888343811,0.9892615833120063,1
CNP0146564.1,COC(=O)[C@@H](CC1=CC=CN=C1)NC(=O)[C@@H]1CN(C(=O)NC(C)C)CCN1S(C)(=O)=O,0,0.542559163059163,0.4574408369408369,0.9956302642822266,0.9442300486206412,1
CNP0372697.1,CCC(CC)OC(=O)[C@H](C)[C@@H](O)CC,0,0.6992984254307784,0.3007015745692216,0.997831404209137,0.9606612370561038,1
CNP0438602.0,O=C(O)C1=C(Cl)N=C2N1CCS2(=O)=O,0,0.7650743839493838,0.234925616050616,0.9997442364692688,0.9867491274564604,1
CNP0224864.2,CC(C)[C@H]1OCCN1C[C@@H]1COC2(CCCCC2)O1,0,0.6799431146195851,0.3200568853804148,0.9956270456314087,0.944209643975063,1
CNP0374918.3,CC[C@@H](C)[C@H](NC(=O)OC(C)(C)C)C(=O)NC[C@H]1CC[C@H](C(=O)N[C@@H](C(=O)O)[C@@H](C)O)CC1,0,0.5225653950109058,0.4774346049890942,0.9993888139724731,0.9792915631151742,1
CNP0199971.2,COC(=O)CC[C@H](C)[C@H]1CC[C@H]2[C@H]3C(=O)C[C@@H]4CC(=O)CC[C@]4(C)[C@H]3CC(=O)[C@]12C,0,0.5831933677433676,0.4168066322566323,0.9914578795433044,0.9225578078209012,1
CNP0132602.1,CC(=O)OC[C@@H](C)[C@H]1CC[C@H](C)CC1,0,0.6161619214119214,0.3838380785880785,0.9979836940765381,0.9620735532612762,1
CNP0012618.1,CN1C[C@@H](NS(=O)(=O)C2=CC=CC=C2)C[C@H]1C1=NC(C2=CC=C(Cl)C=C2)=NO1,0,0.6818774411862647,0.3181225588137353,0.9972298741340637,0.9555328680730888,1
CNP0318173.3,CC[C@@H](C)[C@H](NC(=O)OC(C)(C)C)C(=O)NC[C@H]1CC[C@H](C(=O)N[C@@H](C(=O)O)C(C)C)CC1,0,0.5430805465260573,0.4569194534739427,0.997913658618927,0.9614172886613278,1
CNP0347936.4,C[C@H](O)C[C@H]1CC[C@@H]([C@@H](C)C(=O)O[C@@H](C)C[C@@H]2CC[C@@H]([C@@H](C)C(=O)O)O2)O1,0,0.589716424098777,0.410283575901223,0.9990328550338745,0.9738353393148302,1
CNP0370611.2,CC(=O)O[C@@H]1[C@H]2OC3(CCCCC3)O[C@@H]2O[C@@H]1[C@@H]1COC2(CCCCC2)O1,0,0.5862550151373679,0.413744984862632,0.9939936995506287,0.9347771190465894,1
CNP0149546.1,CC[C@@H](C)C[C@@H](C)[C@@H](OC(=O)[C@H](C)[C@@H](O)[C@@H](C)C[C@@H](C)CC)[C@@H](C)C(=O)O,0,0.6616920373743903,0.3383079626256096,0.9998561143875122,0.9901493306694508,1
CNP0199971.3,COC(=O)CC[C@H](C)[C@H]1CC[C@H]2[C@H]3C(=O)C[C@@H]4CC(=O)CC[C@]4(C)[C@@H]3CC(=O)[C@]12C,0,0.5831933677433676,0.4168066322566323,0.9914578795433044,0.9225578078209012,1
CNP0215192.2,CC[C@@H](C)[C@H](NC(=O)NC1CCCC1)C(=O)O,0,0.5654290725614254,0.4345709274385745,0.9987409710884094,0.9700913613399599,1
CNP0045802.1,COC(=O)CO[C@@H]1CO[C@H]2[C@@H]1OC[C@@H]2NS(=O)(=O)C1=CC=C(Cl)C=C1,0,0.5804230622318857,0.4195769377681141,0.997232973575592,0.9555575216488679,1
CNP0227164.1,C[C@H](CC[C@@H](O)C(C)(C)O)[C@H]1[C@@H](O)C[C@@]2(C)[C@@H]3C[C@H](O)[C@H]4C(C)(C)C(=O)CC[C@@]45C[C@@]35CC[C@]12C,0,0.577977635109988,0.422022364890012,0.9982501864433289,0.9646838125842999,1
CNP0211649.1,C=C1C=C2[C@@]3(CCC[C@H]3CO)C[C@@H](CCO)[C@H](C)[C@@]2(C)[C@H]2[C@@H]1C2(C)C,0,0.6951792929292931,0.3048207070707071,0.9981706142425537,0.9638841592208762,1
CNP0330921.1,CC(C)(O)[C@@H]1CC[C@](C)([C@H]2[C@@H](O)C[C@@]3(C)[C@@H]4CC[C@H]5C(C)(C)[C@@H](O)CC[C@@]56C[C@@]46C[C@H](O)[C@]23C)O1,0,0.6961487880873081,0.3038512119126919,0.9935939908027649,0.9326866798516594,1
CNP0472493.1,C[C@@H](CCC(=O)O)[C@H]1CC[C@H]2[C@H]3C(=O)C[C@@H]4CCCC[C@]4(C)[C@H]3CC(=O)[C@]12C,0,0.6074547788812494,0.3925452211187505,0.9981356859207153,0.9635388697988506,1
CNP0304820.3,CC(C)[C@H](NC(=O)OC(C)(C)C)C(=O)NC[C@H]1CC[C@H](C(=O)N[C@H](C(=O)O)[C@H](C)O)CC1,0,0.5199283098738207,0.4800716901261793,0.9887162446975708,0.9114214629691636,1
CNP0167620.2,CC(C)C[C@@H](N)[C@H](O)C(=O)O,0,0.6449686441009971,0.355031355899003,0.9898244738578796,0.9157203424774147,1
CNP0295957.1,CCCC[C@@H](CC)C(=O)OC,0,0.5820768137091666,0.4179231862908334,0.9907378554344177,0.9194624670888003,1
CNP0160980.0,NS(=O)(=O)C1=CC=C(C(=O)O)C=C1,0,0.7239734587308118,0.2760265412691883,0.9976932406425476,0.9594244708964359,1
CNP0189537.1,N[C@@H](C(=O)O)[C@@H](CC(=O)O)C(=O)O,0,0.6627185886009416,0.3372814113990585,0.9855327010154724,0.9002417478332644,1
CNP0100589.1,CCOC(=O)C1=C/C(=C\CC(C)C)C2=C(C=C3O[C@H](C(C)(C)O)CC3=C2OC)O1,0,0.6110632756132757,0.3889367243867244,0.9999161958694458,0.9925521615733413,1
CNP0219768.2,CCO[C@@H]1[C@H]2OC3(CCCCC3)O[C@H]2O[C@@H]1[C@@H]1COC2(CCCCC2)O1,0,0.5516024177347706,0.4483975822652294,0.9948792457580566,0.9396922558342742,1
CNP0280737.5,CC[C@H](O)C[C@@H]1CC[C@H]([C@@H](C)C(=O)O[C@@H](C)C[C@@H]2CC[C@H]([C@@H](C)C(=O)O)O2)O1,0,0.5859178839864072,0.4140821160135929,0.9999418258666992,0.9938308660232688,1
CNP0333052.5,CC[C@@H](C)[C@H](NC(=O)[C@H]1CC[C@H](CNC(=O)[C@H](NC(=O)OC(C)(C)C)C(C)C)CC1)C(=O)O,0,0.535848223293734,0.4641517767062659,0.9966301321983337,0.9509710987985978,1
CNP0306117.1,CC[C@H](C)[C@H](N)C(=O)N[C@@H](C)C(=O)O,0,0.6500422371745901,0.3499577628254098,0.9978654980659485,0.9609726721230446,1
CNP0286490.1,CC[C@H](C[C@H](N)C(=O)O)C(=O)O,0,0.6769510228333759,0.3230489771666242,0.990041196346283,0.9165906795419752,1
CNP0366179.2,COC(=O)[C@@H](CC(C)C)NC(=O)[C@@H](CC1=CC=CC=C1)NC(=O)OC(C)(C)C,1,0.4035544733044733,0.5964455266955266,0.9906593561172485,0.9191328736356609,1
CNP0096908.1,CCCS(=O)(=O)NC1=C2[C@@H]3C[C@@H](CN(C(=O)NC4CCCCC4)C3)CN2C(=O)C=C1,1,0.4783920246420245,0.5216079753579754,0.9908682107925415,0.9200129923106662,1
CNP0183383.1,CC(=O)N[C@@H](CC1=CC=CC=C1)C(=O)N[C@@H](C(=O)O)C(C)C,1,0.4302012987012988,0.5697987012987012,0.9875303506851196,0.9070725998904652,1
CNP0348746.1,CC(=O)C[C@H]1CC[C@@H]([C@@H](C)C(=O)OC[C@H](O)CO)O1,0,0.6584566328192735,0.3415433671807263,0.9988232254981995,0.9710975763044553,1
CNP0476257.0,O=C(O)C1=CC=CC(S(=O)(=O)NC2=CC=CC=C2)=C1,0,0.7333900405150405,0.2666099594849594,0.9976771473884583,0.9592825971939654,1
CNP0378642.3,CC[C@H](C)[C@H](NC(=O)N[C@@H](C)CCCC(C)C)C(=O)O,0,0.6574561288384818,0.3425438711615182,0.9999065399169922,0.9921167688170908,1
CNP0390455.3,NC1=NC=NC2=C1N=C(Br)N2[C@@H]1O[C@@H](CO)[C@@H](O)[C@H]1O,0,0.6780984362384842,0.3219015637615159,0.9973229765892029,0.9562854298000542,1
CNP0257551.2,C/C=C/C1=CC=C(O[C@H](C)[C@@H](O)C2=CC=C(O)C=C2)C(OC)=C1,0,0.7069139487963016,0.2930860512036982,0.9886443614959717,0.9111506620257936,1
CNP0273094.2,CC[C@@H](C)[C@H](NC(C)=O)C(=O)O,0,0.6377577422577423,0.3622422577422576,0.9995761513710022,0.9828273986076052,1
CNP0310686.1,CC[C@H](C)CCOC(=O)CC(C)C,0,0.672219264395735,0.327780735604265,0.99965500831604,0.9845484097574131,1
CNP0104947.2,C[C@@H](C[C@@H](N)C(=O)O)C(=O)O,0,0.6626594516594517,0.3373405483405484,0.9986612796783447,0.9691483659152893,1
CNP0378642.4,CC[C@@H](C)[C@H](NC(=O)N[C@@H](C)CCCC(C)C)C(=O)O,0,0.6574561288384818,0.3425438711615182,0.9999065399169922,0.9921167688170908,1
CNP0418362.1,CC(=O)OC[C@@H](OC(C)=O)[C@H]1CC[C@H]2[C@@H]3C=CC4=CC(=O)CC[C@]4(C)[C@H]3CC(=O)[C@]12C,0,0.5814709331830732,0.4185290668169266,0.9996291399002075,0.9839643117272009,1
CNP0055969.1,CC(C)(O)[C@@H]1CC2=C(C=C3OC(C4(O)CCCC4)=CC(=O)C3=C2OC2CCCC2)O1,0,0.6366614845938374,0.3633385154061625,0.9957333207130432,0.944883876035216,1
CNP0102675.2,C[C@@H]1CCC=C(C(=O)O)[C@@]12CC[C@@H](C(C)(C)O)C2,0,0.6015671553033256,0.3984328446966745,0.9996968507766724,0.9855396677080419,1
CNP0206703.2,C=C1/C(=C\C=C2/CCC[C@@]3(C)[C@@H]2CC[C@@H]3[C@H](C)C[C@@H](O)C(=O)C(C)(C)O)C[C@@H](O)C[C@@H]1O,0,0.5845964052287581,0.4154035947712418,0.9876563549041748,0.9075237381655151,1
CNP0107007.1,COC1=CC([C@H](O)[C@@H](C)O)=CC=C1O[C@H](C)CC1=CC(OC)=C(OC)C(OC)=C1,0,0.5494034037857566,0.4505965962142433,0.999479353427887,0.9809198707066145,1
CNP0251308.1,C[C@@H]1CCC2=C(C(=O)O)CC[C@H](C(C)(C)O)C[C@@H]21,0,0.5936332974645658,0.4063667025354341,0.9989756345748901,0.9730605845688912,1
CNP0478298.1,CC[C@@H](C)C1=CC=C(C(=O)O)C=C1,0,0.7278394954718488,0.2721605045281515,0.9863048791885376,0.9028154184143135,1
CNP0290238.1,CCC[C@H](C)CCC[C@H](C)C[C@@H](C)C(=O)OC,0,0.5398826160939164,0.4601173839060837,0.995186984539032,0.9415055451840513,1
CNP0370611.3,CC(=O)O[C@H]1[C@H]2OC3(CCCCC3)O[C@@H]2O[C@@H]1[C@@H]1COC2(CCCCC2)O1,0,0.5862550151373679,0.413744984862632,0.9939936995506287,0.9347771190465894,1
CNP0104947.3,C[C@@H](C[C@H](N)C(=O)O)C(=O)O,0,0.6626594516594517,0.3373405483405484,0.9986612796783447,0.9691483659152893,1
CNP0235658.6,NC1=NC=NC2=C1C=CN2[C@@H]1O[C@@H](CO)[C@@H](O)[C@@H]1O,0,0.5860038135409202,0.4139961864590797,0.9879165887832642,0.9084627270693414,1
CNP0061392.1,COC(=O)[C@@H]1[C@@H](N2N=NC(C(N)=O)=C2C(N)=O)CCN1C(=O)C1CCC1,0,0.542179252936606,0.4578207470633941,0.99915611743927,0.9755886864990988,1
CNP0132602.2,CC(=O)OC[C@H](C)[C@H]1CC[C@H](C)CC1,0,0.6161619214119214,0.3838380785880785,0.9979836940765381,0.9620735532612762,1
CNP0177645.2,CC1=CC(=O)O[C@@H]1C[C@@]1(C)[C@H](C)CC[C@]2(C)C(C(=O)O)=CCC[C@H]12,0,0.5928915251415251,0.4071084748584749,0.9977450370788574,0.9598826829070057,1
CNP0361197.5,C[C@@H](O)[C@@H](N)C(=O)O,0,0.7131208807532339,0.2868791192467662,0.9891397356987,0.9130350412249006,1
CNP0251916.2,COC(=O)[C@@H](CC1=CC=CC=C1)NC(=O)C1(N)CCCCC1,0,0.5237952047952049,0.4762047952047951,0.9994038343429565,0.9795527234003415,1
CNP0218334.1,CC[C@H](C)[C@@H](NC)C(=O)O,0,0.6884616494616494,0.3115383505383505,0.9995393753051758,0.9820777647745613,1
CNP0438010.2,CC(C)[C@@H]1CC[C@@H](C)C[C@H]1O[C@](C)(C(=O)N[C@H]1C(=O)N2[C@@H]1SC(C)(C)[C@H]2C(=O)O)C(C)C,0,0.5640238095238094,0.4359761904761904,0.989406168460846,0.9140686812307592,1
CNP0269774.1,N[C@@H](CSCS(=O)(=O)C[C@@H](O)C(=O)O)C(=O)O,0,0.5916505574803447,0.4083494425196552,0.9999990463256836,0.9992710079289813,1
CNP0328727.1,COC(=O)CCC[C@H](C)CCCC(C)C,0,0.7186143023643023,0.2813856976356976,0.9998637437820435,0.990421169652628,1
CNP0210465.1,CCC(=O)CC[C@H](C)CC,0,0.7579982256305786,0.2420017743694214,0.9980695843696594,0.9628934493888817,1
CNP0134193.2,CC(C)(O)[C@H]1CC[C@@](C)([C@H]2[C@@H](O)C[C@@]3(C)[C@@H]4[C@H](O)C[C@H]5C(C)(C)[C@@H](O)CC[C@@]56C[C@@]46CC[C@]23C)O1,0,0.6487562509386039,0.3512437490613961,0.9996464252471924,0.9843507909685772,1
CNP0058770.1,CCCS(=O)(=O)N1CC2=C(C[C@H]1C(=O)OC)N=CN2CC1=CC=C(Cl)C=C1,0,0.5329920275802629,0.4670079724197371,0.9982607960700989,0.9647921888361811,1
CNP0438010.3,CC(C)[C@H]1CC[C@@H](C)C[C@H]1O[C@](C)(C(=O)N[C@H]1C(=O)N2[C@@H]1SC(C)(C)[C@H]2C(=O)O)C(C)C,0,0.5640238095238094,0.4359761904761904,0.989406168460846,0.9140686812307592,1
CNP0151756.1,COC(=O)[C@@H]1CC2=C(CN1S(=O)(=O)CC1=CC=CC=C1)N(CC1=CC=C(Cl)C=C1)C=N2,0,0.5246495367377719,0.4753504632622279,0.9979298114776611,0.961567522623551,1
CNP0392807.4,C[C@H](CC[C@]1(C)[C@H]2CCC=C(C(=O)O)[C@]2(C)CC[C@@H]1C)CC(=O)O,0,0.6234541569541568,0.376545843045843,0.9981411695480347,0.9635922703415473,1
CNP0389791.2,CC(C)C[C@H](O)C[C@@H](C)[C@H]1CC[C@@H](C(=O)O)CC1,0,0.6309666281430988,0.3690333718569013,0.9897806644439697,0.9155458552881874,1
CNP0441883.3,CC(C)[C@H](O)C[C@H]1CC[C@H]([C@@H](C)C(=O)O)O1,0,0.6250361676635143,0.3749638323364856,0.9939801692962646,0.9347048878743884,1
CNP0192849.3,C/C=C\SC[C@H](NC(=O)CC[C@H](N)C(=O)O)C(=O)O,0,0.6873291334119632,0.3126708665880367,0.9876680970191956,0.9075656177026717,1
CNP0249400.1,COC(=O)CC[C@H](C)CCCC(C)C,0,0.7115168997668998,0.2884831002331002,0.9999449253082275,0.9940068624828448,1
CNP0183383.2,CC(=O)N[C@H](CC1=CC=CC=C1)C(=O)N[C@@H](C(=O)O)C(C)C,1,0.4302012987012988,0.5697987012987012,0.9875303506851196,0.9070725998904652,1
CNP0392807.5,C[C@H](CC[C@]1(C)[C@H]2CCC=C(C(=O)O)[C@@]2(C)CC[C@@H]1C)CC(=O)O,0,0.6234541569541568,0.376545843045843,0.9981411695480347,0.9635922703415473,1
CNP0352811.1,COC(=O)[C@@H](CC1=CC=CC=C1)NC(=O)C1=CC=CC=C1,1,0.4943643578643579,0.5056356421356419,0.988027811050415,0.9088674292741068,1
CNP0186545.1,C=C1C=C(C(=O)OCC)OC2=CC3=C(C[C@@H](C(C)(C)O)O3)C(OCCC3=CC=CC=C3)=C12,0,0.6341296536796536,0.3658703463203463,0.9984484910964966,0.966761537412578,1
CNP0370611.4,CC(=O)O[C@H]1[C@@H]2OC3(CCCCC3)O[C@@H]2O[C@@H]1[C@H]1COC2(CCCCC2)O1,0,0.5862550151373679,0.413744984862632,0.9939936995506287,0.9347771190465894,1
CNP0348395.2,CC[C@H](O)C[C@H]1CC[C@@H]([C@@H](C)C(=O)O[C@@H](CC)C[C@@H]2CC[C@@H]([C@@H](C)C(=O)O)O2)O1,0,0.566216012328653,0.4337839876713469,0.9999775886535645,0.9962439744757218,1
CNP0299891.1,O=C(O)C1=CC=C(C[C@H](O)C(=O)O)C(O)=C1,0,0.66455888719124,0.3354411128087598,0.9942446351051331,0.9361279576301901,1
CNP0158932.1,C[C@@]12CCCC[C@]13[C@@H]1C[C@H]2C[C@@H]13,0,0.7205035120108648,0.279496487989135,0.9958018660545349,0.9453241274467504,1
CNP0380511.1,CC[C@@H](C)[C@@H](C)CC,0,0.7745522826846356,0.2254477173153644,0.9960963129997253,0.9472578109158585,1
CNP0281114.1,CC[C@H](N)[C@@H](C)C(=O)O,0,0.6940916599740131,0.305908340025987,0.9859366416931152,0.9015781212847017,1
CNP0255318.1,CC(C)C1=CC=C(NC(=O)O[C@@H]2CO[C@H]3[C@@H]2OC[C@@H]3NS(=O)(=O)C2=CC=C(Cl)C=C2)C=C1,0,0.5224792190380425,0.4775207809619574,0.9924437403678894,0.9270371904841278,1
CNP0353648.5,C[C@@H](O)C[C@@H]1CC[C@@H]([C@@H](C)C(=O)O)O1,0,0.6182329761741526,0.3817670238258474,0.9892765283584595,0.9135642199349131,1
CNP0111830.1,C[C@H](CCO)CCC[C@@](C)(O)CCCC(C)(C)O,0,0.7373053306342782,0.2626946693657219,0.9965265393257141,0.950226935463969,1
CNP0134193.3,CC(C)(O)[C@@H]1CC[C@](C)([C@H]2[C@@H](O)C[C@@]3(C)[C@H]4[C@@H](O)C[C@@H]5C(C)(C)[C@@H](O)CC[C@@]56C[C@@]46CC[C@]23C)O1,0,0.6487562509386039,0.3512437490613961,0.9996464252471924,0.9843507909685772,1
CNP0248161.1,COC(=O)[C@H](O)CC1=CC=C(C(=O)O)C=C1O,0,0.6093391902215433,0.3906608097784568,0.9966610670089722,0.9511952432513643,1
CNP0096647.1,COC1=CC(CC[C@H](C[C@@H](O)[C@H]2CC[C@H](C)CC2)OC(C)=O)=CC=C1O,1,0.4596617010440539,0.5403382989559462,0.9966294169425964,0.9509657803542664,1
CNP0224864.3,CC(C)[C@@H]1OCCN1C[C@@H]1COC2(CCCCC2)O1,0,0.6799431146195851,0.3200568853804148,0.9956270456314087,0.944209643975063,1
CNP0283120.1,CCCC(=O)[C@H](C)NC(=O)CC[C@H](N)C(=O)O,0,0.6535370769077666,0.3464629230922334,0.999129593372345,0.975201041432195,1
CNP0382002.2,CC[C@@H](C)[C@H](NS(=O)(=O)C1=CC=C(C)C=C1)C(=O)N1CCC(C(=O)N(C)CC(=O)O)CC1,0,0.6314238816738816,0.3685761183261183,0.9886725544929504,0.9112567147329713,1
CNP0105105.2,COC(=O)[C@@H](CC1=CC=CC=C1)NC(=O)[C@@H](NC(=O)OCC1=CC=CC=C1)C(C)C,1,0.4700198412698412,0.5299801587301588,0.9994107484817505,0.97967234718818,1
CNP0342363.3,CC[C@@H](C)[C@H](NC(=O)NC1=CC=CC(C(=O)O)=C1)C(=O)O,0,0.7119671717171715,0.2880328282828283,0.9986274242401123,0.9687565624279634,1
CNP0374918.4,CC[C@@H](C)[C@H](NC(=O)OC(C)(C)C)C(=O)NC[C@H]1CC[C@@H](C(=O)N[C@@H](C(=O)O)[C@H](C)O)CC1,0,0.5225653950109058,0.4774346049890942,0.9993888139724731,0.9792915631151742,1
CNP0292341.1,CC(=O)OCC[C@@H](C)CCCC(C)C,0,0.7067715604828609,0.2932284395171392,0.9997804760932922,0.9877498765054655,1
CNP0107765.1,CC1=C2C3=C(CC[C@]2(C)[C@@H]([C@H](C)O)C1)[C@@]1(C)[C@H](O)[C@@H](OC(=O)CC(C)C)[C@H](O)C(C)(C)[C@@H]1CC3,0,0.661724274194708,0.3382757258052919,0.9996589422225952,0.9846366115729974,1
CNP0273094.3,CC[C@H](C)[C@@H](NC(C)=O)C(=O)O,0,0.6377577422577423,0.3622422577422576,0.9995761513710022,0.9828273986076052,1
CNP0346968.1,CC[C@H](C)C[C@H](C)C[C@H](C)C[C@H](C)C(=O)O,0,0.7060836103751623,0.2939163896248376,0.9999927282333374,0.9979006125777155,1
CNP0366584.2,CC(C)CO[C@@H]1[C@H]2OC3(CCCCC3)O[C@H]2O[C@@H]1[C@H]1COC2(CCCCC2)O1,0,0.5839399527487761,0.4160600472512237,0.9938836097717285,0.9341942269126124,1
CNP0210465.2,CCC(=O)CC[C@@H](C)CC,0,0.7579982256305786,0.2420017743694214,0.9980695843696594,0.9628934493888817,1
CNP0277444.2,CC[C@H](C)[C@H](C[C@@H](C(=O)O)[C@@H](C)CC)C(=O)O,0,0.703892165024518,0.296107834975482,0.9988858103752136,0.971887227052273,1
CNP0208730.2,CCC[C@H](C)C[C@H](C)C[C@H](C)C[C@H](C)C(=O)O,0,0.7048006017171536,0.2951993982828463,0.9999808073043823,0.9965298281939104,1
CNP0173723.1,CCC[C@H]1CC[C@@H](C)C1,0,0.6462244716068245,0.3537755283931755,0.9962079524993896,0.9480114248392923,1
CNP0287040.1,C[C@H](C[C@H](O)[C@H](O)C(C)(C)O)[C@H]1[C@@H](O)C[C@@]2(C)[C@@H]3CC[C@H]4C(C)(C)C(=O)CC[C@@]45C[C@@]35CC[C@]12C,0,0.6788150536122322,0.3211849463877679,0.9981903433799744,0.9640800779627975,1
CNP0348395.3,CC[C@H](O)C[C@@H]1CC[C@@H]([C@@H](C)C(=O)O[C@@H](CC)C[C@@H]2CC[C@@H]([C@@H](C)C(=O)O)O2)O1,0,0.566216012328653,0.4337839876713469,0.9999775886535645,0.9962439744757218,1
CNP0169081.1,CC[C@@H](O)[C@H](NC)C(=O)O,0,0.6541259573759575,0.3458740426240425,0.9948270916938782,0.9393909707331458,1
CNP0353648.6,C[C@H](O)C[C@@H]1CC[C@H]([C@H](C)C(=O)O)O1,0,0.6182329761741526,0.3817670238258474,0.9892765283584595,0.9135642199349131,1
CNP0088502.1,C=C1C=C2[C@@]3(CCC[C@H]3CO)CC[C@H](C)[C@@]2(C)[C@H]2[C@@H]1C2(C)C,0,0.7068730713730714,0.2931269286269286,0.9872708916664124,0.9061526024086063,1
CNP0472493.2,C[C@@H](CCC(=O)O)[C@H]1CC[C@@H]2[C@H]3C(=O)C[C@@H]4CCCC[C@]4(C)[C@@H]3CC(=O)[C@@]21C,0,0.6074547788812494,0.3925452211187505,0.9981356859207153,0.9635388697988506,1
CNP0202396.1,C[C@@H]1CC[C@]2(C)C(C(=O)O)=CCC[C@@H]2[C@@]1(C)CCC1=CC(=O)O[C@H]1O,0,0.6458701254885465,0.3541298745114534,0.9897992610931396,0.9156196868696725,1
CNP0226238.5,CC[C@@H](C)[C@@H](C[C@@H](O)CC(=O)O)O[C@@H]1O[C@@H](CO)[C@H](O)[C@H]1O,0,0.6894884510913922,0.3105115489086077,0.9993314743041992,0.978320420034319,1
CNP0350127.3,CC[C@H](C)C(=O)O[C@@H]1CCC=C2C=C[C@@H](C)[C@@H](CC[C@H](O)C[C@H](O)CC(=O)OC)[C@@H]21,0,0.5986817071817072,0.4013182928182929,0.9928531050682068,0.9289906794331714,1
CNP0453302.2,CC[C@@H](C(=O)O)[C@@H](CC)C(=O)O,0,0.6706695820519352,0.329330417948065,0.9964261651039124,0.949518123474711,1
CNP0280330.1,CCOC(=O)[C@H](C)C[C@H](C)O,0,0.6047882689206219,0.395211731079378,0.9994322657585144,0.9800569822959417,1
CNP0178554.1,CC(C)C[C@@](O)(CC(=O)O)C(=O)O,0,0.7275061882561883,0.2724938117438117,0.9857099056243896,0.9008252675465059,1
CNP0211107.1,CCCC[C@H](C)CCC[C@@H](C)C(=O)OC,0,0.5711492106105109,0.4288507893894892,0.9970594048500061,0.9541878224545159,1
CNP0228475.1,CC(C)(O)[C@@H]1CC[C@](C)([C@H]2[C@@H](O)C[C@@]3(C)[C@@H]4C[C@H](O)[C@H]5C(C)(C)C(=O)CC[C@@]56C[C@@]46CC[C@]23C)O1,0,0.6504509035082564,0.3495490964917435,0.9955103397369385,0.9434786917441431,1
CNP0126752.1,C/C(Cl)=C/C[C@H](N)C(=O)O,0,0.7309037645361175,0.2690962354638825,0.9994639754295349,0.9806321335049072,1
CNP0285233.2,CC(C)CCC[C@H](C)NC(=O)N[C@@H](C)C(=O)O,0,0.6483865595189124,0.3516134404810875,0.9990014433860779,0.9734074040054345,1
CNP0388526.4,CC[C@H](C)[C@H](NC(=O)[C@H]1CC[C@H](CNC(=O)[C@H](C)N)CC1)C(=O)O,0,0.550177588373099,0.4498224116269009,0.9862520098686218,0.902636613840182,1
CNP0155966.1,CC(C)[C@H]1CC[C@H](C)C2=CC=C(C(=O)O)[C@@H]2C1,0,0.6058762920086449,0.3941237079913551,0.9977914094924927,0.9602991012972371,1
CNP0477961.1,CN1C[C@@H](NS(=O)(=O)C2=CC=CC=C2)C[C@H]1C1=NC(C2=CN=CN=C2)=NO1,0,0.7042949403537636,0.295705059646236,0.9858471751213074,0.9012801994724925,1
CNP0374918.5,CC[C@@H](C)[C@H](NC(=O)OC(C)(C)C)C(=O)NC[C@H]1CC[C@H](C(=O)N[C@H](C(=O)O)[C@@H](C)O)CC1,0,0.5225653950109058,0.4774346049890942,0.9993888139724731,0.9792915631151742,1
CNP0188545.1,COC(=O)CC[C@@H](C)[C@H]1CC(=O)[C@@]2(C)C3=C(C(=O)[C@@H](O)[C@]12C)[C@@]1(C)CC[C@H](O)C(C)(C)[C@@H]1C[C@@H]3O,0,0.6149625374625375,0.3850374625374625,0.9903000593185425,0.9176445045234206,1
CNP0184832.1,CCO[C@@H]1O[C@H](OCC)[C@@](O)(CC[C@]2(C)[C@@H](C)CC[C@]3(C)C(C(=O)O)=CCC[C@@H]23)[C@@H]1O,0,0.6113810966810966,0.3886189033189033,0.9981379508972168,0.9635611953431551,1
CNP0057276.1,N#CC1=CC=CC=C1S(=O)(=O)N[C@H]1CO[C@H]2[C@@H]1OC[C@@H]2N1N=NN=C1C1=CC=CC=C1,0,0.5263760522243495,0.4736239477756505,0.9996145963668823,0.9836446526017242,1
CNP0348395.4,CC[C@@H](O)C[C@H]1CC[C@H]([C@@H](C)C(=O)O[C@@H](CC)C[C@@H]2CC[C@H]([C@@H](C)C(=O)O)O2)O1,0,0.566216012328653,0.4337839876713469,0.9999775886535645,0.9962439744757218,1
CNP0335306.2,COC(=O)[C@H](CC1=CC=C(O)C=C1)NC(=O)C1=CC=C(OC(C)C)C=C1,0,0.5840498684322214,0.4159501315677785,0.999381422996521,0.9791624512666718,1
CNP0464629.2,CC[C@](O[C@@H]1C[C@H](C)CC[C@@H]1C(C)C)(C(=O)N[C@@H]1C(=O)N2[C@@H]1SC(C)(C)[C@H]2C(=O)O)C(C)C,0,0.5523023088023087,0.4476976911976911,0.9858998656272888,0.9014558037772463,1
CNP0375303.4,C[C@@]1(CN2C=CN=N2)[C@H](C(=O)O)N2C(=O)C[C@H]2S1(=O)=O,0,0.7183592118665648,0.2816407881334351,0.9981310963630676,0.9634940218900592,1
CNP0132602.3,CC(=O)OC[C@H](C)[C@H]1CC[C@@H](C)CC1,0,0.6161619214119214,0.3838380785880785,0.9979836940765381,0.9620735532612762,1
CNP0112149.1,C[C@H](O)C1=CC=C(O)C=C1,0,0.7604055127878658,0.2395944872121342,0.9866949319839478,0.9041464889690624,1
CNP0301845.2,CCCC[C@@H](CC)CNC(=O)N[C@H](C(=O)O)C(C)C,0,0.6512269621631325,0.3487730378368676,0.9937479496002197,0.9334835546528107,1
CNP0347936.5,C[C@H](O)C[C@@H]1CC[C@H]([C@@H](C)C(=O)O[C@@H](C)C[C@@H]2CC[C@H]([C@@H](C)C(=O)O)O2)O1,0,0.589716424098777,0.410283575901223,0.9990328550338745,0.9738353393148302,1
CNP0458713.1,CCCS(=O)(=O)N[C@H]1C[C@@H](C2=NC(C3=CN=CN=C3)=NO2)N(C)C1,0,0.654373567153321,0.345626432846679,0.9996019005775452,0.9833687253264782,1
CNP0348395.5,CC[C@H](O)C[C@H]1CC[C@H]([C@@H](C)C(=O)O[C@@H](CC)C[C@@H]2CC[C@H]([C@@H](C)C(=O)O)O2)O1,0,0.566216012328653,0.4337839876713469,0.9999775886535645,0.9962439744757218,1
CNP0390455.4,NC1=NC=NC2=C1N=C(Br)N2[C@@H]1O[C@@H](CO)[C@@H](O)[C@@H]1O,0,0.6780984362384842,0.3219015637615159,0.9973229765892029,0.9562854298000542,1
CNP0107238.2,CC[C@H](C)[C@H](NC(=O)[C@H](CC1=CC=CC=C1)NC(=O)N1CC(=O)NC2=CC=CC=C21)C(=O)O,1,0.4509419191919193,0.5490580808080807,0.9900383949279785,0.9165797927351335,1
CNP0370611.5,CC(=O)O[C@H]1[C@H]([C@@H]2COC3(CCCCC3)O2)O[C@H]2OC3(CCCCC3)O[C@@H]21,0,0.5862550151373679,0.413744984862632,0.9939936995506287,0.9347771190465894,1
CNP0388689.2,CC[C@@H](C)[C@H](NC(=O)[C@@H]1N2C(=O)C[C@H]2S(=O)(=O)C1(C)C)C(=O)O,0,0.6635789738297475,0.3364210261702521,0.9945776462554932,0.9379704765558947,1
CNP0236320.1,COC[C@H]1CCCN1C(=O)C[C@@H]1O[C@H](CNS(C)(=O)=O)[C@@H](O)[C@H]1O,0,0.540394724477686,0.459605275522314,0.9980729818344116,0.9629270901706146,1
CNP0113421.1,COC(=O)CCC[C@H](O)C[C@H](C)O,0,0.6489144466644468,0.3510855533355533,0.9965625405311584,0.9504841426702346,1
CNP0422936.1,CN[C@H](C)[C@H]1[C@H](O)C[C@@]2(C)[C@]3(C)CC[C@H]4C(C)(C)[C@H](NC)CC[C@@]45C[C@]53CC[C@]12C,0,0.5665751355479841,0.433424864452016,0.9962171912193298,0.9480742375930048,1
CNP0378707.1,CC(=O)NC1=CC=C(S(=O)(=O)N[C@H]2C[C@@H](C3=NC(C4=CC=C(Cl)C=C4)=NO3)N(C)C2)C=C1,0,0.6067837884621771,0.3932162115378227,0.9995875954627991,0.9830660802245514,1
CNP0053910.1,COC1=CC=C(NC(=O)O[C@@H]2CO[C@H]3[C@@H]2OC[C@@H]3NS(=O)(=O)C2=CC=CC=C2C#N)C=C1,0,0.5813389518977754,0.4186610481022244,0.9925986528396606,0.9277694979760504,1
CNP0203298.6,NC1=NC(=O)N([C@H]2O[C@H](CO)[C@H](O)[C@H]2O)C=C1,1,0.4317446462376352,0.5682553537623647,0.9997780919075012,0.9876815105723767,1
CNP0121317.1,COC(=O)[C@H](C)CCC[C@H](C)CCCC(C)C,0,0.6376784313897318,0.3623215686102684,0.9961439371109009,0.947577899396151,1
CNP0319238.1,CCCC[C@H](C)CCC,0,0.7069756896869902,0.2930243103130099,0.997601330280304,0.9586213310170941,1
CNP0389017.2,CC[C@@H](C)[C@H](NC(=O)OC(C)(C)C)C(=O)NC[C@H]1CC[C@@H](C(=O)N[C@H](C(=O)O)[C@@H](C)CC)CC1,0,0.5449138798593905,0.4550861201406094,0.9984444975852966,0.966718569749667,1
CNP0374918.6,CC[C@H](C)[C@H](NC(=O)OC(C)(C)C)C(=O)NC[C@H]1CC[C@H](C(=O)N[C@H](C(=O)O)[C@@H](C)O)CC1,0,0.5225653950109058,0.4774346049890942,0.9993888139724731,0.9792915631151742,1
CNP0464995.0,CC1(C(=O)O)CCCCC1,0,0.7677488777562307,0.2322511222437692,0.992921769618988,0.9293242792188992,1
CNP0040292.1,COC(=O)[C@@H](CC1=CC=CN=C1)NC(=O)[C@@H]1CN(S(C)(=O)=O)CCN1C(=O)NC(C)C,0,0.5124067305243777,0.4875932694756223,0.9883576035499573,0.9100802909401774,1
CNP0441654.1,CCS(=O)(=O)C1=CC=C2OC([C@H]3CCN(CC4=CC=C(C(=O)O)C=C4)C3)=NC2=C1,0,0.5217474541798071,0.4782525458201928,0.9933143258094788,0.9312654939501156,1
CNP0280737.6,CC[C@@H](O)C[C@H]1CC[C@@H]([C@@H](C)C(=O)O[C@@H](C)C[C@@H]2CC[C@@H]([C@@H](C)C(=O)O)O2)O1,0,0.5859178839864072,0.4140821160135929,0.9999418258666992,0.9938308660232688,1
CNP0169550.1,CCCC[C@H](C)C[C@H](C)C[C@@H](C)C(=O)OC,0,0.632400550787691,0.3675994492123092,0.9992067217826843,0.9763444778530553,1
CNP0366179.3,COC(=O)[C@H](CC(C)C)NC(=O)[C@H](CC1=CC=CC=C1)NC(=O)OC(C)(C)C,1,0.4035544733044733,0.5964455266955266,0.9906593561172485,0.9191328736356609,1
CNP0107007.2,COC1=CC([C@@H](O)[C@@H](C)O)=CC=C1O[C@@H](C)CC1=CC(OC)=C(OC)C(OC)=C1,0,0.5494034037857566,0.4505965962142433,0.999479353427887,0.9809198707066145,1
CNP0553031.2,CC[C@@H](C)[C@H](NC(=O)[C@H](CC1=CC=CC=C1)NC(=O)N1C2=CC=CC=C2NC(=O)[C@@H]1C(C)C)C(=O)O,1,0.4386114718614719,0.561388528138528,0.9958667755126953,0.9457438907685352,1
CNP0243356.10,CC(C)(O)[C@@H]1CC[C@](C)([C@H]2[C@@H](O)C[C@@]3(C)[C@@H]4C[C@H](O)[C@@H]5C(C)(C)[C@@H](O)CC[C@@]56C[C@@]46CC[C@]23C)O1,0,0.6638484504058034,0.3361515495941966,0.999362051486969,0.9788324311483627,1
CNP0380648.3,CC[C@@H](C)[C@H](NC(=O)OC(C)(C)C)C(=O)N1CCC(C(=O)N2CCC[C@H]2C(=O)O)CC1,0,0.5168919413919413,0.4831080586080587,0.9926020503044128,0.9277860658958286,1
CNP0266171.1,CCOC(=O)C[C@](O)(CC(=O)O)C(=O)O,0,0.7004491080814611,0.299550891918539,0.9880425930023193,0.9089213315483585,1
CNP0093404.1,CCOC(=O)C1=C/C(=C\C(C)C)C2=C(C=C3O[C@H](C(C)(C)O)CC3=C2OC)O1,0,0.6401466089466089,0.3598533910533911,0.9999583959579468,0.9948194081883034,1
CNP0171778.1,CC[C@@H](C)C[C@@H](C)C[C@@H](C)C(=O)OC,0,0.6476738191859593,0.3523261808140406,0.9970882534980774,0.9544119702014677,1
CNP0285233.3,CC(C)CCC[C@@H](C)NC(=O)N[C@@H](C)C(=O)O,0,0.6483865595189124,0.3516134404810875,0.9990014433860779,0.9734074040054345,1
CNP0226238.6,CC[C@@H](C)[C@H](C[C@H](O)CC(=O)O)O[C@@H]1O[C@@H](CO)[C@H](O)[C@H]1O,0,0.6894884510913922,0.3105115489086077,0.9993314743041992,0.978320420034319,1
CNP0374918.7,CC[C@@H](C)[C@H](NC(=O)OC(C)(C)C)C(=O)NC[C@H]1CC[C@H](C(=O)N[C@H](C(=O)O)[C@H](C)O)CC1,0,0.5225653950109058,0.4774346049890942,0.9993888139724731,0.9792915631151742,1
CNP0258563.1,CC1=CC(C(=O)O)=CC2=C1CC[C@@H]2C,0,0.6221957307398484,0.3778042692601516,0.9990174770355225,0.9736249521099639,1
CNP0136724.1,CC(C)C[C@@H](O)C[C@H](C)[C@H]1CC=C(C(=O)O)CC1,0,0.6656250530515235,0.3343749469484763,0.9947657585144043,0.9390378461265887,1
CNP0374918.8,CC[C@H](C)[C@H](NC(=O)OC(C)(C)C)C(=O)NC[C@H]1CC[C@@H](C(=O)N[C@@H](C(=O)O)[C@H](C)O)CC1,0,0.5225653950109058,0.4774346049890942,0.9993888139724731,0.9792915631151742,1
CNP0388526.5,CC[C@@H](C)[C@H](NC(=O)[C@H]1CC[C@H](CNC(=O)[C@@H](C)N)CC1)C(=O)O,0,0.550177588373099,0.4498224116269009,0.9862520098686218,0.902636613840182,1
CNP0139226.5,CC[C@@H](C)[C@H](NC(=O)OC(C)(C)C)C(=O)NC[C@H]1CC[C@H](C(=O)N[C@@H](C)C(=O)O)CC1,0,0.5390805465260573,0.4609194534739427,0.9980619549751282,0.9628204714334323,1
CNP0346822.3,COC1=C2C[C@@H](C(C)(C)O[C@@H]3O[C@H](CO)[C@@H](O)[C@H](O)[C@@H]3O)OC2=CC2=C1C(=O)C=C(C)O2,0,0.6335158793820557,0.3664841206179441,0.9904850721359253,0.9184072611617207,1
CNP0124739.2,C[C@@H]1[C@@]2(O)C[C@@]34CC(=O)OC[C@@]1(C)[C@]3(O2)[C@H](O)C[C@@H]4C,0,0.6500511033084561,0.3499488966915439,0.9946523904800415,0.9383921318097964,1
CNP0309893.2,C[C@H](CC[C@H](O)C(C)(C)O)[C@@H]1[C@@H](O)C[C@@]2(C)[C@@H]3C[C@H](O)[C@H]4C(C)(C)[C@@H](O)CC[C@@]45C[C@@]35CC[C@]12C,0,0.5699379525703056,0.4300620474296945,0.9997377991676331,0.9865799933785095,1
CNP0226238.7,CC[C@H](C)[C@@H](C[C@@H](O)CC(=O)O)O[C@@H]1O[C@@H](CO)[C@H](O)[C@H]1O,0,0.6894884510913922,0.3105115489086077,0.9993314743041992,0.978320420034319,1
CNP0347936.6,C[C@@H](O)C[C@@H]1CC[C@H]([C@@H](C)C(=O)O[C@@H](C)C[C@@H]2CC[C@H]([C@@H](C)C(=O)O)O2)O1,0,0.589716424098777,0.410283575901223,0.9990328550338745,0.9738353393148302,1
CNP0088865.1,NC1=NC(=O)C2=NC(=O)N([C@@H]3O[C@H](CO)[C@@H](O)[C@H]3O)C2=N1,0,0.605888194322018,0.394111805677982,0.9966157078742981,0.9508664428711275,1
CNP0312404.1,CC[C@H](C)C[C@H](C)CC(C)C,0,0.7745683912805315,0.2254316087194685,0.9976297616958618,0.9588689174615228,1
CNP0263596.1,C=C=CC[C@H](N)C(=O)O,0,0.7200747602071131,0.2799252397928867,0.9996180534362793,0.9837208925075382,1
CNP0453302.3,CC[C@H](C(=O)O)[C@H](CC)C(=O)O,0,0.6706695820519352,0.329330417948065,0.9964261651039124,0.949518123474711,1
CNP0438010.4,CC(C)[C@@H]1CC[C@H](C)C[C@H]1O[C@](C)(C(=O)N[C@H]1C(=O)N2[C@@H]1SC(C)(C)[C@H]2C(=O)O)C(C)C,0,0.5640238095238094,0.4359761904761904,0.989406168460846,0.9140686812307592,1
CNP0207369.1,CCOC(=O)C[C@@H](C)NC(C)=O,0,0.588390331890332,0.4116096681096681,0.9919434785842896,0.9247267289174946,1
CNP0235619.1,C[C@H](C[C@@H](C)[C@H]1CC(=O)[C@@]2(C)C3=C(C(=O)C[C@]12C)[C@@]1(C)CC[C@H](O)C(C)(C)[C@H]1C[C@@H]3O)C(=O)O,0,0.673400191311956,0.3265998086880439,0.9948620200157166,0.9395926417374624,1
CNP0208730.3,CCC[C@@H](C)C[C@@H](C)C[C@@H](C)C[C@@H](C)C(=O)O,0,0.7048006017171536,0.2951993982828463,0.9999808073043823,0.9965298281939104,1
CNP0305967.1,CC(C)C[C@@](O)(C(=O)OC[C@@H]1CCN2CCC[C@@H]12)[C@H](C)O,0,0.6590400432900432,0.3409599567099567,0.9944041967391968,0.9370033900126675,1
CNP0099045.1,N#CC1=CC=CC=C1S(=O)(=O)N[C@H]1CO[C@H]2[C@@H]1OC[C@H]2OCC(N)=O,0,0.5887592260680494,0.4112407739319503,0.9934744238853455,0.9320753091321397,1
CNP0226238.8,CC[C@H](C)[C@@H](C[C@H](O)CC(=O)O)O[C@@H]1O[C@@H](CO)[C@H](O)[C@H]1O,0,0.6894884510913922,0.3105115489086077,0.9993314743041992,0.978320420034319,1
CNP0441883.4,CC(C)[C@@H](O)C[C@@H]1CC[C@H]([C@@H](C)C(=O)O)O1,0,0.6250361676635143,0.3749638323364856,0.9939801692962646,0.9347048878743884,1
CNP0199971.4,COC(=O)CC[C@H](C)[C@H]1CC[C@@H]2[C@H]3C(=O)C[C@@H]4CC(=O)CC[C@]4(C)[C@H]3CC(=O)[C@@]21C,0,0.5831933677433676,0.4168066322566323,0.9914578795433044,0.9225578078209012,1
CNP0265986.1,C[C@@H]1CC[C@]2(C)C(C(=O)O)=CCC[C@@H]2[C@@]1(C)CC[C@H]1COC(=O)C1,0,0.5647980907980906,0.4352019092019093,0.9963893890380859,0.9492605291468366,1
CNP0183383.3,CC(=O)N[C@H](CC1=CC=CC=C1)C(=O)N[C@H](C(=O)O)C(C)C,1,0.4302012987012988,0.5697987012987012,0.9875303506851196,0.9070725998904652,1
CNP0456507.0,N#CC1=CC=CC=C1NC(=O)NC1=CC=C(C(=O)O)C=C1,0,0.7638270974194887,0.2361729025805112,0.9913496971130371,0.9220838052115691,1
CNP0218334.2,CC[C@@H](C)[C@@H](NC)C(=O)O,0,0.6884616494616494,0.3115383505383505,0.9995393753051758,0.9820777647745613,1
CNP0088034.1,CC/C=C1\C=C(C(=O)OCC)OC2=CC3=C(C[C@@H](C(C)(C)O)O3)C(OC)=C12,0,0.6179142857142856,0.3820857142857143,0.9994410872459412,0.9802145631883021,1
CNP0277444.3,CC[C@H](C)[C@H](C[C@H](C(=O)O)[C@@H](C)CC)C(=O)O,0,0.703892165024518,0.296107834975482,0.9988858103752136,0.971887227052273,1
CNP0190063.1,COC(=O)CCC[C@@H](C)CC(=O)OC,0,0.729229464979465,0.270770535020535,0.9990059733390808,0.9734693919802035,1
CNP0105105.3,COC(=O)[C@H](CC1=CC=CC=C1)NC(=O)[C@@H](NC(=O)OCC1=CC=CC=C1)C(C)C,1,0.4700198412698412,0.5299801587301588,0.9994107484817505,0.97967234718818,1
CNP0306705.0,NC1(C(=O)O)CCCCCC1,0,0.7162057125880655,0.2837942874119344,0.9956778883934021,0.9445309674988808,1
CNP0464629.3,CC[C@@](O[C@@H]1C[C@H](C)CC[C@@H]1C(C)C)(C(=O)N[C@@H]1C(=O)N2[C@@H]1SC(C)(C)[C@H]2C(=O)O)C(C)C,0,0.5523023088023087,0.4476976911976911,0.9858998656272888,0.9014558037772463,1
CNP0303745.3,CC[C@@H](C)COC(=O)[C@H](C)CC,0,0.6880748712072244,0.3119251287927758,0.999872088432312,0.9907295556635344,1
CNP0218334.3,CC[C@H](C)[C@H](NC)C(=O)O,0,0.6884616494616494,0.3115383505383505,0.9995393753051758,0.9820777647745613,1
CNP0100441.1,CCOC(=O)C1=C2CC[C@@H](C(C)C)C=C2C2=C(C=C3O[C@H](C(C)(C)O)CC3=C2OC)O1,0,0.6003107503607504,0.3996892496392497,0.9999245405197144,0.9929446990209034,1
CNP0308620.4,COC[C@@H]1CC2=CC3=C(OCO3)C(OC)=C2[C@@H](C2=CC=C(OC)C(OC)=C2)[C@@H]1COC,0,0.5733320707070707,0.4266679292929292,0.9865597486495972,0.9036828623698718,1
CNP0478298.2,CC[C@H](C)C1=CC=C(C(=O)O)C=C1,0,0.7278394954718488,0.2721605045281515,0.9863048791885376,0.9028154184143135,1
CNP0348746.2,CC(=O)C[C@H]1CC[C@@H]([C@H](C)C(=O)OC[C@H](O)CO)O1,0,0.6584566328192735,0.3415433671807263,0.9988232254981995,0.9710975763044553,1
CNP0169550.2,CCCC[C@H](C)C[C@H](C)C[C@H](C)C(=O)OC,0,0.632400550787691,0.3675994492123092,0.9992067217826843,0.9763444778530553,1
CNP0213165.1,C[C@@H]1[C@H](O)C[C@]23OC(=O)C[C@]12C[C@@]1(O[C@@H]2O[C@H](CO)[C@@H](O)[C@H](O)[C@H]2O)OC[C@]3(C)[C@@H]1C,0,0.6315629574112341,0.3684370425887657,0.9975267052650452,0.9579820923025975,1
CNP0309893.3,C[C@H](CC[C@H](O)C(C)(C)O)[C@H]1[C@@H](O)C[C@@]2(C)[C@@H]3C[C@H](O)[C@H]4C(C)(C)[C@@H](O)CC[C@@]45C[C@@]35CC[C@]12C,0,0.5699379525703056,0.4300620474296945,0.9997377991676331,0.9865799933785095,1
CNP0158288.1,CC[C@@H](C)C[C@@H](C)C[C@@H](C)C(=O)O,0,0.7100836103751622,0.2899163896248377,0.9999927282333374,0.997911824581765,1
CNP0378790.1,CC[C@H](C)CC(C)(C)O,0,0.7257133438456971,0.2742866561543031,0.9980542659759521,0.9627461522978298,1
CNP0301845.3,CCCC[C@H](CC)CNC(=O)N[C@H](C(=O)O)C(C)C,0,0.6512269621631325,0.3487730378368676,0.9937479496002197,0.9334835546528107,1
CNP0318173.4,CC[C@H](C)[C@H](NC(=O)OC(C)(C)C)C(=O)NC[C@H]1CC[C@@H](C(=O)N[C@H](C(=O)O)C(C)C)CC1,0,0.5430805465260573,0.4569194534739427,0.997913658618927,0.9614172886613278,1
CNP0381754.3,CC[C@H](C)[C@H](NS(=O)(=O)C1=CC=C(C)C=C1)C(=O)N1CCC(C(=O)N[C@H](C(=O)O)[C@H](C)O)CC1,0,0.5527617105117104,0.4472382894882895,0.9888802766799927,0.9120423192974519,1
CNP0385244.1,CC[C@@H](C)C[C@@H](C)CC,0,0.8069300438123967,0.1930699561876031,0.9974843263626099,0.9576234367612882,1
CNP0365383.2,COC(=O)[C@H](CO)NC(=O)[C@@H](CC1=CC=CC=C1)NC(=O)OCC1=CC=CC=C1,1,0.4051190476190476,0.5948809523809523,0.9931676983833313,0.9305332557616574,1
CNP0442776.1,C[C@H](N)C(=O)N1CCC[C@H]1C(=O)OCC1=CC=CC=C1,0,0.5944130036630036,0.4055869963369963,0.9907402992248535,0.9194725139491815,1
CNP0333052.6,CC[C@@H](C)[C@H](NC(=O)[C@H]1CC[C@H](CNC(=O)[C@@H](NC(=O)OC(C)(C)C)C(C)C)CC1)C(=O)O,0,0.535848223293734,0.4641517767062659,0.9966301321983337,0.9509710987985978,1
CNP0113379.2,C[C@]12C(=O)C[C@@H]3[C@@H](C=CC4=CC(=O)CC[C@@]43C)[C@@H]1CC[C@@H]2[C@H](O)CO,0,0.5590841920172624,0.4409158079827375,0.997718334197998,0.9596455855076613,1
CNP0243625.1,CC(C)CC[C@H](C(=O)O)[C@H](C)CC(=O)NC1=CC=C(C(=O)O)C=C1,0,0.7034546303369834,0.2965453696630166,0.9878755211830139,0.9083137579307135,1
CNP0101120.1,C=C1C=C(C(=O)OCC)OC2=CC3=C(C[C@@H](C(C)(C)O)O3)C(OC)=C12,0,0.6609463924963924,0.3390536075036074,0.9996458292007446,0.984338781815241,1
CNP0191849.2,C[C@@H](O)C[C@H](N)C(=O)O,0,0.6940462609286139,0.3059537390713861,0.9929671287536621,0.9295456244525814,1
CNP0280737.7,CC[C@H](O)C[C@H]1CC[C@@H]([C@@H](C)C(=O)O[C@@H](C)C[C@@H]2CC[C@@H]([C@@H](C)C(=O)O)O2)O1,0,0.5859178839864072,0.4140821160135929,0.9999418258666992,0.9938308660232688,1
CNP0381754.4,CC[C@@H](C)[C@H](NS(=O)(=O)C1=CC=C(C)C=C1)C(=O)N1CCC(C(=O)N[C@H](C(=O)O)[C@@H](C)O)CC1,0,0.5527617105117104,0.4472382894882895,0.9888802766799927,0.9120423192974519,1
CNP0374918.9,CC[C@H](C)[C@H](NC(=O)OC(C)(C)C)C(=O)NC[C@H]1CC[C@H](C(=O)N[C@H](C(=O)O)[C@H](C)O)CC1,0,0.5225653950109058,0.4774346049890942,0.9993888139724731,0.9792915631151742,1
CNP0183166.1,CC[C@@H]1CCCC[C@]2(CC[C@H](CC)O2)O1,0,0.7340260115701291,0.2659739884298707,0.9962245225906372,0.9481236453423462,1
CNP0107007.3,COC1=CC([C@H](O)[C@@H](C)O)=CC=C1O[C@@H](C)CC1=CC(OC)=C(OC)C(OC)=C1,0,0.5494034037857566,0.4505965962142433,0.999479353427887,0.9809198707066145,1
CNP0311948.1,COC(=O)CC[C@]12C[C@]13CC[C@]1(C)C(=O)CC[C@@]1(C)[C@@H]3CC[C@H]2C(C)(C)O,0,0.6368501692751694,0.3631498307248307,0.9984568357467651,0.9668524812413263,1
CNP0374918.10,CC[C@H](C)[C@H](NC(=O)OC(C)(C)C)C(=O)NC[C@H]1CC[C@@H](C(=O)N[C@@H](C(=O)O)[C@@H](C)O)CC1,0,0.5225653950109058,0.4774346049890942,0.9993888139724731,0.9792915631151742,1
CNP0121132.3,CCCC[C@H](C)C[C@@H](C)C(=O)N1CCC[C@H]1C(=O)O[C@@H](C(=O)O[C@H](C(=O)O)[C@@H](C)CC)[C@@H](C)CC,0,0.69948673711909,0.3005132628809099,0.9999984502792358,0.9990674272870906,1
CNP0389017.3,CC[C@@H](C)[C@H](NC(=O)[C@H]1CC[C@@H](CNC(=O)[C@@H](NC(=O)OC(C)(C)C)[C@@H](C)CC)CC1)C(=O)O,0,0.5449138798593905,0.4550861201406094,0.9984444975852966,0.966718569749667,1
CNP0309956.2,CC[C@@H](C)CCCC(C)(C)O,0,0.793176380808734,0.2068236191912662,0.9988110065460205,0.970946438984061,1
CNP0420287.1,COC[C@H]1C[C@@]23C(=C1C(=O)O)C[C@@H](CC[C@H]2C)C3(C)C,0,0.5753016028089556,0.4246983971910444,0.9956218600273132,0.9441771312451018,1
CNP0105105.4,COC(=O)[C@@H](CC1=CC=CC=C1)NC(=O)[C@H](NC(=O)OCC1=CC=CC=C1)C(C)C,1,0.4700198412698412,0.5299801587301588,0.9994107484817505,0.97967234718818,1
CNP0203298.7,NC1=NC(=O)N([C@H]2O[C@H](CO)[C@@H](O)[C@@H]2O)C=C1,1,0.4317446462376352,0.5682553537623647,0.9997780919075012,0.9876815105723767,1
CNP0350127.4,CC[C@H](C)C(=O)O[C@H]1CCC=C2C=C[C@@H](C)[C@@H](CC[C@H](O)C[C@H](O)CC(=O)OC)[C@@H]21,0,0.5986817071817072,0.4013182928182929,0.9928531050682068,0.9289906794331714,1
CNP0193846.1,CCC(CC)[C@@H](C)CC,0,0.8007435358758888,0.1992564641241111,0.9979115128517151,0.9613979908417122,1
CNP0257538.1,CC[C@H](C)C[C@H](N)C(=O)O,0,0.6860213691537221,0.3139786308462778,0.9983025789260864,0.9652204289824695,1
CNP0291914.1,CC(C)C[C@@](O)(C(=O)O)[C@H](C)O,0,0.70277886002886,0.2972211399711399,0.9937505125999451,0.9334968617880708,1
CNP0199971.5,COC(=O)CC[C@@H](C)[C@H]1CC[C@H]2[C@@H]3C(=O)C[C@@H]4CC(=O)CC[C@]4(C)[C@H]3CC(=O)[C@]12C,0,0.5831933677433676,0.4168066322566323,0.9914578795433044,0.9225578078209012,1
CNP0281114.2,CC[C@@H](N)[C@@H](C)C(=O)O,0,0.6940916599740131,0.305908340025987,0.9859366416931152,0.9015781212847017,1
CNP0038377.1,N#CC1=CC=CC=C1S(=O)(=O)N[C@H]1CO[C@H]2[C@@H]1OC[C@H]2O,0,0.7127566183816185,0.2872433816183816,0.9889923930168152,0.912469743727558,1
CNP0331161.1,CC[C@H](C)C[C@H](C)[C@H](O)[C@@H](C)C(=O)O,0,0.737896494028847,0.2621035059711529,0.9998315572738647,0.989315391174106,1
CNP0124739.3,C[C@@H]1C[C@H](O)[C@@]23O[C@@]4(O)C[C@@]12CC(=O)OC[C@]3(C)[C@H]4C,0,0.6500511033084561,0.3499488966915439,0.9946523904800415,0.9383921318097964,1
CNP0352811.2,COC(=O)[C@H](CC1=CC=CC=C1)NC(=O)C1=CC=CC=C1,1,0.4943643578643579,0.5056356421356419,0.988027811050415,0.9088674292741068,1
CNP0240910.4,CC[C@@H](C)[C@H](NC(=O)[C@H]1CC[C@H](CNC(=O)[C@@H](C)NC(=O)OC(C)(C)C)CC1)C(=O)O,0,0.530268858214369,0.469731141785631,0.9939411878585815,0.934498076848841,1
CNP0464629.4,CC[C@@](O[C@@H]1C[C@H](C)CC[C@@H]1C(C)C)(C(=O)N[C@H]1C(=O)N2[C@@H]1SC(C)(C)[C@H]2C(=O)O)C(C)C,0,0.5523023088023087,0.4476976911976911,0.9858998656272888,0.9014558037772463,1
CNP0290048.2,CC[C@H](C)[C@H](O)C(=O)O,0,0.6783113569437101,0.3216886430562901,0.9999114274978638,0.9923325199822095,1
CNP0378642.5,CC[C@@H](C)[C@H](NC(=O)N[C@H](C)CCCC(C)C)C(=O)O,0,0.6574561288384818,0.3425438711615182,0.9999065399169922,0.9921167688170908,1
CNP0213062.1,CC(C)C[C@H](NC(=O)[C@@H](N)CC(C)C)C(=O)N1CCC[C@@H]1C(=O)O,0,0.5096068669892199,0.4903931330107802,0.9941231608390808,0.9354704333414502,1
CNP0102799.1,N[C@@H](C/C=C(\Cl)CO)C(=O)O,0,0.7394596808420336,0.2605403191579661,0.9904174208641052,0.9181275852617948,1
CNP0370611.6,CC(=O)O[C@@H]1[C@@H]2OC3(CCCCC3)O[C@@H]2O[C@@H]1[C@H]1COC2(CCCCC2)O1,0,0.5862550151373679,0.413744984862632,0.9939936995506287,0.9347771190465894,1
CNP0087996.1,CC[C@@]1(C)CC[C@H](C(C)(C)O)C[C@H]1C(C)C,0,0.6015358879682409,0.3984641120317592,0.9951919317245483,0.9415348120729911,1
CNP0326888.1,CC[C@@H](O)[C@H]1CC[C@@H]([C@H](C)C(=O)O)O1,0,0.6404373645058876,0.3595626354941124,0.9992663264274597,0.9772666442222974,1
CNP0183373.1,N[C@H](C(=O)O)C1=CC=CC(O)=C1,0,0.6928136724386725,0.3071863275613276,0.9862574934959412,0.9026551756671276,1
CNP0393702.2,N[C@@H](C(=O)O)C1=CC=CC(C(=O)O)=C1,0,0.7577922077922078,0.2422077922077922,0.9997794032096863,0.9877210294892768,1
CNP0122734.1,CC[C@H](C)[C@H](N)C(=O)N[C@@H](CC1=CC=CC=C1)C(=O)N[C@@H](CC(C)C)C(=O)O,1,0.4087057387057388,0.5912942612942613,0.9870008230209351,0.9052059839161452,1
CNP0326281.1,CC(C)(O)[C@H]1CC[C@H](CO[C@@H]2O[C@H](CO)[C@@H](O)[C@H](O)[C@H]2O)CC1,0,0.6406733744551569,0.3593266255448432,0.9964855909347534,0.9499369239147318,1
CNP0099724.1,CCOC(=O)C1=CC(=C2CCCC2)C2=C(C=C3O[C@H](C(C)(C)O)CC3=C2OC)O1,0,0.6595239538239538,0.3404760461760462,0.9990200996398926,0.973661231521276,1
CNP0254532.1,CC(C)(O)[C@@H]1CO[C@@](C)([C@H]2[C@@H](O)C[C@@]3(C)[C@@H]4C[C@H](O)[C@H]5C(C)(C)[C@@H](O)CC[C@@]56C[C@@]46CC[C@]23C)C1,0,0.5665557414807414,0.4334442585192585,0.9999909400939941,0.9976502828870024,1
CNP0370611.7,CC(=O)O[C@H]1[C@H]2OC3(CCCCC3)O[C@@H]2O[C@@H]1[C@H]1COC2(CCCCC2)O1,0,0.5862550151373679,0.413744984862632,0.9939936995506287,0.9347771190465894,1
CNP0295266.1,COC[C@H]1CCCN1[C@@H]1[C@H](O)[C@H](CO)O[C@@H]1CNS(=O)(=O)C1=CC=C(Cl)C=C1,0,0.6623827780907395,0.3376172219092603,0.9944360256195068,0.9371798056997066,1
CNP0167620.3,CC(C)C[C@H](N)[C@H](O)C(=O)O,0,0.6449686441009971,0.355031355899003,0.9898244738578796,0.9157203424774147,1
CNP0134193.4,CC(C)(O)[C@H]1CC[C@@](C)([C@@H]2[C@@H](O)C[C@@]3(C)[C@@H]4[C@H](O)C[C@H]5C(C)(C)[C@@H](O)CC[C@@]56C[C@@]46CC[C@]23C)O1,0,0.6487562509386039,0.3512437490613961,0.9996464252471924,0.9843507909685772,1
CNP0291639.3,CC(C)CC(=O)C[C@@H](C)[C@@H]1CC=C(C(=O)O)CC1,0,0.6952201426024955,0.3047798573975044,0.9930400848388672,0.9299035211948286,1
CNP0415032.1,COC1=CC(CCC2=CC=CC=C2)=C(C(=O)O)C2=C1C[C@H](C(C)(C)O)O2,0,0.5059222582972585,0.4940777417027416,0.9933239817619324,0.9313143669063767,1
CNP0192892.1,CC[C@H](C)[C@H](O)C(=O)OC,0,0.6700682112005641,0.3299317887994358,0.9993615746498108,0.9788239235914916,1
CNP0328027.1,CCCC[C@H](C(=O)O)[C@@H](C)C(=O)O,0,0.6624191658015188,0.3375808341984811,0.9970393180847168,0.9540313768353909,1
CNP0147674.2,CN[C@@H](C(=O)O)[C@@H](C)O,0,0.7072434509934511,0.292756549006549,0.987245500087738,0.9060628347711548,1
CNP0197187.1,N[C@H](CC(=O)O)[C@@H](O)C(=O)O,0,0.6707896564220094,0.3292103435779907,0.9882786273956299,0.9097882569828517,1
CNP0323565.1,CS(=O)(=O)C[C@H](NC(=O)CC[C@H](N)C(=O)O)C(=O)O,0,0.5673547024870554,0.4326452975129445,0.9997634291648865,0.9872708870395515,1
CNP0197187.2,N[C@@H](CC(=O)O)[C@@H](O)C(=O)O,0,0.6707896564220094,0.3292103435779907,0.9882786273956299,0.9097882569828517,1
CNP0348395.6,CC[C@@H](O)C[C@@H]1CC[C@H]([C@@H](C)C(=O)O[C@@H](CC)C[C@@H]2CC[C@H]([C@@H](C)C(=O)O)O2)O1,0,0.566216012328653,0.4337839876713469,0.9999775886535645,0.9962439744757218,1
CNP0099301.1,CNCC[C@@]1(C)[C@@H]2CC[C@@H](C)[C@]13CCC(C(=O)O)=C3C2,0,0.6720809484633016,0.3279190515366986,0.9929386973381042,0.9294065620107581,1
CNP0277815.2,COC(=O)[C@@H](CC1=CC=C(O)C=C1)NC(=O)[C@H](CCSC)NC(=O)OCC1=CC=CC=C1,1,0.4611903648951522,0.538809635104848,0.9984776377677917,0.9670782012623091,1
CNP0448822.1,COC(=O)[C@@H](CC1=CC=CN=C1)NC(=O)[C@@H]1CN(S(C)(=O)=O)CCN1C(=O)NC1CCCCC1,1,0.4978426018426017,0.5021573981573981,0.996504545211792,0.9500708228002186,1
CNP0189761.1,CC(C)CCC[C@@H](C)CCC[C@@H](C)C(=O)O,0,0.6852603772216775,0.3147396227783225,0.9999006986618042,0.9918667809419435,1
CNP0366179.4,COC(=O)[C@H](CC(C)C)NC(=O)[C@@H](CC1=CC=CC=C1)NC(=O)OC(C)(C)C,1,0.4035544733044733,0.5964455266955266,0.9906593561172485,0.9191328736356609,1
CNP0218334.4,CC[C@@H](C)[C@H](NC)C(=O)O,0,0.6884616494616494,0.3115383505383505,0.9995393753051758,0.9820777647745613,1
CNP0366584.3,CC(C)CO[C@@H]1[C@H]2OC3(CCCCC3)O[C@H]2O[C@@H]1[C@@H]1COC2(CCCCC2)O1,0,0.5839399527487761,0.4160600472512237,0.9938836097717285,0.9341942269126124,1
CNP0348395.7,CC[C@@H](O)C[C@H]1CC[C@@H]([C@@H](C)C(=O)O[C@@H](CC)C[C@@H]2CC[C@@H]([C@@H](C)C(=O)O)O2)O1,0,0.566216012328653,0.4337839876713469,0.9999775886535645,0.9962439744757218,1
CNP0058809.1,COC1=CC=CC(C2=NN=NN2[C@H]2CO[C@H]3[C@@H]2OC[C@@H]3NS(=O)(=O)C2=CC=CC=C2C#N)=C1,0,0.5558044308632544,0.4441955691367455,0.9998195767402649,0.9889275693353667,1
CNP0029028.1,N#CC1=CC=CC=C1S(=O)(=O)N[C@H]1CO[C@H]2[C@@H]1OC[C@@H]2N1N=NN=C1OC1=CC=CC=C1,0,0.5471081141081142,0.4528918858918858,0.9992802739143372,0.9774882660618837,1
CNP0292341.2,CC(=O)OCC[C@H](C)CCCC(C)C,0,0.7067715604828609,0.2932284395171392,0.9997804760932922,0.9877498765054655,1
CNP0104346.1,CC(=O)C1=CC=C(NC(=O)O[C@@H]2CO[C@H]3[C@@H]2OC[C@@H]3NS(=O)(=O)C2=CC=CC=C2C#N)C=C1,0,0.5594738725326961,0.4405261274673039,0.9931114912033081,0.9302549720912378,1
CNP0129960.1,C[S@@](=N)(=O)CC[C@H](N)C(=O)O,0,0.6588105848399965,0.3411894151600034,0.998852014541626,0.9714581901031706,1
CNP0280737.8,CC[C@H](O)C[C@H]1CC[C@H]([C@@H](C)C(=O)O[C@@H](C)C[C@@H]2CC[C@H]([C@@H](C)C(=O)O)O2)O1,0,0.5859178839864072,0.4140821160135929,0.9999418258666992,0.9938308660232688,1
CNP0111618.1,CC(C)C[C@H](N)C(=O)N[C@@H](CCC(N)=O)C(=O)N1CCC[C@H]1C(=O)O,0,0.5340646591970121,0.4659353408029879,0.9880308508872986,0.9088787800475757,1
CNP0015531.1,CN1C[C@@H](NS(=O)(=O)C2=CC=C(Cl)C=C2)C[C@H]1C1=NC(C2=CC=CC=C2)=NO1,0,0.6610731425437308,0.3389268574562692,0.9928380846977234,0.9289176880342704,1
CNP0282905.0,CC1=CC=C(C(C)C)C=C2C(C(=O)O)=CC=C12,0,0.7010343088284264,0.2989656911715735,0.9901540875434875,0.9170487266669505,1
CNP0277815.3,COC(=O)[C@@H](CC1=CC=C(O)C=C1)NC(=O)[C@@H](CCSC)NC(=O)OCC1=CC=CC=C1,1,0.4611903648951522,0.538809635104848,0.9984776377677917,0.9670782012623091,1
CNP0147650.2,CC[C@@H](C)COC(C)=O,0,0.690811231773372,0.309188768226628,0.9956153631210327,0.9441363505794571,1
CNP0098557.1,CCOC(=O)C1=C2CC[C@H]3CC(=O)CCC3=C2C2=C(C=C3O[C@H](C(C)(C)O)CC3=C2OC)O1,0,0.5392274170274169,0.4607725829725829,0.9998364448547363,0.989475606479613,1
CNP0240910.5,CC[C@@H](C)[C@H](NC(=O)[C@H]1CC[C@H](CNC(=O)[C@H](C)NC(=O)OC(C)(C)C)CC1)C(=O)O,0,0.530268858214369,0.469731141785631,0.9939411878585815,0.934498076848841,1
CNP0382002.3,CC[C@H](C)[C@H](NS(=O)(=O)C1=CC=C(C)C=C1)C(=O)N1CCC(C(=O)N(C)CC(=O)O)CC1,0,0.6314238816738816,0.3685761183261183,0.9886725544929504,0.9112567147329713,1
CNP0396757.1,CC(C)(O)[C@@H]1CC[C@H]2CO[C@]3(C)C=CO[C@]23C1,0,0.6733939465762994,0.3266060534237004,0.991732120513916,0.9237744352840419,1
CNP0348746.3,CC(=O)C[C@H]1CC[C@H]([C@@H](C)C(=O)OC[C@H](O)CO)O1,0,0.6584566328192735,0.3415433671807263,0.9988232254981995,0.9710975763044553,1
CNP0240910.6,CC[C@H](C)[C@H](NC(=O)[C@H]1CC[C@H](CNC(=O)[C@@H](C)NC(=O)OC(C)(C)C)CC1)C(=O)O,0,0.530268858214369,0.469731141785631,0.9939411878585815,0.934498076848841,1
CNP0215188.3,NC1=NC(=O)N([C@@H]2O[C@H](CO)[C@H](O)[C@H]2O)C=N1,1,0.4708116888441515,0.5291883111558485,0.9856587052345276,0.9006563346724076,1
CNP0388689.3,CC[C@H](C)[C@H](NC(=O)[C@@H]1N2C(=O)C[C@H]2S(=O)(=O)C1(C)C)C(=O)O,0,0.6635789738297475,0.3364210261702521,0.9945776462554932,0.9379704765558947,1
CNP0388526.6,CC[C@@H](C)[C@H](NC(=O)[C@H]1CC[C@H](CNC(=O)[C@H](C)N)CC1)C(=O)O,0,0.550177588373099,0.4498224116269009,0.9862520098686218,0.902636613840182,1
CNP0360942.1,COC(=O)[C@H](CC1=CC=CC=C1)NC(=O)[C@H](N)CC(C)C,1,0.4158939393939395,0.5841060606060605,0.9940542578697205,0.9351004486097878,1
CNP0390455.5,NC1=NC=NC2=C1N=C(Br)N2[C@H]1O[C@@H](CO)[C@@H](O)[C@H]1O,0,0.6780984362384842,0.3219015637615159,0.9973229765892029,0.9562854298000542,1
CNP0360942.2,COC(=O)[C@H](CC1=CC=CC=C1)NC(=O)[C@@H](N)CC(C)C,1,0.4158939393939395,0.5841060606060605,0.9940542578697205,0.9351004486097878,1
CNP0339112.3,CC(C)CC(=O)C[C@@H](C)[C@H]1CC[C@@H](CO)CC1,0,0.6668646924970457,0.3331353075029545,0.9894679188728333,0.9143099912117799,1
CNP0280737.9,CC[C@@H](O)C[C@@H]1CC[C@H]([C@@H](C)C(=O)O[C@@H](C)C[C@@H]2CC[C@H]([C@@H](C)C(=O)O)O2)O1,0,0.5859178839864072,0.4140821160135929,0.9999418258666992,0.9938308660232688,1
CNP0107238.3,CC[C@@H](C)[C@H](NC(=O)[C@H](CC1=CC=CC=C1)NC(=O)N1CC(=O)NC2=CC=CC=C21)C(=O)O,1,0.4509419191919193,0.5490580808080807,0.9900383949279785,0.9165797927351335,1
CNP0335724.1,C[C@H](CCO)CCCC(C)(C)O,0,0.7732769162382169,0.2267230837617834,0.9860565662384033,0.9019790808220985,1
CNP0310793.0,CCOCC(=O)OCl,0,0.691707100089453,0.308292899910547,0.9947984218597412,0.9392255607797984,1
CNP0472493.3,C[C@@H](CCC(=O)O)[C@H]1CC[C@@H]2[C@H]3C(=O)C[C@@H]4CCCC[C@]4(C)[C@H]3CC(=O)[C@@]21C,0,0.6074547788812494,0.3925452211187505,0.9981356859207153,0.9635388697988506,1
CNP0254991.2,N#CC[C@@H](N)C(=O)O,0,0.7172601010101008,0.2827398989898989,0.9970598816871643,0.9541913962088088,1
CNP0243356.11,CC(C)(O)[C@H]1CC[C@](C)([C@H]2[C@@H](O)C[C@@]3(C)[C@H]4C[C@H](O)[C@H]5C(C)(C)[C@@H](O)CC[C@@]56C[C@@]46CC[C@]23C)O1,0,0.6638484504058034,0.3361515495941966,0.999362051486969,0.9788324311483627,1
CNP0240427.1,CCOC(=O)CCC[C@H](C)CC(=O)OCC,0,0.6868473487297018,0.3131526512702984,0.9993667006492615,0.9789114755626569,1
CNP0370611.8,CC(=O)O[C@@H]1[C@H]2OC3(CCCCC3)O[C@@H]2O[C@@H]1[C@H]1COC2(CCCCC2)O1,0,0.5862550151373679,0.413744984862632,0.9939936995506287,0.9347771190465894,1
CNP0183383.4,CC(=O)N[C@@H](CC1=CC=CC=C1)C(=O)N[C@H](C(=O)O)C(C)C,1,0.4302012987012988,0.5697987012987012,0.9875303506851196,0.9070725998904652,1
CNP0180387.2,C[C@H](CSC[C@H](N)C(=O)O)C(=O)O,0,0.7311160103281505,0.2688839896718494,0.9899387359619141,0.9161782188186525,1
CNP0280737.10,CC[C@@H](O)C[C@H]1CC[C@H]([C@@H](C)C(=O)O[C@@H](C)C[C@@H]2CC[C@H]([C@@H](C)C(=O)O)O2)O1,0,0.5859178839864072,0.4140821160135929,0.9999418258666992,0.9938308660232688,1
CNP0348395.8,CC[C@@H](O)C[C@@H]1CC[C@@H]([C@@H](C)C(=O)O[C@@H](CC)C[C@@H]2CC[C@@H]([C@@H](C)C(=O)O)O2)O1,0,0.566216012328653,0.4337839876713469,0.9999775886535645,0.9962439744757218,1
CNP0370391.1,CC(=O)N[C@H](CC1=CC=CC=C1)C(=O)OCC(=O)C1=CC=C2OCCOC2=C1,1,0.4202258107389686,0.5797741892610314,0.9945753812789917,0.9379576363299317,1
CNP0131337.2,COC(=O)[C@H](CC1=CC=C(O)C=C1)NC(=O)C1=CC=C(OCC(C)C)C=C1,0,0.5245606909430439,0.475439309056956,0.9910455346107483,0.9207687065039949,1
CNP0210425.1,C[C@@H]1CC[C@@]2(O)[C@@H](C)CC[C@@H](C(C)(C)O)C[C@@]12O,0,0.6448463691537221,0.355153630846278,0.9990142583847046,0.9735811851757767,1
CNP0304820.4,CC(C)[C@@H](NC(=O)OC(C)(C)C)C(=O)NC[C@H]1CC[C@H](C(=O)N[C@H](C(=O)O)[C@H](C)O)CC1,0,0.5199283098738207,0.4800716901261793,0.9887162446975708,0.9114214629691636,1
CNP0167620.4,CC(C)C[C@H](N)[C@@H](O)C(=O)O,0,0.6449686441009971,0.355031355899003,0.9898244738578796,0.9157203424774147,1
CNP0046497.1,COC(=O)[C@@H](CC1=CC=CN=C1)NC(=O)[C@H]1CN(C(=O)NC2=CC=CC=C2)CCN1S(C)(=O)=O,0,0.5810646991896992,0.4189353008103008,0.9907993674278259,0.9197218462546475,1
CNP0012668.1,CCCS(=O)(=O)N[C@H]1C[C@@H](C2=NC(C3=CC=C4OCOC4=C3)=NO2)N(C)C1,0,0.6529743847074633,0.3470256152925367,0.9990851879119873,0.9745654441562415,1
CNP0318173.5,CC[C@@H](C)[C@H](NC(=O)OC(C)(C)C)C(=O)NC[C@H]1CC[C@H](C(=O)N[C@H](C(=O)O)C(C)C)CC1,0,0.5430805465260573,0.4569194534739427,0.997913658618927,0.9614172886613278,1
CNP0462978.0,COC1=CC=C(Br)C(C)=C1C(=O)O,0,0.7145479242979244,0.2854520757020757,0.985831618309021,0.9012288032757675,1
CNP0370391.2,CC(=O)N[C@@H](CC1=CC=CC=C1)C(=O)OCC(=O)C1=CC=C2OCCOC2=C1,1,0.4202258107389686,0.5797741892610314,0.9945753812789917,0.9379576363299317,1
CNP0353648.7,C[C@@H](O)C[C@H]1CC[C@H]([C@@H](C)C(=O)O)O1,0,0.6182329761741526,0.3817670238258474,0.9892765283584595,0.9135642199349131,1
CNP0328925.1,CCC[C@@H]1CCS1,0,0.784402932035285,0.215597067964715,0.993244469165802,0.9309158324462273,1
CNP0112149.2,C[C@@H](O)C1=CC=C(O)C=C1,0,0.7604055127878658,0.2395944872121342,0.9866949319839478,0.9041464889690624,1
CNP0243625.2,CC(C)CC[C@H](C(=O)O)[C@@H](C)CC(=O)NC1=CC=C(C(=O)O)C=C1,0,0.7034546303369834,0.2965453696630166,0.9878755211830139,0.9083137579307135,1
CNP0180062.1,CC(=O)N[C@@H](CC1=CC=CC=C1)C(=O)O[C@@H](CC(=O)O)[C@@H]1CCCN1C(=O)[C@@H](N)C(C)C,1,0.4291200466200466,0.5708799533799533,0.9924261569976807,0.9269548280863538,1
CNP0015564.1,CCCS(=O)(=O)N[C@H]1C[C@@H](C2=NC(C3=CC=CC=C3)=NO2)N(C)C1,0,0.6842398092103973,0.3157601907896025,0.9907745718955994,0.9196170638277414,1
CNP0389017.4,CC[C@H](C)[C@H](NC(=O)[C@H]1CC[C@H](CNC(=O)[C@@H](NC(=O)OC(C)(C)C)[C@@H](C)CC)CC1)C(=O)O,0,0.5449138798593905,0.4550861201406094,0.9984444975852966,0.966718569749667,1
CNP0324956.1,CC[C@H](C)[C@H](C)C(C)C,0,0.7828368853368853,0.2171631146631147,0.9892728328704834,0.9135493936978275,1
CNP0146104.1,COC1=C(O)C=C2C(=C1C(=O)O)C(=O)C=C1[C@@]2(C)CC[C@@]2(C)[C@@H]3C[C@@H](C)C(=O)[C@@H](O)[C@]3(C)CC[C@]12C,0,0.5921029526029526,0.4078970473970474,0.9995604157447815,0.9825024007074775,1
CNP0123957.2,N[C@@H](C/C=C/Cl)C(=O)O,0,0.7253604744928275,0.2746395255071724,0.9993857145309448,0.9792367680966827,1
CNP0147412.4,CCCC[C@](O)(CC)C[C@H](CC)[C@H](O)CC(=O)OCC,0,0.5678841114838558,0.4321158885161441,0.9969415068626404,0.9532808697843876,1
CNP0446684.1,CN1C[C@@H](NS(C)(=O)=O)C[C@H]1C1=NC(C2=CC=C(Cl)C=C2)=NO1,0,0.658016148428255,0.3419838515717448,0.9972590208053589,0.9557676729448076,1
CNP0241508.2,CC(=O)C[C@@H](C)[C@@H]1CC=C(C(=O)O)CC1,0,0.6599701426024955,0.3400298573975045,0.9886916875839233,0.91132844078419,1
CNP0415032.2,COC1=CC(CCC2=CC=CC=C2)=C(C(=O)O)C2=C1C[C@@H](C(C)(C)O)O2,0,0.5059222582972585,0.4940777417027416,0.9933239817619324,0.9313143669063767,1
CNP0287040.2,C[C@H](C[C@H](O)[C@H](O)C(C)(C)O)[C@H]1[C@H](O)C[C@@]2(C)[C@@H]3CC[C@H]4C(C)(C)C(=O)CC[C@@]45C[C@@]35CC[C@]12C,0,0.6788150536122322,0.3211849463877679,0.9981903433799744,0.9640800779627975,1
CNP0391959.1,O=C(O)CC1(CC(=O)N[C@H]2CO[C@H]3[C@@H]2OC[C@@H]3N2N=NN=C2C2=CC=C3OCOC3=C2)CCCC1,0,0.6202266263148616,0.3797733736851385,0.9889053106307983,0.9121376521683812,1
CNP0043148.1,NC1=NC=NC=C1C1=NOC([C@@H]2CCCN2CC2=CC=C(C(=O)O)C=C2)=N1,0,0.6537327688651218,0.3462672311348782,0.9972658157348633,0.9558221861294991,1
CNP0136156.1,CCC(=O)[C@H](C)C[C@@H](C)[C@H](CC)OC(C)=O,0,0.6479030985354514,0.3520969014645485,0.9988396763801575,0.9713026355720669,1
CNP0312847.1,NC1=NC=NC2=C1C=CN2[C@H]1O[C@H](COS(N)(=O)=O)[C@@H](O)[C@@H]1O,0,0.544585179526356,0.455414820473644,0.9985095858573914,0.967429575525712,1
CNP0291639.4,CC(C)CC(=O)C[C@H](C)[C@@H]1CC=C(C(=O)O)CC1,0,0.6952201426024955,0.3047798573975044,0.9930400848388672,0.9299035211948286,1
CNP0280737.11,CC[C@H](O)C[C@@H]1CC[C@@H]([C@@H](C)C(=O)O[C@@H](C)C[C@@H]2CC[C@@H]([C@@H](C)C(=O)O)O2)O1,0,0.5859178839864072,0.4140821160135929,0.9999418258666992,0.9938308660232688,1
CNP0243625.3,CC(C)CC[C@@H](C(=O)O)[C@@H](C)CC(=O)NC1=CC=C(C(=O)O)C=C1,0,0.7034546303369834,0.2965453696630166,0.9878755211830139,0.9083137579307135,1
CNP0155483.1,CC[C@@H](C(=O)O)[C@H](O)C(=O)O,0,0.6465936334906924,0.3534063665093077,0.9967095851898193,0.9515494876517687,1
CNP0553031.3,CC[C@H](C)[C@H](NC(=O)[C@H](CC1=CC=CC=C1)NC(=O)N1C2=CC=CC=C2NC(=O)[C@@H]1C(C)C)C(=O)O,1,0.4386114718614719,0.561388528138528,0.9958667755126953,0.9457438907685352,1
CNP0139226.6,CC[C@H](C)[C@H](NC(=O)OC(C)(C)C)C(=O)NC[C@H]1CC[C@@H](C(=O)N[C@H](C)C(=O)O)CC1,0,0.5390805465260573,0.4609194534739427,0.9980619549751282,0.9628204714334323,1
CNP0417190.1,C=C1C=C(C(=O)OCC)OC2=C(CO)C3=C(C[C@@H](C(C)(C)O)O3)C(OC)=C12,0,0.6289241412182587,0.3710758587817411,0.9920661449432373,0.9252859433564404,1
CNP0226238.9,CC[C@H](C)[C@H](C[C@@H](O)CC(=O)O)O[C@@H]1O[C@@H](CO)[C@H](O)[C@H]1O,0,0.6894884510913922,0.3105115489086077,0.9993314743041992,0.978320420034319,1
CNP0243356.12,CC(C)(O)[C@@H]1CC[C@](C)([C@H]2[C@@H](O)C[C@@]3(C)[C@H]4C[C@H](O)[C@@H]5C(C)(C)[C@@H](O)CC[C@@]56C[C@@]46CC[C@]23C)O1,0,0.6638484504058034,0.3361515495941966,0.999362051486969,0.9788324311483627,1
CNP0243625.4,CC(C)CC[C@@H](C(=O)O)[C@H](C)CC(=O)NC1=CC=C(C(=O)O)C=C1,0,0.7034546303369834,0.2965453696630166,0.9878755211830139,0.9083137579307135,1
CNP0290048.3,CC[C@@H](C)[C@H](O)C(=O)O,0,0.6783113569437101,0.3216886430562901,0.9999114274978638,0.9923325199822095,1
CNP0278783.1,COC(=O)C[C@H](C)CCC[C@H](C)CCCC(C)C,0,0.5770740925740926,0.4229259074259074,0.9997660517692566,0.9873449031182453,1
CNP0544479.1,O=C1NC=CC=CN1[C@@H]1O[C@H](CO)[C@@H](O)[C@H]1O,0,0.7261774569298036,0.2738225430701963,0.9956045150756836,0.9440674741529058,1
CNP0555221.0,NS(=O)(=O)C1=CC=C(CNC(=O)C2=C(C3=CC(Cl)=C(O)C=C3O)NN=C2)C=C1,0,0.6961844283167814,0.3038155716832187,0.9974192380905151,0.9570782834424015,1
CNP0530292.1,CCC(CC)COC(=O)[C@@H]1C[C@H]2C[C@@H](OC3=CC=CC(Cl)=C3C3=NN=NN3)CC[C@H]2CN1,0,0.5251049677888153,0.4748950322111847,0.9999771118164062,0.9961945612183386,1
CNP0489051.0,CCC(CC)C(=O)NC1=CC(C(=O)O)=CC=C1NC(C)=O,0,0.6437839105339106,0.3562160894660894,0.9990234375,0.9737070103487215,1
CNP0271750.2,C[C@@H](N)[C@@H](N)C(=O)O,0,0.7613636657460187,0.2386363342539812,0.9878764152526855,0.9083171622386109,1
CNP0129960.2,CS(=N)(=O)CC[C@H](N)C(=O)O,0,0.6588105848399965,0.3411894151600034,0.998852014541626,0.9714581901031706,1
CNP0577262.0,CCCC1=NC(C(C)(C)O)=C(C(=O)O)N1CC1=CC=C(C2=CC=CC=C2C2=NN=NN2)C=C1,0,0.6555043534369911,0.3444956465630089,0.998263418674469,0.9648176469894495,1
CNP0589434.0,CC1=CC(C(=O)NCCC2=CC=C(S(=O)(=O)NC(=O)NN3CCCCCC3)C=C2)=NO1,0,0.6205419034988,0.3794580965012,0.9969578981399536,0.9534058054968364,1
CNP0597130.1,CCCNC(=O)[C@@H](O)CC(=O)N[C@H](C(=O)N1CCC[C@H]1C(=O)O)[C@@H](C)CC,1,0.4141689549013078,0.5858310450986921,0.9940968751907349,0.9353287021232548,1
CNP0369812.2,C[C@@H](NC(N)=O)C(=O)O,0,0.6998109961933493,0.3001890038066508,0.9892224073410034,0.9133543977525838,1
CNP0491179.0,CS(=O)(=O)NC1=CC=C(C(=O)O)C=C1,0,0.7340633410706942,0.2659366589293059,0.9990760087966919,0.974436034082728,1
CNP0604677.0,O=C(O)C1=CC(Br)=CC=C1NS(=O)(=O)C1=CC=C(Cl)C=C1,0,0.6901764069264069,0.3098235930735931,0.9991638660430908,0.9757022642406077,1
CNP0504903.0,O=S(=O)(NC1=NC2=CC(Cl)=CC=C2O1)C1=CC(Cl)=CC=C1Cl,0,0.6438077158135982,0.3561922841864019,0.9997574687004089,0.9871075477394053,1
CNP0501045.1,C[C@@H](C(=O)N1CCOCC1)N1CC[C@H](NS(=O)(=O)C2=NNC(C3=CC=C(Cl)S3)=N2)C1=O,0,0.542200160950161,0.457799839049839,0.9988868832588196,0.9719017024369485,1
CNP0595956.1,COC1=CC2=C(C=C1OS(N)(=O)=O)CC[C@@H]1[C@@H]2CC[C@]2(C)[C@@H](CC#N)CC[C@@H]12,0,0.5992024713848242,0.4007975286151757,0.9975513815879822,0.9581928047257157,1
CNP0482143.0,CCCCS(=O)(=O)CCC(=O)O,0,0.6010292709654412,0.3989707290345587,0.995037853717804,0.9406190564024719,1
CNP0571906.0,O=C(O)C1=C(NS(=O)(=O)C2=CC=CC=C2)C=CC2=C1CCCC2,0,0.7046936119436118,0.295306388056388,0.9977859258651733,0.9602495459277829,1
CNP0532862.0,NC(=O)C1=C(S(=O)(=O)N2CCCC2)C2=CC(Br)=CC=C2N1,0,0.5710692640692642,0.4289307359307359,0.9944387674331665,0.9371946391583141,1
CNP0584030.1,O=C(N[C@@H](CC1=CC=CC=C1)[C@@H](O)C(=O)O)OCC1=CC=CC=C1,1,0.4763780663780664,0.5236219336219335,0.9906145334243774,0.9189454396151919,1
CNP0581654.0,NS(=O)(=O)C1=CC(C2=NNN=N2)=C(NCC2=CC=CS2)C=C1Cl,0,0.7032334319478281,0.296766568052172,0.9869468212127686,0.9050177542371854,1
CNP0573807.0,O=C(NS(=O)(=O)C1=CC=C(Br)S1)C1=CC=C(Cl)C=C1Cl,0,0.696641138273491,0.3033588617265088,0.9883352518081665,0.9099973976525886,1
CNP0573812.1,CC(O)C1=CC(C(=O)N[C@@H](C)CN2C=CC(C3=CC=C(C#N)C(Cl)=C3)=N2)=NN1,0,0.5869505772005771,0.4130494227994228,0.9996964931488037,0.9855297500376291,1
CNP0561362.0,CS(=O)(=O)N1CCC2=C(C3=CNC(=N)N=C3)N=C(N3CCOCC3)N=C21,0,0.5302834387834386,0.4697165612165614,0.9993298053741455,0.9782927715591035,1
CNP0503331.1,NS(=O)(=O)N[C@@H](CC1=CC=CC=C1)C(=O)O,0,0.5049877344877345,0.4950122655122655,0.9881460666656494,0.909300252996901,1
CNP0548411.1,NC1=NC=NC2=C1N=C(NCC1=CC=C(Cl)C(Cl)=C1)N2[C@@H]1O[C@H](CO)[C@@H](O)[C@H]1O,0,0.6847833860925516,0.3152166139074483,0.9999183416366577,0.9926463791404111,1
CNP0557709.0,ClC1=CC=C2C(=C1)C(C1=CC=CC=C1)=NCC1=NN=CN21,0,0.5813482746721877,0.4186517253278123,0.9981206059455872,0.9633904221651642,1
CNP0594921.1,O=C(O)C1=CC=C(NC(=O)[C@H](CC2=CC=C(O)C=C2)NC(=O)C2=CC=CC=C2)C=C1,0,0.5747783882783881,0.4252216117216117,0.9999819993972778,0.996642006774578,1
CNP0570888.0,CN(C)CC1=NN=C2CN=C(C3=CC=CC=C3)C3=CC(Cl)=CC=C3N21,0,0.569490587619288,0.4305094123807121,0.9996447563171387,0.9843140149820623,1
CNP0043075.1,OC[C@H]1O[C@@H](N2C=NC3=C2N=CN[C@H]3O)[C@H](O)[C@@H]1O,0,0.5277719854329969,0.472228014567003,0.9862500429153442,0.9026298871282492,1
CNP0532334.1,N[C@@H](CC(=O)OCC(=O)O)C(=O)O,0,0.6689102580426112,0.331089741957389,0.9973811507225037,0.9567635304857274,1
CNP0524064.1,COC(=O)[C@@H]1C[C@H](C(=O)O)O[C@H]1[C@H](CC(C)C)NC(C)=O,0,0.5933521942110177,0.4066478057889822,0.9973623156547546,0.9566078379365138,1
CNP0271750.3,C[C@@H](N)[C@H](N)C(=O)O,0,0.7613636657460187,0.2386363342539812,0.9878764152526855,0.9083171622386109,1
CNP0556087.1,C[C@H](NC(=O)OCC1=CC=CC=C1)C(=O)N1CCC[C@H]1C(=O)O,0,0.5479325396825396,0.4520674603174603,0.9893110990524292,0.9136980325924668,1
CNP0588038.1,CC[C@@H](C(=O)O)[C@H](NS(=O)(=O)C1=CC=C(C)C=C1)C(=O)O,0,0.5382574647574646,0.4617425352425354,0.9993587136268616,0.9787748988807677,1
CNP0596618.1,C[C@@H](C(=O)N1CCOCC1)N1CC[C@H](NS(=O)(=O)C2=CC3=CC(Cl)=CC=C3N2)C1=O,0,0.6439890583272934,0.3560109416727063,0.9979814291000366,0.9620526247984533,1
CNP0573852.1,C[C@@H](NC(=O)[C@H](CC1=CC=CC=C1)NC(=O)OCC1=CC=CC=C1)C(=O)CCO,1,0.416572816072816,0.583427183927184,0.9994196891784668,0.9798305819611429,1
CNP0522378.1,C[C@@H](C[C@H](C[C@@H](CCC(=O)O)C(=O)O)C(=O)O)C(=O)O,0,0.7471602025425556,0.2528397974574445,0.9918084740638733,0.9241167652167075,1
CNP0603946.1,CC1=CC=C(N2N=CC=N2)C(C(=O)N2CCN(C3=NC4=CC(Cl)=CC=C4O3)CC[C@H]2C)=C1,1,0.4289175961293607,0.5710824038706391,0.9999603033065796,0.9949418976223579,1
CNP0517048.1,COC[C@@H]1[C@@H](C2=CC=C(Cl)C(Cl)=C2)C[C@@H]2CC[C@H]1N2C,0,0.6000410532619834,0.3999589467380164,0.9977195858955383,0.959657194633296,1
CNP0474458.1,CC1=C(N[C@@H](C2=NN=C(C3=CC=C(C#N)C=C3)O2)[C@H](C)O)C=CC(C#N)=C1Cl,0,0.6807904373404373,0.3192095626595626,0.9954444169998169,0.9430704094170734,1
CNP0547838.1,N#C[C@H]1[C@H](O)[C@@H](CO)O[C@H]1N1C=CC(N)=NC1=O,0,0.5349813527975292,0.4650186472024707,0.9971044659614563,0.954538721909011,1
CNP0341788.1,C[C@@H]1CCC[C@H](C)N1NC(=O)C1=CC=C(Cl)C(S(N)(=O)=O)=C1,0,0.5695649366972895,0.4304350633027105,0.999937891960144,0.9936187266396165,1
CNP0507919.0,CN1CCN(C2=NC(C3=C(C4=CNC5=CC=CC=C45)C(O)=NC3=O)=C3C=CC=CC3=N2)CC1,0,0.6686322463768115,0.3313677536231884,0.9964786171913147,0.9498872947516289,1
CNP0505267.1,O=C([C@H](O)CS(=O)(=O)C1=CC=C2C=C(Cl)C=CC2=C1)N1CCC(N2CCCN=C2O)CC1,0,0.5285777414075286,0.4714222585924715,0.9874684810638428,0.906852310182163,1
CNP0347936.7,C[C@@H](O)C[C@H]1CC[C@@H]([C@@H](C)C(=O)O[C@@H](C)C[C@@H]2CC[C@@H]([C@@H](C)C(=O)O)O2)O1,0,0.589716424098777,0.410283575901223,0.9990328550338745,0.9738353393148302,1
CNP0309604.1,COC1=CC([C@@H](C)O)=CC(OC)=C1Cl,0,0.6752045454545454,0.3247954545454544,0.9979206919670105,0.961482853171633,1
CNP0389108.3,CC[C@@H](C)[C@H](NC(=O)OC(C)(C)C)C(=O)NC[C@H]1CC[C@H](C(=O)N2CCC[C@H]2C(=O)O)CC1,1,0.4851276660731768,0.5148723339268231,0.999829888343811,0.9892615833120063,1
CNP0165372.0,COC1=CC2=C(C=C1O)OC1=C(C3=CC=C(O)C=C3)C=C(C(=O)O)C=C12,0,0.6422103174603175,0.3577896825396824,0.9893185496330261,0.9137272350185477,1
CNP0187333.1,CCC[C@H](C)C[C@H](C)C[C@@H](C)C(=O)O,0,0.7088006017171539,0.2911993982828463,0.9999809265136719,0.9965453768769187,1
CNP0381754.5,CC[C@H](C)[C@H](NS(=O)(=O)C1=CC=C(C)C=C1)C(=O)N1CCC(C(=O)N[C@H](C(=O)O)[C@@H](C)O)CC1,0,0.5527617105117104,0.4472382894882895,0.9888802766799927,0.9120423192974519,1
CNP0107007.4,COC1=CC([C@@H](O)[C@@H](C)O)=CC=C1O[C@H](C)CC1=CC(OC)=C(OC)C(OC)=C1,0,0.5494034037857566,0.4505965962142433,0.999479353427887,0.9809198707066145,1
CNP0392807.6,C[C@H](CC[C@@]1(C)[C@H](C)CC[C@]2(C)C(C(=O)O)=CCC[C@H]12)CC(=O)O,0,0.6234541569541568,0.376545843045843,0.9981411695480347,0.9635922703415473,1
CNP0357116.1,CC[C@H](C)CCC[C@@H](C)C(=O)O,0,0.7081288172611703,0.2918711827388298,0.9998716115951538,0.9907123181952028,1
CNP0369322.2,CC[C@@H](C)[C@H](NC(N)=O)C(=O)O,0,0.6042041585865114,0.3957958414134884,0.999526858329773,0.9818309725477014,1
CNP0012700.1,CN1C[C@@H](NS(=O)(=O)CC2=CC=CC=C2)C[C@H]1C1=NC(C2=CC=C3OCOC3=C2)=NO1,0,0.6675756163377647,0.3324243836622353,0.9975253939628601,0.957971152870832,1
CNP0302802.1,CC[C@H](C)CC(=O)OC,0,0.6514717227217227,0.3485282772782772,0.9982362985610962,0.9645434160081671,1
CNP0329412.1,CCCC[C@H](C)CCC[C@@H](C)C(=O)O,0,0.5987307401920406,0.4012692598079595,0.9999269247055054,0.9930614634336171,1
CNP0370725.1,C=C1C=C(C(=O)OCC)OC2=CC3=C(C[C@@H](C(C)(C)O)O3)C(OC3CCCCC3)=C12,0,0.6145180717749682,0.3854819282250317,0.9998441934585571,0.9897371929586173,1
CNP0231987.1,C[C@@](O)(CO)[C@H]1CC[C@H](CO)CC1,0,0.7384691107396218,0.2615308892603785,0.9982603192329407,0.9647868494027515,1
CNP0219768.3,CCO[C@@H]1[C@H]2OC3(CCCCC3)O[C@H]2O[C@@H]1[C@H]1COC2(CCCCC2)O1,0,0.5516024177347706,0.4483975822652294,0.9948792457580566,0.9396922558342742,1
CNP0371104.1,CC(C)(O)[C@@H]1CC2=C(C=C3OC(C4(O)CCCCC4)=CC(=O)C3=C2OC2CCCC2)O1,0,0.653328151260504,0.3466718487394958,0.9992721676826477,0.9773607249960179,1
CNP0558240.2,CC1=CC=C(S(=O)(=O)N[C@H](C(=O)NC[C@H]2CC[C@@H](C(=O)O)CC2)C(C)C)C=C1,1,0.4419008079639658,0.5580991920360343,0.9915981292724609,0.9231772959564319,1
CNP0235658.7,NC1=NC=NC2=C1C=CN2[C@H]1O[C@@H](CO)[C@@H](O)[C@H]1O,0,0.5860038135409202,0.4139961864590797,0.9879165887832642,0.9084627270693414,1
CNP0348395.9,CC[C@H](O)C[C@@H]1CC[C@H]([C@@H](C)C(=O)O[C@@H](CC)C[C@@H]2CC[C@H]([C@@H](C)C(=O)O)O2)O1,0,0.566216012328653,0.4337839876713469,0.9999775886535645,0.9962439744757218,1
CNP0177645.3,CC1=CC(=O)O[C@H]1C[C@]1(C)[C@@H](C)CC[C@@]2(C)C(C(=O)O)=CCC[C@@H]12,0,0.5928915251415251,0.4071084748584749,0.9977450370788574,0.9598826829070057,1
CNP0353648.8,C[C@H](O)C[C@H]1CC[C@@H]([C@@H](C)C(=O)O)O1,0,0.6182329761741526,0.3817670238258474,0.9892765283584595,0.9135642199349131,1
CNP0389791.3,CC(C)C[C@H](O)C[C@@H](C)[C@H]1CC[C@H](C(=O)O)CC1,0,0.6309666281430988,0.3690333718569013,0.9897806644439697,0.9155458552881874,1
CNP0389017.5,CC[C@@H](C)[C@H](NC(=O)[C@H]1CC[C@H](CNC(=O)[C@@H](NC(=O)OC(C)(C)C)[C@H](C)CC)CC1)C(=O)O,0,0.5449138798593905,0.4550861201406094,0.9984444975852966,0.966718569749667,1
CNP0290063.1,CC[C@@H](C)[C@@H](NC(=O)OC(C)(C)C)C(=O)O,0,0.6184085097908627,0.3815914902091372,0.9976323843002319,0.9588906794244703,1
CNP0201888.2,CC1=CC=C(S(=O)(=O)NC2(C(=O)N[C@@H](C)C(=O)OC(C)(C)C)CCCCC2)C=C1,0,0.6092799700299701,0.3907200299700299,0.9991635084152222,0.9756967905954436,1
CNP0318173.6,CC[C@H](C)[C@H](NC(=O)OC(C)(C)C)C(=O)NC[C@H]1CC[C@H](C(=O)N[C@@H](C(=O)O)C(C)C)CC1,0,0.5430805465260573,0.4569194534739427,0.997913658618927,0.9614172886613278,1
CNP0277815.4,COC(=O)[C@H](CC1=CC=C(O)C=C1)NC(=O)[C@H](CCSC)NC(=O)OCC1=CC=CC=C1,1,0.4611903648951522,0.538809635104848,0.9984776377677917,0.9670782012623091,1
CNP0294588.1,C[C@H]1CC(=O)C2=C1C[C@H](C(C)(C)O)CC[C@@H]2C,0,0.7324912464985995,0.2675087535014004,0.9977307915687561,0.9597564509777882,1
CNP0054896.1,CCCOC1=C2C[C@@H](C(C)(C)O)OC2=CC2=C1C(=O)C=C(C1(O)CCCC1)O2,0,0.6176733893557421,0.3823266106442577,0.9996161460876465,0.9836787553591939,1
CNP0054695.1,N#CC1=CC=CC=C1S(=O)(=O)N[C@H]1CO[C@H]2[C@@H]1OC[C@H]2OC(=O)NC1CCCCC1,0,0.5054410442498678,0.4945589557501322,0.9989180564880371,0.9723030128708625,1
CNP0215192.3,CC[C@H](C)[C@H](NC(=O)NC1CCCC1)C(=O)O,0,0.5654290725614254,0.4345709274385745,0.9987409710884094,0.9700913613399599,1
CNP0360942.3,COC(=O)[C@@H](CC1=CC=CC=C1)NC(=O)[C@H](N)CC(C)C,1,0.4158939393939395,0.5841060606060605,0.9940542578697205,0.9351004486097878,1
CNP0203298.8,NC1=NC(=O)N([C@@H]2O[C@H](CO)[C@H](O)[C@H]2O)C=C1,1,0.4317446462376352,0.5682553537623647,0.9997780919075012,0.9876815105723767,1
CNP0203298.9,NC1=NC(=O)N([C@@H]2O[C@@H](CO)[C@H](O)[C@H]2O)C=C1,1,0.4317446462376352,0.5682553537623647,0.9997780919075012,0.9876815105723767,1
CNP0158331.2,C/C=C\SC[C@H](N)C(=O)O,0,0.7541170370791771,0.2458829629208227,0.9987420439720154,0.9701042502502781,1
CNP0281616.1,OC[C@H]1O[C@@H](N2N=NC3=C(O)N=CN=C32)[C@H](O)[C@H]1O,0,0.6991357796140629,0.3008642203859372,0.9987636804580688,0.9703661748443343,1
CNP0207481.2,CC[C@](C)(O)[C@@H](O)C(=O)O,0,0.7189779681103211,0.2810220318896789,0.9936834573745728,0.9331485213638833,1
CNP0147674.3,CN[C@H](C(=O)O)[C@H](C)O,0,0.7072434509934511,0.292756549006549,0.987245500087738,0.9060628347711548,1
CNP0472493.4,C[C@@H](CCC(=O)O)[C@H]1CC[C@H]2[C@H]3C(=O)C[C@@H]4CCCC[C@]4(C)[C@@H]3CC(=O)[C@]12C,0,0.6074547788812494,0.3925452211187505,0.9981356859207153,0.9635388697988506,1
CNP0129960.3,C[S@](=N)(=O)CC[C@H](N)C(=O)O,0,0.6588105848399965,0.3411894151600034,0.998852014541626,0.9714581901031706,1
CNP0348746.4,CC(=O)C[C@H]1CC[C@H]([C@H](C)C(=O)OC[C@H](O)CO)O1,0,0.6584566328192735,0.3415433671807263,0.9988232254981995,0.9710975763044553,1
CNP0091772.1,C[C@@H]1CC[C@@H]2CC3=C(C(=O)O)CC[C@@]31[C@]2(C)C1CCCC1,0,0.6077684273555675,0.3922315726444325,0.9921051263809204,0.9254644901615436,1
CNP0160440.2,CC(C)(O)[C@@H]1CC2=C(C=C3OC4=C(C(=O)C3=C2O)C2=CC=C(O)C=C2O4)O1,0,0.5798519607843137,0.4201480392156863,0.9898019433021545,0.9156302171127753,1
CNP0093426.1,CCCOC1=C2C[C@@H](C(C)(C)O)OC2=CC2=C1/C(=C/CC(C)C)C=C(C(=O)OCC)O2,0,0.5674109002109002,0.4325890997890998,0.9997645020484924,0.9872992184736549,1
CNP0304820.5,CC(C)[C@@H](NC(=O)OC(C)(C)C)C(=O)NC[C@H]1CC[C@H](C(=O)N[C@H](C(=O)O)[C@@H](C)O)CC1,0,0.5199283098738207,0.4800716901261793,0.9887162446975708,0.9114214629691636,1
CNP0321471.1,C[C@H]1CCC[C@]2(CCCCCO2)O1,0,0.6630939354762886,0.3369060645237116,0.9976688027381897,0.9592089884105226,1
CNP0362524.1,CCOC(=O)C1=C/C(=C\CC(C)C)C2=C(OC)C3=C(O[C@H](C(C)(C)O)C3)C(CO)=C2O1,0,0.5943807026307026,0.4056192973692973,0.9992908239364624,0.9776578119739943,1
CNP0360942.4,COC(=O)[C@@H](CC1=CC=CC=C1)NC(=O)[C@@H](N)CC(C)C,1,0.4158939393939395,0.5841060606060605,0.9940542578697205,0.9351004486097878,1
CNP0369322.3,CC[C@H](C)[C@H](NC(N)=O)C(=O)O,0,0.6042041585865114,0.3957958414134884,0.999526858329773,0.9818309725477014,1
CNP0240484.1,CC(=O)NC1=CC=C(S(=O)(=O)N[C@H]2C[C@@H](C3=NC(C4=CC=C5OCOC5=C4)=NO3)N(C)C2)C=C1,0,0.6306450105733993,0.3693549894266006,0.9956809282302856,0.9445510858216222,1
CNP0145272.1,C[C@@H](O)[C@@H](O)[C@@H](O)C(=O)O,0,0.6891659745483278,0.3108340254516725,0.9990338087081909,0.9738487405045095,1
CNP0347936.8,C[C@@H](O)C[C@H]1CC[C@H]([C@@H](C)C(=O)O[C@@H](C)C[C@@H]2CC[C@H]([C@@H](C)C(=O)O)O2)O1,0,0.589716424098777,0.410283575901223,0.9990328550338745,0.9738353393148302,1
CNP0353648.9,C[C@H](O)C[C@H]1CC[C@H]([C@@H](C)C(=O)O)O1,0,0.6182329761741526,0.3817670238258474,0.9892765283584595,0.9135642199349131,1
CNP0464645.1,CCCS(=O)(=O)N[C@H]1C[C@@H](C2=NC(C)=NO2)N(C)C1,0,0.6356144928942468,0.3643855071057533,0.9983320832252502,0.9655264544529415,1
CNP0353648.10,C[C@@H](O)C[C@@H]1CC[C@H]([C@@H](C)C(=O)O)O1,0,0.6182329761741526,0.3817670238258474,0.9892765283584595,0.9135642199349131,1
CNP0087611.1,CCCS(=O)(=O)N[C@H]1C[C@@H](C2=NC(C3=CC=C(C)C=C3)=NO2)N(C)C1,0,0.6722729178026715,0.3277270821973284,0.9898098707199097,0.9156622996396071,1
CNP0271750.4,C[C@H](N)[C@@H](N)C(=O)O,0,0.7613636657460187,0.2386363342539812,0.9878764152526855,0.9083171622386109,1
CNP0235658.8,NC1=NC=NC2=C1C=CN2[C@H]1O[C@@H](CO)[C@@H](O)[C@@H]1O,0,0.5860038135409202,0.4139961864590797,0.9879165887832642,0.9084627270693414,1
CNP0308620.5,COC[C@H]1CC2=CC3=C(OCO3)C(OC)=C2[C@H](C2=CC=C(OC)C(OC)=C2)[C@@H]1COC,0,0.5733320707070707,0.4266679292929292,0.9865597486495972,0.9036828623698718,1
CNP0337843.5,CC[C@H](C)[C@@H](N)C(=O)O,0,0.6770916599740129,0.322908340025987,0.9959372282028198,0.9462039425133485,1
CNP0243356.13,CC(C)(O)[C@H]1CC[C@](C)([C@H]2[C@H](O)C[C@@]3(C)[C@@H]4C[C@H](O)[C@@H]5C(C)(C)[C@H](O)CC[C@]56C[C@]46CC[C@]23C)O1,0,0.6638484504058034,0.3361515495941966,0.999362051486969,0.9788324311483627,1
CNP0332829.3,CO[C@H](CC[C@@H](C)[C@H](OC(=O)C[C@H](O)[C@H](C)O)[C@H](C)C(=O)O)C1=CC(O)=CC=C1Br,0,0.619860835243188,0.3801391647568119,0.9858168959617615,0.9011799614608347,1
CNP0353648.11,C[C@H](O)C[C@@H]1CC[C@@H]([C@@H](C)C(=O)O)O1,0,0.6182329761741526,0.3817670238258474,0.9892765283584595,0.9135642199349131,1
CNP0280737.12,CC[C@@H](O)C[C@@H]1CC[C@@H]([C@@H](C)C(=O)O[C@@H](C)C[C@@H]2CC[C@@H]([C@@H](C)C(=O)O)O2)O1,0,0.5859178839864072,0.4140821160135929,0.9999418258666992,0.9938308660232688,1
CNP0189761.2,CC(C)CCC[C@H](C)CCC[C@@H](C)C(=O)O,0,0.6852603772216775,0.3147396227783225,0.9999006986618042,0.9918667809419435,1
CNP0316200.1,CC[C@H](C)[C@H](O)[C@@](C)(O)[C@H](O)[C@@H](C)C(=O)O,0,0.7177077412107838,0.2822922587892162,0.9999028444290161,0.9919597860319151,1
CNP0282416.3,CC[C@@H](C)C(=O)O[C@H]1CCC=C2C=C[C@H](C)[C@H](CC[C@@H](O)C[C@@H](O)CC(=O)O)[C@H]21,0,0.6232174214674214,0.3767825785325785,0.993279755115509,0.9310921082076852,1
CNP0286490.2,CC[C@@H](C[C@H](N)C(=O)O)C(=O)O,0,0.6769510228333759,0.3230489771666242,0.990041196346283,0.9165906795419752,1
CNP0304820.6,CC(C)[C@H](NC(=O)OC(C)(C)C)C(=O)NC[C@H]1CC[C@H](C(=O)N[C@H](C(=O)O)[C@@H](C)O)CC1,0,0.5199283098738207,0.4800716901261793,0.9887162446975708,0.9114214629691636,1
CNP0171778.2,CC[C@H](C)C[C@H](C)C[C@@H](C)C(=O)OC,0,0.6476738191859593,0.3523261808140406,0.9970882534980774,0.9544119702014677,1
CNP0346968.2,CC[C@H](C)C[C@H](C)C[C@H](C)C[C@@H](C)C(=O)O,0,0.7060836103751623,0.2939163896248376,0.9999927282333374,0.9979006125777155,1
CNP0328845.1,CC[C@@H](O)[C@@H](C)CC,0,0.7298854217677747,0.2701145782322253,0.9918360114097595,0.9242409990226085,1
CNP0350127.5,CC[C@@H](C)C(=O)O[C@@H]1CCC=C2C=C[C@@H](C)[C@@H](CC[C@H](O)C[C@H](O)CC(=O)OC)[C@@H]21,0,0.5986817071817072,0.4013182928182929,0.9928531050682068,0.9289906794331714,1
CNP0071059.2,CC1=CC=C(S(=O)(=O)N[C@H](CC2=CC=CC=C2)C(=O)O)C=C1,0,0.5023376623376624,0.4976623376623376,0.9910813570022583,0.9209221878033919,1
CNP0111029.1,COC1=CC2=C(C=C1OC)CN(C(=O)C1=C([C@H](C)O)ON=C1C1=CC=C(Cl)C=C1)CC2,0,0.600785803781328,0.3992141962186719,0.9999756813049316,0.9960714887862292,1
CNP0075303.1,C[C@H](O)C1=C(C(=O)N2CCCCCC2)C(C2=CC=C(Cl)C=C2)=NO1,0,0.6335126132037897,0.3664873867962103,0.9963685274124146,0.9491153032230853,1
CNP0005145.1,CS(=O)(=O)NC[C@H]1OC[C@@H](NCC2=CC=C(C(=O)O)C=C2)[C@@H]1O,0,0.5416372979961215,0.4583627020038784,0.9987603425979614,0.9703261820049258,1
CNP0147044.1,CC(C)[C@H](O)C(=O)N[C@@H](C(=O)O)C(C)C,0,0.609032412032412,0.390967587967588,0.9862892627716064,0.902762357548883,1
CNP0147044.2,CC(C)[C@@H](O)C(=O)N[C@@H](C(=O)O)C(C)C,0,0.609032412032412,0.390967587967588,0.9862892627716064,0.902762357548883,1
CNP0224762.1,COC[C@H]1CCCN1C(=O)C1=C([C@H](C)O)C(C2=CC=C(Cl)C=C2)=NO1,0,0.5927774300862536,0.4072225699137463,0.9999533891677856,0.9945020424353737,1
CNP0007975.1,COC[C@H]1CCCN1C(=O)C1=C([C@H](C)O)ON=C1C1=CC=C(OC)C=C1,0,0.5589404337492572,0.4410595662507428,0.9996193647384644,0.9837480027690791,1
CNP0007996.1,COC[C@H]1CCCN1C(=O)C1=C([C@H](C)O)ON=C1C1=CC=CC=C1,0,0.5185631443719678,0.481436855628032,0.9997758269309998,0.987618140150899,1
CNP0187566.1,COC1=CC=C(C2=NOC([C@H](C)O)=C2C(=O)N2CCN(C3=CC=CC=C3OC)CC2)C=C1,0,0.6248743331831567,0.3751256668168433,0.9972730278968811,0.9558796588869335,1
CNP0007957.1,COC1=CC=CC=C1N1CCN(C(=O)C2=C([C@H](C)O)ON=C2C2=CC=CC=C2)CC1,0,0.5822470438058674,0.4177529561941325,0.9993380904197693,0.97843089548836,1
CNP0216839.1,CC(=O)N[C@@H](C)C(=O)CCC(=O)O,0,0.6503637714322946,0.3496362285677053,0.988295316696167,0.909849730419272,1
CNP0350840.1,O=C(O)C1=CC=C(CN2CCC[C@H]2C2=NC(C3=CC=C(C4=CN=CN=C4)N=C3)=NO2)C=C1,0,0.5788310496166282,0.4211689503833715,0.995280921459198,0.9420715539541974,1
CNP0010518.1,CC(C)NC(=O)[C@H]1CC[C@@H]([C@H](C)N)O1,0,0.6622423177226057,0.3377576822773944,0.9886437654495239,0.9111486200760399,1
CNP0506157.2,CC(=O)N[C@H](COC(=O)[C@@H](CC1=CC=CC=C1)NC(=O)C1=CC=CC=C1)CC1=CC=CC=C1,0,0.5402712842712843,0.4597287157287157,0.996727705001831,0.9516820869223925,1
CNP0005691.1,CCCS(=O)(=O)N1CC2(CN(C(=O)C3=CC=C(Cl)C=C3)C[C@@H]3COCCN32)C1,0,0.5231616292204528,0.4768383707795472,0.9952448010444641,0.9418530391151801,1
CNP0156228.0,COC1=CC(C2=NN=C(NC(=O)C3=CC=CS3)O2)=CC(OC)=C1OC,0,0.5775373956960914,0.4224626043039085,0.9946513772010803,0.9383862915732811,1
CNP0502946.1,C[C@H](O)C1=NC(C(=O)O)=CC2=C3C=CCC=C3N=C12,0,0.7252287728611259,0.2747712271388741,0.9996888637542725,0.9853448272539067,1
CNP0009854.1,COC(=O)[C@@H](CC1=CC=C(O)C=C1)NC(=O)[C@@H](NC(=O)OCC1=CC=CC=C1)C(C)C,0,0.5511190476190476,0.4488809523809524,0.9998558759689331,0.9901396889771304,1
CNP0009893.1,CC(C)C[C@H](NS(=O)(=O)C1=C(C(C)C)C=C(C(C)C)C=C1C(C)C)C(=O)O,0,0.6285069113892643,0.3714930886107356,0.9961090683937073,0.9473431627436644,1
CNP0009893.2,CC(C)C[C@@H](NS(=O)(=O)C1=C(C(C)C)C=C(C(C)C)C=C1C(C)C)C(=O)O,0,0.6285069113892643,0.3714930886107356,0.9961090683937073,0.9473431627436644,1
CNP0205419.2,CCCC[C@@H](C)[C@H](C)CCC(C)C,0,0.6804163352986883,0.3195836647013117,0.9967523813247681,0.9518636165511415,1
CNP0334249.2,C[C@@H](C(=O)O)[C@H]1CC[C@H]2[C@@H]3C=CC4=CC(=O)CC[C@]4(C)[C@H]3CC(=O)[C@]12C,0,0.5135212578583981,0.4864787421416019,0.9992934465408325,0.9776996617778374,1
CNP0203298.10,NC1=NC(=O)N([C@@H]2O[C@H](CO)[C@H](O)[C@@H]2O)C=C1,1,0.4317446462376352,0.5682553537623647,0.9997780919075012,0.9876815105723767,1
CNP0346181.1,CCOC(=O)[C@@H](CC1=CNC2=CC=CC=C12)NS(=O)(=O)C[C@@]12CC[C@@H](CC1=O)C2(C)C,0,0.5037878787878788,0.4962121212121212,0.9906065464019775,0.9189122179119305,1
CNP0285417.2,COC(=O)[C@@H](CC1=CC=CC=C1)NC(=O)[C@H](N)CC(=O)O,1,0.4034238816738816,0.5965761183261183,0.9876871705055237,0.9076340978543747,1
CNP0346181.2,CCOC(=O)[C@H](CC1=CNC2=CC=CC=C12)NS(=O)(=O)C[C@@]12CC[C@@H](CC1=O)C2(C)C,0,0.5037878787878788,0.4962121212121212,0.9906065464019775,0.9189122179119305,1
CNP0480912.1,O=C(O)C1=CC2=C3C=CCC=C3N=C2C([C@@H](O)CO)=N1,0,0.7196623392946923,0.2803376607053077,0.9879767298698425,0.9086813032687951,1
CNP0285417.3,COC(=O)[C@@H](CC1=CC=CC=C1)NC(=O)[C@@H](N)CC(=O)O,1,0.4034238816738816,0.5965761183261183,0.9876871705055237,0.9076340978543747,1
CNP0285417.4,COC(=O)[C@H](CC1=CC=CC=C1)NC(=O)[C@H](N)CC(=O)O,1,0.4034238816738816,0.5965761183261183,0.9876871705055237,0.9076340978543747,1
CNP0087185.1,C[C@H](CCC[C@](C)(O)[C@@H]1CC[C@](C)(O)[C@@H]1C)C(=O)O,0,0.6499396400081631,0.3500603599918369,0.9956306219100952,0.9442324236890582,1
CNP0007833.1,COCC1=CN(C[C@H]2C[C@@H](NS(=O)(=O)CC(C)C)[C@H](O)[C@@H]2O)N=N1,0,0.5306530899181378,0.4693469100818622,0.9940150380134583,0.9348906738166198,1
CNP0214777.2,COC1=CC2=C(C=C1OC)[C@]1(O)C(=O)C3=CC=C4O[C@@H](C(C)(C)O)CC4=C3O[C@H]1CO2,0,0.609456620674012,0.3905433793259879,0.9990358352661133,0.9738769674748385,1
CNP0075778.1,COC1=CC2=C(C[C@H](C(C)(C)O)O2)C(O)=C1C/C=C/C1=CC=C(O)C=C1,0,0.6096993356316885,0.3903006643683115,0.9995104074478149,0.981511671802662,1
CNP0192527.1,COC[C@H]1CCCN1C(=O)C1=C([C@H](C)O)ON=C1C1=CC=C(Cl)C=C1,0,0.5042746289658053,0.4957253710341945,0.9999983310699463,0.999023457376662,1
CNP0008025.1,COC1=CC=C(C2=NOC([C@H](C)O)=C2C(=O)NC2CCCCC2)C=C1OC,0,0.5351093498005262,0.4648906501994738,0.9960927367210388,0.9472335275617328,1
CNP0305967.2,CC(C)C[C@](O)(C(=O)OC[C@@H]1CCN2CCC[C@@H]12)[C@H](C)O,0,0.6590400432900432,0.3409599567099567,0.9944041967391968,0.9370033900126675,1
CNP0214777.3,COC1=CC2=C(C=C1OC)[C@]1(O)C(=O)C3=CC=C4O[C@H](C(C)(C)O)CC4=C3O[C@H]1CO2,0,0.609456620674012,0.3905433793259879,0.9990358352661133,0.9738769674748385,1
CNP0348854.1,CC(C)(O)C[C@H](CO)NC(=O)C[C@@H](O)CC(=O)CC1=CC=CC=C1,0,0.612167193917194,0.387832806082806,0.9927858114242554,0.9286653968656741,1
CNP0201491.1,COC1=CC=C(C2=NOC([C@H](C)O)=C2C(=O)NC2CCCC2)C=C1OC,0,0.6022911679823444,0.3977088320176555,0.9922852516174316,0.926296538387989,1
CNP0280737.13,CC[C@H](O)C[C@@H]1CC[C@H]([C@H](C)C(=O)O[C@H](C)C[C@@H]2CC[C@@H]([C@H](C)C(=O)O)O2)O1,0,0.5859178839864072,0.4140821160135929,0.9999418258666992,0.9938308660232688,1
CNP0050726.1,CCN(CC)C(=O)C1=C([C@H](C)O)ON=C1C1=CC=C(OC)C(OC)=C1,0,0.5635459556783086,0.4364540443216914,0.9977747797966003,0.9601497675763219,1
CNP0108424.1,C[C@H](O)C1=C(C(=O)N2CCC3=CC=CC=C3C2)C(C2=CC=C(Cl)C=C2)=NO1,0,0.6365734396322631,0.3634265603677368,0.9956477284431458,0.9443406531709054,1
CNP0158971.1,COC[C@H]1CCCN1C(=O)C1=C([C@H](C)O)ON=C1C1=CC=CS1,0,0.5548640415424303,0.4451359584575696,0.9997095465660095,0.9858542968741173,1
CNP0348395.10,CC[C@H](O)C[C@@H]1CC[C@H]([C@H](C)C(=O)O[C@H](CC)C[C@@H]2CC[C@H]([C@H](C)C(=O)O)O2)O1,0,0.566216012328653,0.4337839876713469,0.9999775886535645,0.9962439744757218,1
CNP0037118.1,COC1=CC=C(C2=NOC([C@H](C)O)=C2C(=O)NC(C)(C)C)C=C1OC,0,0.6158142984466513,0.3841857015533486,0.9990193843841553,0.973651453809422,1
CNP0348395.11,CC[C@H](O)C[C@@H]1CC[C@H]([C@H](C)C(=O)O[C@H](CC)C[C@@H]2CC[C@H]([C@@H](C)C(=O)O)O2)O1,0,0.566216012328653,0.4337839876713469,0.9999775886535645,0.9962439744757218,1
CNP0197187.3,N[C@@H](CC(=O)O)[C@H](O)C(=O)O,0,0.6707896564220094,0.3292103435779907,0.9882786273956299,0.9097882569828517,1
CNP0017055.1,COC1=CC=C(C2=NOC([C@H](C)O)=C2C(=O)N2CCN(C3=CC=CC=N3)CC2)C=C1OC,0,0.6375781391810803,0.3624218608189196,0.9939039349555969,0.9343017089051916,1
CNP0017058.1,COC1=CC=C(C2=NOC([C@H](C)O)=C2C(=O)N2CCC(C)CC2)C=C1OC,0,0.5339622191533955,0.4660377808466044,0.9988413453102112,0.9713238548427302,1
CNP0348395.12,CC[C@H](O)C[C@@H]1CC[C@H]([C@H](C)C(=O)O[C@H](CC)C[C@@H]2CC[C@@H]([C@@H](C)C(=O)O)O2)O1,0,0.566216012328653,0.4337839876713469,0.9999775886535645,0.9962439744757218,1
CNP0148503.1,COC1=CC=C(C2=NOC([C@H](C)O)=C2C(=O)N2CCC3=CC=CC=C3C2)C=C1OC,0,0.5636244164332399,0.4363755835667601,0.9971873164176941,0.9551929938649915,1
CNP0017048.1,COC1=CC=C(C2=NOC([C@H](C)O)=C2C(=O)N2CCCN(C(C)=O)CC2)C=C1OC,0,0.5887595566198507,0.4112404433801492,0.9997450709342957,0.9867720426228008,1
CNP0334249.3,C[C@H](C(=O)O)[C@H]1CC[C@H]2[C@@H]3C=CC4=CC(=O)CC[C@]4(C)[C@H]3CC(=O)[C@]12C,0,0.5135212578583981,0.4864787421416019,0.9992934465408325,0.9776996617778374,1
CNP0017135.1,CC(=O)N1CCCN(C(=O)C2=C([C@H](C)O)ON=C2C2=CC=C(Cl)C=C2)CC1,0,0.607792777483954,0.392207222516046,0.9941942095756531,0.9358539997681797,1
CNP0141918.1,COC1=CC=CC=C1N1CCN(C(=O)C2=C([C@H](C)O)ON=C2C2=CC=CS2)CC1,0,0.6029154032242268,0.3970845967757732,0.9973872303962708,0.9568134063190986,1
CNP0234021.1,COC1=CC=C(C2=NOC([C@H](C)O)=C2C(=O)NC2CCC2)C=C1OC,0,0.6102911679823444,0.3897088320176556,0.9933310151100159,0.9313496718264686,1
CNP0017201.1,COC1=CC=C(C2=NOC([C@H](C)O)=C2C(=O)N[C@H](C)C2=CC=CC=C2)C=C1OC,0,0.6574280164280164,0.3425719835719835,0.9975588321685791,0.9582567127984322,1
CNP0017215.1,COC1=CC=C(C2=NOC([C@H](C)O)=C2C(=O)N2CCN(C)CC2)C=C1OC,0,0.6311989823901588,0.3688010176098411,0.9981076717376709,0.9632645138939986,1
CNP0017207.1,COC1=CC=C(C2=NOC([C@H](C)O)=C2C(=O)N2CCC(CC3=CC=CC=C3)CC2)C=C1OC,0,0.5806686638524873,0.4193313361475126,0.9881579279899597,0.9093436516148047,1
CNP0308098.1,CC[C@H](C[C@@H]1CC[C@H]([C@H](C)C(=O)O)O1)OC(=O)[C@H](C)[C@H]1CC[C@H](CC(C)=O)O1,0,0.5797318853445261,0.4202681146554738,0.9999961853027344,0.9985006583581452,1
CNP0199715.1,CC1=CC2=C(C=C1S(=O)(=O)N[C@@H](CC1=CNC3=CC=CC=C13)C(=O)O)NC(=O)CO2,0,0.5186161616161616,0.4813838383838383,0.9973002076148987,0.9561002802568639,1
CNP0199715.2,CC1=CC2=C(C=C1S(=O)(=O)N[C@H](CC1=CNC3=CC=CC=C13)C(=O)O)NC(=O)CO2,0,0.5186161616161616,0.4813838383838383,0.9973002076148987,0.9561002802568639,1
CNP0071385.1,COC1=CC=CC=C1N1CCN(C(=O)C2=C([C@H](C)O)ON=C2C2=CC=C(Cl)C=C2)CC1,0,0.5475436276567991,0.4524563723432008,0.9999920129776001,0.9978065376457228,1
CNP0348854.2,CC(C)(O)C[C@@H](CO)NC(=O)C[C@H](O)CC(=O)CC1=CC=CC=C1,0,0.612167193917194,0.387832806082806,0.9927858114242554,0.9286653968656741,1
CNP0348854.3,CC(C)(O)C[C@@H](CO)NC(=O)C[C@@H](O)CC(=O)CC1=CC=CC=C1,0,0.612167193917194,0.387832806082806,0.9927858114242554,0.9286653968656741,1
CNP0087185.2,C[C@H](CCC[C@](C)(O)[C@@H]1CC[C@@](C)(O)[C@@H]1C)C(=O)O,0,0.6499396400081631,0.3500603599918369,0.9956306219100952,0.9442324236890582,1
CNP0220440.1,CCCS(=O)(=O)N[C@@H]1CO[C@@H](CN(CC)CC)[C@@H]1O,0,0.5862782017731956,0.4137217982268044,0.9953001737594604,0.9421884512348395,1
CNP0181953.1,COC1=CC=CC=C1N1CCN(C(=O)C2=C([C@H](C)O)C(C3=CC=C(Cl)C=C3)=NO2)CC1,0,0.569130139184487,0.430869860815513,0.9998120665550232,0.9886922398755287,1
CNP0347936.9,C[C@H](O)C[C@@H]1CC[C@H]([C@H](C)C(=O)O[C@H](C)C[C@@H]2CC[C@@H]([C@H](C)C(=O)O)O2)O1,0,0.589716424098777,0.410283575901223,0.9990328550338745,0.9738353393148302,1
CNP0348395.13,CC[C@H](O)C[C@@H]1CC[C@H]([C@H](C)C(=O)O[C@H](CC)C[C@@H]2CC[C@@H]([C@H](C)C(=O)O)O2)O1,0,0.566216012328653,0.4337839876713469,0.9999775886535645,0.9962439744757218,1
CNP0017039.1,COC1=CC=C(C2=NOC([C@H](C)O)=C2C(=O)N2CCC3=CC(OC)=C(OC)C=C3C2)C=C1OC,0,0.6072168534080298,0.3927831465919701,0.9982190728187561,0.9643691953846528,1
CNP0075778.2,COC1=CC2=C(C[C@@H](C(C)(C)O)O2)C(O)=C1C/C=C/C1=CC=C(O)C=C1,0,0.6096993356316885,0.3903006643683115,0.9995104074478149,0.981511671802662,1
CNP0128839.1,COC1=CC=C(C2=NOC([C@H](C)O)=C2C(=O)N2CCCCCC2)C=C1OC,0,0.599479715545892,0.400520284454108,0.9992039799690247,0.976302624573003,1
CNP0347936.10,C[C@H](O)C[C@@H]1CC[C@H]([C@H](C)C(=O)O[C@H](C)C[C@@H]2CC[C@H]([C@H](C)C(=O)O)O2)O1,0,0.589716424098777,0.410283575901223,0.9990328550338745,0.9738353393148302,1
CNP0265681.1,CNC(=O)C1=C([C@H](C)O)ON=C1C1=CC=C(OC)C(OC)=C1,0,0.6090761607673372,0.3909238392326626,0.9978735446929932,0.9610467302304536,1
CNP0234640.1,COC1=CC([C@@H]2C(C#N)=C(N)OC3=C2C(C2=CC=CC=C2)=NN3)=CC(OC)=C1OC,0,0.612171411921412,0.3878285880785881,0.9872550964355469,0.9060969453870261,1
CNP0348854.4,CC(C)(O)C[C@H](CO)NC(=O)C[C@H](O)CC(=O)CC1=CC=CC=C1,0,0.612167193917194,0.387832806082806,0.9927858114242554,0.9286653968656741,1
CNP0346181.3,CCOC(=O)[C@H](CC1=CNC2=CC=CC=C12)NS(=O)(=O)C[C@@]12CC[C@H](CC1=O)C2(C)C,0,0.5037878787878788,0.4962121212121212,0.9906065464019775,0.9189122179119305,1
CNP0346181.4,CCOC(=O)[C@@H](CC1=CNC2=CC=CC=C12)NS(=O)(=O)C[C@@]12CC[C@H](CC1=O)C2(C)C,0,0.5037878787878788,0.4962121212121212,0.9906065464019775,0.9189122179119305,1
CNP0014613.1,CC(C)(C)CN[C@@H]1CO[C@H](CNS(C)(=O)=O)[C@H]1O,0,0.5399609204520969,0.4600390795479031,0.9858323335647583,0.9012309378862003,1
CNP0015406.1,C[C@@H](NC(=O)NC1=CC=CC=C1)C1=C(C(=O)O)C(C2=CC=C(Cl)C=C2)=NO1,0,0.6216103341103341,0.3783896658896657,0.9914789795875549,0.9226503985405362,1
CNP0215663.1,CC1=NOC([C@@H](C)NS(=O)(=O)C2=CC=CC=C2)=C1C(=O)O,0,0.689901098901099,0.310098901098901,0.9876483678817749,0.907494724227331,1
CNP0177057.1,COC1=CC=C(C2=NOC([C@@H](C)NS(=O)(=O)CC(C)C)=C2C(=O)O)C=C1,0,0.5248855311355312,0.4751144688644688,0.9999297857284546,0.9931987869844647,1
CNP0014787.1,COCC(=O)N[C@H](C)C1=C(C(=O)O)C(C2=CC=C(Cl)C=C2)=NO1,0,0.5112785286608816,0.4887214713391185,0.9987881779670715,0.9706652453069189,1
CNP0087185.3,C[C@H](CCC[C@](C)(O)[C@@H]1CC[C@](C)(O)[C@H]1C)C(=O)O,0,0.6499396400081631,0.3500603599918369,0.9956306219100952,0.9442324236890582,1
CNP0236579.1,CC1=CC(C(=O)N[C@H](C)C2=C(C(=O)O)C(C3=CC=C(Cl)C=C3)=NO2)=NN1C,1,0.476232492997199,0.5237675070028011,0.9954433441162109,0.9430638449281211,1
CNP0291914.2,CC(C)C[C@](O)(C(=O)O)[C@H](C)O,0,0.70277886002886,0.2972211399711399,0.9937505125999451,0.9334968617880708,1
CNP0014908.1,CC1=NC(C2=CC=CC(NC(=O)N[C@H](C)C3=C(C(=O)O)C(C)=NO3)=C2)=NO1,0,0.6092140275183755,0.3907859724816246,0.9916042685508728,0.9232044853972162,1
CNP0004399.1,CS(=O)(=O)C1=CC=C(C2=CNC([C@@H]3COCCN3CC3=CC=C(C(=O)O)C=C3)=N2)C=C1,0,0.6633467659791189,0.3366532340208811,0.9924328327178955,0.9269860257151582,1
CNP0015415.1,C[C@@H](NS(=O)(=O)C1=CC=CC=C1)C1=C(C(=O)O)C(C2=CC=CC=C2)=NO1,0,0.6664091075591076,0.3335908924408923,0.9994052648544312,0.9795760215564925,1
CNP0015414.1,CC(C)CS(=O)(=O)N[C@H](C)C1=C(C(=O)O)C(C2=CC=C(Cl)C=C2)=NO1,0,0.511398603030956,0.488601396969044,0.9999998807907104,0.9996972848838285,1
CNP0114186.1,CC1=CC=C(S(=O)(=O)N[C@H](C)C2=C(C(=O)O)C(C)=NO2)C=C1,0,0.6237069597069598,0.3762930402930402,0.9885767102241516,0.9108965219063618,1
CNP0358244.1,C[C@@H](NS(C)(=O)=O)C1=C(C(=O)O)C(C2=CC=C(Cl)C=C2)=NO1,0,0.5952038533362063,0.4047961466637937,0.9999771118164062,0.9961948480651395,1
CNP0360764.1,COC1=CC=C(C2=NOC([C@@H](C)NS(=O)(=O)C3=CC=CC=C3)=C2C(=O)O)C=C1,0,0.6651712454212455,0.3348287545787545,0.9906792044639587,0.9192161275830566,1
CNP0062567.1,C[C@@H](NC(=O)NC(C)(C)C)C1=C(C(=O)O)C(C2=CC=C(Cl)C=C2)=NO1,0,0.6150241996565525,0.3849758003434473,0.9981191754341125,0.963376891754267,1
CNP0317442.1,C[C@@H](NCC1CC1)C1=C(C(=O)O)C(C2=CC=C(Cl)C=C2)=NO1,1,0.4907829464652993,0.5092170535347006,0.9969415068626404,0.953281201805368,1
CNP0408774.1,COC1=CC(C(=O)N[C@H](C)C2=C(C(=O)O)C(C3=CC=CC=C3)=NO2)=CC(OC)=C1OC,0,0.602706994312877,0.3972930056871233,0.9984972476959229,0.967292625841778,1
CNP0074253.1,C[C@@H](NC(=O)C1=CC=C2OCOC2=C1)C1=C(C(=O)O)C(C2=CC=C(Cl)C=C2)=NO1,0,0.5619921483745014,0.4380078516254987,0.9998705387115479,0.9906738674468447,1
CNP0014788.1,C[C@@H](NC(=O)C1CCCCC1)C1=C(C(=O)O)C(C2=CC=C(Cl)C=C2)=NO1,0,0.5743376917200446,0.4256623082799553,0.9883634448051453,0.9101020887097792,1
CNP0082105.1,C[C@@H](NC(=O)C1=CC=C2OCOC2=C1)C1=C(C(=O)O)ON=C1C1=CC=C(Cl)C=C1,0,0.5922114845938374,0.4077885154061625,0.9918910264968872,0.9244891581667162,1
CNP0308620.6,COC[C@@H]1CC2=CC3=C(OCO3)C(OC)=C2[C@@H](C2=CC=C(OC)C(OC)=C2)[C@H]1COC,0,0.5733320707070707,0.4266679292929292,0.9865597486495972,0.9036828623698718,1
CNP0087185.4,C[C@H](CCC[C@](C)(O)[C@@H]1CC[C@@](C)(O)[C@H]1C)C(=O)O,0,0.6499396400081631,0.3500603599918369,0.9956306219100952,0.9442324236890582,1
CNP0216839.2,CC(=O)N[C@H](C)C(=O)CCC(=O)O,0,0.6503637714322946,0.3496362285677053,0.988295316696167,0.909849730419272,1
CNP0015367.1,CC(C)CC(=O)N[C@H](C)C1=C(C(=O)O)C(C2=CC=C(Cl)C=C2)=NO1,0,0.5281182706182705,0.4718817293817294,0.9987019300460815,0.9696258946726595,1
CNP0266647.1,CC1=CC(C(=O)N[C@H](C)C2=C(C(=O)O)C(C3=CC=C(Cl)C=C3)=NO2)=C(C)O1,0,0.5914255538579068,0.408574446142093,0.9991642236709595,0.9757083197902702,1
CNP0015409.1,CC1=NOC([C@@H](C)NS(C)(=O)=O)=C1C(=O)O,0,0.6132038533362063,0.3867961466637936,0.9974607229232788,0.9574250017856992,1
CNP0015380.1,COC1=CC=C(C2=NOC([C@@H](C)NCC3=CC=CC(Cl)=C3)=C2C(=O)O)C=C1,0,0.5701373626373626,0.4298626373626374,0.9996132254600525,0.9836123144579563,1
CNP0346181.5,CCOC(=O)[C@H](CC1=CNC2=CC=CC=C12)NS(=O)(=O)C[C@]12CC[C@H](CC1=O)C2(C)C,0,0.5037878787878788,0.4962121212121212,0.9906065464019775,0.9189122179119305,1
CNP0328846.1,CCCCN(C)C[C@@H]1OC[C@H](NS(=O)(=O)CCC)[C@H]1O,0,0.651968983213977,0.348031016786023,0.9991632699966431,0.9756929600965046,1
CNP0400611.1,CCOC(=O)[C@H](CC1=CNC2=CC=CC=C12)NS(=O)(=O)C1=CC=C(OC)C(N2C=NN=N2)=C1,1,0.429788961038961,0.570211038961039,0.9999995231628418,0.9994894064776975,1
CNP0010023.1,CCOC(=O)[C@H](CC1=CNC2=CC=CC=C12)NS(=O)(=O)C1=CC=C(C)C=C1,1,0.4956094183594183,0.5043905816405816,0.9913845062255859,0.9222361036592209,1
CNP0057204.1,COC1=CC=C(C2=NOC([C@@H](C)NS(C)(=O)=O)=C2C(=O)O)C=C1,0,0.5997783882783884,0.4002216117216117,0.9913021326065063,0.9218766649055279,1
CNP0014833.1,CC(C)S(=O)(=O)N[C@H](C)C1=C(C(=O)O)C(C2=CC=C(Cl)C=C2)=NO1,0,0.5220652696976226,0.4779347303023773,0.999996542930603,0.9985823154697363,1
CNP0014831.1,CC(C)CS(=O)(=O)N[C@H](C)C1=C(C(=O)O)C(C2=CC=CN=C2)=NO1,0,0.5595768009768011,0.440423199023199,0.999480664730072,0.980943966482418,1
CNP0334325.1,C[C@@H](NC(=O)NC1CCCCC1)C1=C(C(=O)O)C(C2=CC=C(Cl)C=C2)=NO1,0,0.503654628595805,0.496345371404195,0.9991422891616821,0.9753865981840143,1
CNP0014834.1,C[C@@H](NS(C)(=O)=O)C1=C(C(=O)O)C(C2=CC=CC=C2)=NO1,0,0.6070281551781552,0.3929718448218448,0.9975558519363403,0.9582315864804148,1
CNP0140968.1,C[C@@H](NS(=O)(=O)C1=CC=CC=C1)C1=C(C(=O)O)C(C2=CC=C(Cl)C=C2)=NO1,0,0.658897741147741,0.3411022588522587,0.9999843835830688,0.9968880403772412,1
CNP0014829.1,CC1=NOC([C@@H](C)NS(=O)(=O)CC(C)C)=C1C(=O)O,0,0.5233549522373052,0.4766450477626948,0.9999817609786987,0.9966166851659338,1
CNP0280562.1,C[C@@H](NS(=O)(=O)C1=CC=C(Cl)C=C1)C1=C(C(=O)O)C(C2=CC=CN=C2)=NO1,0,0.6397593406593406,0.3602406593406593,0.9983525276184082,0.9657393365179695,1
CNP0009854.2,COC(=O)[C@H](CC1=CC=C(O)C=C1)NC(=O)[C@@H](NC(=O)OCC1=CC=CC=C1)C(C)C,0,0.5511190476190476,0.4488809523809524,0.9998558759689331,0.9901396889771304,1
CNP0009854.3,COC(=O)[C@@H](CC1=CC=C(O)C=C1)NC(=O)[C@H](NC(=O)OCC1=CC=CC=C1)C(C)C,0,0.5511190476190476,0.4488809523809524,0.9998558759689331,0.9901396889771304,1
CNP0009854.4,COC(=O)[C@H](CC1=CC=C(O)C=C1)NC(=O)[C@H](NC(=O)OCC1=CC=CC=C1)C(C)C,0,0.5511190476190476,0.4488809523809524,0.9998558759689331,0.9901396889771304,1
CNP0356433.1,CCOC(=O)[C@H](CC1=CC=CC=C1)NC(=O)C1=CC=CC=C1,1,0.4709238816738818,0.5290761183261182,0.9973257780075073,0.956308558670286,1
CNP0207251.1,CC1=NOC([C@@H](C)NS(=O)(=O)C2=CC=C(Cl)C=C2)=C1C(=O)O,0,0.6163772893772894,0.3836227106227106,0.999546468257904,0.982220859280676,1
CNP0147044.3,CC(C)[C@H](NC(=O)[C@H](O)C(C)C)C(=O)O,0,0.609032412032412,0.390967587967588,0.9862892627716064,0.9027623466418154,1
CNP0202396.2,C[C@@H]1CC[C@]2(C)C(C(=O)O)=CCC[C@@H]2[C@@]1(C)CCC1=CC(=O)O[C@@H]1O,0,0.6458701254885465,0.3541298745114534,0.9897992610931396,0.9156196868696725,1
CNP0388725.1,COC1=CC=C(C2=NOC([C@H](C)O)=C2C(=O)O)C=C1OC,0,0.6301386685210215,0.3698613314789785,0.9996916055679321,0.9854118733929865,1
CNP0147044.4,CC(C)[C@H](O)C(=O)N[C@H](C(=O)O)C(C)C,0,0.609032412032412,0.390967587967588,0.9862892627716064,0.902762357548883,1
CNP0015691.1,CCCS(=O)(=O)NC1=CC=C2[C@@H]3C[C@@H](CN(C(=O)C4=CC=CC(C(=O)O)=C4)C3)CN2C1=O,0,0.62595337995338,0.37404662004662,0.9962602853775024,0.9483675723913959,1
CNP0269420.1,CCOC(=O)[C@@H](CC1=CC=C(O)C=C1)NC(=O)OCC1=CC=CC=C1,1,0.4961973304473305,0.5038026695526695,0.9997439980506897,0.9867435717377118,1
CNP0007487.1,COC[C@H]1C[C@@H](NS(C)(=O)=O)[C@H](O)[C@@H]1O,0,0.6884811949559391,0.3115188050440607,0.9883622527122498,0.9100974428495061,1
CNP0346822.4,COC1=C2C[C@H](C(C)(C)O[C@@H]3O[C@@H](CO)[C@H](O)[C@@H](O)[C@H]3O)OC2=CC2=C1C(=O)C=C(C)O2,0,0.6335158793820557,0.3664841206179441,0.9904850721359253,0.9184072611617207,1
CNP0277301.1,COC1=CC2=CC=C1OC1=C(O)C=CC(=C1)C[C@@H](O)[C@@H](O)CCCC2,0,0.6023065306767866,0.3976934693232132,0.9914325475692749,0.9224465222756567,1
CNP0287496.1,CC1CCN(C(=O)C2=C([C@H](C)O)ON=C2C2=CC=C(Cl)C=C2)CC1,0,0.5466201168112932,0.4533798831887067,0.9913184642791748,0.9219476065281001,1
CNP0010903.1,CCOC(=O)[C@H](CC1=CNC2=CC=CC=C12)NS(=O)(=O)C1=CC=C2OCCOC2=C1,1,0.4997041847041846,0.5002958152958155,0.9979273080825806,0.9615447180894361,1
CNP0134189.1,CC1=CC=C(C)C(S(=O)(=O)N[C@H](CC2=CNC3=CC=CC=C23)C(=O)O)=C1,0,0.5678680763680765,0.4321319236319237,0.987744152545929,0.9078391921853493,1
CNP0280737.14,CC[C@H](O)C[C@@H]1CC[C@H]([C@H](C)C(=O)O[C@H](C)C[C@@H]2CC[C@@H]([C@@H](C)C(=O)O)O2)O1,0,0.5859178839864072,0.4140821160135929,0.9999418258666992,0.9938308660232688,1
CNP0017342.1,COC[C@H]1CCCN1C(=O)C1=C([C@H](C)O)ON=C1C1=CC=C(OC)C(OC)=C1,0,0.524249046789361,0.4757509532106388,0.9999991655349731,0.9993019115490883,1
CNP0308098.2,CC[C@H](C[C@@H]1CC[C@H]([C@H](C)C(=O)O)O1)OC(=O)[C@H](C)[C@@H]1CC[C@@H](CC(C)=O)O1,0,0.5797318853445261,0.4202681146554738,0.9999961853027344,0.9985006583581452,1
CNP0154453.1,O=C(C1=CC=C(Cl)C=C1)N1C[C@@H]2COCCN2C2(C1)CN(S(=O)(=O)C1=CC=CC=C1)C2,0,0.623132496588379,0.3768675034116209,0.9913545250892639,0.9221048699707477,1
CNP0243833.1,CCN(C(=O)C1=C([C@H](C)O)ON=C1C1=CC=C(Cl)C=C1)C1CCCCC1,0,0.5284408108231639,0.4715591891768361,0.9994603991508484,0.9805679282751939,1
CNP0234640.2,COC1=CC([C@H]2C(C#N)=C(N)OC3=C2C(C2=CC=CC=C2)=NN3)=CC(OC)=C1OC,0,0.612171411921412,0.3878285880785881,0.9872550964355469,0.9060969453870261,1
CNP0005139.1,CS(=O)(=O)NC[C@H]1OC[C@@H](NCC2CC2)[C@@H]1O,0,0.574185362676539,0.4258146373234609,0.9992146492004395,0.9764655739462229,1
CNP0280737.15,CC[C@H](O)C[C@@H]1CC[C@H]([C@H](C)C(=O)O[C@H](C)C[C@@H]2CC[C@H]([C@@H](C)C(=O)O)O2)O1,0,0.5859178839864072,0.4140821160135929,0.9999418258666992,0.9938308660232688,1
CNP0380582.1,COC1=CC=C(C2=NOC([C@H](C)O)=C2C(=O)NC(C)C)C=C1OC,0,0.6280825024648553,0.3719174975351445,0.9985926747322083,0.9683596372744904,1
CNP0288018.1,COC1=CC=C(C2=NOC([C@H](C)O)=C2C(=O)N2CCN(C3=CC=CC=C3OC)CC2)C=C1OC,0,0.6087732120820355,0.3912267879179643,0.9999830722808838,0.996748281396098,1
CNP0017318.1,CCCN(C)C(=O)C1=C([C@H](C)O)ON=C1C1=CC=C(OC)C(OC)=C1,0,0.6009918431241961,0.3990081568758039,0.9996623992919922,0.9847167014391816,1
CNP0347936.11,C[C@H](O)C[C@@H]1CC[C@H]([C@H](C)C(=O)O[C@H](C)C[C@@H]2CC[C@@H]([C@@H](C)C(=O)O)O2)O1,0,0.589716424098777,0.410283575901223,0.9990328550338745,0.9738353393148302,1
CNP0409669.1,C[C@H](O)C1=C(C(=O)NC2CCCCC2)C(C2=CC=C(Cl)C=C2)=NO1,0,0.5662199159654402,0.4337800840345598,0.9898113012313843,0.915667797566698,1
CNP0308098.3,CC[C@H](C[C@@H]1CC[C@H]([C@H](C)C(=O)O)O1)OC(=O)[C@H](C)[C@H]1CC[C@@H](CC(C)=O)O1,0,0.5797318853445261,0.4202681146554738,0.9999961853027344,0.9985006583581452,1
CNP0017262.1,CCN(C(=O)C1=C([C@H](C)O)ON=C1C1=CC=C(OC)C(OC)=C1)C1CCCCC1,1,0.4886181443591929,0.511381855640807,0.9999070167541504,0.992139515651204,1
CNP0353648.12,C[C@H](O)C[C@@H]1CC[C@@H]([C@H](C)C(=O)O)O1,0,0.6182329761741526,0.3817670238258474,0.9892765283584595,0.9135642199349131,1
CNP0214777.4,COC1=CC2=C(C=C1OC)[C@]1(O)C(=O)C3=CC=C4O[C@H](C(C)(C)O)CC4=C3O[C@@H]1CO2,0,0.609456620674012,0.3905433793259879,0.9990358352661133,0.9738769674748385,1
CNP0347936.12,C[C@H](O)C[C@@H]1CC[C@H]([C@H](C)C(=O)O[C@H](C)C[C@@H]2CC[C@H]([C@@H](C)C(=O)O)O2)O1,0,0.589716424098777,0.410283575901223,0.9990328550338745,0.9738353393148302,1
CNP0308098.4,CC[C@H](C[C@@H]1CC[C@H]([C@H](C)C(=O)O)O1)OC(=O)[C@H](C)[C@@H]1CC[C@H](CC(C)=O)O1,0,0.5797318853445261,0.4202681146554738,0.9999961853027344,0.9985006583581452,1
CNP0400611.2,CCOC(=O)[C@@H](CC1=CNC2=CC=CC=C12)NS(=O)(=O)C1=CC=C(OC)C(N2C=NN=N2)=C1,1,0.429788961038961,0.570211038961039,0.9999995231628418,0.9994894064776975,1
CNP0296954.0,COC1=CC=C(S(=O)(=O)NC2=CC=C(C(=O)NCC(=O)O)C=C2)C=C1N1C=NN=N1,0,0.6084388528138529,0.3915611471861471,0.9998098015785217,0.9886233443328138,1
CNP0100142.1,COC1=CC=C(C2=NOC([C@H](C)O)=C2C(=O)N2CCC2)C=C1OC,0,0.6239347702950644,0.3760652297049356,0.9923885464668274,0.9267786498253383,1
CNP0356433.2,CCOC(=O)[C@@H](CC1=CC=CC=C1)NC(=O)C1=CC=CC=C1,1,0.4709238816738818,0.5290761183261182,0.9973257780075073,0.956308558670286,1
CNP0010023.2,CCOC(=O)[C@@H](CC1=CNC2=CC=CC=C12)NS(=O)(=O)C1=CC=C(C)C=C1,1,0.4956094183594183,0.5043905816405816,0.9913845062255859,0.9222361036592209,1
CNP0007535.1,CCN(CC)C(=O)C1=C([C@H](C)O)ON=C1C1=CC=C(Cl)C=C1,0,0.5512117898441428,0.4487882101558573,0.9944045543670654,0.9370054582525967,1
CNP0346181.6,CCOC(=O)[C@@H](CC1=CNC2=CC=CC=C12)NS(=O)(=O)C[C@]12CC[C@H](CC1=O)C2(C)C,0,0.5037878787878788,0.4962121212121212,0.9906065464019775,0.9189122179119305,1
CNP0269420.2,CCOC(=O)[C@H](CC1=CC=C(O)C=C1)NC(=O)OCC1=CC=CC=C1,1,0.4961973304473305,0.5038026695526695,0.9997439980506897,0.9867435717377118,1
CNP0197543.1,CC(C)CC(=O)N[C@@H](C(=O)O)C(C)C,0,0.5883128815628816,0.4116871184371184,0.9979798197746277,0.962036836086509,1
CNP0389723.1,COC1=CC2=C(C=C1OC)CN(C(=O)C1=C([C@H](C)O)C(C3=CC=C(Cl)C=C3)=NO1)CC2,0,0.6729272603639612,0.3270727396360388,0.9993793964385986,0.9791284228403108,1
CNP0007532.1,COC1=CC2=C(C=C1OC)CN(C(=O)C1=C([C@H](C)O)ON=C1C1=CC=CC=C1)CC2,0,0.6061110686698922,0.3938889313301078,0.9930233955383301,0.9298213117686616,1
CNP0423260.1,COC1=CC=C(C2=NOC([C@H](C)O)=C2C(=O)N(C)CC2=CC=CC=C2)C=C1OC,0,0.6171778499278499,0.3828221500721501,0.9985077977180481,0.9674092539464434,1
CNP0081288.1,CCCS(=O)(=O)N[C@H]1CO[C@@H](CN2CCC[C@@H]2COC)[C@@H]1O,0,0.5378024495112729,0.462197550488727,0.999713122844696,0.9859444106311819,1
CNP0010903.2,CCOC(=O)[C@@H](CC1=CNC2=CC=CC=C12)NS(=O)(=O)C1=CC=C2OCCOC2=C1,1,0.4997041847041846,0.5002958152958155,0.9979273080825806,0.9615447180894361,1
CNP0017069.1,CC(C)NC(=O)C1=C([C@H](C)O)ON=C1C1=CC=C(Cl)C=C1,0,0.5992849666673196,0.4007150333326804,0.9919775128364563,0.9248812835011345,1
CNP0130920.2,COC(=O)CCC1=CC=C2O[C@@H](C(C)(C)O)CC2=C1O[C@@H]1O[C@H](CO)[C@@H](O)[C@H](O)[C@H]1O,0,0.641267237501061,0.3587327624989388,0.9947891235351562,0.9391722681969479,1
CNP0197543.2,CC(C)CC(=O)N[C@H](C(=O)O)C(C)C,0,0.5883128815628816,0.4116871184371184,0.9979798197746277,0.962036836086509,1
CNP0354523.1,C[C@H](O)C1=C(C(=O)N(C)CC2=CC=CC=C2)C(C2=CC=C(Cl)C=C2)=NO1,0,0.6490507548007548,0.3509492451992452,0.9873374104499817,0.90638757621278,1
CNP0220440.2,CCCS(=O)(=O)N[C@H]1CO[C@@H](CN(CC)CC)[C@@H]1O,0,0.5862782017731956,0.4137217982268044,0.9953001737594604,0.9421884512348395,1
CNP0009025.0,CC1=C(S(=O)(=O)NC2=CC=CC(C(=O)O)=C2)C(=O)NC(=O)N1,0,0.626935064935065,0.373064935064935,0.9893909096717834,0.9140088752942913,1
CNP0134189.2,CC1=CC=C(C)C(S(=O)(=O)N[C@@H](CC2=CNC3=CC=CC=C23)C(=O)O)=C1,0,0.5678680763680765,0.4321319236319237,0.987744152545929,0.9078391921853493,1
CNP0016589.1,C[C@H](O)C1=C(C(=O)O)C(C2=CC=C(Cl)C=C2)=NO1,0,0.6278521217344746,0.3721478782655253,0.9990874528884888,0.9745970524088552,1
CNP0130920.3,COC(=O)CCC1=CC=C2O[C@H](C(C)(C)O)CC2=C1O[C@@H]1O[C@H](CO)[C@@H](O)[C@H](O)[C@H]1O,0,0.641267237501061,0.3587327624989388,0.9947891235351562,0.9391722681969479,1
CNP0297128.1,CS(=O)(=O)NC1=CC(C2=NOC([C@@H]3CCCN3CC3=NC=CN3)=N2)=CC=N1,0,0.6081771284271285,0.3918228715728715,0.992453396320343,0.9270828040015725,1
CNP0177431.0,CCCSC(C)(C)C,0,0.7674788561112094,0.2325211438887909,0.9918093085289001,0.9241203636495603,1
CNP0119918.0,CCOC(=O)CC(C)C(=O)O,0,0.620390722023075,0.379609277976925,0.9963101744651794,0.9487114555876883,1
CNP0230254.0,CCSC(C)(C)CC,0,0.7667341560712964,0.2332658439287037,0.9896636605262756,0.9150811469290352,1
CNP0156814.0,CSC1=NC(=O)C2(CCCCC2)N1,0,0.7283023778821649,0.2716976221178349,0.9991472959518433,0.9754586888558558,1
CNP0147385.0,CC1C2CC34COC(O2)C1(CC(O)C1=COC=C1)C3CCC=C4C(=O)O,0,0.608038725163725,0.3919612748362748,0.9886525273323059,0.9111814470802936,1
CNP0260031.0,CC(CC(=O)O)SCC(N)C(=O)O,0,0.633446762908903,0.366553237091097,0.9913932085037231,0.9222741089363707,1
CNP0309835.0,CC(=O)OCC(O)C1CCC2C3C=CC4=CC(=O)CCC4(C)C3CC(=O)C12C,0,0.5248232059103459,0.475176794089654,0.9984785914421082,0.9670884415478239,1
CNP0406940.0,CCC(CC)C(=O)OC,0,0.6548990192813723,0.3451009807186277,0.9958662986755371,0.9457408112625115,1
CNP0136814.0,CCCC(C)CC(C)CCCC(C)C(=O)OC,0,0.6210746492070023,0.3789253507929978,0.9876182079315186,0.9073870133765972,1
CNP0121196.0,CC(C)(O)C1CC2=C(C=C3OCC(C4=CC=C(O)C=C4)C(=O)C3=C2O)O1,0,0.7261521050844578,0.2738478949155419,0.9998238682746887,0.9890632787383298,1
CNP0257263.0,CCCC(C)CCCC(C)C(=O)O,0,0.598611692572993,0.4013883074270072,0.9997836947441101,0.9878442253499143,1
CNP0258872.0,CC(CC(C)C(=O)O)C(=O)O,0,0.7223730452553982,0.2776269547446018,0.9943008422851562,0.9364346479592248,1
CNP0320683.0,CCCCC(C#N)CC,0,0.6715391014214545,0.3284608985785456,0.9973307847976685,0.9563496363032687,1
CNP0129107.0,CCC(CC(C)C(C)(OC(C)=O)C(=O)O)C(=O)O,0,0.5819327894327894,0.4180672105672106,0.9991870522499084,0.9760484237101305,1
CNP0178040.0,CNC1=NC2=CC=C(Cl)C=C2C(C2=CC=CC=C2)=NN1,0,0.729916738816739,0.2700832611832612,0.9975643157958984,0.9583033078218812,1
CNP0185515.0,CC(O)C(=O)NC(C(=O)O)C(C)C,0,0.6329368980692511,0.367063101930749,0.9952934384346008,0.9421474919620497,1
CNP0414517.0,CC(C)CC(N)C(=O)NC(CC(N)=O)C(=O)N1CCCC1C(=O)O,1,0.4602817460317461,0.5397182539682539,0.98685222864151,0.9046895319621222,1
CNP0310637.0,CCC(C)CCCC(C)C(=O)OC,0,0.6570746492070022,0.3429253507929978,0.9912599921226501,0.9216930667875927,1
CNP0283898.0,COC1=CC(O)=CC=C1C(=O)CC1C2=CC=C(O)C(OC)=C2CC1C(C)(C)O,0,0.592887675070028,0.4071123249299719,0.9970301389694214,0.9539611906034225,1
CNP0117356.0,CC(C)CCCC(C)CCCC1(C)OC(C(C)O)C(C(C)O)O1,0,0.6713146007759012,0.3286853992240989,0.9986144304275513,0.9686073270517915,1
CNP0310915.0,CCC1(C)CCCC1,0,0.7279355660679191,0.2720644339320809,0.9927996397018433,0.9287321965441502,1
CNP0118605.0,COC1=C(O)C=CC2=C1CC(C(C)(C)O)C2CC(=O)C1=CC=C(O)C=C1O,0,0.7066816849816849,0.293318315018315,0.9959652423858643,0.946387711590397,1
CNP0134247.0,CCC(C)C(N)C(=O)NC(CCC(N)=O)C(=O)N1CCCC1C(=O)O,0,0.6080513114336643,0.3919486885663356,0.9985787868499756,0.9682016679965018,1
CNP0216834.0,CCC(O)C(C)CC(C)C(O)CC,0,0.7793020884344415,0.2206979115655586,0.9993075132369995,0.9779272550287296,1
CNP0269115.0,N#CCC(=O)O,0,0.7326152336225866,0.2673847663774134,0.9921296238899231,0.9255774777875844,1
CNP0175734.0,CC(NC(=O)C(N)C(C)C)C(=O)N1CCCC1C(=O)O,0,0.6405225957049487,0.3594774042950514,0.9937500357627869,0.9334940771371103,1
CNP0110084.0,NC1=NC2=CC=C(Cl)C=C2C(C2=CC=CC=C2)=NN1,0,0.7646726911976913,0.2353273088023088,0.990432858467102,0.9181912232656736,1
CNP0348909.0,CCCCC(=O)OC(C)C,0,0.6686320085143614,0.3313679914856385,0.9919983744621277,0.9249764871532785,1
CNP0214638.0,COC1=C2CC(C(C)(C)O)OC2=C(C=CC(C)C)C(O)=C1C(C)=O,0,0.5811680084621259,0.4188319915378739,0.9978025555610657,0.9604002743485365,1
CNP0194658.0,CC(=O)OC(C)C#N,0,0.7002717109172216,0.2997282890827782,0.9939607381820679,0.9346016647131885,1
CNP0228244.0,CCCSC(C)C,0,0.7192243603115006,0.2807756396884995,0.9968675971031189,0.9527218149490592,1
CNP0205205.0,CCC(C)CCCC(C)O,0,0.7741071722395253,0.2258928277604748,0.9961827397346497,0.9478399241313183,1
CNP0113944.0,O=C1OCC(CC2=CC=C3OCOC3=C2)C1C(O)C1=CC=C(O)C=C1,0,0.5984175551643582,0.4015824448356417,0.98997962474823,0.9163424515625532,1
CNP0304472.0,O=C(NN1CCCCCC1)NS(=O)(=O)C1=CC=C(C(=O)O)C=C1,0,0.599891428016428,0.4001085719835721,0.9999521970748901,0.9944269805395642,1
CNP0542511.0,NC(CC(=O)O)C(=O)[O-],0,0.696128512010865,0.303871487989135,0.988321840763092,0.9099480196026959,1
CNP0588437.0,CC(NC(=O)C(CC1=CC=CC=C1)NC(=O)C1=CC=CC=C1)C(=O)N1CCCC1C(=O)O,1,0.4476428571428571,0.552357142857143,0.9983893632888794,0.9661286518593011,1
CNP0115667.1,CCOC(=O)C1=C/C(=C\CN2C=CN=C2)C2=C(C=C3O[C@H](C(C)(C)O)CC3=C2OC2CCCCC2)O1,0,0.5620301828890064,0.4379698171109936,0.9999206066131592,0.9927557022005676,1
CNP0406772.1,CCCOC1=C2C[C@@H](C(C)(C)O)OC2=CC2=C1/C(=C/CN1C=CN=C1)C=C(C(=O)OCC)O2,1,0.4682309820898054,0.5317690179101946,0.9995331764221191,0.9819550470039593,1
CNP0541821.0,NC(CC(=O)[O-])C(=O)[O-],0,0.765569348951702,0.234430651048298,0.9932605624198914,0.9309960965647064,1
CNP0097273.1,CCOC(=O)C1=C/C(=C\CN2C=CN=C2)C2=C(C=C3O[C@H]([C@](C)(O)C4CCNCC4)CC3=C2OC)O1,0,0.5067270082858317,0.4932729917141683,0.9945091605186462,0.9375862315796561,1
CNP0043429.0,CC1COC(C2=C(Br)C(=CBr)OC2=O)C1,0,0.619308386058386,0.380691613941614,0.9870567321777344,0.905400765250647,1
CNP0235619.2,C[C@H](C[C@H](C)C(=O)O)[C@H]1CC(=O)[C@@]2(C)C3=C(C(=O)C[C@]12C)[C@@]1(C)CC[C@H](O)C(C)(C)[C@H]1C[C@@H]3O,0,0.673400191311956,0.3265998086880439,0.9948620200157166,0.9395926417374624,1
CNP0546195.3,NC1=NC(=O)NC2=C1N=CN2[C@@H]1O[C@@H](CO)[C@H](O)[C@@H]1O,0,0.5683084733893556,0.4316915266106443,0.9917090535163879,0.9236710083055181,1
CNP0232397.1,CCOC(=O)C1=C/C(=C\CN2C=CN=C2)C2=C(OC)C3=C(O[C@H](C(C)(C)O)C3)C(CO)=C2O1,0,0.5296013839102074,0.4703986160897926,0.9981637597084045,0.9638161721831748,1
CNP0089527.1,CCOC(=O)C1=C/C(=C\CN2C=CN=C2)C2=C(C=C3O[C@H]([C@@](C)(O)C4CCCC4)CC3=C2OC)O1,0,0.5170692216280451,0.4829307783719549,0.9995377063751221,0.9820442212265087,1
CNP0311137.1,CCOC(=O)C1=C/C(=C\CN2C=CN=C2)C2=C(C=C3O[C@H](C(C)(C)O)CC3=C2OC)O1,0,0.5295073168661403,0.4704926831338597,0.9996922016143799,0.9854265946463339,1
CNP0089471.1,CCOC(=O)C1=C/C(=C\CN2C=CN=C2CC(C)C)C2=C(C=C3O[C@H](C(C)(C)O)CC3=C2OC)O1,0,0.522042241092241,0.477957758907759,0.9999909400939941,0.9976448526283105,1
