identifier,canonical_smiles,gnn_pretrain_prob,gnn_pretrain_pred,gnn_scratch_prob,gnn_scratch_pred,rf_prob,rf_pred
CNP0121132.1,CCCC[C@H](C)C[C@H](C)C(=O)N1CCC[C@H]1C(=O)O[C@@H](C(=O)O[C@H](C(=O)O)[C@@H](C)CC)[C@@H](C)CC,1.0,1,1.0,1,0.3005132628809099,0
CNP0051858.1,CCCOC1=C2C[C@@H](C(C)(C)O)OC2=CC2=C1C(=O)C=C(C1(O)CCCCC1)O2,1.0,1,1.0,1,0.3579932773109244,0
CNP0121132.2,CCCCC(C)CC(C)C(=O)N1CCC[C@H]1C(=O)O[C@@H](C(=O)O[C@H](C(=O)O)[C@@H](C)CC)[C@@H](C)CC,1.0,1,1.0,1,0.3005132628809099,0
CNP0400611.2,CCOC(=O)[C@@H](CC1=CNC2=CC=CC=C12)NS(=O)(=O)C1=CC=C(OC)C(N2C=NN=N2)=C1,1.0,1,1.0,1,0.570211038961039,1
CNP0121132.3,CCCC[C@H](C)C[C@@H](C)C(=O)N1CCC[C@H]1C(=O)O[C@@H](C(=O)O[C@H](C(=O)O)[C@@H](C)CC)[C@@H](C)CC,1.0,1,1.0,1,0.3005132628809099,0
CNP0400611.1,CCOC(=O)[C@H](CC1=CNC2=CC=CC=C12)NS(=O)(=O)C1=CC=C(OC)C(N2C=NN=N2)=C1,1.0,1,1.0,1,0.570211038961039,1
CNP0515721.0,CCCCC1=NC2(CCCC2)C(=O)N1CC1=CC=C(C2=CC=CC=C2C2=NN=NN2)C=C1,0.9999998807907104,1,0.9999986886978149,1,0.395315233785822,0
CNP0495417.1,O=C(C1=CC=CC(Cl)=C1)N1C2=NC=NN2C2(CCCCC2)[C@@H]2CCCC[C@@H]21,0.9999998807907104,1,1.0,1,0.356087912087912,0
CNP0054896.1,CCCOC1=C2C[C@@H](C(C)(C)O)OC2=CC2=C1C(=O)C=C(C1(O)CCCC1)O2,0.9999997615814209,1,1.0,1,0.3823266106442577,0
CNP0505565.4,CC[C@H](C)[C@@H](NC(=O)OCC1=CC=CC=C1)C(=O)N[C@H](CC1=CC=CC=C1)C(=O)OC,0.9999995231628418,1,1.0,1,0.5385119047619048,1
CNP0505565.3,CC[C@H](C)[C@@H](NC(=O)OCC1=CC=CC=C1)C(=O)N[C@@H](CC1=CC=CC=C1)C(=O)OC,0.9999995231628418,1,1.0,1,0.5385119047619048,1
CNP0505565.2,CC[C@H](C)[C@H](NC(=O)OCC1=CC=CC=C1)C(=O)N[C@H](CC1=CC=CC=C1)C(=O)OC,0.9999995231628418,1,1.0,1,0.5385119047619048,1
CNP0505565.1,CC[C@H](C)[C@H](NC(=O)OCC1=CC=CC=C1)C(=O)N[C@@H](CC1=CC=CC=C1)C(=O)OC,0.9999995231628418,1,1.0,1,0.5385119047619048,1
CNP0583797.0,O=C(O)C1=CC=CC(NS(=O)(=O)C2=CC=C(Cl)C(C(=O)NC3=CC=CC=C3C(=O)O)=C2)=C1,0.9999994039535522,1,0.9951887130737305,1,0.2851802641802642,0
CNP0482523.1,CC(C)(O)[C@@H]1OC(=O)C=C2[C@H](CC[C@@]3(C)[C@H]2CC[C@H]2CC4=C(NC5=CC=CC=C45)[C@@]23C)O1,0.9999994039535522,1,1.0,1,0.3329087583913671,0
CNP0514587.0,C=C(CCCC(C)COC(C)=O)C1=CC=C(C(=O)O)C=C1O,0.9999992847442627,1,1.0,1,0.3031080450282578,0
CNP0139856.3,CC(=O)OC[C@H](C)CCC[C@](C)(O)C1=CC=C(C(=O)O)C=C1O,0.999998927116394,1,1.0,1,0.3909302506004634,0
CNP0139856.2,CC(=O)OC[C@@H](C)CCC[C@@](C)(O)C1=CC=C(C(=O)O)C=C1O,0.999998927116394,1,1.0,1,0.3909302506004634,0
CNP0139856.1,CC(=O)OC[C@@H](C)CCC[C@](C)(O)C1=CC=C(C(=O)O)C=C1O,0.999998927116394,1,1.0,1,0.3909302506004634,0
CNP0089471.1,CCOC(=O)C1=C/C(=C\CN2C=CN=C2CC(C)C)C2=C(C=C3O[C@H](C(C)(C)O)CC3=C2OC)O1,0.9999988079071045,1,1.0,1,0.477957758907759,0
CNP0251916.2,COC(=O)[C@@H](CC1=CC=CC=C1)NC(=O)C1(N)CCCCC1,0.9999986886978149,1,0.9999998807907104,1,0.4762047952047951,0
CNP0366664.1,COC1=C2C[C@@H](C(C)(C)O)OC2=CC2=C1C(=O)C=C(C1(O)CCCCC1)O2,0.9999980926513672,1,1.0,1,0.322409943977591,0
CNP0348711.1,CCC[C@@H](O)C[C@H](SC[C@@H](C(=O)O)N(C)C(=O)CC(C)C)[C@H](C)O,0.9999978542327881,1,0.9999996423721313,1,0.3961672061598532,0
CNP0341788.1,C[C@@H]1CCC[C@H](C)N1NC(=O)C1=CC=C(Cl)C(S(N)(=O)=O)=C1,0.9999977350234985,1,0.9999998807907104,1,0.4304350633027105,0
CNP0203298.8,NC1=NC(=O)N([C@@H]2O[C@H](CO)[C@H](O)[C@H]2O)C=C1,0.999997615814209,1,0.99937903881073,1,0.5682553537623647,1
CNP0203298.2,NC1=NC(=O)N([C@@H]2O[C@H](CO)[C@@H](O)[C@@H]2O)C=C1,0.999997615814209,1,0.99937903881073,1,0.5682553537623647,1
CNP0269774.1,N[C@@H](CSCS(=O)(=O)C[C@@H](O)C(=O)O)C(=O)O,0.999997615814209,1,0.9999994039535522,1,0.4083494425196552,0
CNP0203298.4,NC1=NC(=O)N([C@H]2O[C@@H](CO)[C@H](O)[C@@H]2O)C=C1,0.999997615814209,1,0.99937903881073,1,0.5682553537623647,1
CNP0203298.10,NC1=NC(=O)N([C@@H]2O[C@H](CO)[C@H](O)[C@@H]2O)C=C1,0.999997615814209,1,0.99937903881073,1,0.5682553537623647,1
CNP0203298.3,NC1=NC(=O)N([C@@H]2O[C@H](CO)[C@@H](O)[C@H]2O)C=C1,0.999997615814209,1,0.99937903881073,1,0.5682553537623647,1
CNP0203298.9,NC1=NC(=O)N([C@@H]2O[C@@H](CO)[C@H](O)[C@H]2O)C=C1,0.999997615814209,1,0.99937903881073,1,0.5682553537623647,1
CNP0203298.7,NC1=NC(=O)N([C@H]2O[C@H](CO)[C@@H](O)[C@@H]2O)C=C1,0.999997615814209,1,0.99937903881073,1,0.5682553537623647,1
CNP0203298.6,NC1=NC(=O)N([C@H]2O[C@H](CO)[C@H](O)[C@H]2O)C=C1,0.999997615814209,1,0.99937903881073,1,0.5682553537623647,1
CNP0203298.5,NC1=NC(=O)N([C@H]2O[C@H](CO)[C@@H](O)[C@H]2O)C=C1,0.999997615814209,1,0.99937903881073,1,0.5682553537623647,1
CNP0548411.1,NC1=NC=NC2=C1N=C(NCC1=CC=C(Cl)C(Cl)=C1)N2[C@@H]1O[C@H](CO)[C@@H](O)[C@H]1O,0.9999973773956299,1,0.9999997615814209,1,0.3152166139074483,0
CNP0594921.1,O=C(O)C1=CC=C(NC(=O)[C@H](CC2=CC=C(O)C=C2)NC(=O)C2=CC=CC=C2)C=C1,0.9999971389770508,1,0.9999982118606567,1,0.4252216117216117,0
CNP0269420.2,CCOC(=O)[C@H](CC1=CC=C(O)C=C1)NC(=O)OCC1=CC=CC=C1,0.9999971389770508,1,0.9999997615814209,1,0.5038026695526695,1
CNP0332537.0,O=C(NCC1(C2=CC=C(Cl)C=C2)CCCCC1)C1=CC=CC2=NC(CSC3=NNN=N3)=CN12,0.9999971389770508,1,0.04119803011417389,0,0.4211037157287158,0
CNP0269420.1,CCOC(=O)[C@@H](CC1=CC=C(O)C=C1)NC(=O)OCC1=CC=CC=C1,0.9999971389770508,1,0.9999997615814209,1,0.5038026695526695,1
CNP0536941.1,COCC(=O)N1C2=NC(C3=CC=C(Cl)C=C3)=NN2C2(CCCCC2)[C@@H]2CCCC[C@@H]21,0.9999966621398926,1,1.0,1,0.4746733723792547,0
CNP0516641.0,O=C(C1=NC(O)=C(C=C2C=NC3=CC(O)=CC=C23)N1)C1=CNC2=CC=C(Br)C=C12,0.999996542930603,1,0.9999998807907104,1,0.3283531746031745,0
CNP0514442.1,COC1=CC=C(C(=O)N[C@@H](CC2=CC=CC=C2)C(=O)OCC(=O)C2=CC=C(Cl)C=C2)C=C1OC,0.999996542930603,1,0.9999884366989136,1,0.5293228021978023,1
CNP0514442.2,COC1=CC=C(C(=O)N[C@H](CC2=CC=CC=C2)C(=O)OCC(=O)C2=CC=C(Cl)C=C2)C=C1OC,0.999996542930603,1,0.9999884366989136,1,0.5293228021978023,1
CNP0378816.1,NC1=NC2=C(N=C(SC/C=C/C3=CC=CC=C3)N2[C@@H]2O[C@H](CO)[C@@H](O)[C@H]2O)C(=O)N1,0.9999955892562866,1,0.9999862909317017,1,0.4413564213564214,0
CNP0545782.0,CCCCC(CC(C)CC)C(=O)O,0.9999955892562866,1,1.0,1,0.3752194003107316,0
CNP0171574.0,COC1=C2CN(C)CCC2=C(S(=O)(=O)NCCC2=CNC3=CC=C(Cl)C=C23)C2=C1OCO2,0.9999953508377075,1,1.0,1,0.3850785031961502,0
CNP0406772.1,CCCOC1=C2C[C@@H](C(C)(C)O)OC2=CC2=C1/C(=C/CN1C=CN=C1)C=C(C(=O)OCC)O2,0.999995231628418,1,1.0,1,0.5317690179101946,1
CNP0540624.0,CCC(C)CCC(N)C(O)C(=O)NC(CC(C)C)C(=O)N1CCCC1C(=O)N1CCCC1C(=O)O,0.999995231628418,1,1.0,1,0.4570248068924539,0
CNP0455689.1,CC[C@H](C)[C@H](NC(=O)[C@@H](N)[C@@H](C)O)C(=O)O,0.9999949932098389,1,1.0,1,0.4315530564207034,0
CNP0542698.1,CCCCC(=O)N(CC1=CC=C(C2=CC=CC=C2C2=NN=NN2)C=C1)[C@H](C(=O)O)C(C)C,0.9999945163726807,1,1.0,1,0.4157645622351505,0
CNP0015414.1,CC(C)CS(=O)(=O)N[C@H](C)C1=C(C(=O)O)C(C2=CC=C(Cl)C=C2)=NO1,0.9999945163726807,1,1.0,1,0.488601396969044,0
CNP0283120.1,CCCC(=O)[C@H](C)NC(=O)CC[C@H](N)C(=O)O,0.999994158744812,1,1.0,1,0.3464629230922334,0
CNP0504100.1,COCC(=O)N1C2=NC(C3CCCCC3)=NN2C2(CCCCC2)[C@@H]2CCCC[C@@H]21,0.9999938011169434,1,1.0,1,0.4436629106187929,0
CNP0386258.1,NC1=NC2=C(N=C(SCC3=CC=C(Cl)C(Cl)=C3)N2[C@@H]2O[C@H](CO)[C@@H](O)[C@H]2O)C(=O)N1,0.9999936819076538,1,0.9999905824661255,1,0.3503451690153817,0
CNP0377394.1,NC1=NC2=C(N=C(SCC3=CC=C(Cl)C=C3Cl)N2[C@@H]2O[C@H](CO)[C@@H](O)[C@H]2O)C(=O)N1,0.999992847442627,1,0.9999936819076538,1,0.4080402239604367,0
CNP0364275.1,COC(=O)[C@@H](CC1=CC=CC=C1)NC(=O)C1(NC(=O)OC(C)(C)C)CCCCC1,0.9999915361404419,1,0.9999996423721313,1,0.5382579365079364,1
CNP0071015.0,COC(=O)C(CC1=CC=C(O)C=C1)NC(=O)C1=CC=CC=C1,0.9999912977218628,1,0.9996675252914429,1,0.4197063492063491,0
CNP0513120.2,CC[C@H](C)[C@H](NC(C)=O)C(=O)N(C)[C@@H](CC1=CC=C(O)C=C1)C(=O)N/C=C\C1=CNC2=CC=CC=C12,0.999990701675415,1,0.9999998807907104,1,0.4264415584415584,0
CNP0513120.1,CC[C@H](C)[C@H](NC(C)=O)C(=O)N(C)[C@@H](CC1=CC=C(O)C=C1)C(=O)N/C=C/C1=CNC2=CC=CC=C12,0.999990701675415,1,0.9999998807907104,1,0.4264415584415584,0
CNP0009854.1,COC(=O)[C@@H](CC1=CC=C(O)C=C1)NC(=O)[C@@H](NC(=O)OCC1=CC=CC=C1)C(C)C,0.9999902248382568,1,1.0,1,0.4488809523809524,0
CNP0009854.4,COC(=O)[C@H](CC1=CC=C(O)C=C1)NC(=O)[C@H](NC(=O)OCC1=CC=CC=C1)C(C)C,0.9999902248382568,1,1.0,1,0.4488809523809524,0
CNP0009854.2,COC(=O)[C@H](CC1=CC=C(O)C=C1)NC(=O)[C@@H](NC(=O)OCC1=CC=CC=C1)C(C)C,0.9999902248382568,1,1.0,1,0.4488809523809524,0
CNP0009854.3,COC(=O)[C@@H](CC1=CC=C(O)C=C1)NC(=O)[C@H](NC(=O)OCC1=CC=CC=C1)C(C)C,0.9999902248382568,1,1.0,1,0.4488809523809524,0
CNP0093426.1,CCCOC1=C2C[C@@H](C(C)(C)O)OC2=CC2=C1/C(=C/CC(C)C)C=C(C(=O)OCC)O2,0.9999895095825195,1,1.0,1,0.4325890997890998,0
CNP0015691.1,CCCS(=O)(=O)NC1=CC=C2[C@@H]3C[C@@H](CN(C(=O)C4=CC=CC(C(=O)O)=C4)C3)CN2C1=O,0.9999887943267822,1,0.9999998807907104,1,0.37404662004662,0
CNP0060524.1,COC(=O)CC[C@H](C)[C@H]1CC[C@H]2[C@H]3C(=O)C[C@@H]4CCCC[C@]4(C)[C@H]3CC(=O)[C@]12C,0.9999881982803345,1,1.0,1,0.393296176046176,0
CNP0060524.2,COC(=O)CC[C@H](C)[C@H]1CC[C@H]2[C@H]3C(=O)C[C@@H]4CCCC[C@]4(C)[C@@H]3CC(=O)[C@]12C,0.9999881982803345,1,1.0,1,0.393296176046176,0
CNP0060524.3,COC(=O)CC[C@H](C)[C@H]1CC[C@@H]2[C@H]3C(=O)C[C@@H]4CCCC[C@]4(C)[C@@H]3CC(=O)[C@@]21C,0.9999881982803345,1,1.0,1,0.393296176046176,0
CNP0060524.4,COC(=O)CC[C@H](C)[C@H]1CC[C@@H]2[C@H]3C(=O)C[C@@H]4CCCC[C@]4(C)[C@H]3CC(=O)[C@@]21C,0.9999881982803345,1,1.0,1,0.393296176046176,0
CNP0375303.4,C[C@@]1(CN2C=CN=N2)[C@H](C(=O)O)N2C(=O)C[C@H]2S1(=O)=O,0.9999871253967285,1,0.9999991655349731,1,0.2816407881334351,0
CNP0375303.2,C[C@]1(CN2C=CN=N2)[C@H](C(=O)O)N2C(=O)C[C@H]2S1(=O)=O,0.9999871253967285,1,0.9999991655349731,1,0.2816407881334351,0
CNP0375303.3,CC1(CN2C=CN=N2)[C@H](C(=O)O)N2C(=O)C[C@H]2S1(=O)=O,0.9999871253967285,1,0.9999991655349731,1,0.2816407881334351,0
CNP0237913.1,CC(=O)OC[C@@H](C)CCC[C@@](C)(O)C1=CC=C(C(=O)O)C=C1,0.9999865293502808,1,0.9999994039535522,1,0.3350477703356301,0
CNP0416647.1,CC[C@@H](C)[C@H](NC(C)=O)C(=O)N(C)[C@H](CC1=CC=C(O)C=C1)C(=O)N[C@@H](CC(C)C)C(=O)OC,0.9999864101409912,1,1.0,1,0.4298004201680673,0
CNP0140968.1,C[C@@H](NS(=O)(=O)C1=CC=CC=C1)C1=C(C(=O)O)C(C2=CC=C(Cl)C=C2)=NO1,0.9999852180480957,1,0.9999183416366577,1,0.3411022588522587,0
CNP0380396.1,NC1=NC2=C(N=C(SCC3=CC=C(Cl)C=C3)N2[C@@H]2O[C@H](CO)[C@@H](O)[C@H]2O)C(=O)N1,0.9999850988388062,1,0.9998005032539368,1,0.3280185152769634,0
CNP0573852.1,C[C@@H](NC(=O)[C@H](CC1=CC=CC=C1)NC(=O)OCC1=CC=CC=C1)C(=O)CCO,0.9999849796295166,1,1.0,1,0.583427183927184,1
CNP0495632.1,CCCC1=NN2C(=N1)N(C(=O)COC)[C@H]1CCCC[C@H]1C21CCCCC1,0.999984622001648,1,0.9999998807907104,1,0.4561110474492827,0
CNP0152826.2,CC1=C(C(=O)O)N2C(=O)[C@@H](NC(=O)[C@@H](N)C3=CC=CC(NS(C)(=O)=O)=C3)[C@H]2SC1,0.9999836683273315,1,0.9993076324462891,1,0.3700727883227883,0
CNP0152826.1,CC1=C(C(=O)O)N2C(=O)[C@@H](NC(=O)[C@H](N)C3=CC=CC(NS(C)(=O)=O)=C3)[C@H]2SC1,0.9999836683273315,1,0.9993076324462891,1,0.3700727883227883,0
CNP0192527.1,COC[C@H]1CCCN1C(=O)C1=C([C@H](C)O)ON=C1C1=CC=C(Cl)C=C1,0.9999831914901733,1,1.0,1,0.4957253710341945,0
CNP0540071.1,O=C(C1=CC=CC=C1Cl)N1C2=NC=NN2C2(CCCCC2)[C@@H]2CCCC[C@@H]21,0.9999831914901733,1,0.9999998807907104,1,0.3326082251082251,0
CNP0296954.0,COC1=CC=C(S(=O)(=O)NC2=CC=C(C(=O)NCC(=O)O)C=C2)C=C1N1C=NN=N1,0.9999829530715942,1,0.9999954700469971,1,0.3915611471861471,0
CNP0596384.1,O=C(O)C1=CC(O)=NC(=O)N1[C@@H]1O[C@H](CO)[C@@H](O)[C@H]1O,0.9999814033508301,1,0.9999582767486572,1,0.3646047555385789,0
CNP0156814.0,CSC1=NC(=O)C2(CCCCC2)N1,0.9999808073043823,1,0.9999924898147583,1,0.2716976221178349,0
CNP0325258.1,CC1CCN(C2=NC3=C(N=C(N)NC3=O)N2[C@@H]2O[C@H](CO)[C@@H](O)[C@H]2O)CC1,0.9999788999557495,1,0.9999971389770508,1,0.4839933261183262,0
CNP0074707.2,C[C@H](O)[C@@H]1C(=O)N2C(C(=O)O)=C(S[C@@H]3CN[C@H](CNS(N)(=O)=O)C3)[C@@H](C)[C@@H]12,0.99997878074646,1,0.9999990463256836,1,0.424777023272236,0
CNP0074707.1,C[C@@H](O)[C@H]1C(=O)N2C(C(=O)O)=C(S[C@@H]3CN[C@H](CNS(N)(=O)=O)C3)[C@H](C)[C@H]12,0.99997878074646,1,0.9999990463256836,1,0.424777023272236,0
CNP0481584.2,COC1=CC=C(C(=O)N[C@@H](CC2=CC=CC=C2)C(=O)OCC(=O)C2=CC=C(C)C=C2)C=C1OC,0.9999774694442749,1,0.9999736547470093,1,0.5596150793650794,1
CNP0481584.1,COC1=CC=C(C(=O)N[C@H](CC2=CC=CC=C2)C(=O)OCC(=O)C2=CC=C(C)C=C2)C=C1OC,0.9999774694442749,1,0.9999736547470093,1,0.5596150793650794,1
CNP0254532.1,CC(C)(O)[C@@H]1CO[C@@](C)([C@H]2[C@@H](O)C[C@@]3(C)[C@@H]4C[C@H](O)[C@H]5C(C)(C)[C@@H](O)CC[C@@]56C[C@@]46CC[C@]23C)C1,0.9999761581420898,1,1.0,1,0.4334442585192585,0
CNP0051199.0,NC1=NC=NC2=C1N=C(Cl)N2C1OC(CO)C(O)C1O,0.9999755620956421,1,0.9999830722808838,1,0.3737258783358305,0
CNP0015768.1,O=C(O)C1=CC=CC(C(=O)N2C[C@@H]3C[C@H](C2)C2=CC=C(NS(=O)(=O)C4=CC=CC=C4)C(=O)N2C3)=C1,0.9999741315841675,1,0.9997431635856628,1,0.3206021756021756,0
CNP0411958.1,CCOC(=O)[C@H](CC1=CC=C(O)C=C1)NC(C)=O,0.9999700784683228,1,0.9999977350234985,1,0.5340980392156862,1
CNP0412516.1,NC1=NC2=C(N=C(N3CCCCC3)N2[C@@H]2O[C@H](CO)[C@@H](O)[C@H]2O)C(=O)N1,0.9999693632125854,1,0.9999979734420776,1,0.4302208747135218,0
CNP0277815.3,COC(=O)[C@@H](CC1=CC=C(O)C=C1)NC(=O)[C@@H](CCSC)NC(=O)OCC1=CC=CC=C1,0.9999691247940063,1,0.9999997615814209,1,0.538809635104848,1
CNP0277815.1,COC(=O)[C@H](CC1=CC=C(O)C=C1)NC(=O)[C@@H](CCSC)NC(=O)OCC1=CC=CC=C1,0.9999691247940063,1,0.9999997615814209,1,0.538809635104848,1
CNP0277815.4,COC(=O)[C@H](CC1=CC=C(O)C=C1)NC(=O)[C@H](CCSC)NC(=O)OCC1=CC=CC=C1,0.9999691247940063,1,0.9999997615814209,1,0.538809635104848,1
CNP0277815.2,COC(=O)[C@@H](CC1=CC=C(O)C=C1)NC(=O)[C@H](CCSC)NC(=O)OCC1=CC=CC=C1,0.9999691247940063,1,0.9999997615814209,1,0.538809635104848,1
CNP0289449.3,CCCC[S@](=N)(=O)CC[C@H](N)C(=O)O,0.9999653100967407,1,0.9999699592590332,1,0.420557685778274,0
CNP0289449.2,CCCC[S@@](=N)(=O)CC[C@@H](N)C(=O)O,0.9999653100967407,1,0.9999699592590332,1,0.420557685778274,0
CNP0289449.4,CCCC[S@@](=N)(=O)CC[C@H](N)C(=O)O,0.9999653100967407,1,0.9999699592590332,1,0.420557685778274,0
CNP0289449.1,CCCC[S@](=N)(=O)CC[C@@H](N)C(=O)O,0.9999653100967407,1,0.9999699592590332,1,0.420557685778274,0
CNP0049127.3,N#CC1=CN([C@H]2O[C@@H](CO)[C@@H](O)[C@@H]2O)C(=O)N=C1N,0.9999642372131348,1,0.9949264526367188,1,0.474701783360597,0
CNP0049127.1,N#CC1=CN([C@H]2O[C@@H](CO)[C@@H](O)[C@H]2O)C(=O)N=C1N,0.9999642372131348,1,0.9949264526367188,1,0.474701783360597,0
CNP0049127.2,N#CC1=CN([C@@H]2O[C@@H](CO)[C@@H](O)[C@H]2O)C(=O)N=C1N,0.9999642372131348,1,0.9949264526367188,1,0.474701783360597,0
CNP0049127.4,N#CC1=CN([C@@H]2O[C@@H](CO)[C@@H](O)[C@@H]2O)C(=O)N=C1N,0.9999642372131348,1,0.9949264526367188,1,0.474701783360597,0
CNP0530722.1,CCC1=NN2C(=N1)N(C(=O)COC)[C@H]1CCCC[C@H]1C21CCCCC1,0.9999638795852661,1,0.9999998807907104,1,0.4711052754435107,0
CNP0091041.1,CC(=O)OCC[C@H](NC(=O)[C@@H](CC1=CC=C(O)C=C1)NC(=O)C1=CC=CC=C1)C1=CC=C(O)C=C1,0.9999631643295288,1,0.9999723434448242,1,0.4260555555555555,0
CNP0479072.0,COC(=O)C(CC1=CC=CC=C1)NC(=O)CCC1N=C(O)C2=CC=CC=C2N=C1O,0.9999628067016602,1,0.9999977350234985,1,0.4848886554621848,0
CNP0071338.1,CC(C)(O)[C@@H]1OC(=O)C=C2[C@H](CC[C@@]3(C)[C@@]2(O)CC[C@H]2CC4=C(NC5=CC=CC=C45)[C@@]23C)O1,0.9999626874923706,1,0.9999997615814209,1,0.4235314383933574,0
CNP0316200.1,CC[C@H](C)[C@H](O)[C@@](C)(O)[C@H](O)[C@@H](C)C(=O)O,0.9999619722366333,1,1.0,1,0.2822922587892162,0
CNP0227121.1,CO[C@@](C)(CCCC(C)C)C1=CC=C(C(=O)O)C=C1O,0.9999614953994751,1,0.9999961853027344,1,0.3507177489177489,0
CNP0227121.2,CO[C@](C)(CCCC(C)C)C1=CC=C(C(=O)O)C=C1O,0.9999614953994751,1,0.9999961853027344,1,0.3507177489177489,0
CNP0582554.2,O=C(NC1=CC=CC(Cl)=C1)[C@@H]1SC2=NN=C(C3=CC=CC=C3)N2NC12CCCCC2,0.9999608993530273,1,0.9999934434890747,1,0.367005559852334,0
CNP0582554.1,O=C(NC1=CC=CC(Cl)=C1)[C@H]1SC2=NN=C(C3=CC=CC=C3)N2NC12CCCCC2,0.9999608993530273,1,0.9999934434890747,1,0.367005559852334,0
CNP0462485.1,CO[C@](C)(CCCC(C)(C)O)C1=CC=C(C(=O)O)C=C1O,0.9999606609344482,1,0.9999996423721313,1,0.325298015873016,0
CNP0603942.2,O=C(NC1=CC=CC=C1Cl)[C@H]1SC2=NN=C(C3=CC=CC=C3)N2NC12CCCCC2,0.9999599456787109,1,0.9999983310699463,1,0.3725407092907092,0
CNP0603942.1,O=C(NC1=CC=CC=C1Cl)[C@@H]1SC2=NN=C(C3=CC=CC=C3)N2NC12CCCCC2,0.9999599456787109,1,0.9999983310699463,1,0.3725407092907092,0
CNP0574624.1,NC1=NC(=O)N([C@@H]2O[C@H](CO)[C@@H](O)[C@H]2O)C=[NH+]1,0.9999591112136841,1,0.9983890056610107,1,0.4661596063724997,0
CNP0154453.1,O=C(C1=CC=C(Cl)C=C1)N1C[C@@H]2COCCN2C2(C1)CN(S(=O)(=O)C1=CC=CC=C1)C2,0.9999576807022095,1,0.9994332194328308,1,0.3768675034116209,0
CNP0177645.3,CC1=CC(=O)O[C@H]1C[C@]1(C)[C@@H](C)CC[C@@]2(C)C(C(=O)O)=CCC[C@@H]12,0.9999556541442871,1,0.9999994039535522,1,0.4071084748584749,0
CNP0177645.1,CC1=CC(=O)O[C@H]1C[C@@]1(C)[C@H](C)CC[C@]2(C)C(C(=O)O)=CCC[C@H]12,0.9999556541442871,1,0.9999994039535522,1,0.4071084748584749,0
CNP0177645.2,CC1=CC(=O)O[C@@H]1C[C@@]1(C)[C@H](C)CC[C@]2(C)C(C(=O)O)=CCC[C@H]12,0.9999556541442871,1,0.9999994039535522,1,0.4071084748584749,0
CNP0553299.0,COCCN1C(=O)CC2(CCN(S(=O)(=O)C3=CC=CC(Cl)=C3)CC2)N2N=CC=C12,0.9999549388885498,1,0.9999366998672485,1,0.3617936507936508,0
CNP0280737.6,CC[C@@H](O)C[C@H]1CC[C@@H]([C@@H](C)C(=O)O[C@@H](C)C[C@@H]2CC[C@@H]([C@@H](C)C(=O)O)O2)O1,0.9999537467956543,1,1.0,1,0.4140821160135929,0
CNP0280737.12,CC[C@@H](O)C[C@@H]1CC[C@@H]([C@@H](C)C(=O)O[C@@H](C)C[C@@H]2CC[C@@H]([C@@H](C)C(=O)O)O2)O1,0.9999537467956543,1,1.0,1,0.4140821160135929,0
CNP0280737.2,CC[C@@H](O)C[C@H]1CC[C@H]([C@H](C)C(=O)O[C@@H](C)C[C@H]2CC[C@H]([C@H](C)C(=O)O)O2)O1,0.9999537467956543,1,1.0,1,0.4140821160135929,0
CNP0280737.11,CC[C@H](O)C[C@@H]1CC[C@@H]([C@@H](C)C(=O)O[C@@H](C)C[C@@H]2CC[C@@H]([C@@H](C)C(=O)O)O2)O1,0.9999537467956543,1,1.0,1,0.4140821160135929,0
CNP0280737.5,CC[C@H](O)C[C@@H]1CC[C@H]([C@@H](C)C(=O)O[C@@H](C)C[C@@H]2CC[C@H]([C@@H](C)C(=O)O)O2)O1,0.9999537467956543,1,1.0,1,0.4140821160135929,0
CNP0280737.13,CC[C@H](O)C[C@@H]1CC[C@H]([C@H](C)C(=O)O[C@H](C)C[C@@H]2CC[C@@H]([C@H](C)C(=O)O)O2)O1,0.9999537467956543,1,1.0,1,0.4140821160135929,0
CNP0280737.4,CC[C@H](O)C[C@@H]1CC[C@H]([C@H](C)C(=O)O[C@H](C)C[C@@H]2CC[C@H]([C@H](C)C(=O)O)O2)O1,0.9999537467956543,1,1.0,1,0.4140821160135929,0
CNP0280737.3,CC[C@H](O)C[C@H]1CC[C@H]([C@H](C)C(=O)O[C@H](C)C[C@H]2CC[C@H]([C@H](C)C(=O)O)O2)O1,0.9999537467956543,1,1.0,1,0.4140821160135929,0
CNP0280737.1,CC[C@@H](O)C[C@H]1CC[C@@H]([C@H](C)C(=O)O[C@@H](C)C[C@@H]2CC[C@H]([C@@H](C)C(=O)O)O2)O1,0.9999537467956543,1,1.0,1,0.4140821160135929,0
CNP0280737.8,CC[C@H](O)C[C@H]1CC[C@H]([C@@H](C)C(=O)O[C@@H](C)C[C@@H]2CC[C@H]([C@@H](C)C(=O)O)O2)O1,0.9999537467956543,1,1.0,1,0.4140821160135929,0
CNP0280737.15,CC[C@H](O)C[C@@H]1CC[C@H]([C@H](C)C(=O)O[C@H](C)C[C@@H]2CC[C@H]([C@@H](C)C(=O)O)O2)O1,0.9999537467956543,1,1.0,1,0.4140821160135929,0
CNP0280737.9,CC[C@@H](O)C[C@@H]1CC[C@H]([C@@H](C)C(=O)O[C@@H](C)C[C@@H]2CC[C@H]([C@@H](C)C(=O)O)O2)O1,0.9999537467956543,1,1.0,1,0.4140821160135929,0
CNP0280737.7,CC[C@H](O)C[C@H]1CC[C@@H]([C@@H](C)C(=O)O[C@@H](C)C[C@@H]2CC[C@@H]([C@@H](C)C(=O)O)O2)O1,0.9999537467956543,1,1.0,1,0.4140821160135929,0
CNP0280737.14,CC[C@H](O)C[C@@H]1CC[C@H]([C@H](C)C(=O)O[C@H](C)C[C@@H]2CC[C@@H]([C@@H](C)C(=O)O)O2)O1,0.9999537467956543,1,1.0,1,0.4140821160135929,0
CNP0280737.10,CC[C@@H](O)C[C@H]1CC[C@H]([C@@H](C)C(=O)O[C@@H](C)C[C@@H]2CC[C@H]([C@@H](C)C(=O)O)O2)O1,0.9999537467956543,1,1.0,1,0.4140821160135929,0
CNP0441056.1,COC(=O)[C@H](CC1=CC=C(O)C=C1)NC(=O)CC(C)C,0.9999535083770752,1,0.999994158744812,1,0.5398282828282827,1
CNP0138604.1,O=C(O)[C@@H]1CC2=CNC3=CC=C(O)C(=C23)C(C2=CNC3=CC=C(O)C=C23)=N1,0.999953031539917,1,1.0,1,0.3862888973771327,0
CNP0115667.1,CCOC(=O)C1=C/C(=C\CN2C=CN=C2)C2=C(C=C3O[C@H](C(C)(C)O)CC3=C2OC2CCCCC2)O1,0.9999529123306274,1,1.0,1,0.4379698171109936,0
CNP0102675.1,CC1CCC=C(C(=O)O)C12CC[C@@H](C(C)(C)O)C2,0.9999527931213379,1,0.999997615814209,1,0.3984328446966745,0
CNP0102675.2,C[C@@H]1CCC=C(C(=O)O)[C@@]12CC[C@@H](C(C)(C)O)C2,0.9999527931213379,1,0.999997615814209,1,0.3984328446966745,0
CNP0308098.3,CC[C@H](C[C@@H]1CC[C@H]([C@H](C)C(=O)O)O1)OC(=O)[C@H](C)[C@H]1CC[C@@H](CC(C)=O)O1,0.9999488592147827,1,1.0,1,0.4202681146554738,0
CNP0308098.4,CC[C@H](C[C@@H]1CC[C@H]([C@H](C)C(=O)O)O1)OC(=O)[C@H](C)[C@@H]1CC[C@H](CC(C)=O)O1,0.9999488592147827,1,1.0,1,0.4202681146554738,0
CNP0308098.2,CC[C@H](C[C@@H]1CC[C@H]([C@H](C)C(=O)O)O1)OC(=O)[C@H](C)[C@@H]1CC[C@@H](CC(C)=O)O1,0.9999488592147827,1,1.0,1,0.4202681146554738,0
CNP0308098.1,CC[C@H](C[C@@H]1CC[C@H]([C@H](C)C(=O)O)O1)OC(=O)[C@H](C)[C@H]1CC[C@H](CC(C)=O)O1,0.9999488592147827,1,1.0,1,0.4202681146554738,0
CNP0426029.1,CC[C@@H](C)[C@H](NC(C)=O)C(=O)N(C)[C@@H](CC1=CC=CC=C1)C(=O)N/C=C/C1=CNC2=CC=CC=C12,0.9999473094940186,1,0.9999997615814209,1,0.4910443722943723,0
CNP0426029.2,CC[C@@H](C)[C@H](NC(C)=O)C(=O)N(C)[C@@H](CC1=CC=CC=C1)C(=O)N/C=C\C1=CNC2=CC=CC=C12,0.9999473094940186,1,0.9999997615814209,1,0.4910443722943723,0
CNP0391630.1,O=C(O)C1=CC(=O)NC(=O)N1[C@@H]1O[C@H](CO)[C@@H](O)[C@H]1O,0.9999443292617798,1,0.9999488592147827,1,0.319545248097039,0
CNP0258416.1,CS(=N)(=O)CC[C@H](NC(=O)CC[C@H](N)C(=O)O)C(=O)O,0.9999430179595947,1,0.9999997615814209,1,0.3792474959680841,0
CNP0502311.1,O=C(C1=CC=C(Cl)C=C1)N1C2=NC=NN2C2(CCCCC2)[C@@H]2CCCC[C@@H]21,0.9999420642852783,1,0.9999997615814209,1,0.3309959468635939,0
CNP0116727.1,COC(=O)[C@@H]1CC2=C(CN1S(=O)(=O)C1=CC=CC3=CC=CN=C13)N(CC1=CC=C(Cl)C=C1)C=N2,0.9999407529830933,1,0.9990467429161072,1,0.421631221719457,0
CNP0365374.2,CC1=CC=C(S(=O)(=O)N[C@H](CC2=CC=CC=C2)C(=O)N2CCC[C@@H]2C(=O)O)C=C1,0.9999396800994873,1,0.9999680519104004,1,0.5385602453102453,1
CNP0365374.1,CC1=CC=C(S(=O)(=O)N[C@@H](CC2=CC=CC=C2)C(=O)N2CCC[C@@H]2C(=O)O)C=C1,0.9999396800994873,1,0.9999680519104004,1,0.5385602453102453,1
CNP0093404.1,CCOC(=O)C1=C/C(=C\C(C)C)C2=C(C=C3O[C@H](C(C)(C)O)CC3=C2OC)O1,0.9999387264251709,1,1.0,1,0.3598533910533911,0
CNP0577262.0,CCCC1=NC(C(C)(C)O)=C(C(=O)O)N1CC1=CC=C(C2=CC=CC=C2C2=NN=NN2)C=C1,0.9999376535415649,1,0.9999717473983765,1,0.3444956465630089,0
CNP0215188.1,NC1=NC(=O)N([C@@H]2O[C@H](CO)[C@@H](O)[C@H]2O)C=N1,0.999934196472168,1,0.9995971322059631,1,0.5291883111558485,1
CNP0215188.2,NC1=NC(=O)N([C@@H]2O[C@H](CO)[C@@H](O)[C@@H]2O)C=N1,0.999934196472168,1,0.9995971322059631,1,0.5291883111558485,1
CNP0215188.3,NC1=NC(=O)N([C@@H]2O[C@H](CO)[C@H](O)[C@H]2O)C=N1,0.999934196472168,1,0.9995971322059631,1,0.5291883111558485,1
CNP0586501.0,CC(=O)NC1(C(=O)O)CCCCC1,0.999934196472168,1,0.9999904632568359,1,0.2714858087818614,0
CNP0558788.0,CCC(C)C(NC(=O)C(CC1=CC=CC=C1)NC(=O)N1C2=CC=CC=C2N=C(O)C1C(C)C)C(=O)O,0.9999333620071411,1,1.0,1,0.5906756970627938,1
CNP0460844.0,C=C(CCCC(C)(C)O)C1=CC=C(C(=O)O)C=C1O,0.9999309778213501,1,0.999996542930603,1,0.2345990259740259,0
CNP0371104.1,CC(C)(O)[C@@H]1CC2=C(C=C3OC(C4(O)CCCCC4)=CC(=O)C3=C2OC2CCCC2)O1,0.9999302625656128,1,1.0,1,0.3466718487394958,0
CNP0149546.1,CC[C@@H](C)C[C@@H](C)[C@@H](OC(=O)[C@H](C)[C@@H](O)[C@@H](C)C[C@@H](C)CC)[C@@H](C)C(=O)O,0.9999297857284546,1,0.9999985694885254,1,0.3383079626256096,0
CNP0361620.1,CC1CCN(C2=NC3=C(N)N=CN=C3N2[C@@H]2O[C@H](CO)[C@@H](O)[C@H]2O)CC1,0.999929666519165,1,0.9999923706054688,1,0.475843138005656,0
CNP0101356.1,CC(=O)OCC[C@H](NC(=O)[C@@H](CC1=CC=C(O)C=C1)NC(=O)C1=CC=CC=C1)C1=CC=CC=C1,0.9999290704727173,1,0.9999135732650757,1,0.4235674603174603,0
CNP0074013.0,CCC(C)CC(C)C(=O)OC1(C)C(=O)C2=CN=C(C(=O)O)C=C2C=C1O,0.9999279975891113,1,0.9999924898147583,1,0.3536095832272303,0
CNP0593662.0,O=C(C1=NC(O)=C(C=C2C=NC3=CC=CC=C23)N1)C1=CNC2=CC=C(Br)C=C12,0.9999240636825562,1,0.9998527765274048,1,0.2917422438672438,0
CNP0309893.2,C[C@H](CC[C@H](O)C(C)(C)O)[C@@H]1[C@@H](O)C[C@@]2(C)[C@@H]3C[C@H](O)[C@H]4C(C)(C)[C@@H](O)CC[C@@]45C[C@@]35CC[C@]12C,0.999923825263977,1,1.0,1,0.4300620474296945,0
CNP0309893.1,C[C@H](CC[C@@H](O)C(C)(C)O)[C@H]1[C@@H](O)C[C@@]2(C)[C@@H]3C[C@H](O)[C@H]4C(C)(C)[C@@H](O)CC[C@@]45C[C@@]35CC[C@]12C,0.999923825263977,1,1.0,1,0.4300620474296945,0
CNP0309893.3,C[C@H](CC[C@H](O)C(C)(C)O)[C@H]1[C@@H](O)C[C@@]2(C)[C@@H]3C[C@H](O)[C@H]4C(C)(C)[C@@H](O)CC[C@@]45C[C@@]35CC[C@]12C,0.999923825263977,1,1.0,1,0.4300620474296945,0
CNP0435938.0,C=C(CCCC(C)CO)C1=CC=C(C(=O)O)C=C1O,0.9999200105667114,1,0.9999998807907104,1,0.2514422493215597,0
CNP0112651.1,COC(=O)[C@H](C)[C@H](O)CC[C@](C)(O)CCCC(C)CCC(=O)C(C)(C)CCCC(C)=O,0.9999189376831055,1,1.0,1,0.4397110418820945,0
CNP0506157.2,CC(=O)N[C@H](COC(=O)[C@@H](CC1=CC=CC=C1)NC(=O)C1=CC=CC=C1)CC1=CC=CC=C1,0.9999167919158936,1,0.9981350898742676,1,0.4597287157287157,0
CNP0506157.1,CC(=O)N[C@H](COC(=O)[C@H](CC1=CC=CC=C1)NC(=O)C1=CC=CC=C1)CC1=CC=CC=C1,0.9999167919158936,1,0.9981350898742676,1,0.4597287157287157,0
CNP0089527.1,CCOC(=O)C1=C/C(=C\CN2C=CN=C2)C2=C(C=C3O[C@H]([C@@](C)(O)C4CCCC4)CC3=C2OC)O1,0.9999154806137085,1,1.0,1,0.4829307783719549,0
CNP0582062.1,COC[C@H](O)CN1C(=O)C=NN(C2=CC=C(Cl)C(C(=O)NCC3(O)CCCCCC3)=C2)C1=O,0.9999140501022339,1,1.0,1,0.4124141414141414,0
CNP0100589.1,CCOC(=O)C1=C/C(=C\CC(C)C)C2=C(C=C3O[C@H](C(C)(C)O)CC3=C2OC)O1,0.9999128580093384,1,1.0,1,0.3889367243867244,0
CNP0488940.2,COC(=O)[C@@H](CC1=CC=CC=C1)NC(=O)C1=CC(OC)=C(OC)C(OC)=C1,0.9999121427536011,1,0.9999732971191406,1,0.5267889610389611,1
CNP0488940.1,COC(=O)[C@H](CC1=CC=CC=C1)NC(=O)C1=CC(OC)=C(OC)C(OC)=C1,0.9999121427536011,1,0.9999732971191406,1,0.5267889610389611,1
CNP0331161.1,CC[C@H](C)C[C@H](C)[C@H](O)[C@@H](C)C(=O)O,0.9999121427536011,1,0.999996542930603,1,0.2621035059711529,0
CNP0014833.1,CC(C)S(=O)(=O)N[C@H](C)C1=C(C(=O)O)C(C2=CC=C(Cl)C=C2)=NO1,0.9999098777770996,1,0.9999986886978149,1,0.4779347303023773,0
CNP0571722.1,CO[C@H]1OC(=O)C=C1CC[C@@]1(C)[C@H](C)CC[C@@]2(C)C(C(=O)O)=CCC[C@H]12,0.9999098777770996,1,0.9999858140945435,1,0.4256203007518798,0
CNP0571722.2,CO[C@@H]1OC(=O)C=C1CC[C@@]1(C)[C@H](C)CC[C@@]2(C)C(C(=O)O)=CCC[C@H]12,0.9999098777770996,1,0.9999858140945435,1,0.4256203007518798,0
CNP0598915.0,OCC1OC(N2C(=NCC3=CC=CC=C3)NC3=C(O)N=CN=C32)C(O)C1O,0.9999052286148071,1,0.9984791874885559,1,0.405380961522138,0
CNP0546195.1,NC1=NC(=O)NC2=C1N=CN2[C@@H]1O[C@H](CO)[C@@H](O)[C@H]1O,0.999904990196228,1,0.9971004128456116,1,0.4316915266106443,0
CNP0546195.3,NC1=NC(=O)NC2=C1N=CN2[C@@H]1O[C@@H](CO)[C@H](O)[C@@H]1O,0.999904990196228,1,0.9971004128456116,1,0.4316915266106443,0
CNP0546195.2,NC1=NC(=O)NC2=C1N=CN2[C@H]1O[C@@H](CO)[C@H](O)[C@@H]1O,0.999904990196228,1,0.9971004128456116,1,0.4316915266106443,0
CNP0017888.0,NC1=NC=C2N=CN(C3OC(CO)C(O)C3O)C2=N1,0.9999040365219116,1,0.9976916313171387,1,0.4756790868919801,0
CNP0596618.1,C[C@@H](C(=O)N1CCOCC1)N1CC[C@H](NS(=O)(=O)C2=CC3=CC(Cl)=CC=C3N2)C1=O,0.999900221824646,1,0.999993085861206,1,0.3560109416727063,0
CNP0562625.0,COC1=CC=C(C(=O)O)C=C1S(=O)(=O)NCC1=CC=CC=C1,0.9998977184295654,1,0.9983807802200317,1,0.4739925491175492,0
CNP0510446.0,COC1=CC=C(C(=O)O)C=C1S(=O)(=O)NC1=CC=CC=C1,0.9998962879180908,1,0.9981100559234619,1,0.3862664696414695,0
CNP0594359.0,COC(=O)C(CC1=CC=CC=C1)NC(=O)CC1N=C(O)C2=CC=CC=C2N=C1O,0.9998949766159058,1,0.9999929666519165,1,0.4765039235790009,0
CNP0505607.1,C[C@@H]1CC2=CC=CC=C2N1NC(=O)C1=CC=C(Cl)C(S(N)(=O)=O)=C1,0.999894380569458,1,0.9967502355575562,1,0.4332536287242169,0
CNP0505607.2,C[C@H]1CC2=CC=CC=C2N1NC(=O)C1=CC=C(Cl)C(S(N)(=O)=O)=C1,0.999894380569458,1,0.9967502355575562,1,0.4332536287242169,0
CNP0568364.2,CO[C@]12CC[C@@]3(C)C(CC[C@H]4CC5=C(NC6=CC=CC=C56)[C@@]43C)C1=CC(=O)C(C(C)(C)O)O2,0.9998929500579834,1,0.999998927116394,1,0.3804120129870129,0
CNP0568364.1,CO[C@]12CC[C@@]3(C)[C@@H](CC[C@H]4CC5=C(NC6=CC=CC=C56)[C@@]43C)C1=CC(=O)[C@@H](C(C)(C)O)O2,0.9998929500579834,1,0.999998927116394,1,0.3804120129870129,0
CNP0071385.1,COC1=CC=CC=C1N1CCN(C(=O)C2=C([C@H](C)O)ON=C2C2=CC=C(Cl)C=C2)CC1,0.9998927116394043,1,1.0,1,0.4524563723432008,0
CNP0088865.1,NC1=NC(=O)C2=NC(=O)N([C@@H]3O[C@H](CO)[C@@H](O)[C@H]3O)C2=N1,0.9998912811279297,1,0.9846620559692383,1,0.394111805677982,0
CNP0356433.2,CCOC(=O)[C@@H](CC1=CC=CC=C1)NC(=O)C1=CC=CC=C1,0.9998863935470581,1,0.9996451139450073,1,0.5290761183261182,1
CNP0356433.1,CCOC(=O)[C@H](CC1=CC=CC=C1)NC(=O)C1=CC=CC=C1,0.9998863935470581,1,0.9996451139450073,1,0.5290761183261182,1
CNP0074755.2,NC1=NC(=O)C2=C(N1)N([C@@H]1O[C@H](CO)[C@@H](O)[C@H]1O)C(=O)S2,0.9998835325241089,1,0.9998530149459839,1,0.3737888235605404,0
CNP0071052.0,CCC(C)C(NS(=O)(=O)C1=CC=C(C)C=C1)C(=O)O,0.9998822212219238,1,0.9999936819076538,1,0.3718590576090574,0
CNP0565971.1,CN1N=CN=C1C1=CC=C2OC[C@H]3CN(S(=O)(=O)C4=CC=CC=C4)CCN3CC(=O)NC2=C1,0.9998816251754761,1,0.9999908208847046,1,0.3446694187455058,0
CNP0151756.1,COC(=O)[C@@H]1CC2=C(CN1S(=O)(=O)CC1=CC=CC=C1)N(CC1=CC=C(Cl)C=C1)C=N2,0.9998810291290283,1,0.9993770718574524,1,0.4753504632622279,0
CNP0516145.0,COC1=CC=C(S(=O)(=O)NC2=CC=CC(C(=O)O)=C2)C=C1C(=O)O,0.9998809099197388,1,0.9816162586212158,1,0.3204713534101832,0
CNP0311137.1,CCOC(=O)C1=C/C(=C\CN2C=CN=C2)C2=C(C=C3O[C@H](C(C)(C)O)CC3=C2OC)O1,0.9998804330825806,1,1.0,1,0.4704926831338597,0
CNP0602747.1,CCOC(=O)[C@H](CC1=CNC2=CC=CC=C12)NS(=O)(=O)C1=CC=C(Cl)C=C1,0.9998793601989746,1,0.9999988079071045,1,0.4749274891774891,0
CNP0602747.2,CCOC(=O)[C@@H](CC1=CNC2=CC=CC=C12)NS(=O)(=O)C1=CC=C(Cl)C=C1,0.9998793601989746,1,0.9999988079071045,1,0.4749274891774891,0
CNP0580995.0,COCCN1C(=O)CC2(CCN(S(=O)(=O)C3=CC=C(Cl)C=C3)CC2)N2N=CC=C12,0.9998774528503418,1,0.9991360306739807,1,0.3160392536859704,0
CNP0365494.2,COC(=O)[C@H](CC1=CC=CC=C1)NC(=O)CNC(=O)[C@H](C)NC(=O)[C@H](N)CC1=CC=C(O)C=C1,0.9998767375946045,1,0.9999626874923706,1,0.5408997113997114,1
CNP0146104.1,COC1=C(O)C=C2C(=C1C(=O)O)C(=O)C=C1[C@@]2(C)CC[C@@]2(C)[C@@H]3C[C@@H](C)C(=O)[C@@H](O)[C@]3(C)CC[C@]12C,0.9998762607574463,1,0.9999771118164062,1,0.4078970473970474,0
CNP0417520.1,COC(=O)[C@@H]1CC2=C(CN1S(=O)(=O)C1=CC=CC=C1)N(CC1=CC=C(Cl)C=C1)C=N2,0.9998726844787598,1,0.9976758360862732,1,0.4391874595992243,0
CNP0129167.1,O=C(O)C1=CC2=C(NC3=CC=C(O)C=C32)C(CCC(=O)N2CCC[C@H]2C(=O)O)=N1,0.9998698234558105,1,0.9999656677246094,1,0.3749813725490196,0
CNP0017272.1,CCC(CC)C(=O)N1CCN2[C@@H](C1)CN(S(=O)(=O)C1=CC=CC=C1)CC2(C)C,0.9998692274093628,1,0.9999620914459229,1,0.3924516594516594,0
CNP0586664.1,O=C(C1=CC=CO1)N1C2=NC=NN2C2(CCCCC2)[C@@H]2CCCC[C@@H]21,0.9998618364334106,1,1.0,1,0.3367669552669551,0
CNP0392807.4,C[C@H](CC[C@]1(C)[C@H]2CCC=C(C(=O)O)[C@]2(C)CC[C@@H]1C)CC(=O)O,0.9998598098754883,1,0.9999994039535522,1,0.376545843045843,0
CNP0392807.5,C[C@H](CC[C@]1(C)[C@H]2CCC=C(C(=O)O)[C@@]2(C)CC[C@@H]1C)CC(=O)O,0.9998598098754883,1,0.9999994039535522,1,0.376545843045843,0
CNP0392807.2,C[C@@H](CC[C@@]1(C)[C@H](C)CC[C@]2(C)C(C(=O)O)=CCC[C@H]12)CC(=O)O,0.9998598098754883,1,0.9999994039535522,1,0.376545843045843,0
CNP0392807.3,C[C@H](CC[C@@]1(C)[C@H](C)CC[C@@]2(C)C(C(=O)O)=CCC[C@@H]12)CC(=O)O,0.9998598098754883,1,0.9999994039535522,1,0.376545843045843,0
CNP0392807.6,C[C@H](CC[C@@]1(C)[C@H](C)CC[C@]2(C)C(C(=O)O)=CCC[C@H]12)CC(=O)O,0.9998598098754883,1,0.9999994039535522,1,0.376545843045843,0
CNP0392807.1,C[C@@H](CC[C@@]1(C)[C@H](C)CC[C@@]2(C)C(C(=O)O)=CCC[C@H]12)CC(=O)O,0.9998598098754883,1,0.9999994039535522,1,0.376545843045843,0
CNP0488160.1,CC(C)CCC(=O)N=C1C=CN([C@H]2CC[C@H](O[C@H]3O[C@H](C)[C@@H](N(C)C)[C@H](O)[C@H]3O)[C@@H](C)O2)C(O)=N1,0.9998582601547241,1,1.0,1,0.3725052888288182,0
CNP0443318.0,CCC(C)C(N)C(=O)NC(C(=O)O)C(C)O,0.9998569488525391,1,0.9999991655349731,1,0.4062170313346784,0
CNP0159945.2,CC(C)(O)[C@H]1O[C@H]2CC[C@@]3(C)C(CC[C@H]4CC5=C(NC6=CC=CC=C56)[C@@]43C)C2=CC1=O,0.9998476505279541,1,0.9999936819076538,1,0.4209184570260657,0
CNP0566079.1,COCC(=O)N1C2=NC(C3=CC=CO3)=NN2C2(CCCCC2)[C@@H]2CCCC[C@@H]21,0.9998476505279541,1,1.0,1,0.4567300950683303,0
CNP0159945.1,CC(C)(O)[C@H]1O[C@H]2CC[C@@]3(C)[C@@H](CC[C@H]4CC5=C(NC6=CC=CC=C56)[C@@]43C)C2=CC1=O,0.9998476505279541,1,0.9999936819076538,1,0.4209184570260657,0
CNP0243833.1,CCN(C(=O)C1=C([C@H](C)O)ON=C1C1=CC=C(Cl)C=C1)C1CCCCC1,0.9998451471328735,1,1.0,1,0.4715591891768361,0
CNP0605263.1,CCCC(=O)N1C2=NC=NN2C2(CCCCC2)[C@@H]2CCCC[C@@H]21,0.9998435974121094,1,1.0,1,0.3474445717681012,0
CNP0131337.1,COC(=O)[C@@H](CC1=CC=C(O)C=C1)NC(=O)C1=CC=C(OCC(C)C)C=C1,0.9998397827148438,1,0.9999547004699707,1,0.475439309056956,0
CNP0131337.2,COC(=O)[C@H](CC1=CC=C(O)C=C1)NC(=O)C1=CC=C(OCC(C)C)C=C1,0.9998397827148438,1,0.9999547004699707,1,0.475439309056956,0
CNP0154423.1,C[C@@H](CCCC(C)(C)O)[C@H]1CC[C@]2(O)C3=CC(=O)[C@@]4(O)C[C@@H](O)CC[C@]4(C)[C@H]3CC[C@]12C,0.9998375177383423,1,1.0,1,0.3657549019607843,0
CNP0005691.1,CCCS(=O)(=O)N1CC2(CN(C(=O)C3=CC=C(Cl)C=C3)C[C@@H]3COCCN32)C1,0.9998369216918945,1,0.9999995231628418,1,0.4768383707795472,0
CNP0374123.1,NC1=NC2=C(N=C(SCCC3=CC=CC=C3)N2[C@@H]2O[C@H](CO)[C@@H](O)[C@H]2O)C(=O)N1,0.9998331069946289,1,0.9993056058883667,1,0.4000728024930152,0
CNP0498429.0,CNC1(C(=O)O)CCCCC1,0.999832272529602,1,0.9999957084655762,1,0.2490571234321234,0
CNP0464995.0,CC1(C(=O)O)CCCCC1,0.9998319149017334,1,0.9999810457229614,1,0.2322511222437692,0
CNP0226716.1,CC(C)C(O)CC[C@](C)(O)C1=CC=C(C(=O)O)C=C1O,0.9998266100883484,1,1.0,1,0.3064877557083439,0
CNP0393702.1,N[C@H](C(=O)O)C1=CC=CC(C(=O)O)=C1,0.9998237490653992,1,0.9995256662368774,1,0.2422077922077922,0
CNP0393702.2,N[C@@H](C(=O)O)C1=CC=CC(C(=O)O)=C1,0.9998237490653992,1,0.9995256662368774,1,0.2422077922077922,0
CNP0456850.4,CCCC[C@@](C)(O[C@@H]1C[C@H](C)CC[C@@H]1C(C)C)C(=O)N[C@H]1C(=O)N2[C@@H]1SC(C)(C)[C@H]2C(=O)O,0.9998236298561096,1,0.9821919798851013,1,0.4068864468864469,0
CNP0456850.1,CCCC[C@@](C)(O[C@@H]1C[C@H](C)CC[C@@H]1C(C)C)C(=O)N[C@@H]1C(=O)N2[C@@H]1SC(C)(C)[C@H]2C(=O)O,0.9998236298561096,1,0.9821919798851013,1,0.4068864468864469,0
CNP0456850.3,CCCC[C@](C)(O[C@@H]1C[C@H](C)CC[C@@H]1C(C)C)C(=O)N[C@@H]1C(=O)N2[C@@H]1SC(C)(C)[C@H]2C(=O)O,0.9998236298561096,1,0.9821919798851013,1,0.4068864468864469,0
CNP0456850.2,CCCC[C@](C)(O[C@@H]1C[C@H](C)CC[C@@H]1C(C)C)C(=O)N[C@H]1C(=O)N2[C@@H]1SC(C)(C)[C@H]2C(=O)O,0.9998236298561096,1,0.9821919798851013,1,0.4068864468864469,0
CNP0187544.1,CCCCC(=O)CCC[C@H](NC(=O)CC[C@H](N)C(=O)O)C(=O)O,0.999823272228241,1,0.9999996423721313,1,0.3759378909348482,0
CNP0599578.1,CCCC1=C(OCC2=CC=C([C@H](O)C3=CC=CC(C(=O)O)=C3)C=C2)C=CC(C(C)=O)=C1O,0.9998206496238708,1,0.9999992847442627,1,0.3794713730713732,0
CNP0297499.0,CCC(C)CC(C(=O)NC=CC1=CNC2=CC=CC=C12)N(C)CC1=CC=C(O)C=C1,0.9998160004615784,1,0.9999971389770508,1,0.34465873015873,0
CNP0239823.0,CCC(C)C1N=C(O)C2CSC(=N2)C(C)N=C(O)C2=COC(=N2)C(C)N=C(O)C2=CSC1=N2,0.9998155236244202,1,0.9985257983207703,1,0.4657585637876337,0
CNP0187181.1,O=C1NC=NC2=C1N=C(NCC1=CC=CC=C1)N2[C@@H]1O[C@H](CO)[C@@H](O)[C@H]1O,0.9998117089271545,1,0.9995101690292358,1,0.3671655289155289,0
CNP0074371.1,CC(C)NC1=NC2=CC(Cl)=C(Cl)C=C2N1[C@H]1O[C@@H](CO)[C@H](O)[C@@H]1O,0.9998077750205994,1,0.9999974966049194,1,0.449296218487395,0
CNP0348395.12,CC[C@H](O)C[C@@H]1CC[C@H]([C@H](C)C(=O)O[C@H](CC)C[C@@H]2CC[C@@H]([C@@H](C)C(=O)O)O2)O1,0.9997996687889099,1,1.0,1,0.4337839876713469,0
CNP0348395.3,CC[C@H](O)C[C@@H]1CC[C@@H]([C@@H](C)C(=O)O[C@@H](CC)C[C@@H]2CC[C@@H]([C@@H](C)C(=O)O)O2)O1,0.9997996687889099,1,1.0,1,0.4337839876713469,0
CNP0348395.1,CC[C@@H](O)C[C@H]1CC[C@@H]([C@H](C)C(=O)O[C@@H](CC)C[C@@H]2CC[C@H]([C@@H](C)C(=O)O)O2)O1,0.9997996687889099,1,1.0,1,0.4337839876713469,0
CNP0348395.13,CC[C@H](O)C[C@@H]1CC[C@H]([C@H](C)C(=O)O[C@H](CC)C[C@@H]2CC[C@@H]([C@H](C)C(=O)O)O2)O1,0.9997996687889099,1,1.0,1,0.4337839876713469,0
CNP0348395.4,CC[C@@H](O)C[C@H]1CC[C@H]([C@@H](C)C(=O)O[C@@H](CC)C[C@@H]2CC[C@H]([C@@H](C)C(=O)O)O2)O1,0.9997996687889099,1,1.0,1,0.4337839876713469,0
CNP0348395.10,CC[C@H](O)C[C@@H]1CC[C@H]([C@H](C)C(=O)O[C@H](CC)C[C@@H]2CC[C@H]([C@H](C)C(=O)O)O2)O1,0.9997996687889099,1,1.0,1,0.4337839876713469,0
CNP0348395.11,CC[C@H](O)C[C@@H]1CC[C@H]([C@H](C)C(=O)O[C@H](CC)C[C@@H]2CC[C@H]([C@@H](C)C(=O)O)O2)O1,0.9997996687889099,1,1.0,1,0.4337839876713469,0
CNP0348395.8,CC[C@@H](O)C[C@@H]1CC[C@@H]([C@@H](C)C(=O)O[C@@H](CC)C[C@@H]2CC[C@@H]([C@@H](C)C(=O)O)O2)O1,0.9997996687889099,1,1.0,1,0.4337839876713469,0
CNP0257531.1,C=CSC[C@@H](NC(=O)CC[C@H](N)C(=O)O)C(=O)O,0.9997996687889099,1,0.9998258948326111,1,0.3670061880843614,0
CNP0348395.9,CC[C@H](O)C[C@@H]1CC[C@H]([C@@H](C)C(=O)O[C@@H](CC)C[C@@H]2CC[C@H]([C@@H](C)C(=O)O)O2)O1,0.9997996687889099,1,1.0,1,0.4337839876713469,0
CNP0348395.5,CC[C@H](O)C[C@H]1CC[C@H]([C@@H](C)C(=O)O[C@@H](CC)C[C@@H]2CC[C@H]([C@@H](C)C(=O)O)O2)O1,0.9997996687889099,1,1.0,1,0.4337839876713469,0
CNP0348395.6,CC[C@@H](O)C[C@@H]1CC[C@H]([C@@H](C)C(=O)O[C@@H](CC)C[C@@H]2CC[C@H]([C@@H](C)C(=O)O)O2)O1,0.9997996687889099,1,1.0,1,0.4337839876713469,0
CNP0348395.7,CC[C@@H](O)C[C@H]1CC[C@@H]([C@@H](C)C(=O)O[C@@H](CC)C[C@@H]2CC[C@@H]([C@@H](C)C(=O)O)O2)O1,0.9997996687889099,1,1.0,1,0.4337839876713469,0
CNP0348395.2,CC[C@H](O)C[C@H]1CC[C@@H]([C@@H](C)C(=O)O[C@@H](CC)C[C@@H]2CC[C@@H]([C@@H](C)C(=O)O)O2)O1,0.9997996687889099,1,1.0,1,0.4337839876713469,0
CNP0221706.0,COC1=C2CN(C)CCC2=C(S(=O)(=O)N2CCN(C(=O)CC(C)C)CC2)C2=C1OCO2,0.9997988343238831,1,1.0,1,0.4500852619602619,0
CNP0346968.1,CC[C@H](C)C[C@H](C)C[C@H](C)C[C@H](C)C(=O)O,0.9997953772544861,1,0.9999998807907104,1,0.2939163896248376,0
CNP0346968.2,CC[C@H](C)C[C@H](C)C[C@H](C)C[C@@H](C)C(=O)O,0.9997953772544861,1,0.9999998807907104,1,0.2939163896248376,0
CNP0158288.1,CC[C@@H](C)C[C@@H](C)C[C@@H](C)C(=O)O,0.9997953772544861,1,0.9999998807907104,1,0.2899163896248377,0
CNP0317240.1,C[C@@]12CC[C@H]3OC(=O)C=C3[C@H]1CC[C@@]13C[C@@H](CC[C@H]12)[C@](CO)(O[C@@H]1O[C@H](CO)[C@@H](O)[C@H](O)[C@H]1O)C3,0.9997888207435608,1,1.0,1,0.3219949686837984,0
CNP0317240.2,C[C@@]12CC[C@H]3OC(=O)C=C3C1CC[C@@]13CC(CCC12)[C@](CO)(O[C@H]1O[C@H](CO)[C@@H](O)[C@H](O)[C@H]1O)C3,0.9997888207435608,1,1.0,1,0.3219949686837984,0
CNP0508607.0,CCOC(=O)CSC1=NC(O)=C2C(=N1)C1=CC=CC=C1CC21CCCCC1,0.9997835755348206,1,0.9999141693115234,1,0.49760101010101,0
CNP0046497.1,COC(=O)[C@@H](CC1=CC=CN=C1)NC(=O)[C@H]1CN(C(=O)NC2=CC=CC=C2)CCN1S(C)(=O)=O,0.999782383441925,1,0.9999531507492065,1,0.4189353008103008,0
CNP0593905.1,COC(=O)[C@H](CC1=CNC2=CC=CC=C12)NC(=O)C1=CC=CC=C1N1C=NN=N1,0.999778687953949,1,0.9999996423721313,1,0.530349678099678,1
CNP0386104.1,CCCOC1=CC=C(C2CN3C(=O)CN(C4CC4)C(=O)[C@]3(C)C3=C2C2=CC=CC=C2N3)C=C1OC,0.9997736811637878,1,0.9999097585678101,1,0.5038581002331003,1
CNP0393852.1,CC1CCN(C2=NC3=C(N=CNC3=O)N2[C@@H]2O[C@H](CO)[C@@H](O)[C@H]2O)CC1,0.9997726082801819,1,0.9999779462814331,1,0.5072258019758021,1
CNP0463620.0,CCC(C)C(NC(=O)C(N)CC1=CC=C(O)C=C1)C(=O)O,0.9997711777687073,1,0.9999939203262329,1,0.5317675657675657,1
CNP0361315.1,NC1=NC2=C(N=C(Br)N2[C@@H]2O[C@H](CO)[C@@H](O)[C@H]2O)C(=O)N1,0.9997642636299133,1,0.9994980096817017,1,0.3161397058823529,0
CNP0144244.1,CC[C@@H](C)C1=N[C@@](C(=O)N/C=C\C2=CNC3=CC=C(Br)C=C23)(C(C)C)NC1=O,0.9997619986534119,1,0.9999905824661255,1,0.3910833333333333,0
CNP0547838.1,N#C[C@H]1[C@H](O)[C@@H](CO)O[C@H]1N1C=CC(N)=NC1=O,0.9997591376304626,1,0.9819843173027039,1,0.4650186472024707,0
CNP0396434.0,COC1=CC2=C(C=C1OC)C1=C(C2)C(C(=O)NC2=CC=CC(C(=O)O)=C2)=NN1C,0.9997512698173523,1,0.9994770884513855,1,0.4026976441432963,0
CNP0512099.0,COC1=CC(C2=C(C(=O)C3=CC=C(O)C=C3)NC3=C2C(O)=NC(=O)N3)=CC=C1O,0.999748170375824,1,0.998595654964447,1,0.3094220224220224,0
CNP0573812.1,CC(O)C1=CC(C(=O)N[C@@H](C)CN2C=CC(C3=CC=C(C#N)C(Cl)=C3)=N2)=NN1,0.9997469782829285,1,1.0,1,0.4130494227994228,0
CNP0335306.2,COC(=O)[C@H](CC1=CC=C(O)C=C1)NC(=O)C1=CC=C(OC(C)C)C=C1,0.9997383952140808,1,0.9995198249816895,1,0.4159501315677785,0
CNP0335306.1,COC(=O)[C@@H](CC1=CC=C(O)C=C1)NC(=O)C1=CC=C(OC(C)C)C=C1,0.9997383952140808,1,0.9995198249816895,1,0.4159501315677785,0
CNP0257538.1,CC[C@H](C)C[C@H](N)C(=O)O,0.9997363686561584,1,0.9998756647109985,1,0.3139786308462778,0
CNP0012618.1,CN1C[C@@H](NS(=O)(=O)C2=CC=CC=C2)C[C@H]1C1=NC(C2=CC=C(Cl)C=C2)=NO1,0.999735414981842,1,0.999815046787262,1,0.3181225588137353,0
CNP0399170.0,CCCN(CCC)S(=O)(=O)C1=CC=C(C(=O)O)C=C1,0.9997326731681824,1,0.999997615814209,1,0.3919429165605636,0
CNP0378211.2,COC(=O)[C@@H](CC1=CC=C(O)C=C1)NC(=O)C1=CC=C(OCCC(C)C)C=C1,0.9997323155403137,1,0.9999045133590698,1,0.3957914014090484,0
CNP0378211.1,COC(=O)[C@H](CC1=CC=C(O)C=C1)NC(=O)C1=CC=C(OCCC(C)C)C=C1,0.9997323155403137,1,0.9999045133590698,1,0.3957914014090484,0
CNP0218334.1,CC[C@H](C)[C@@H](NC)C(=O)O,0.9997311234474182,1,0.9999998807907104,1,0.3115383505383505,0
CNP0218334.4,CC[C@@H](C)[C@H](NC)C(=O)O,0.9997311234474182,1,0.9999998807907104,1,0.3115383505383505,0
CNP0218334.3,CC[C@H](C)[C@H](NC)C(=O)O,0.9997311234474182,1,0.9999998807907104,1,0.3115383505383505,0
CNP0218334.2,CC[C@@H](C)[C@@H](NC)C(=O)O,0.9997311234474182,1,0.9999998807907104,1,0.3115383505383505,0
CNP0506997.1,COC(=O)[C@H](CC1=CC=C(O)C=C1)NC(=O)C1=CC=CC=C1OC,0.9997304081916809,1,0.9995556473731995,1,0.5171666666666667,1
CNP0506997.2,COC(=O)[C@@H](CC1=CC=C(O)C=C1)NC(=O)C1=CC=CC=C1OC,0.9997304081916809,1,0.9995556473731995,1,0.5171666666666667,1
CNP0329412.1,CCCC[C@H](C)CCC[C@@H](C)C(=O)O,0.999725878238678,1,0.9999998807907104,1,0.4012692598079595,0
CNP0071615.1,CCC(=O)N[C@@H](CC1=CC=C(O)C=C1)C(=O)N[C@H](C(=O)N[C@H](CO)CC1=CC=CC=C1)[C@@H](C)CC,0.9997215867042542,1,1.0,1,0.5148679653679654,1
CNP0575302.1,CC[C@@H](O)C[C@H]1CC[C@@H]([C@H](C)C(=O)O[C@@H](C)C[C@@H]2CC[C@H]([C@@H](C)C(=O)OC)O2)O1,0.9997199177742004,1,1.0,1,0.430347360572955,0
CNP0561128.1,CCC1=NN2C(=N1)N(C(=O)C1=CC=C(OC)C(OC)=C1)[C@H]1CCCC[C@H]1C21CCCCC1,0.9997163414955139,1,0.9999990463256836,1,0.4410179738562091,0
CNP0587641.1,CNC(=O)CC[C@H](N)C(=O)O,0.9997138381004333,1,0.9999778270721436,1,0.2921352213821787,0
CNP0054856.1,CC[C@@H](C)[C@@H](NC(=O)OCC1=CC=CC=C1)C(=O)O,0.9997102618217468,1,0.9999995231628418,1,0.4045396825396825,0
CNP0054856.2,CC[C@H](C)[C@H](NC(=O)OCC1=CC=CC=C1)C(=O)O,0.9997102618217468,1,0.9999995231628418,1,0.4045396825396825,0
CNP0312847.1,NC1=NC=NC2=C1C=CN2[C@H]1O[C@H](COS(N)(=O)=O)[C@@H](O)[C@@H]1O,0.9997033476829529,1,0.9999368190765381,1,0.455414820473644,0
CNP0351604.1,CCC(C)CC[C@@H](N)[C@H](O)C(=O)N[C@H](C(=O)O)C(C)C,0.9997029900550842,1,0.9999997615814209,1,0.419615826983474,0
CNP0505530.1,COC(=O)[C@@H](CC1=CNC2=CC=CC=C12)NS(=O)(=O)C1=CC=C(Cl)C=C1,0.9997013211250305,1,0.9999923706054688,1,0.4726536796536797,0
CNP0505530.2,COC(=O)[C@H](CC1=CNC2=CC=CC=C12)NS(=O)(=O)C1=CC=C(Cl)C=C1,0.9997013211250305,1,0.9999923706054688,1,0.4726536796536797,0
CNP0374918.3,CC[C@@H](C)[C@H](NC(=O)OC(C)(C)C)C(=O)NC[C@H]1CC[C@H](C(=O)N[C@@H](C(=O)O)[C@@H](C)O)CC1,0.9996927976608276,1,1.0,1,0.4774346049890942,0
CNP0374918.4,CC[C@@H](C)[C@H](NC(=O)OC(C)(C)C)C(=O)NC[C@H]1CC[C@@H](C(=O)N[C@@H](C(=O)O)[C@H](C)O)CC1,0.9996927976608276,1,1.0,1,0.4774346049890942,0
CNP0374918.6,CC[C@H](C)[C@H](NC(=O)OC(C)(C)C)C(=O)NC[C@H]1CC[C@H](C(=O)N[C@H](C(=O)O)[C@@H](C)O)CC1,0.9996927976608276,1,1.0,1,0.4774346049890942,0
CNP0374918.7,CC[C@@H](C)[C@H](NC(=O)OC(C)(C)C)C(=O)NC[C@H]1CC[C@H](C(=O)N[C@H](C(=O)O)[C@H](C)O)CC1,0.9996927976608276,1,1.0,1,0.4774346049890942,0
CNP0374918.5,CC[C@@H](C)[C@H](NC(=O)OC(C)(C)C)C(=O)NC[C@H]1CC[C@H](C(=O)N[C@H](C(=O)O)[C@@H](C)O)CC1,0.9996927976608276,1,1.0,1,0.4774346049890942,0
CNP0374918.8,CC[C@H](C)[C@H](NC(=O)OC(C)(C)C)C(=O)NC[C@H]1CC[C@@H](C(=O)N[C@@H](C(=O)O)[C@H](C)O)CC1,0.9996927976608276,1,1.0,1,0.4774346049890942,0
CNP0374918.2,CCC(C)[C@H](NC(=O)OC(C)(C)C)C(=O)NC[C@H]1CC[C@H](C(=O)N[C@@H](C(=O)O)C(C)O)CC1,0.9996927976608276,1,1.0,1,0.4774346049890942,0
CNP0374918.9,CC[C@H](C)[C@H](NC(=O)OC(C)(C)C)C(=O)NC[C@H]1CC[C@H](C(=O)N[C@H](C(=O)O)[C@H](C)O)CC1,0.9996927976608276,1,1.0,1,0.4774346049890942,0
CNP0374918.10,CC[C@H](C)[C@H](NC(=O)OC(C)(C)C)C(=O)NC[C@H]1CC[C@@H](C(=O)N[C@@H](C(=O)O)[C@@H](C)O)CC1,0.9996927976608276,1,1.0,1,0.4774346049890942,0
CNP0374918.1,CCC(C)[C@H](NC(=O)OC(C)(C)C)C(=O)NC[C@H]1CC[C@H](C(=O)N[C@H](C(=O)O)C(C)O)CC1,0.9996927976608276,1,1.0,1,0.4774346049890942,0
CNP0529166.1,O=C(N[C@@H](CC1=CC=CC=C1)C(=O)N1CC(C(=O)O)C1)C1=CC2=CC(Cl)=CC=C2N1,0.999679684638977,1,1.0,1,0.4886356990962254,0
CNP0150157.1,NC1=CN=CN1[C@@H]1O[C@@H](CO)[C@H](O)[C@H]1O,0.9996733665466309,1,0.9870938658714294,1,0.5220968358097291,1
CNP0150157.2,NC1=CN=CN1[C@@H]1O[C@H](CO)[C@@H](O)[C@H]1O,0.9996733665466309,1,0.9870938658714294,1,0.5220968358097291,1
CNP0369322.3,CC[C@H](C)[C@H](NC(N)=O)C(=O)O,0.9996727705001831,1,0.9999963045120239,1,0.3957958414134884,0
CNP0369322.1,CCC(C)[C@H](NC(N)=O)C(=O)O,0.9996727705001831,1,0.9999963045120239,1,0.3957958414134884,0
CNP0369322.2,CC[C@@H](C)[C@H](NC(N)=O)C(=O)O,0.9996727705001831,1,0.9999963045120239,1,0.3957958414134884,0
CNP0556046.1,CCC(C)[C@@H](C(=O)O)N1C(C)=CC2=C3C[C@@H](C(C)(C)O)COC3=C(C)C(O)=C2C1=O,0.9996562004089355,1,1.0,1,0.5341564213564215,1
CNP0498958.1,CCCC(=O)N1C2=NC(C3=CC=CO3)=NN2C2(CCCCC2)[C@@H]2CCCC[C@@H]21,0.9996485710144043,1,1.0,1,0.3948437314319667,0
CNP0304472.0,O=C(NN1CCCCCC1)NS(=O)(=O)C1=CC=C(C(=O)O)C=C1,0.9996463060379028,1,0.9999653100967407,1,0.4001085719835721,0
CNP0171946.0,NC(CC1=CNC2=CC=C(Cl)C=C12)C(=O)O,0.9996434450149536,1,0.9998133778572083,1,0.4473327757435262,0
CNP0378707.1,CC(=O)NC1=CC=C(S(=O)(=O)N[C@H]2C[C@@H](C3=NC(C4=CC=C(Cl)C=C4)=NO3)N(C)C2)C=C1,0.9996398687362671,1,0.9999963045120239,1,0.3932162115378227,0
CNP0503816.1,COC1=CC=C(Cl)C=C1NC(=O)[C@H]1C[C@H](C(C)O)N[C@]12C(O)=NC1=CC=C(Br)C=C12,0.9996383190155029,1,0.9999592304229736,1,0.3689803790980261,0
CNP0564540.0,COCCN1C(=O)CC2(CCN(S(=O)(=O)C3=CC=CC=C3)CC2)N2N=CC=C12,0.9996374845504761,1,0.9324347376823425,1,0.3067936507936508,0
CNP0342363.2,CC[C@H](C)[C@H](NC(=O)NC1=CC=CC(C(=O)O)=C1)C(=O)O,0.9996218681335449,1,0.9999938011169434,1,0.2880328282828283,0
CNP0342363.3,CC[C@@H](C)[C@H](NC(=O)NC1=CC=CC(C(=O)O)=C1)C(=O)O,0.9996218681335449,1,0.9999938011169434,1,0.2880328282828283,0
CNP0342363.1,CCC(C)[C@H](NC(=O)NC1=CC=CC(C(=O)O)=C1)C(=O)O,0.9996218681335449,1,0.9999938011169434,1,0.2880328282828283,0
CNP0397159.0,COC1=C2CN(C)CCC2=C(S(=O)(=O)N2CCN(CC(=O)N3CCOCC3)CC2)C2=C1OCO2,0.9996175765991211,1,1.0,1,0.4558644533571004,0
CNP0155416.1,CO[C@@H]1C[C@H](CC[C@@]2(C)[C@H](C)CC[C@@]3(C)C(C(=O)O)=CCC[C@H]23)CO1,0.999612033367157,1,0.9999998807907104,1,0.3956731046731047,0
CNP0155416.2,CO[C@H]1C[C@H](CC[C@@]2(C)[C@H](C)CC[C@@]3(C)C(C(=O)O)=CCC[C@H]23)CO1,0.999612033367157,1,0.9999998807907104,1,0.3956731046731047,0
CNP0576658.1,C[C@@H]1CCC[C@@]2(C)[C@H](C1=O)[C@@H](C(C)(C)O)C[C@@H]2O,0.9996060729026794,1,0.9999972581863403,1,0.3786676294969399,0
CNP0363783.1,COC(=O)[C@@H](CC1=CC=C(O)C=C1)NC(=O)COC1=CC=C2C(=O)C(OC3=CC=CC=C3)=COC2=C1,0.9996057152748108,1,0.9999958276748657,1,0.4902539049115135,0
CNP0430774.1,CN1C(N)=C2NC(=O)N([C@@H]3O[C@H](CO)[C@@H](O)[C@H]3O)C2=NC1=O,0.9996054768562317,1,0.9967787861824036,1,0.4361617014995949,0
CNP0365583.1,O=C1NC=NC2=C1N=C(N1CCCCC1)N2[C@@H]1O[C@H](CO)[C@@H](O)[C@H]1O,0.999599277973175,1,0.9999872446060181,1,0.4333682134858606,0
CNP0204215.1,CC(=O)OC[C@H](CC1=CC=CC=C1)NC(=O)[C@H](CC1=CC=C(O)C=C1)NC(=O)C1=CC=CC=C1,0.9995962977409363,1,0.9924081563949585,1,0.461063492063492,0
CNP0097273.1,CCOC(=O)C1=C/C(=C\CN2C=CN=C2)C2=C(C=C3O[C@H]([C@](C)(O)C4CCNCC4)CC3=C2OC)O1,0.9995951056480408,1,0.9999996423721313,1,0.4932729917141683,0
CNP0576548.0,COC1=CC=C(S(=O)(=O)NC2=CC=C(C(=O)O)C=C2)C=C1C(=O)O,0.9995946288108826,1,0.9987295269966125,1,0.3353544702933002,0
CNP0240154.0,COC1=C2CN(C)CCC2=C(S(=O)(=O)N2CCN(C(=O)C3=CC=CO3)CC2)C2=C1OCO2,0.9995939135551453,1,0.9999998807907104,1,0.4798471667221667,0
CNP0255592.1,NC1=CC(=O)N([C@H]2O[C@H](CO)[C@H](O)[C@@H]2O)C=N1,0.9995937943458557,1,0.988997757434845,1,0.5131499036569147,1
CNP0268007.0,CCCCC1=NC2(CCCC2)C(=O)N1CC1=CC=C(C2=CC=CC=C2C2=NNN=N2)C=C1,0.9995933175086975,1,0.26945436000823975,0,0.3262154169360052,0
CNP0587869.1,COC1=CC=C(C)C=C1NC(=O)[C@@H]1CN(S(=O)(=O)C2=CC=CN=C2)CC12CCCCC2,0.9995911717414856,1,0.9851483106613159,1,0.396518759018759,0
CNP0587869.2,COC1=CC=C(C)C=C1NC(=O)[C@H]1CN(S(=O)(=O)C2=CC=CN=C2)CC12CCCCC2,0.9995911717414856,1,0.9851483106613159,1,0.396518759018759,0
CNP0192849.2,C/C=C/SC[C@@H](NC(=O)CC[C@H](N)C(=O)O)C(=O)O,0.9995902180671692,1,0.9996565580368042,1,0.3126708665880367,0
CNP0192849.3,C/C=C\SC[C@H](NC(=O)CC[C@H](N)C(=O)O)C(=O)O,0.9995902180671692,1,0.9996565580368042,1,0.3126708665880367,0
CNP0192849.1,C/C=C/SC[C@H](NC(=O)CC[C@H](N)C(=O)O)C(=O)O,0.9995902180671692,1,0.9996565580368042,1,0.3126708665880367,0
CNP0017342.1,COC[C@H]1CCCN1C(=O)C1=C([C@H](C)O)ON=C1C1=CC=C(OC)C(OC)=C1,0.9995860457420349,1,1.0,1,0.4757509532106388,0
CNP0540198.0,COC(=O)C(CC1=CNC2=CC=CC=C12)NC(=O)C1=CC(O)=NC2=CC=CC=C12,0.9995834231376648,1,0.9999731779098511,1,0.4543637920050963,0
CNP0088034.1,CC/C=C1\C=C(C(=O)OCC)OC2=CC3=C(C[C@@H](C(C)(C)O)O3)C(OC)=C12,0.9995775818824768,1,1.0,1,0.3820857142857143,0
CNP0396252.0,COC1=C2CN(C)CCC2=C(NC(=O)C2=CC(S(=O)(=O)N(C)C)=CC=C2Cl)C2=C1OCO2,0.9995724558830261,1,1.0,1,0.4251396464646464,0
CNP0202396.2,C[C@@H]1CC[C@]2(C)C(C(=O)O)=CCC[C@@H]2[C@@]1(C)CCC1=CC(=O)O[C@@H]1O,0.9995712637901306,1,0.9994988441467285,1,0.3541298745114534,0
CNP0202396.1,C[C@@H]1CC[C@]2(C)C(C(=O)O)=CCC[C@@H]2[C@@]1(C)CCC1=CC(=O)O[C@H]1O,0.9995712637901306,1,0.9994988441467285,1,0.3541298745114534,0
CNP0258869.0,O=C(O)CC1(CC(=O)O)CCCC1,0.9995691180229187,1,0.9999599456787109,1,0.2825007745522451,0
CNP0232397.1,CCOC(=O)C1=C/C(=C\CN2C=CN=C2)C2=C(OC)C3=C(O[C@H](C(C)(C)O)C3)C(CO)=C2O1,0.9995669722557068,1,1.0,1,0.4703986160897926,0
CNP0496479.1,O=C(C1=CC=CS1)N1C2=NC=NN2C2(CCCCC2)[C@@H]2CCCC[C@@H]21,0.9995658993721008,1,0.9999783039093018,1,0.2825725108225108,0
CNP0212052.0,CC1=CCC2C1=CC1=C(C)C(=O)OC1CC2(C)OC1OC(CO)C(O)C(O)C1O,0.999563992023468,1,0.999998927116394,1,0.3220260893830226,0
CNP0506274.1,O=C(O)C1=N[C@H](C(=O)O)CC(/C=C/N[C@@H](CC2=CC=C(O)C=C2)C(=O)O)=C1,0.9995633959770203,1,0.9955902099609375,1,0.5296044955739733,1
CNP0224762.1,COC[C@H]1CCCN1C(=O)C1=C([C@H](C)O)C(C2=CC=C(Cl)C=C2)=NO1,0.9995586276054382,1,1.0,1,0.4072225699137463,0
CNP0380188.2,C[C@]12C=CC(=O)C=C1CC[C@@H]1[C@@H]2[C@@H](O)C[C@@]2(C)[C@H]1CC[C@]2(O)C(=O)COC(=O)[C@H](N)CCC(=O)O,0.9995582699775696,1,0.9999918937683105,1,0.3875147835824306,0
CNP0180478.1,CC[C@H](C)[C@H](N)C(=O)N[C@H](C(=O)O)[C@@H](C)CC,0.9995496869087219,1,0.9999942779541016,1,0.3916297852474322,0
CNP0105105.1,COC(=O)[C@H](CC1=CC=CC=C1)NC(=O)[C@H](NC(=O)OCC1=CC=CC=C1)C(C)C,0.999548614025116,1,1.0,1,0.5299801587301588,1
CNP0105105.3,COC(=O)[C@H](CC1=CC=CC=C1)NC(=O)[C@@H](NC(=O)OCC1=CC=CC=C1)C(C)C,0.999548614025116,1,1.0,1,0.5299801587301588,1
CNP0105105.2,COC(=O)[C@@H](CC1=CC=CC=C1)NC(=O)[C@@H](NC(=O)OCC1=CC=CC=C1)C(C)C,0.999548614025116,1,1.0,1,0.5299801587301588,1
CNP0083998.1,N[C@@H](CC1=CN([C@@H]2O[C@H](CO)[C@@H](O)[C@H]2O)C=N1)C(=O)O,0.999548614025116,1,0.9877123236656189,1,0.4920952168746286,0
CNP0105105.4,COC(=O)[C@@H](CC1=CC=CC=C1)NC(=O)[C@H](NC(=O)OCC1=CC=CC=C1)C(C)C,0.999548614025116,1,1.0,1,0.5299801587301588,1
CNP0529636.1,CCOC(=O)C1=C(NC(=O)[C@@H]2CC(=O)OC23CCCCC3)SC2=C1CC(C)(C)OC2,0.9995473027229309,1,1.0,1,0.396211038961039,0
CNP0529636.2,CCOC(=O)C1=C(NC(=O)[C@H]2CC(=O)OC23CCCCC3)SC2=C1CC(C)(C)OC2,0.9995473027229309,1,1.0,1,0.396211038961039,0
CNP0530084.2,O=C(COC(=O)[C@@H](CC1=CNC2=CC=CC=C12)NC(=O)C1=CC=CO1)C1=CC=C(Br)C=C1,0.9995424747467041,1,1.0,1,0.4923167110667111,0
CNP0530084.1,O=C(COC(=O)[C@H](CC1=CNC2=CC=CC=C12)NC(=O)C1=CC=CO1)C1=CC=C(Br)C=C1,0.9995424747467041,1,1.0,1,0.4923167110667111,0
CNP0306705.0,NC1(C(=O)O)CCCCCC1,0.9995360374450684,1,0.9993829727172852,1,0.2837942874119344,0
CNP0273094.1,CC[C@@H](C)[C@@H](NC(C)=O)C(=O)O,0.99953293800354,1,0.9999979734420776,1,0.3622422577422576,0
CNP0273094.2,CC[C@@H](C)[C@H](NC(C)=O)C(=O)O,0.99953293800354,1,0.9999979734420776,1,0.3622422577422576,0
CNP0273094.3,CC[C@H](C)[C@@H](NC(C)=O)C(=O)O,0.99953293800354,1,0.9999979734420776,1,0.3622422577422576,0
CNP0378642.4,CC[C@@H](C)[C@H](NC(=O)N[C@@H](C)CCCC(C)C)C(=O)O,0.9995328187942505,1,1.0,1,0.3425438711615182,0
CNP0378642.2,CC[C@H](C)[C@H](NC(=O)N[C@H](C)CCCC(C)C)C(=O)O,0.9995328187942505,1,1.0,1,0.3425438711615182,0
CNP0378642.1,CCC(C)[C@H](NC(=O)NC(C)CCCC(C)C)C(=O)O,0.9995328187942505,1,1.0,1,0.3425438711615182,0
CNP0378642.3,CC[C@H](C)[C@H](NC(=O)N[C@@H](C)CCCC(C)C)C(=O)O,0.9995328187942505,1,1.0,1,0.3425438711615182,0
CNP0378642.5,CC[C@@H](C)[C@H](NC(=O)N[C@H](C)CCCC(C)C)C(=O)O,0.9995328187942505,1,1.0,1,0.3425438711615182,0
CNP0546529.0,O=C1N=C2C(=CN1)N=CN2C1OC(CO)C(O)C1O,0.9995167255401611,1,0.9999244213104248,1,0.414988610701504,0
CNP0591075.3,NC1=NC(=O)C2=C(N1)N([C@@H]1O[C@H](CO)[C@@H](O)[C@H]1O)C=N2,0.999504804611206,1,0.9993594288825989,1,0.517015677588865,1
CNP0591075.1,NC1=NC(=O)C2=C(N1)N([C@@H]1O[C@@H](CO)[C@H](O)[C@H]1O)C=N2,0.999504804611206,1,0.9993594288825989,1,0.517015677588865,1
CNP0591075.2,NC1=NC(=O)C2=C(N1)N([C@H]1O[C@@H](CO)[C@@H](O)[C@H]1O)C=N2,0.999504804611206,1,0.9993594288825989,1,0.517015677588865,1
CNP0290048.2,CC[C@H](C)[C@H](O)C(=O)O,0.9995008707046509,1,0.9999996423721313,1,0.3216886430562901,0
CNP0290048.1,CC[C@@H](C)[C@@H](O)C(=O)O,0.9995008707046509,1,0.9999996423721313,1,0.3216886430562901,0
CNP0290048.3,CC[C@@H](C)[C@H](O)C(=O)O,0.9995008707046509,1,0.9999996423721313,1,0.3216886430562901,0
CNP0309406.5,C[C@]12CCC(=O)C=C1CC[C@@H]1[C@@H]2[C@@H](O)C[C@@]2(C)[C@H]1CC[C@]2(O)C(=O)COC(=O)[C@@H](N)CCC(=O)O,0.9994909763336182,1,0.9999809265136719,1,0.3455479187479187,0
CNP0309406.6,C[C@@]12CCC(=O)C=C1CC[C@H]1[C@@H]2[C@H](O)C[C@]2(C)[C@@H]1CC[C@]2(O)C(=O)COC(=O)[C@H](N)CCC(=O)O,0.9994909763336182,1,0.9999809265136719,1,0.3455479187479187,0
CNP0309406.4,C[C@]12CCC(=O)C=C1CC[C@H]1[C@@H]2[C@H](O)C[C@]2(C)[C@@H]1CC[C@]2(O)C(=O)COC(=O)[C@H](N)CCC(=O)O,0.9994909763336182,1,0.9999809265136719,1,0.3455479187479187,0
CNP0309406.2,C[C@]12CCC(=O)C=C1CCC1C2C(O)C[C@@]2(C)C1CC[C@]2(O)C(=O)COC(=O)[C@H](N)CCC(=O)O,0.9994909763336182,1,0.9999809265136719,1,0.3455479187479187,0
CNP0309406.7,C[C@@]12CCC(=O)C=C1CC[C@@H]1[C@@H]2[C@H](O)C[C@]2(C)[C@@H]1CC[C@]2(O)C(=O)COC(=O)[C@H](N)CCC(=O)O,0.9994909763336182,1,0.9999809265136719,1,0.3455479187479187,0
CNP0309406.3,C[C@]12CCC(=O)C=C1CC[C@@H]1[C@@H]2[C@H](O)C[C@]2(C)[C@@H]1CC[C@]2(O)C(=O)COC(=O)[C@H](N)CCC(=O)O,0.9994909763336182,1,0.9999809265136719,1,0.3455479187479187,0
CNP0385265.1,CCCOC1=CC=C(C2CN3C(=O)CN(CCOC)C(=O)[C@]3(C)C3=C2C2=CC=CC=C2N3)C=C1OC,0.9994820952415466,1,0.9999150037765503,1,0.5214900793650794,1
CNP0555221.0,NS(=O)(=O)C1=CC=C(CNC(=O)C2=C(C3=CC(Cl)=C(O)C=C3O)NN=C2)C=C1,0.9994786381721497,1,0.9962455630302429,1,0.3038155716832187,0
CNP0248161.1,COC(=O)[C@H](O)CC1=CC=C(C(=O)O)C=C1O,0.9994760155677795,1,0.9999991655349731,1,0.3906608097784568,0
CNP0602985.0,CCC(C)C(N)C(=O)NC(C(=O)NC(C(=O)O)C(C)C)C(C)C,0.9994751811027527,1,0.9999998807907104,1,0.4150059923736393,0
CNP0199715.2,CC1=CC2=C(C=C1S(=O)(=O)N[C@H](CC1=CNC3=CC=CC=C13)C(=O)O)NC(=O)CO2,0.9994741082191467,1,0.9999938011169434,1,0.4813838383838383,0
CNP0199715.1,CC1=CC2=C(C=C1S(=O)(=O)N[C@@H](CC1=CNC3=CC=CC=C13)C(=O)O)NC(=O)CO2,0.9994741082191467,1,0.9999938011169434,1,0.4813838383838383,0
CNP0588803.0,N=C1NC2=C(N=CN2C2OC(CO)C(O)C2O)C(=O)O1,0.9994701743125916,1,0.9999970197677612,1,0.4957868493909191,0
CNP0328027.1,CCCC[C@H](C(=O)O)[C@@H](C)C(=O)O,0.9994701743125916,1,0.9999996423721313,1,0.3375808341984811,0
CNP0180456.1,CCCOC1=CC=C(C2CN3C(=O)CN(C(C)CC)C(=O)[C@]3(C)C3=C2C2=CC=CC=C2N3)C=C1OC,0.9994681477546692,1,0.999737560749054,1,0.5150012626262626,1
CNP0471954.1,COC1=C(C)C(OC[C@@H]2[C@@]3(C)CCCC(C)(C)[C@@H]3CC[C@@]2(C)O)=C2COC(=O)C2=C1C(=O)O,0.9994625449180603,1,0.999984860420227,1,0.3973409090909092,0
CNP0225305.1,CC[C@H](C)[C@H](NC(=O)CC[C@H](N)C(=O)O)C(=O)O,0.9994580149650574,1,0.9999995231628418,1,0.3653503134796238,0
CNP0253756.1,CC(=O)O[C@H]1CC[C@@]2(C)[C@@H](C1)C(=O)C=C1[C@@H]2CC[C@]2(C)[C@@H]([C@H](C)[C@H](O)CCC(C)(C)O)CC[C@@]12O,0.9994524121284485,1,0.9999998807907104,1,0.4210079365079365,0
CNP0253756.2,CC(=O)O[C@@H]1CC[C@@]2(C)[C@@H](C1)C(=O)C=C1[C@@H]2CC[C@]2(C)[C@@H]([C@@H](C)[C@H](O)CCC(C)(C)O)CC[C@]12O,0.9994524121284485,1,0.9999998807907104,1,0.4210079365079365,0
CNP0253756.3,CC(=O)O[C@H]1CC[C@@]2(C)[C@@H](C1)C(=O)C=C1[C@@H]2CC[C@]2(C)[C@@H]([C@@H](C)[C@H](O)CCC(C)(C)O)CC[C@]12O,0.9994524121284485,1,0.9999998807907104,1,0.4210079365079365,0
CNP0386223.1,NC1=NC2=C(N=C(SCC3=CC=CC=C3Br)N2[C@@H]2O[C@H](CO)[C@@H](O)[C@H]2O)C(=O)N1,0.9994471669197083,1,0.953596830368042,1,0.4845045096747224,0
CNP0074253.1,C[C@@H](NC(=O)C1=CC=C2OCOC2=C1)C1=C(C(=O)O)C(C2=CC=C(Cl)C=C2)=NO1,0.999431312084198,1,0.9993594288825989,1,0.4380078516254987,0
CNP0111029.1,COC1=CC2=C(C=C1OC)CN(C(=O)C1=C([C@H](C)O)ON=C1C1=CC=C(Cl)C=C1)CC2,0.9994284510612488,1,0.999998927116394,1,0.3992141962186719,0
CNP0235658.4,NC1=NC=NC2=C1C=CN2[C@H]1O[C@@H](CO)[C@H](O)[C@@H]1O,0.9994263648986816,1,0.9805512428283691,1,0.4139961864590797,0
CNP0235658.8,NC1=NC=NC2=C1C=CN2[C@H]1O[C@@H](CO)[C@@H](O)[C@@H]1O,0.9994263648986816,1,0.9805512428283691,1,0.4139961864590797,0
CNP0235658.2,NC1=NC=NC2=C1C=CN2[C@H]1O[C@@H](CO)[C@H](O)[C@H]1O,0.9994263648986816,1,0.9805512428283691,1,0.4139961864590797,0
CNP0235658.3,NC1=NC=NC2=C1C=CN2[C@H]1O[C@H](CO)[C@@H](O)[C@@H]1O,0.9994263648986816,1,0.9805512428283691,1,0.4139961864590797,0
CNP0235658.1,NC1=NC=NC2=C1C=CN2[C@@H]1O[C@H](CO)[C@@H](O)[C@H]1O,0.9994263648986816,1,0.9805512428283691,1,0.4139961864590797,0
CNP0235658.6,NC1=NC=NC2=C1C=CN2[C@@H]1O[C@@H](CO)[C@@H](O)[C@@H]1O,0.9994263648986816,1,0.9805512428283691,1,0.4139961864590797,0
CNP0235658.5,NC1=NC=NC2=C1C=CN2[C@@H]1O[C@@H](CO)[C@@H](O)[C@H]1O,0.9994263648986816,1,0.9805512428283691,1,0.4139961864590797,0
CNP0235658.7,NC1=NC=NC2=C1C=CN2[C@H]1O[C@@H](CO)[C@@H](O)[C@H]1O,0.9994263648986816,1,0.9805512428283691,1,0.4139961864590797,0
CNP0344540.0,CCCC(CC(C)CCCC(C)C)N=O,0.9994230270385742,1,1.0,1,0.3323803124979595,0
CNP0282708.1,CN1CCN(C2=NC3=C(N=CNC3=O)N2[C@@H]2O[C@H](CO)[C@@H](O)[C@H]2O)CC1,0.9994195699691772,1,0.9999943971633911,1,0.3536102769779241,0
CNP0333356.2,CCCC[C@@H](CC)C(=O)O,0.9994176626205444,1,0.9999898672103882,1,0.3779498818175288,0
CNP0333356.1,CCCC[C@H](CC)C(=O)O,0.9994176626205444,1,0.9999898672103882,1,0.3779498818175288,0
CNP0518909.1,C[C@@H]1CCCC[C@]1(N)C(=O)O,0.9994122982025146,1,0.9999194145202637,1,0.3948559757236228,0
CNP0518909.3,C[C@H]1CCCC[C@]1(N)C(=O)O,0.9994122982025146,1,0.9999194145202637,1,0.3948559757236228,0
CNP0518909.4,C[C@@H]1CCCC[C@@]1(N)C(=O)O,0.9994122982025146,1,0.9999194145202637,1,0.3948559757236228,0
CNP0518909.2,C[C@H]1CCCC[C@@]1(N)C(=O)O,0.9994122982025146,1,0.9999194145202637,1,0.3948559757236228,0
CNP0569521.2,CCOC1=CC=CC=C1NC(=O)[C@@H]1CN(S(=O)(=O)C2=CC=CN=C2)CC12CCCCC2,0.9994081258773804,1,0.9988406300544739,1,0.3283874458874458,0
CNP0569521.1,CCOC1=CC=CC=C1NC(=O)[C@H]1CN(S(=O)(=O)C2=CC=CN=C2)CC12CCCCC2,0.9994081258773804,1,0.9988406300544739,1,0.3283874458874458,0
CNP0551082.1,COC(=O)[C@H](CC1=CNC2=CC=CC=C12)NC(=O)C1=CC=C(N2C=NN=N2)C=C1,0.9994059801101685,1,0.9999986886978149,1,0.5472465034965034,1
CNP0590376.1,COC(=O)CCNC(=O)[C@H]1CN(S(=O)(=O)C2=CC=CC=C2)CC12CCCCC2,0.9993995428085327,1,0.9998855590820312,1,0.4065454545454545,0
CNP0590376.2,COC(=O)CCNC(=O)[C@@H]1CN(S(=O)(=O)C2=CC=CC=C2)CC12CCCCC2,0.9993995428085327,1,0.9998855590820312,1,0.4065454545454545,0
CNP0083688.0,O=C(O)CC1(C(=O)O)CCCCC1,0.9993925094604492,1,0.9999816417694092,1,0.186447425940073,0
CNP0213165.1,C[C@@H]1[C@H](O)C[C@]23OC(=O)C[C@]12C[C@@]1(O[C@@H]2O[C@H](CO)[C@@H](O)[C@H](O)[C@H]2O)OC[C@]3(C)[C@@H]1C,0.9993882179260254,1,1.0,1,0.3684370425887657,0
CNP0306117.1,CC[C@H](C)[C@H](N)C(=O)N[C@@H](C)C(=O)O,0.9993873834609985,1,0.9999991655349731,1,0.3499577628254098,0
CNP0396505.0,COC1=CC2=C(C=C1OC)C1=C(C2)C(C(=O)NC2=CC=C(C(=O)O)C=C2)=NN1C,0.9993866682052612,1,0.9999949932098389,1,0.4268029232455329,0
CNP0358244.1,C[C@@H](NS(C)(=O)=O)C1=C(C(=O)O)C(C2=CC=C(Cl)C=C2)=NO1,0.9993855953216553,1,0.9999876022338867,1,0.4047961466637937,0
CNP0096908.1,CCCS(=O)(=O)NC1=C2[C@@H]3C[C@@H](CN(C(=O)NC4CCCCC4)C3)CN2C(=O)C=C1,0.9993784427642822,1,1.0,1,0.5216079753579754,1
CNP0362872.1,CSC1=NC2=C(N=CNC2=O)N1[C@@H]1O[C@H](CO)[C@@H](O)[C@H]1O,0.9993780851364136,1,0.9994142055511475,1,0.430066446104306,0
CNP0553031.3,CC[C@H](C)[C@H](NC(=O)[C@H](CC1=CC=CC=C1)NC(=O)N1C2=CC=CC=C2NC(=O)[C@@H]1C(C)C)C(=O)O,0.9993742108345032,1,0.9999995231628418,1,0.561388528138528,1
CNP0553031.1,CCC(C)[C@H](NC(=O)[C@H](CC1=CC=CC=C1)NC(=O)N1C2=CC=CC=C2NC(=O)[C@@H]1C(C)C)C(=O)O,0.9993742108345032,1,0.9999995231628418,1,0.561388528138528,1
CNP0553031.2,CC[C@@H](C)[C@H](NC(=O)[C@H](CC1=CC=CC=C1)NC(=O)N1C2=CC=CC=C2NC(=O)[C@@H]1C(C)C)C(=O)O,0.9993742108345032,1,0.9999995231628418,1,0.561388528138528,1
CNP0472493.4,C[C@@H](CCC(=O)O)[C@H]1CC[C@H]2[C@H]3C(=O)C[C@@H]4CCCC[C@]4(C)[C@@H]3CC(=O)[C@]12C,0.9993709921836853,1,0.9999994039535522,1,0.3925452211187505,0
CNP0472493.2,C[C@@H](CCC(=O)O)[C@H]1CC[C@@H]2[C@H]3C(=O)C[C@@H]4CCCC[C@]4(C)[C@@H]3CC(=O)[C@@]21C,0.9993709921836853,1,0.9999994039535522,1,0.3925452211187505,0
CNP0472493.1,C[C@@H](CCC(=O)O)[C@H]1CC[C@H]2[C@H]3C(=O)C[C@@H]4CCCC[C@]4(C)[C@H]3CC(=O)[C@]12C,0.9993709921836853,1,0.9999994039535522,1,0.3925452211187505,0
CNP0472493.3,C[C@@H](CCC(=O)O)[C@H]1CC[C@@H]2[C@H]3C(=O)C[C@@H]4CCCC[C@]4(C)[C@H]3CC(=O)[C@@]21C,0.9993709921836853,1,0.9999994039535522,1,0.3925452211187505,0
CNP0352811.1,COC(=O)[C@@H](CC1=CC=CC=C1)NC(=O)C1=CC=CC=C1,0.9993640780448914,1,0.9953022003173828,1,0.5056356421356419,1
CNP0352811.2,COC(=O)[C@H](CC1=CC=CC=C1)NC(=O)C1=CC=CC=C1,0.9993640780448914,1,0.9953022003173828,1,0.5056356421356419,1
CNP0365493.1,O=C1NC=NC2=C1N=C(SCC1=CC=CC=C1)N2[C@@H]1O[C@H](CO)[C@@H](O)[C@H]1O,0.9993589520454407,1,0.9988871216773987,1,0.4046809290585721,0
CNP0317442.1,C[C@@H](NCC1CC1)C1=C(C(=O)O)C(C2=CC=C(Cl)C=C2)=NO1,0.9993587136268616,1,0.9999995231628418,1,0.5092170535347006,1
CNP0226639.1,CC[C@@H](C)[C@H](NC(C)=O)C(=O)N(C)[C@H](CC1=CC=C(O)C=C1)C(=O)O,0.9993489384651184,1,0.9999970197677612,1,0.4658939393939393,0
CNP0556812.1,O=C(C1CCCCC1)N1C2=NC=NN2C2(CCCCC2)[C@@H]2CCCC[C@@H]21,0.9993471503257751,1,0.9999998807907104,1,0.3416337535014005,0
CNP0476257.0,O=C(O)C1=CC=CC(S(=O)(=O)NC2=CC=CC=C2)=C1,0.999344527721405,1,0.9525734186172485,1,0.2666099594849594,0
CNP0104147.0,COC1=C2CC(C(C)(C)O)OC(=O)C2=CC2=C1NC1=CC=CC=C12,0.9993402361869812,1,0.9976406097412109,1,0.3772566322566322,0
CNP0308965.0,NC(CC1=CC(O)=NC(C(=O)O)=C1)C(=O)O,0.9993342757225037,1,0.9994737505912781,1,0.4593140167247673,0
CNP0071478.1,CC(C)(O)[C@H]1O[C@@]2(O)CC[C@@]3(C)C(=CC[C@H]4CC5=C(NC6=CC=CC=C56)[C@@]43C)C2=CC1=O,0.9993317723274231,1,0.9999984502792358,1,0.406829726312335,0
CNP0462211.1,CC[C@H](C)[C@H](NC(=O)[C@@H](N)C(C)C)C(=O)O,0.9993249177932739,1,0.9999978542327881,1,0.3652283810960282,0
CNP0560195.1,CCC1=NN2C(=N1)N(C(=O)C1=CC=CS1)[C@H]1CCCC[C@H]1C21CCCCC1,0.9993230104446411,1,0.9999924898147583,1,0.4311619769119769,0
CNP0594580.1,CN1C(O)=NC2C(=C1N)N=CN2[C@@H]1O[C@H](CO)[C@@H](O)[C@H]1O,0.9993201494216919,1,0.9820043444633484,1,0.3988142044364078,0
CNP0412259.0,COC1=C2CN(C)CCC2=C(S(=O)(=O)N2CCN(C(=O)C(C)C)CC2)C2=C1OCO2,0.9993103742599487,1,1.0,1,0.383060176230389,0
CNP0315498.1,CO[C@H]1[C@H](O)[C@@H](CO)O[C@@H]1N1C=CC(N)=NC1=O,0.9993095397949219,1,0.9964863061904907,1,0.5844672760420113,1
CNP0275729.2,CC(CO)CCC[C@@](C)(O)C1=CC=C(C(=O)O)C=C1O,0.9993083477020264,1,0.9999998807907104,1,0.3441389349888336,0
CNP0275729.1,C[C@H](CO)CCC[C@@](C)(O)C1=CC=C(C(=O)O)C=C1O,0.9993083477020264,1,0.9999998807907104,1,0.3441389349888336,0
CNP0275729.4,C[C@H](CO)CCC[C@](C)(O)C1=CC=C(C(=O)O)C=C1O,0.9993083477020264,1,0.9999998807907104,1,0.3441389349888336,0
CNP0275729.5,C[C@@H](CO)CCC[C@@](C)(O)C1=CC=C(C(=O)O)C=C1O,0.9993083477020264,1,0.9999998807907104,1,0.3441389349888336,0
CNP0275729.3,C[C@@H](CO)CCC[C@](C)(O)C1=CC=C(C(=O)O)C=C1O,0.9993083477020264,1,0.9999998807907104,1,0.3441389349888336,0
CNP0605020.1,CCCCN(C)C(=O)[C@@H]1CN(S(=O)(=O)C2=CC=CN=C2)CC12CCCCC2,0.9992973804473877,1,0.9997057318687439,1,0.3745689033189033,0
CNP0605020.2,CCCCN(C)C(=O)[C@H]1CN(S(=O)(=O)C2=CC=CN=C2)CC12CCCCC2,0.9992973804473877,1,0.9997057318687439,1,0.3745689033189033,0
CNP0565253.4,C[C@]1(O)[C@H](O)[C@@H](CO)O[C@@H]1N1C=CC(N)=NC1=O,0.9992941617965698,1,0.9997761845588684,1,0.49781364677654,0
CNP0565253.3,C[C@]1(O)[C@H](O)[C@@H](CO)O[C@H]1N1C=CC(N)=NC1=O,0.9992941617965698,1,0.9997761845588684,1,0.49781364677654,0
CNP0565253.1,C[C@]1(O)[C@H](O)[C@H](CO)O[C@@H]1N1C=CC(N)=NC1=O,0.9992941617965698,1,0.9997761845588684,1,0.49781364677654,0
CNP0565253.2,C[C@]1(O)[C@H](O)[C@H](CO)O[C@H]1N1C=CC(N)=NC1=O,0.9992941617965698,1,0.9997761845588684,1,0.49781364677654,0
CNP0118633.1,CC(C)CCC[C@](C)(O)C1=CC=C(C(=O)O)C=C1O,0.999293327331543,1,0.9999978542327881,1,0.3289289321789321,0
CNP0118633.2,CC(C)CCC[C@@](C)(O)C1=CC=C(C(=O)O)C=C1O,0.999293327331543,1,0.9999978542327881,1,0.3289289321789321,0
CNP0147385.0,CC1C2CC34COC(O2)C1(CC(O)C1=COC=C1)C3CCC=C4C(=O)O,0.9992890357971191,1,0.999970555305481,1,0.3919612748362748,0
CNP0587578.0,O=C(O)C1=CC=CC(CC(C(=O)O)C(C(=O)O)C2=CC=CC(C(=O)O)=C2)=C1,0.9992778897285461,1,0.9999469518661499,1,0.3692729939142982,0
CNP0171008.6,C[C@H]1CC[C@@]2(C)C(C(=O)O)=CCC[C@@H]2[C@@]1(C)CCC1=CC(=O)OC1,0.9992695450782776,1,0.9999840259552002,1,0.3428114663114663,0
CNP0171008.2,C[C@@H]1CC[C@@]2(C)C(C(=O)O)=CCCC2[C@@]1(C)CCC1=CC(=O)OC1,0.9992695450782776,1,0.9999840259552002,1,0.3428114663114663,0
CNP0171008.1,C[C@@H]1CC[C@@]2(C)C(C(=O)O)=CCC[C@@H]2[C@@]1(C)CCC1=CC(=O)OC1,0.9992695450782776,1,0.9999840259552002,1,0.3428114663114663,0
CNP0171008.4,C[C@@H]1CC[C@]2(C)C(C(=O)O)=CCC[C@@H]2[C@]1(C)CCC1=CC(=O)OC1,0.9992695450782776,1,0.9999840259552002,1,0.3428114663114663,0
CNP0171008.5,C[C@H]1CC[C@]2(C)C(C(=O)O)=CCC[C@H]2[C@]1(C)CCC1=CC(=O)OC1,0.9992695450782776,1,0.9999840259552002,1,0.3428114663114663,0
CNP0171008.8,C[C@@H]1CC[C@@]2(C)C(C(=O)O)=CCC[C@H]2[C@@]1(C)CCC1=CC(=O)OC1,0.9992695450782776,1,0.9999840259552002,1,0.3428114663114663,0
CNP0171008.7,C[C@H]1CC[C@]2(C)C(C(=O)O)=CCC[C@@H]2[C@@]1(C)CCC1=CC(=O)OC1,0.9992695450782776,1,0.9999840259552002,1,0.3428114663114663,0
CNP0171008.3,C[C@@H]1CC[C@]2(C)C(C(=O)O)=CCC[C@@H]2[C@@]1(C)CCC1=CC(=O)OC1,0.9992695450782776,1,0.9999840259552002,1,0.3428114663114663,0
CNP0312992.0,COC(=O)CC(C1=CC=C(C(=O)O)C=C1)C1=C(CC2=CC=CC=C2)NNC1=O,0.9992690682411194,1,0.9999146461486816,1,0.3342320179820179,0
CNP0362524.1,CCOC(=O)C1=C/C(=C\CC(C)C)C2=C(OC)C3=C(O[C@H](C(C)(C)O)C3)C(CO)=C2O1,0.9992665648460388,1,1.0,1,0.4056192973692973,0
CNP0144640.0,CC(C(O)CCC(C)(C)O)C1CCC2(O)C3=CC(=O)C4(O)CC(O)CCC4(C)C3CCC12C,0.9992626309394836,1,0.9999996423721313,1,0.3347488328664799,0
CNP0053502.0,CCC(C1=CC=CC(C(=O)O)=C1)C(C(C)=O)C1=CC=C(O)C=C1,0.9992566704750061,1,0.9999982118606567,1,0.4144202186702185,0
CNP0499267.1,OC[C@@H]1O[C@H](N2C(N3CCCCC3)=NC3=C(O)N=CN=C32)[C@@H](O)[C@H]1O,0.9992522597312927,1,0.9999934434890747,1,0.404710523953171,0
CNP0428844.1,CC(=O)N[C@@H](CC1=CC=C(O)C=C1)C(=O)C[C@@H](CC1=CC=CC=C1)C(=O)O,0.9992486834526062,1,0.9997072815895081,1,0.5428760961260961,1
CNP0480236.1,O=C1N=C(O)C(Br)=CN1[C@@H]1O[C@H](CO)[C@@H](O)[C@@H]1O,0.9992485642433167,1,0.9964481592178345,1,0.3797523308523208,0
CNP0208730.2,CCC[C@H](C)C[C@H](C)C[C@H](C)C[C@H](C)C(=O)O,0.9992412328720093,1,0.9999997615814209,1,0.2951993982828463,0
CNP0208730.1,CCC[C@H](C)C[C@H](C)C[C@H](C)C[C@@H](C)C(=O)O,0.9992412328720093,1,0.9999997615814209,1,0.2951993982828463,0
CNP0208730.3,CCC[C@@H](C)C[C@@H](C)C[C@@H](C)C[C@@H](C)C(=O)O,0.9992412328720093,1,0.9999997615814209,1,0.2951993982828463,0
CNP0187333.1,CCC[C@H](C)C[C@H](C)C[C@@H](C)C(=O)O,0.9992411136627197,1,0.9999997615814209,1,0.2911993982828463,0
CNP0029028.1,N#CC1=CC=CC=C1S(=O)(=O)N[C@H]1CO[C@H]2[C@@H]1OC[C@@H]2N1N=NN=C1OC1=CC=CC=C1,0.9992324113845825,1,0.9996265172958374,1,0.4528918858918858,0
CNP0571906.0,O=C(O)C1=C(NS(=O)(=O)C2=CC=CC=C2)C=CC2=C1CCCC2,0.9992309808731079,1,0.5717939138412476,1,0.295306388056388,0
CNP0240189.1,N[C@@H](CCC(=O)N[C@@H](CC1=CC=C(O)C=C1)C(=O)O)C(=O)O,0.9992250204086304,1,0.9997032284736633,1,0.468120351698525,0
CNP0588038.1,CC[C@@H](C(=O)O)[C@H](NS(=O)(=O)C1=CC=C(C)C=C1)C(=O)O,0.9992207288742065,1,0.9985542893409729,1,0.4617425352425354,0
CNP0112994.1,COC(=O)[C@@H](CC1=CC=CC=C1)NC(=O)COC1=CC(O)=C2C(=O)C=C(C3=CC=CC=C3)OC2=C1,0.999215841293335,1,0.9999994039535522,1,0.5375967563169689,1
CNP0458713.1,CCCS(=O)(=O)N[C@H]1C[C@@H](C2=NC(C3=CN=CN=C3)=NO2)N(C)C1,0.9992033839225769,1,1.0,1,0.345626432846679,0
CNP0354477.1,CC(C)(O)[C@H]1CC[C@](C)(C2=CC=C(C(=O)O)C=C2O)O1,0.9991913437843323,1,1.0,1,0.386053938871586,0
CNP0075778.2,COC1=CC2=C(C[C@@H](C(C)(C)O)O2)C(O)=C1C/C=C/C1=CC=C(O)C=C1,0.9991911053657532,1,0.9999998807907104,1,0.3903006643683115,0
CNP0075778.1,COC1=CC2=C(C[C@H](C(C)(C)O)O2)C(O)=C1C/C=C/C1=CC=C(O)C=C1,0.9991911053657532,1,0.9999998807907104,1,0.3903006643683115,0
CNP0326842.1,COC(=O)[C@@H](CCSC)NC(=O)C1(NC(=O)OC(C)(C)C)CCCCC1,0.9991902709007263,1,0.9999995231628418,1,0.4108183886062486,0
CNP0266097.1,C[C@@H]1CC[C@@H]2C=C(C(=O)O)[C@H]3CC(C(=O)O)=CC132,0.9991843104362488,1,0.9708080887794495,1,0.3528653552330022,0
CNP0558277.0,CCC(CC(C)C(=O)O)C(N)=O,0.9991770386695862,1,0.9998356103897095,1,0.3045764496940967,0
CNP0552008.1,COC1=CC(C)=C(S(=O)(=O)NC[C@@H](O)[C@@H](N)CC2=CC=CC=C2)C(C)=C1C,0.9991650581359863,1,0.999941349029541,1,0.466271645021645,0
CNP0058770.1,CCCS(=O)(=O)N1CC2=C(C[C@H]1C(=O)OC)N=CN2CC1=CC=C(Cl)C=C1,0.9991648197174072,1,0.9999490976333618,1,0.4670079724197371,0
CNP0297076.1,CC(C)CCC(=O)[C@@](C)(O)[C@H]1CC[C@@]2(O)C3=CC(=O)[C@@H]4C[C@@H](O)[C@@H](O)C[C@]4(C)[C@H]3[C@H](O)C[C@]12C,0.9991613626480103,1,1.0,1,0.4359176301726364,0
CNP0297076.2,CC(C)CCC(=O)[C@](C)(O)[C@H]1CC[C@@]2(O)C3=CC(=O)[C@@H]4C[C@@H](O)[C@@H](O)C[C@]4(C)[C@H]3[C@H](O)C[C@]12C,0.9991613626480103,1,1.0,1,0.4359176301726364,0
CNP0588437.0,CC(NC(=O)C(CC1=CC=CC=C1)NC(=O)C1=CC=CC=C1)C(=O)N1CCCC1C(=O)O,0.9991568326950073,1,0.9999563694000244,1,0.552357142857143,1
CNP0043908.2,N#CC1=CC=CC=C1S(=O)(=O)NC1=CC=C2[C@@H]3C[C@@H](CN(C(=O)CC4=CC=CS4)C3)CN2C1=O,0.9991559982299805,1,0.999797523021698,1,0.3167509157509157,0
CNP0043908.1,N#CC1=CC=CC=C1S(=O)(=O)NC1=CC=C2[C@@H]3C[C@H](CN(C(=O)CC4=CC=CS4)C3)CN2C1=O,0.9991559982299805,1,0.999797523021698,1,0.3167509157509157,0
CNP0544479.1,O=C1NC=CC=CN1[C@@H]1O[C@H](CO)[C@@H](O)[C@H]1O,0.9991434812545776,1,0.9951604008674622,1,0.2738225430701963,0
CNP0135718.2,CC1=CN([C@H]2O[C@@H](CO)[C@H](O)[C@@H]2O)C(=O)N=C1N,0.9991393089294434,1,0.9295783638954163,1,0.4457002775135029,0
CNP0135718.1,CC1=CN([C@@H]2O[C@H](CO)[C@@H](O)[C@H]2O)C(=O)N=C1N,0.9991393089294434,1,0.9295783638954163,1,0.4457002775135029,0
CNP0574896.0,CC(=O)C1=CC=C(NS(=O)(=O)C2=CC=CC(C(=O)NC3=CC=C(C(=O)O)C=C3)=C2)C=C1,0.9991229176521301,1,0.9785448312759399,1,0.2674945887445887,0
CNP0574905.0,CC(=O)OCC(C)CCCC(=O)C1=NC(C(=O)O)=CC2=C1NC1=CC=CC=C12,0.9991182684898376,1,0.9998181462287903,1,0.4949122685824813,0
CNP0415032.1,COC1=CC(CCC2=CC=CC=C2)=C(C(=O)O)C2=C1C[C@H](C(C)(C)O)O2,0.9991115927696228,1,0.9999997615814209,1,0.4940777417027416,0
CNP0415032.2,COC1=CC(CCC2=CC=CC=C2)=C(C(=O)O)C2=C1C[C@@H](C(C)(C)O)O2,0.9991115927696228,1,0.9999997615814209,1,0.4940777417027416,0
CNP0303994.1,NC1=CC2=NC=CC3=CN([C@@H]4O[C@H](CO)[C@@H](O)[C@H]4O)C(=C23)C1=O,0.9990764856338501,1,0.7892907857894897,1,0.4401396644679377,0
CNP0084139.1,COC1=CC=CC(C(=O)N2C[C@@H]3COCCN3C3(C2)CN(S(=O)(=O)C2=CC=CC=C2)C3)=C1,0.9990658164024353,1,0.9924813508987427,1,0.4290761183261182,0
CNP0201888.2,CC1=CC=C(S(=O)(=O)NC2(C(=O)N[C@@H](C)C(=O)OC(C)(C)C)CCCCC2)C=C1,0.9990430474281311,1,0.9999755620956421,1,0.3907200299700299,0
CNP0201888.1,CC1=CC=C(S(=O)(=O)NC2(C(=O)N[C@H](C)C(=O)OC(C)(C)C)CCCCC2)C=C1,0.9990430474281311,1,0.9999755620956421,1,0.3907200299700299,0
CNP0517544.1,CCC(O)C[C@H](N)C(=O)O,0.999042809009552,1,0.9997120499610901,1,0.2906597275273745,0
CNP0526720.1,COC[C@@H]1CN(S(=O)(=O)C2=CN(C)C(C)=N2)[C@H]2C3=CC=CC=C3OC[C@@H]12,0.9990426898002625,1,0.9986959099769592,1,0.3947244511314205,0
CNP0489003.0,C=CC1=C(C(=O)O)N=C(CC2=CC=C(O)C=C2)O1,0.9990335702896118,1,0.9997190833091736,1,0.3191780924957395,0
CNP0216563.2,NC1=NC=NC2=C1C(C(=O)O)=CN2[C@@H]1O[C@@H](CO)[C@@H](O)[C@H]1O,0.9990227222442627,1,0.6299837827682495,1,0.4253961463373227,0
CNP0216563.1,NC1=NC=NC2=C1C(C(=O)O)=CN2[C@@H]1O[C@H](CO)[C@H](O)[C@H]1O,0.9990227222442627,1,0.6299837827682495,1,0.4253961463373227,0
CNP0507931.1,CC[C@H](C)[C@H](NC(=O)[C@H](C)N)C(=O)O,0.999019980430603,1,0.9999922513961792,1,0.3986948313124784,0
CNP0501045.1,C[C@@H](C(=O)N1CCOCC1)N1CC[C@H](NS(=O)(=O)C2=NNC(C3=CC=C(Cl)S3)=N2)C1=O,0.9990057349205017,1,0.9999860525131226,1,0.457799839049839,0
CNP0087185.4,C[C@H](CCC[C@](C)(O)[C@@H]1CC[C@@](C)(O)[C@H]1C)C(=O)O,0.9989977478981018,1,0.9999655485153198,1,0.3500603599918369,0
CNP0087185.2,C[C@H](CCC[C@](C)(O)[C@@H]1CC[C@@](C)(O)[C@@H]1C)C(=O)O,0.9989977478981018,1,0.9999655485153198,1,0.3500603599918369,0
CNP0087185.1,C[C@H](CCC[C@](C)(O)[C@@H]1CC[C@](C)(O)[C@@H]1C)C(=O)O,0.9989977478981018,1,0.9999655485153198,1,0.3500603599918369,0
CNP0087185.3,C[C@H](CCC[C@](C)(O)[C@@H]1CC[C@](C)(O)[C@H]1C)C(=O)O,0.9989977478981018,1,0.9999655485153198,1,0.3500603599918369,0
CNP0334249.3,C[C@H](C(=O)O)[C@H]1CC[C@H]2[C@@H]3C=CC4=CC(=O)CC[C@]4(C)[C@H]3CC(=O)[C@]12C,0.9989973902702332,1,1.0,1,0.4864787421416019,0
CNP0334249.1,CC(C(=O)O)C1CCC2C3C=CC4=CC(=O)CC[C@]4(C)C3CC(=O)[C@]12C,0.9989973902702332,1,1.0,1,0.4864787421416019,0
CNP0334249.2,C[C@@H](C(=O)O)[C@H]1CC[C@H]2[C@@H]3C=CC4=CC(=O)CC[C@]4(C)[C@H]3CC(=O)[C@]12C,0.9989973902702332,1,1.0,1,0.4864787421416019,0
CNP0258486.1,CC(=O)OC[C@H](CC1=CC=C(O)C=C1)NC(=O)[C@H](CC1=CC=C(O)C=C1)NC(=O)C1=CC=CC=C1,0.9989928603172302,1,0.9585972428321838,1,0.3811706349206348,0
CNP0397599.0,COC1=C2CN(C)CCC2=C(S(=O)(=O)N2CCCN(C3=NC=CC=N3)CC2)C2=C1OCO2,0.9989920258522034,1,0.9999794960021973,1,0.3515179542679544,0
CNP0257616.0,CC(=O)OCC(C)C1CCC2C3C=CC(C(=O)O)=CCC3(C)CCC12C(=O)O,0.9989911913871765,1,0.9999986886978149,1,0.3325283797729617,0
CNP0440474.0,COC1=C(O)C(CC2=CNC=C2)=C2OC(C3=CC=C(O)C=C3)=CC(=O)C2=C1OCCC1(O)CCCC1,0.9989808201789856,1,1.0,1,0.4159190476190477,0
CNP0118605.0,COC1=C(O)C=CC2=C1CC(C(C)(C)O)C2CC(=O)C1=CC=C(O)C=C1O,0.9989757537841797,1,0.9999991655349731,1,0.293318315018315,0
CNP0491398.1,COCC(=O)N1C2=NC(C(C)C)=NN2C2(CCCCC2)[C@@H]2CCCC[C@@H]21,0.998975396156311,1,1.0,1,0.5008751167133519,1
CNP0177057.1,COC1=CC=C(C2=NOC([C@@H](C)NS(=O)(=O)CC(C)C)=C2C(=O)O)C=C1,0.9989662170410156,1,0.9999983310699463,1,0.4751144688644688,0
CNP0575813.1,C[C@@H]1CC[C@H]2C(C(=O)O)=C[C@@H]3C[C@@](C)(C(=O)O)C[C@@]132,0.9989606142044067,1,0.9928047060966492,1,0.3182748362748363,0
CNP0527486.1,COC[C@@H]1CN(S(=O)(=O)C2=C(C)ON=C2C)[C@H]2C3=CC=CC=C3OC[C@@H]12,0.998957633972168,1,0.9999464750289917,1,0.4158237369450366,0
CNP0444630.1,C[C@@]12CC=C(C(=O)O)CC[C@H]1[C@@H]([C@](C)(O)CO)CC2,0.9989564418792725,1,0.9999465942382812,1,0.2314960317460316,0
CNP0473471.1,CN(C(=O)OCC1C2=CC=CC=C2C2=CC=CC=C21)[C@H](CC1=CC=C(O)C=C1)C(=O)O,0.9989553689956665,1,0.9940544962882996,1,0.2980143745143744,0
CNP0473471.2,CN(C(=O)OCC1C2=CC=CC=C2C2=CC=CC=C21)[C@@H](CC1=CC=C(O)C=C1)C(=O)O,0.9989553689956665,1,0.9940544962882996,1,0.2980143745143744,0
CNP0521550.0,O=C1NC(CC2=CC=CC=C2)=NC2=C1C1(CCCCC1)CC1=CC=CC=C12,0.998948872089386,1,0.9999922513961792,1,0.3225535714285714,0
CNP0206927.0,COC1=C2CN(C)CCC2=C(S(=O)(=O)N2CCC(O)(C3=CC=C(Cl)C=C3)CC2)C2=C1OCO2,0.9989446997642517,1,0.9999992847442627,1,0.335244503862151,0
CNP0568925.1,CC1=C2C[C@]3(C)[C@@H](C)COC(=O)C[C@@]3(O)C[C@H]2OC1=O,0.9989416003227234,1,0.9954040050506592,1,0.378087043275873,0
CNP0169081.1,CC[C@@H](O)[C@H](NC)C(=O)O,0.9989410042762756,1,0.9999945163726807,1,0.3458740426240425,0
CNP0076241.0,CCCCC(C)CCC(=O)OC,0.9989401698112488,1,0.9999996423721313,1,0.3383060273060272,0
CNP0389108.3,CC[C@@H](C)[C@H](NC(=O)OC(C)(C)C)C(=O)NC[C@H]1CC[C@H](C(=O)N2CCC[C@H]2C(=O)O)CC1,0.9989363551139832,1,1.0,1,0.5148723339268231,1
CNP0389108.2,CC[C@H](C)[C@H](NC(=O)OC(C)(C)C)C(=O)NC[C@H]1CC[C@H](C(=O)N2CCC[C@H]2C(=O)O)CC1,0.9989363551139832,1,1.0,1,0.5148723339268231,1
CNP0389108.1,CCC(C)[C@H](NC(=O)OC(C)(C)C)C(=O)NC[C@H]1CC[C@H](C(=O)N2CCC[C@H]2C(=O)O)CC1,0.9989363551139832,1,1.0,1,0.5148723339268231,1
CNP0095658.1,CC(=O)O[C@@]12C[C@@H](C)[C@](O)(CCC3=CC(=O)OC3)[C@@]3(C)[C@H](O)CC[C@@](C)([C@@H]4CCC[C@@H]4NN1)[C@@H]32,0.9989340901374817,1,0.9999994039535522,1,0.3648386903773901,0
CNP0517337.1,CCCC1=NN2C(=N1)N(C(C)=O)[C@H]1CCCC[C@H]1C21CCCCC1,0.9989333748817444,1,0.9999998807907104,1,0.4336904125286477,0
CNP0403850.1,N[C@@H](CC1=CNC2=CC=C(O)C=C12)C(=O)O,0.9989251494407654,1,0.9991325736045837,1,0.3674858670741023,0
CNP0403850.2,N[C@H](CC1=CNC2=CC=C(O)C=C12)C(=O)O,0.9989251494407654,1,0.9991325736045837,1,0.3674858670741023,0
CNP0483359.0,O=C(C1=NC(O)=C(C=C2C=NC3=CC(O)=CC=C23)N1)C1=CNC2=CC=CC=C12,0.9989240765571594,1,0.9984059929847717,1,0.2978333333333333,0
CNP0376461.0,NS(=O)(=O)C1=CC(C(=O)O)=C(NCC2=CC=CO2)C=C1Cl,0.9989184141159058,1,0.9946234226226807,1,0.400663961038961,0
CNP0158419.1,CC(=O)OC[C@@]12CC[C@@H](C)[C@](C)(CCC3=COC=C3)[C@H]1CCC=C2C(=O)O,0.9989067316055298,1,0.9999996423721313,1,0.4676713564213564,0
CNP0351160.0,CCOC(=O)CC(C1=CC=C(C(=O)O)C=C1)C1=C(O)C2=CC=CC=C2NC1=O,0.9988964796066284,1,0.9934110045433044,1,0.318556943056943,0
CNP0157441.2,COC1=C(C(C)C)C=CC2=C1CC[C@H]1C(C)=C(C(=O)O)CC[C@@]21C,0.9988941550254822,1,0.9999809265136719,1,0.3377600882777354,0
CNP0157441.1,COC1=C(C(C)C)C=CC2=C1CC[C@H]1C(C)=C(C(=O)O)CC[C@]21C,0.9988941550254822,1,0.9999809265136719,1,0.3377600882777354,0
CNP0107238.2,CC[C@H](C)[C@H](NC(=O)[C@H](CC1=CC=CC=C1)NC(=O)N1CC(=O)NC2=CC=CC=C21)C(=O)O,0.9988825917243958,1,0.9999916553497314,1,0.5490580808080807,1
CNP0107238.3,CC[C@@H](C)[C@H](NC(=O)[C@H](CC1=CC=CC=C1)NC(=O)N1CC(=O)NC2=CC=CC=C21)C(=O)O,0.9988825917243958,1,0.9999916553497314,1,0.5490580808080807,1
CNP0107238.1,CCC(C)[C@H](NC(=O)[C@H](CC1=CC=CC=C1)NC(=O)N1CC(=O)NC2=CC=CC=C21)C(=O)O,0.9988825917243958,1,0.9999916553497314,1,0.5490580808080807,1
CNP0390455.3,NC1=NC=NC2=C1N=C(Br)N2[C@@H]1O[C@@H](CO)[C@@H](O)[C@H]1O,0.9988815188407898,1,0.9984645843505859,1,0.3219015637615159,0
CNP0390455.2,NC1=NC=NC2=C1N=C(Br)N2[C@H]1O[C@@H](CO)[C@@H](O)[C@@H]1O,0.9988815188407898,1,0.9984645843505859,1,0.3219015637615159,0
CNP0390455.4,NC1=NC=NC2=C1N=C(Br)N2[C@@H]1O[C@@H](CO)[C@@H](O)[C@@H]1O,0.9988815188407898,1,0.9984645843505859,1,0.3219015637615159,0
CNP0390455.5,NC1=NC=NC2=C1N=C(Br)N2[C@H]1O[C@@H](CO)[C@@H](O)[C@H]1O,0.9988815188407898,1,0.9984645843505859,1,0.3219015637615159,0
CNP0390455.1,NC1=NC=NC2=C1N=C(Br)N2[C@@H]1O[C@H](CO)[C@@H](O)[C@H]1O,0.9988815188407898,1,0.9984645843505859,1,0.3219015637615159,0
CNP0283898.0,COC1=CC(O)=CC=C1C(=O)CC1C2=CC=C(O)C(OC)=C2CC1C(C)(C)O,0.9988754391670227,1,0.9999992847442627,1,0.4071123249299719,0
CNP0064351.4,CC[C@@H](C)[C@@H](NC(=O)OC(C)(C)C)C(=O)N[C@@H](CCSC)C(=O)OC,0.9988670349121094,1,1.0,1,0.4271000233426705,0
CNP0064351.3,CC[C@@H](C)[C@H](NC(=O)OC(C)(C)C)C(=O)N[C@@H](CCSC)C(=O)OC,0.9988670349121094,1,1.0,1,0.4271000233426705,0
CNP0064351.2,CC[C@H](C)[C@H](NC(=O)OC(C)(C)C)C(=O)N[C@@H](CCSC)C(=O)OC,0.9988670349121094,1,1.0,1,0.4271000233426705,0
CNP0064351.1,CC[C@H](C)[C@@H](NC(=O)OC(C)(C)C)C(=O)N[C@@H](CCSC)C(=O)OC,0.9988670349121094,1,1.0,1,0.4271000233426705,0
CNP0573981.1,CC[C@@H](C)[C@H](O)C(=O)O[C@H](C(=O)O)[C@H](C)CC,0.998862624168396,1,0.9999982118606567,1,0.2429993894993895,0
CNP0550390.1,CC[C@H](C)[C@H](NS(=O)(=O)C1=CC=C(C)C=C1)C(=O)NC[C@H]1CC[C@H](C(=O)O)CC1,0.9988419413566589,1,0.9999996423721313,1,0.5318174460042883,1
CNP0561981.0,O=C(NC1(C(=O)O)CCCCC1)C1=CC=CC=C1,0.9988378882408142,1,0.987097442150116,1,0.2306222943722943,0
CNP0508350.1,CC1=CC=C2C=C(C(C)C)C(=O)[C@@]3(C)C2=C1CCCC[C@]3(C)O,0.9988372921943665,1,0.9999991655349731,1,0.3202160878337349,0
CNP0311948.1,COC(=O)CC[C@]12C[C@]13CC[C@]1(C)C(=O)CC[C@@]1(C)[C@@H]3CC[C@H]2C(C)(C)O,0.998833954334259,1,0.9999980926513672,1,0.3631498307248307,0
CNP0469186.2,COC(=O)CO[C@@H]1CO[C@H]2[C@@H]1OC[C@@H]2NS(=O)(=O)C1=CC=CC=C1C#N,0.9988327622413635,1,0.9972467422485352,1,0.4134052760964524,0
CNP0469186.1,COC(=O)CO[C@H]1CO[C@@H]2[C@@H]1OC[C@@H]2NS(=O)(=O)C1=CC=CC=C1C#N,0.9988327622413635,1,0.9972467422485352,1,0.4134052760964524,0
CNP0145462.1,CN1C[C@@H](NS(=O)(=O)C2=CC=CC3=CC=CN=C23)C[C@H]1C1=NC(C2=CN=CN=C2)=NO1,0.9988229870796204,1,0.9999089241027832,1,0.3192554945054944,0
CNP0335182.1,CC[C@H](C)[C@H](C(=O)O)N(C)C(=O)[C@H](O)C(C)C,0.998817503452301,1,0.9999973773956299,1,0.4568056110556111,0
CNP0146564.1,COC(=O)[C@@H](CC1=CC=CN=C1)NC(=O)[C@@H]1CN(C(=O)NC(C)C)CCN1S(C)(=O)=O,0.9988105297088623,1,0.9999997615814209,1,0.4574408369408369,0
CNP0604677.0,O=C(O)C1=CC(Br)=CC=C1NS(=O)(=O)C1=CC=C(Cl)C=C1,0.9987936019897461,1,0.8815215229988098,1,0.3098235930735931,0
CNP0576774.2,COC(=O)[C@@H](CC1=CC=CC=C1)NC(=O)C1=CC=C(C)C=C1,0.9987900853157043,1,0.9987384676933289,1,0.5458759018759018,1
CNP0576774.1,COC(=O)[C@H](CC1=CC=CC=C1)NC(=O)C1=CC=C(C)C=C1,0.9987900853157043,1,0.9987384676933289,1,0.5458759018759018,1
CNP0437969.1,COC(=O)[C@@H]1CC2=C(CN1S(=O)(=O)C1=CC=C(NC(C)=O)C=C1)N(CC1=CC=CC=C1)C=N2,0.9987866282463074,1,0.9988007545471191,1,0.4673899629781983,0
CNP0015380.1,COC1=CC=C(C2=NOC([C@@H](C)NCC3=CC=CC(Cl)=C3)=C2C(=O)O)C=C1,0.9987820982933044,1,0.9999998807907104,1,0.4298626373626374,0
CNP0533195.1,CCC1=NN2C(=N1)N(C(=O)C(C)C)[C@H]1CCCC[C@H]1C21CCCCC1,0.9987701773643494,1,1.0,1,0.4772465452847805,0
CNP0168100.1,C[C@H](CCCC(C)(C)O)[C@H]1CC[C@@]2(O)C3=CC(=O)[C@@H]4C[C@@H](O)[C@@H](O)C[C@]4(C)[C@H]3CC[C@]12C,0.9987362027168274,1,1.0,1,0.34294284025667,0
CNP0248084.0,CCOC(=O)C(CC1=CC=CC=C1)NC(C)=O,0.9987354874610901,1,0.9999724626541138,1,0.5914823232323231,1
CNP0492118.1,CCCC(=O)N1C2=NC(CC)=NN2C2(CCCCC2)[C@@H]2CCCC[C@@H]21,0.9987280964851379,1,0.9999997615814209,1,0.4142385196502842,0
CNP0280486.1,O=C(O)[C@@H]1CC2=C(NC3=CC=CC=C23)C2(CCCCC2)N1,0.9987272620201111,1,0.9974954128265381,1,0.3964116161616162,0
CNP0257263.0,CCCC(C)CCCC(C)C(=O)O,0.9987201690673828,1,0.999998927116394,1,0.4013883074270072,0
CNP0562291.1,CNC(=O)CCC(=O)N[C@@H](CC1=CC=CC=C1)[C@H](O)CN(CC1CC1)S(=O)(=O)C1=CC=CO1,0.9987112283706665,1,0.9999998807907104,1,0.5670220057720056,1
CNP0254170.1,CC[C@@H](C[C@@H]1CC[C@H]([C@@H](C)C(=O)O)O1)OC(=O)[C@@H](C)[C@H]1CC[C@@H](C[C@H](C)O)O1,0.9987082481384277,1,1.0,1,0.4312354475589769,0
CNP0254170.2,CC[C@@H](C[C@@H]1CC[C@H]([C@@H](C)C(=O)O)O1)OC(=O)[C@@H](C)[C@@H]1CC[C@H](C[C@@H](C)O)O1,0.9987082481384277,1,1.0,1,0.4312354475589769,0
CNP0327976.1,C[C@@H]1CC[C@@H]2C=C(C(=O)O)[C@H]3C[C@](C)(C(=O)O)C[C@]132,0.9987068176269531,1,0.9991136193275452,1,0.3704851537351537,0
CNP0557513.1,C[C@@H](O)[C@H](N)C(=O)N[C@@H](CC1=CC=C(O)C=C1)C(=O)O,0.9986997842788696,1,0.999582827091217,1,0.4652866006542476,0
CNP0302017.1,COC1=C2C[C@H](C(C)(C)O)OC2=CC2=C1C(=O)C=C(C(=O)O)O2,0.9986914992332458,1,1.0,1,0.3351119831664724,0
CNP0302017.2,COC1=C2C[C@@H](C(C)(C)O)OC2=CC2=C1C(=O)C=C(C(=O)O)O2,0.9986914992332458,1,1.0,1,0.3351119831664724,0
CNP0175160.1,CCC(C)[C@H](NC(=O)C1=CC2=CC(Cl)=CC=C2N1C)C(=O)N[C@@H](C)C(=O)O,0.9986843466758728,1,1.0,1,0.3637917621594094,0
CNP0175160.2,CC[C@@H](C)[C@H](NC(=O)C1=CC2=CC(Cl)=CC=C2N1C)C(=O)N[C@@H](C)C(=O)O,0.9986843466758728,1,1.0,1,0.3637917621594094,0
CNP0175160.3,CC[C@H](C)[C@H](NC(=O)C1=CC2=CC(Cl)=CC=C2N1C)C(=O)N[C@@H](C)C(=O)O,0.9986843466758728,1,1.0,1,0.3637917621594094,0
CNP0550214.1,CC1=NOC(C)=C1S(=O)(=O)N1CCN2CC(=O)NC3=CC(C4=NC=NN4C)=CC=C3OC[C@H]2C1,0.9986703395843506,1,0.9999995231628418,1,0.4291971965232835,0
CNP0399608.0,CCC1C2OC(=O)C(C)C2C23CC(C4CC(C)C(=O)O4)N4CCCCC1(O2)C43O,0.9986684322357178,1,0.9999998807907104,1,0.4417589338765809,0
CNP0303572.1,CC[C@@H](C)[C@@]1(C(=O)N/C=C\C2=CNC3=CC(Br)=C(Br)C=C23)N=C(C)C(=O)N1,0.998654842376709,1,0.999640703201294,1,0.448140350877193,0
CNP0348970.0,CC(CCCC(C)(C)O)C1CCC2(O)C3=CC(=O)C4CC(O)CCC4(C)C3CCC12C,0.9986478686332703,1,1.0,1,0.3549456654456653,0
CNP0370994.1,O=C1NC=NC2=C1N=C(N1CCOCC1)N2[C@@H]1O[C@H](CO)[C@@H](O)[C@H]1O,0.9986453652381897,1,0.9998688697814941,1,0.4523195121871593,0
CNP0000078.1,CC(C(=O)O)[C@@H]1CCC[C@H]1C(=O)O,0.9986447691917419,1,0.9999797344207764,1,0.3294665481577245,0
CNP0405903.1,CC(C)CC[C@@H](O)[C@](C)(O)[C@H]1CC[C@@]2(O)C3=CC(=O)[C@@H]4C[C@@H](O)[C@@H](O)C[C@]4(C)C3=CC[C@]12C,0.9986421465873718,1,1.0,1,0.2898382977820399,0
CNP0528146.2,COC1=CC=C(NC(=O)[C@H]2CN(S(=O)(=O)C3CC3)CC23CCCCC3)C(OC)=C1,0.9986364245414734,1,0.9999637603759766,1,0.3859023427552839,0
CNP0528146.1,COC1=CC=C(NC(=O)[C@@H]2CN(S(=O)(=O)C3CC3)CC23CCCCC3)C(OC)=C1,0.9986364245414734,1,0.9999637603759766,1,0.3859023427552839,0
CNP0524233.1,COC[C@@H]1CN(S(=O)(=O)C2=CN(C)N=C2)[C@H]2C3=CC=CC=C3OC[C@@H]12,0.9986316561698914,1,0.984736979007721,1,0.3575426329496022,0
CNP0362062.1,O=C1NC=NC2=C1N=C(N1CCCC1)N2[C@@H]1O[C@H](CO)[C@@H](O)[C@H]1O,0.9986279010772705,1,0.999847412109375,1,0.4258682134858606,0
CNP0188545.1,COC(=O)CC[C@@H](C)[C@H]1CC(=O)[C@@]2(C)C3=C(C(=O)[C@@H](O)[C@]12C)[C@@]1(C)CC[C@H](O)C(C)(C)[C@@H]1C[C@@H]3O,0.9986068606376648,1,1.0,1,0.3850374625374625,0
CNP0541683.0,COC1=CC(NS(C)(=O)=O)=CC=C1N=C1C2=CC=C(C(=O)O)C=C2NC2=C1NC1=CC=CC=C12,0.9986019730567932,1,0.9974027276039124,1,0.4101305916305916,0
CNP0575186.1,CCC(C)[C@@H](O)CCCC1=NC(C2=NC(C3=NC(C(=O)O)=CS3)=CS2)=CS1,0.9985957741737366,1,0.9999998807907104,1,0.3200848024524494,0
CNP0501120.1,OC[C@@H]1O[C@H](N2C(SCC3=CC=CC=C3)=NC3=C(O)N=CN=C32)[C@@H](O)[C@H]1O,0.9985911250114441,1,0.9987286925315857,1,0.3428109379385811,0
CNP0005990.1,COCC(=O)N1C[C@@H]2COCCN2C2(C1)CN(S(=O)(=O)C1=CC=CC=C1)C2,0.9985902905464172,1,0.9999499320983887,1,0.4876094322344322,0
CNP0457468.1,CC[C@H](C)[C@H](N)C(=O)N[C@@H](CC1=CC=C(O)C=C1)C(=O)O,0.998586893081665,1,0.9999617338180542,1,0.5180192846369316,1
CNP0141293.1,CC[C@@H](O)C[C@H]1CC[C@@H]([C@H](C)C(=O)O)O1,0.9985730648040771,1,0.9999997615814209,1,0.3960417544144078,0
CNP0141293.5,CC[C@@H](O)CC1CCC([C@@H](C)C(=O)O)O1,0.9985730648040771,1,0.9999997615814209,1,0.3960417544144078,0
CNP0141293.4,CC[C@H](O)CC1CCC([C@@H](C)C(=O)O)O1,0.9985730648040771,1,0.9999997615814209,1,0.3960417544144078,0
CNP0141293.3,CC[C@H](O)CC1CCC([C@H](C)C(=O)O)O1,0.9985730648040771,1,0.9999997615814209,1,0.3960417544144078,0
CNP0141293.6,CC[C@H](O)C[C@@H]1CC[C@H]([C@H](C)C(=O)O)O1,0.9985730648040771,1,0.9999997615814209,1,0.3960417544144078,0
CNP0141293.2,CC[C@H](O)C[C@@H]1CC[C@H]([C@@H](C)C(=O)O)O1,0.9985730648040771,1,0.9999997615814209,1,0.3960417544144078,0
CNP0055969.1,CC(C)(O)[C@@H]1CC2=C(C=C3OC(C4(O)CCCC4)=CC(=O)C3=C2OC2CCCC2)O1,0.998572587966919,1,1.0,1,0.3633385154061625,0
CNP0592335.1,CC(C)(O)[C@H]1CC[C@@](C)(C2CC=C(C(=O)O)CC2)O1,0.9985684156417847,1,0.9999958276748657,1,0.2466400072150071,0
CNP0304883.1,COC(=O)[C@H]1C[C@H](N2N=NC(C(N)=O)=C2C(N)=O)CN1S(=O)(=O)C1=CC=C(Cl)C=C1,0.998566210269928,1,0.9857422113418579,1,0.4580738250785689,0
CNP0304883.2,COC(=O)[C@@H]1C[C@H](N2N=NC(C(N)=O)=C2C(N)=O)CN1S(=O)(=O)C1=CC=C(Cl)C=C1,0.998566210269928,1,0.9857422113418579,1,0.4580738250785689,0
CNP0536956.1,N=C1NC=CC2=C1N=CN2[C@@H]1O[C@H](CO)[C@@H](O)[C@H]1O,0.9985629916191101,1,0.9998207688331604,1,0.3790201339168508,0
CNP0334577.2,NC(=O)C1=C(O)N([C@H]2O[C@H](CO)[C@H](O)[C@@H]2O)C=N1,0.9985559582710266,1,0.9930764436721802,1,0.5069012923351158,1
CNP0334577.1,NC(=O)C1=C(O)N([C@@H]2O[C@H](CO)[C@@H](O)[C@H]2O)C=N1,0.9985559582710266,1,0.9930764436721802,1,0.5069012923351158,1
CNP0181953.1,COC1=CC=CC=C1N1CCN(C(=O)C2=C([C@H](C)O)C(C3=CC=C(Cl)C=C3)=NO2)CC1,0.9985492825508118,1,0.9999997615814209,1,0.430869860815513,0
CNP0516989.3,O=C1NC(=O)C2=C(N1)N([C@H]1O[C@@H](CO)[C@@H](O)[C@@H]1O)C(Br)=N2,0.9985207915306091,1,0.9999547004699707,1,0.3536665610191602,0
CNP0516989.1,O=C1NC(=O)C2=C(N1)N([C@H]1O[C@@H](CO)[C@H](O)[C@@H]1O)C(Br)=N2,0.9985207915306091,1,0.9999547004699707,1,0.3536665610191602,0
CNP0516989.2,O=C1NC(=O)C2=C(N1)N([C@H]1O[C@@H](CO)[C@@H](O)[C@H]1O)C(Br)=N2,0.9985207915306091,1,0.9999547004699707,1,0.3536665610191602,0
CNP0516989.4,O=C1NC(=O)C2=C(N1)N([C@H]1O[C@@H](CO)[C@H](O)[C@H]1O)C(Br)=N2,0.9985207915306091,1,0.9999547004699707,1,0.3536665610191602,0
CNP0370725.1,C=C1C=C(C(=O)OCC)OC2=CC3=C(C[C@@H](C(C)(C)O)O3)C(OC3CCCCC3)=C12,0.9985079169273376,1,1.0,1,0.3854819282250317,0
CNP0388689.1,CCC(C)[C@H](NC(=O)[C@@H]1N2C(=O)C[C@H]2S(=O)(=O)C1(C)C)C(=O)O,0.9985044002532959,1,0.9999967813491821,1,0.3364210261702521,0
CNP0388689.3,CC[C@H](C)[C@H](NC(=O)[C@@H]1N2C(=O)C[C@H]2S(=O)(=O)C1(C)C)C(=O)O,0.9985044002532959,1,0.9999967813491821,1,0.3364210261702521,0
CNP0388689.2,CC[C@@H](C)[C@H](NC(=O)[C@@H]1N2C(=O)C[C@H]2S(=O)(=O)C1(C)C)C(=O)O,0.9985044002532959,1,0.9999967813491821,1,0.3364210261702521,0
CNP0482962.2,N=C1C=CN(C2O[C@H](CO)[C@@H](O)[C@H]2O)C(O)=N1,0.9984985589981079,1,0.9971343278884888,1,0.3822104766148884,0
CNP0482962.3,N=C1C=CN(C2O[C@H](CO)[C@@H](O)[C@@H]2O)C(O)=N1,0.9984985589981079,1,0.9971343278884888,1,0.3822104766148884,0
CNP0482962.1,N=C1C=CN([C@@H]2O[C@H](CO)[C@@H](O)[C@H]2O)C(O)=N1,0.9984985589981079,1,0.9971343278884888,1,0.3822104766148884,0
CNP0017262.1,CCN(C(=O)C1=C([C@H](C)O)ON=C1C1=CC=C(OC)C(OC)=C1)C1CCCCC1,0.998497724533081,1,0.9999984502792358,1,0.511381855640807,1
CNP0239869.1,OC[C@H]1O[C@@H](N2C=NC3=C(NCC4=CC=C(O)C=C4)N=CN=C32)[C@H](O)[C@@H]1O,0.9984893798828125,1,0.998336136341095,1,0.4690953609773718,0
CNP0184832.1,CCO[C@@H]1O[C@H](OCC)[C@@](O)(CC[C@]2(C)[C@@H](C)CC[C@]3(C)C(C(=O)O)=CCC[C@@H]23)[C@@H]1O,0.9984890222549438,1,0.999984622001648,1,0.3886189033189033,0
CNP0520064.1,COC1=CC=CC=C1NC(=O)[C@@H]1SC2=NN=C(C3=CC=CC=C3)N2NC12CCCCC2,0.9984833598136902,1,0.9862431883811951,1,0.335850233100233,0
CNP0520064.2,COC1=CC=CC=C1NC(=O)[C@H]1SC2=NN=C(C3=CC=CC=C3)N2NC12CCCCC2,0.9984833598136902,1,0.9862431883811951,1,0.335850233100233,0
CNP0301845.2,CCCC[C@@H](CC)CNC(=O)N[C@H](C(=O)O)C(C)C,0.998481810092926,1,0.9999994039535522,1,0.3487730378368676,0
CNP0301845.1,CCCCC(CC)CNC(=O)N[C@H](C(=O)O)C(C)C,0.998481810092926,1,0.9999994039535522,1,0.3487730378368676,0
CNP0301845.3,CCCC[C@H](CC)CNC(=O)N[C@H](C(=O)O)C(C)C,0.998481810092926,1,0.9999994039535522,1,0.3487730378368676,0
CNP0337843.4,CCC(C)[C@@H](N)C(=O)O,0.9984702467918396,1,0.9998533725738525,1,0.322908340025987,0
CNP0337843.5,CC[C@H](C)[C@@H](N)C(=O)O,0.9984702467918396,1,0.9998533725738525,1,0.322908340025987,0
CNP0337843.2,CC[C@@H](C)[C@@H](N)C(=O)O,0.9984702467918396,1,0.9998533725738525,1,0.322908340025987,0
CNP0337843.3,CC[C@@H](C)[C@H](N)C(=O)O,0.9984702467918396,1,0.9998533725738525,1,0.322908340025987,0
CNP0337843.1,CC[C@H](C)[C@H](N)C(=O)O,0.9984702467918396,1,0.9998533725738525,1,0.322908340025987,0
CNP0207981.3,NC1=NC2=C(N=CN2[C@H]2O[C@H](CO)[C@@H](O)[C@@H]2O)C(=O)O1,0.9984493255615234,1,0.9919203519821167,1,0.4806751845122016,0
CNP0207981.1,NC1=NC2=C(N=CN2[C@@H]2O[C@H](CO)[C@@H](O)[C@H]2O)C(=O)O1,0.9984493255615234,1,0.9919203519821167,1,0.4806751845122016,0
CNP0207981.2,NC1=NC2=C(N=CN2[C@H]2O[C@@H](CO)[C@H](O)[C@H]2O)C(=O)O1,0.9984493255615234,1,0.9919203519821167,1,0.4806751845122016,0
CNP0007996.1,COC[C@H]1CCCN1C(=O)C1=C([C@H](C)O)ON=C1C1=CC=CC=C1,0.9984394907951355,1,0.9999996423721313,1,0.481436855628032,0
CNP0474889.3,CC[C@](O)(C(=O)OCC1=CC=C(NC(=O)CC[C@H](N)C(=O)O)C=C1)[C@@H](C)O,0.9984385371208191,1,0.999995231628418,1,0.4091017564810667,0
CNP0474889.4,CC[C@@](O)(C(=O)OCC1=CC=C(NC(=O)CC[C@H](N)C(=O)O)C=C1)[C@@H](C)O,0.9984385371208191,1,0.999995231628418,1,0.4091017564810667,0
CNP0474889.1,CC[C@@](O)(C(=O)OCC1=CC=C(NC(=O)CC[C@H](N)C(=O)O)C=C1)[C@H](C)O,0.9984385371208191,1,0.999995231628418,1,0.4091017564810667,0
CNP0474889.2,CC[C@](O)(C(=O)OCC1=CC=C(NC(=O)CC[C@H](N)C(=O)O)C=C1)[C@H](C)O,0.9984385371208191,1,0.999995231628418,1,0.4091017564810667,0
CNP0490522.1,C[C@@H](NCC1=CC=CC(Cl)=C1)C1=C(C(=O)O)C(C2=CC=CC=C2)=NO1,0.9984123706817627,1,0.9999953508377075,1,0.4710096958596959,0
CNP0034758.1,CC(C)(C)CC(=O)N1C[C@@H]2C[C@H](C1)C1=CC=C(NS(=O)(=O)C3=CC=CC=C3C#N)C(=O)N1C2,0.9984011054039001,1,0.9997140765190125,1,0.3573501221001221,0
CNP0482670.1,CSC1=NC2=C(O)N=CN=C2N1C1O[C@@H](CO)[C@H](O)[C@@H]1O,0.9983996748924255,1,0.9995982050895691,1,0.3334248457286173,0
CNP0104757.3,NC(=O)C1=C(N)N([C@H]2O[C@H](CO)[C@@H](O)[C@H]2O)C=N1,0.9983505010604858,1,0.9842402935028076,1,0.5009243166963756,1
CNP0104757.1,NC(=O)C1=C(N)N([C@@H]2O[C@H](CO)[C@@H](O)[C@H]2O)C=N1,0.9983505010604858,1,0.9842402935028076,1,0.5009243166963756,1
CNP0104757.2,NC(=O)C1=C(N)N([C@H]2O[C@H](CO)[C@H](O)[C@@H]2O)C=N1,0.9983505010604858,1,0.9842402935028076,1,0.5009243166963756,1
CNP0104757.4,NC(=O)C1=C(N)N([C@H]2O[C@H](CO)[C@@H](O)[C@@H]2O)C=N1,0.9983505010604858,1,0.9842402935028076,1,0.5009243166963756,1
CNP0215937.1,C[C@H](CCO)CC[C@@]1(C)[C@H](C)CC[C@]2(C)C(C(=O)O)=CCC[C@H]12,0.9983437061309814,1,0.9999979734420776,1,0.3415030802530803,0
CNP0527471.0,CC1=CC(CN2C(=O)CC3(CCN(S(=O)(=O)C4=CC=CC(Cl)=C4)CC3)N3N=CC=C23)=NO1,0.9982833862304688,1,0.9999079704284668,1,0.374734126984127,0
CNP0376604.0,CCC(C(=O)O)C(C)O,0.9982800483703613,1,0.9999387264251709,1,0.2694022072698543,0
CNP0075308.1,CC(=O)N1CCN(C2=CC(C3=NOC([C@@H]4CCCN4CC4=CC=C(C(=O)O)C=C4)=N3)=CC=N2)CC1,0.9982773065567017,1,0.9998438358306885,1,0.3898800186741363,0
CNP0494499.1,C[C@]1(C(=O)O)C[C@@H]2C[C@H]3C(=O)C(O)=C(N4C=NC5=C4C(=O)NC(=O)N5)[C@@]3(C)[C@@H]2C1,0.9982713460922241,1,0.9999986886978149,1,0.510031196744432,1
CNP0285417.4,COC(=O)[C@H](CC1=CC=CC=C1)NC(=O)[C@H](N)CC(=O)O,0.9982635378837585,1,0.9999074935913086,1,0.5965761183261183,1
CNP0285417.3,COC(=O)[C@@H](CC1=CC=CC=C1)NC(=O)[C@@H](N)CC(=O)O,0.9982635378837585,1,0.9999074935913086,1,0.5965761183261183,1
CNP0285417.2,COC(=O)[C@@H](CC1=CC=CC=C1)NC(=O)[C@H](N)CC(=O)O,0.9982635378837585,1,0.9999074935913086,1,0.5965761183261183,1
CNP0285417.1,COC(=O)[C@H](CC1=CC=CC=C1)NC(=O)[C@@H](N)CC(=O)O,0.9982635378837585,1,0.9999074935913086,1,0.5965761183261183,1
CNP0270417.2,CCOC(=O)[C@H](CC1=CC=CC=C1)NC(=O)C1=CC(Cl)=C2C[C@@H](C)OC(=O)C2=C1O,0.9982486963272095,1,0.9999997615814209,1,0.5295200632700634,1
CNP0270417.1,CCOC(=O)[C@H](CC1=CC=CC=C1)NC(=O)C1=CC(Cl)=C2CC(C)OC(=O)C2=C1O,0.9982486963272095,1,0.9999997615814209,1,0.5295200632700634,1
CNP0014787.1,COCC(=O)N[C@H](C)C1=C(C(=O)O)C(C2=CC=C(Cl)C=C2)=NO1,0.9982134103775024,1,1.0,1,0.4887214713391185,0
CNP0539646.3,O=C1N=C(O)N([C@@H]2O[C@H](CO)[C@H](O)[C@@H]2O)C2=NC(C3=CC=C(Cl)C=C3)=CN=C12,0.9982105493545532,1,0.9962496161460876,1,0.3730113291065754,0
CNP0539646.2,O=C1N=C(O)N([C@@H]2O[C@H](CO)[C@@H](O)[C@H]2O)C2=NC(C3=CC=C(Cl)C=C3)=CN=C12,0.9982105493545532,1,0.9962496161460876,1,0.3730113291065754,0
CNP0539646.4,O=C1N=C(O)N([C@@H]2O[C@H](CO)[C@H](O)[C@H]2O)C2=NC(C3=CC=C(Cl)C=C3)=CN=C12,0.9982105493545532,1,0.9962496161460876,1,0.3730113291065754,0
CNP0539646.1,O=C1N=C(O)N([C@@H]2O[C@H](CO)[C@@H](O)[C@@H]2O)C2=NC(C3=CC=C(Cl)C=C3)=CN=C12,0.9982105493545532,1,0.9962496161460876,1,0.3730113291065754,0
CNP0323565.1,CS(=O)(=O)C[C@H](NC(=O)CC[C@H](N)C(=O)O)C(=O)O,0.998200535774231,1,0.9999475479125977,1,0.4326452975129445,0
CNP0349415.1,CC(C)[C@@](O)([C@H](C)O)[C@@H]1C=C([C@H]2[C@H](O)C[C@H]3C4=CC[C@H]5C[C@@H](O)CC[C@]5(C)C4=CC[C@@]32C)C(=O)O1,0.9981902241706848,1,1.0,1,0.3411587301587302,0
CNP0496333.1,N=C1N=CN([C@@H]2O[C@H](CO)[C@@H](O)[C@H]2O)C(O)=N1,0.9981734752655029,1,0.9998801946640015,1,0.4062747069581885,0
CNP0255715.1,CCOC(=O)C1=C/C(=C\CC(C)C)C2=C(C=C3O[C@H]([C@](C)(O)C4CCNCC4)CC3=C2OC)O1,0.9981719255447388,1,0.9999915361404419,1,0.4434464701964701,0
CNP0502946.1,C[C@H](O)C1=NC(C(=O)O)=CC2=C3C=CCC=C3N=C12,0.9981709718704224,1,0.9999032020568848,1,0.2747712271388741,0
CNP0015415.1,C[C@@H](NS(=O)(=O)C1=CC=CC=C1)C1=C(C(=O)O)C(C2=CC=CC=C2)=NO1,0.9981701374053955,1,0.9820075631141663,1,0.3335908924408923,0
CNP0273293.1,CCCS(=O)(=O)N1CC2=C(C[C@H]1C(=O)OC)N=CN2CC1=CC=CC=C1,0.9981281161308289,1,0.9997233748435974,1,0.4925353257853258,0
CNP0356912.1,C[C@@H]1CC[C@@H]2C[C@H](C(=O)O)[C@H]3C[C@](C)(C(=O)O)C[C@]213,0.9981232285499573,1,0.9999977350234985,1,0.3515021228771229,0
CNP0244854.1,CC[C@@H](C)C(=O)O[C@@H]1C=C(C(=O)O)[C@]2(C)CC[C@@H](C)[C@](C)(CCC3=CC(=O)OC3)[C@H]2C1,0.9981200098991394,1,0.9999994039535522,1,0.4612408016819783,0
CNP0015531.1,CN1C[C@@H](NS(=O)(=O)C2=CC=C(Cl)C=C2)C[C@H]1C1=NC(C2=CC=CC=C2)=NO1,0.9981027245521545,1,0.9982128143310547,1,0.3389268574562692,0
CNP0558681.2,O=C(NC1=CC=CC=C1Cl)[C@H]1CN(S(=O)(=O)C2CC2)CC12CCCCC2,0.9981012940406799,1,0.9999998807907104,1,0.3763780663780663,0
CNP0558681.1,O=C(NC1=CC=CC=C1Cl)[C@@H]1CN(S(=O)(=O)C2CC2)CC12CCCCC2,0.9981012940406799,1,0.9999998807907104,1,0.3763780663780663,0
CNP0017216.1,CC(C)NC(=O)N1CCN2[C@@H](C1)CN(S(=O)(=O)C1=CC=CC=C1)CC2(C)C,0.9980930685997009,1,0.9999990463256836,1,0.2909652014652014,0
CNP0503865.1,CC(C)CC(=O)N=C1C=CN([C@H]2CC[C@H](O[C@H]3O[C@H](C)[C@@H](N(C)C)[C@H](O)[C@H]3O)[C@@H](C)O2)C(O)=N1,0.998088538646698,1,1.0,1,0.4118864746364747,0
CNP0207251.1,CC1=NOC([C@@H](C)NS(=O)(=O)C2=CC=C(Cl)C=C2)=C1C(=O)O,0.9980841875076294,1,0.9985673427581787,1,0.3836227106227106,0
CNP0408774.1,COC1=CC(C(=O)N[C@H](C)C2=C(C(=O)O)C(C3=CC=CC=C3)=NO2)=CC(OC)=C1OC,0.9980499744415283,1,0.997967541217804,1,0.3972930056871233,0
CNP0111849.0,COC1=CC=C(C2=CC(C(=O)NC3=C4CCN(C)CC4=C(OC)C4=C3OCO4)=NO2)C=C1Cl,0.9980395436286926,1,1.0,1,0.529852533002661,1
CNP0063451.0,NC(C(=O)O)C1=CC=C(C(=O)O)C=C1,0.9980327486991882,1,0.9968998432159424,1,0.2824866783543253,0
CNP0410655.0,COC1=CC=C(C(CC(=O)NCCS(=O)(=O)N(C)C)C2=C(O)C=C(C)OC2=O)C(OC)=C1OC,0.9980188608169556,1,1.0,1,0.415278727412938,0
CNP0060924.1,O=C(N[C@H](CC1=CC=CC=C1)C(=O)OC[C@@H]1O[C@@H](O)[C@@H](O)[C@@H](O)[C@@H]1O)OCC1=CC=CC=C1,0.9980126619338989,1,0.9999618530273438,1,0.4066181920934243,0
CNP0060924.4,O=C(N[C@H](CC1=CC=CC=C1)C(=O)OC[C@H]1O[C@@H](O)[C@@H](O)[C@H](O)[C@@H]1O)OCC1=CC=CC=C1,0.9980126619338989,1,0.9999618530273438,1,0.4066181920934243,0
CNP0060924.3,O=C(N[C@H](CC1=CC=CC=C1)C(=O)OC[C@H]1O[C@@H](O)[C@@H](O)[C@@H](O)[C@@H]1O)OCC1=CC=CC=C1,0.9980126619338989,1,0.9999618530273438,1,0.4066181920934243,0
CNP0060924.2,O=C(N[C@H](CC1=CC=CC=C1)C(=O)OC[C@@H]1O[C@@H](O)[C@@H](O)[C@H](O)[C@@H]1O)OCC1=CC=CC=C1,0.9980126619338989,1,0.9999618530273438,1,0.4066181920934243,0
CNP0277444.1,CC[C@H](C)[C@@H](C[C@@H](C(=O)O)[C@@H](C)CC)C(=O)O,0.997991681098938,1,0.9999996423721313,1,0.296107834975482,0
CNP0277444.2,CC[C@H](C)[C@H](C[C@@H](C(=O)O)[C@@H](C)CC)C(=O)O,0.997991681098938,1,0.9999996423721313,1,0.296107834975482,0
CNP0277444.3,CC[C@H](C)[C@H](C[C@H](C(=O)O)[C@@H](C)CC)C(=O)O,0.997991681098938,1,0.9999996423721313,1,0.296107834975482,0
CNP0176544.1,COC(=O)[C@@H]1CC2=C(CN1S(C)(=O)=O)N(CC1=CC=C(Cl)C=C1)C=N2,0.99798583984375,1,0.997001588344574,1,0.4246126732744379,0
CNP0178744.2,CC(C)(O)CCC[C@](C)(O)C1=CC=C(C(=O)O)C=C1O,0.9979782700538635,1,0.9999969005584717,1,0.3276672290128172,0
CNP0178744.1,CC(C)(O)CCC[C@@](C)(O)C1=CC=C(C(=O)O)C=C1O,0.9979782700538635,1,0.9999969005584717,1,0.3276672290128172,0
CNP0268563.1,COC(=O)[C@H](CC1=CC=CC=C1)NC(=O)NC1CCCCCCC1,0.9979598522186279,1,0.9999840259552002,1,0.5929397546897548,1
CNP0236994.2,CC(C)(O)[C@@H]1O[C@H]2CC[C@@]3(C)[C@@](O)(CC[C@H]4CC5=C(NC6=CC=CC=C56)[C@@]43C)C2=CC1=O,0.9979440569877625,1,0.9999980926513672,1,0.4826775422894613,0
CNP0236994.1,CC(C)(O)[C@H]1O[C@H]2CC[C@@]3(C)[C@@](O)(CC[C@H]4CC5=C(NC6=CC=CC=C56)[C@@]43C)C2=CC1=O,0.9979440569877625,1,0.9999980926513672,1,0.4826775422894613,0
CNP0477961.1,CN1C[C@@H](NS(=O)(=O)C2=CC=CC=C2)C[C@H]1C1=NC(C2=CN=CN=C2)=NO1,0.9979283809661865,1,0.9998857975006104,1,0.295705059646236,0
CNP0318497.1,O=C1NN=CN1[C@@H]1O[C@H](CO)[C@@H](O)[C@H]1O,0.9979256391525269,1,0.9933491349220276,1,0.4607019777608013,0
CNP0249355.0,CCC(C)C(N)C(=O)NC(C(=O)O)C(C)C,0.9978838562965393,1,0.999982476234436,1,0.3911089335501099,0
CNP0022696.0,CC(O)C(NC(=O)CC(N)C(=O)O)C(=O)O,0.9978750944137573,1,0.999474823474884,1,0.4030143451319922,0
CNP0523677.2,CC1=CC(Cl)=CC=C1NC(=O)[C@H]1CN(S(C)(=O)=O)CC12CCCCC2,0.9978600144386292,1,0.9999920129776001,1,0.385793565911213,0
CNP0523677.1,CC1=CC(Cl)=CC=C1NC(=O)[C@@H]1CN(S(C)(=O)=O)CC12CCCCC2,0.9978600144386292,1,0.9999920129776001,1,0.385793565911213,0
CNP0507919.0,CN1CCN(C2=NC(C3=C(C4=CNC5=CC=CC=C45)C(O)=NC3=O)=C3C=CC=CC3=N2)CC1,0.9978532195091248,1,0.9999567270278931,1,0.3313677536231884,0
CNP0535541.1,COC[C@@H]1CN(S(=O)(=O)C2=CC=CN=C2)[C@H]2C3=CC=CC=C3OC[C@@H]12,0.9978517293930054,1,0.7779234647750854,1,0.3378735194544017,0
CNP0508384.0,O=C(C1=NC(=CC2=CNC3=CC(O)=CC=C23)C(O)=N1)C1=CNC2=CC=C(Br)C=C12,0.9978501796722412,1,0.9996716976165771,1,0.4151880341880341,0
CNP0284458.1,COC(=O)[C@H](CC1=CC=CC=C1)NC(=O)C1=CC=C2C(=C1)C=CN2C,0.9978402853012085,1,0.9933601021766663,1,0.5831637806637807,1
CNP0397587.0,COC1=C2CN(C)CCC2=C(S(=O)(=O)NC(C)(C)CO)C2=C1OCO2,0.99783855676651,1,1.0,1,0.3094368393044863,0
CNP0118835.1,COC(=O)[C@H](CC1=CC=CC=C1)NC(=O)C1=CC=C2C=CN(C)C2=C1,0.9978379607200623,1,0.9939761161804199,1,0.5493639971139972,1
CNP0140726.1,CO[C@]12CC[C@@]3(C)[C@@](O)(CC[C@H]4CC5=C(NC6=CC=CC=C56)[C@@]43C)C1=CC(=O)[C@@H](C(C)(C)O)O2,0.9978176355361938,1,0.999901533126831,1,0.4898814758875779,0
CNP0291246.0,C=C(CCCC(C)C)C1=CC=C(C(=O)O)C=C1O,0.9978063702583313,1,0.999987006187439,1,0.2260814740814741,0
CNP0087176.2,CC(O)[C@H](NC(=O)[C@@H](N)[C@@H](C)O)C(=O)O,0.9977928400039673,1,0.9978140592575073,1,0.3897322938499409,0
CNP0087176.1,C[C@@H](O)[C@H](N)C(=O)N[C@H](C(=O)O)[C@@H](C)O,0.9977928400039673,1,0.9978140592575073,1,0.3897322938499409,0
CNP0542514.0,COC1=CC=C(NC(=O)C2=CC=CC(S(=O)(=O)NC3=CC=C(C(=O)O)C=C3)=C2)C=C1,0.9977795481681824,1,0.9854688048362732,1,0.2936406926406926,0
CNP0024984.0,NC1=NC(N)=C2N=CN(C3OC(CO)C(O)C3O)C2=N1,0.9977623224258423,1,0.9888019561767578,1,0.401977926124643,0
CNP0487693.4,C[C@H]1CCCC[C@@]1(NC(=O)OC(C)(C)C)C(=O)O,0.9977557063102722,1,0.9992635846138,1,0.4014465240641712,0
CNP0487693.3,C[C@H]1CCCC[C@]1(NC(=O)OC(C)(C)C)C(=O)O,0.9977557063102722,1,0.9992635846138,1,0.4014465240641712,0
CNP0487693.1,C[C@@H]1CCCC[C@@]1(NC(=O)OC(C)(C)C)C(=O)O,0.9977557063102722,1,0.9992635846138,1,0.4014465240641712,0
CNP0487693.2,C[C@@H]1CCCC[C@]1(NC(=O)OC(C)(C)C)C(=O)O,0.9977557063102722,1,0.9992635846138,1,0.4014465240641712,0
CNP0265986.1,C[C@@H]1CC[C@]2(C)C(C(=O)O)=CCC[C@@H]2[C@@]1(C)CC[C@H]1COC(=O)C1,0.9977520108222961,1,0.999976396560669,1,0.4352019092019093,0
CNP0251308.1,C[C@@H]1CCC2=C(C(=O)O)CC[C@H](C(C)(C)O)C[C@@H]21,0.9977322816848755,1,0.9999769926071167,1,0.4063667025354341,0
CNP0389017.4,CC[C@H](C)[C@H](NC(=O)[C@H]1CC[C@H](CNC(=O)[C@@H](NC(=O)OC(C)(C)C)[C@@H](C)CC)CC1)C(=O)O,0.9977188110351562,1,1.0,1,0.4550861201406094,0
CNP0389017.1,CCC(C)[C@H](NC(=O)[C@H]1CC[C@H](CNC(=O)[C@@H](NC(=O)OC(C)(C)C)C(C)CC)CC1)C(=O)O,0.9977188110351562,1,1.0,1,0.4550861201406094,0
CNP0389017.5,CC[C@@H](C)[C@H](NC(=O)[C@H]1CC[C@H](CNC(=O)[C@@H](NC(=O)OC(C)(C)C)[C@H](C)CC)CC1)C(=O)O,0.9977188110351562,1,1.0,1,0.4550861201406094,0
CNP0389017.2,CC[C@@H](C)[C@H](NC(=O)OC(C)(C)C)C(=O)NC[C@H]1CC[C@@H](C(=O)N[C@H](C(=O)O)[C@@H](C)CC)CC1,0.9977188110351562,1,1.0,1,0.4550861201406094,0
CNP0389017.3,CC[C@@H](C)[C@H](NC(=O)[C@H]1CC[C@@H](CNC(=O)[C@@H](NC(=O)OC(C)(C)C)[C@@H](C)CC)CC1)C(=O)O,0.9977188110351562,1,1.0,1,0.4550861201406094,0
CNP0382002.3,CC[C@H](C)[C@H](NS(=O)(=O)C1=CC=C(C)C=C1)C(=O)N1CCC(C(=O)N(C)CC(=O)O)CC1,0.9977072477340698,1,0.9999998807907104,1,0.3685761183261183,0
CNP0382002.2,CC[C@@H](C)[C@H](NS(=O)(=O)C1=CC=C(C)C=C1)C(=O)N1CCC(C(=O)N(C)CC(=O)O)CC1,0.9977072477340698,1,0.9999998807907104,1,0.3685761183261183,0
CNP0382002.1,CCC(C)[C@H](NS(=O)(=O)C1=CC=C(C)C=C1)C(=O)N1CCC(C(=O)N(C)CC(=O)O)CC1,0.9977072477340698,1,0.9999998807907104,1,0.3685761183261183,0
CNP0346703.0,CCC(C)C(NC(=O)C(N)CC(=O)O)C(=O)O,0.9976845979690552,1,0.9999885559082031,1,0.4474796020972492,0
CNP0055120.1,CC(C)C1=CC=C(NC(=O)O[C@@H]2CO[C@H]3[C@@H]2OC[C@@H]3NS(=O)(=O)C2=CC=CC=C2C#N)C=C1,0.9976599216461182,1,0.9999904632568359,1,0.5023544102955867,1
CNP0139226.2,CCC(C)[C@H](NC(=O)OC(C)(C)C)C(=O)NC[C@H]1CC[C@H](C(=O)N[C@H](C)C(=O)O)CC1,0.9976596832275391,1,1.0,1,0.4609194534739427,0
CNP0139226.1,CCC(C)[C@H](NC(=O)OC(C)(C)C)C(=O)NC[C@H]1CC[C@H](C(=O)N[C@@H](C)C(=O)O)CC1,0.9976596832275391,1,1.0,1,0.4609194534739427,0
CNP0139226.5,CC[C@@H](C)[C@H](NC(=O)OC(C)(C)C)C(=O)NC[C@H]1CC[C@H](C(=O)N[C@@H](C)C(=O)O)CC1,0.9976596832275391,1,1.0,1,0.4609194534739427,0
CNP0139226.4,CC[C@H](C)[C@H](NC(=O)OC(C)(C)C)C(=O)NC[C@H]1CC[C@H](C(=O)N[C@@H](C)C(=O)O)CC1,0.9976596832275391,1,1.0,1,0.4609194534739427,0
CNP0139226.6,CC[C@H](C)[C@H](NC(=O)OC(C)(C)C)C(=O)NC[C@H]1CC[C@@H](C(=O)N[C@H](C)C(=O)O)CC1,0.9976596832275391,1,1.0,1,0.4609194534739427,0
CNP0139226.3,CC[C@@H](C)[C@H](NC(=O)OC(C)(C)C)C(=O)NC[C@H]1CC[C@@H](C(=O)N[C@H](C)C(=O)O)CC1,0.9976596832275391,1,1.0,1,0.4609194534739427,0
CNP0572287.1,COC1=CC=C(S(=O)(=O)N2CCN3CC(=O)NC4=CC(C5=NC=NN5C)=CC=C4OC[C@H]3C2)C=C1,0.9976504445075989,1,0.9999946355819702,1,0.3417044670305539,0
CNP0357116.1,CC[C@H](C)CCC[C@@H](C)C(=O)O,0.9976357221603394,1,0.9999998807907104,1,0.2918711827388298,0
CNP0231321.1,CC[C@H](C)CCC[C@H](C)CCC[C@@H](C)C(=O)O,0.9976344108581543,1,0.9999998807907104,1,0.3699863760250758,0
CNP0530292.1,CCC(CC)COC(=O)[C@@H]1C[C@H]2C[C@@H](OC3=CC=CC(Cl)=C3C3=NN=NN3)CC[C@H]2CN1,0.9976252913475037,1,1.0,1,0.4748950322111847,0
CNP0450288.1,N#C[C@]1(C(=O)O)[C@H](O)[C@@H](CO)O[C@@H](N2C=CC(N)=NC2=O)[C@@H]1O,0.9975952506065369,1,0.9786288738250732,1,0.4704903976742212,0
CNP0581851.1,NC(C(=O)N[C@@H]1C(=O)N2C(C(=O)O)=C(CSC3=CN=NN3)CS[C@H]12)C1=CC=C(O)C=C1,0.9975754618644714,1,0.9999469518661499,1,0.4540181330107802,0
CNP0164323.1,CCCCN1CC(=O)N2CC(C3=CC=C(OCCC)C(OC)=C3)C3=C(NC4=CC=CC=C34)[C@@]2(C)C1=O,0.9975734353065491,1,0.9999423027038574,1,0.4964734848484848,0
CNP0069562.1,COC(=O)[C@@H](CC1=CC=CN=C1)NC(=O)[C@H]1CN(S(=O)(=O)C2=CC=CC=C2)CCN1C(C)=O,0.9975659847259521,1,0.9999659061431885,1,0.5169174436674436,1
CNP0549357.1,CCC1=NN2C(=N1)N(C(=O)C1CCCCC1)[C@H]1CCCC[C@H]1C21CCCCC1,0.997553288936615,1,1.0,1,0.4977936507936508,0
CNP0381540.1,O=C(O)[C@H](NS(=O)(=O)C1=CC=CC=C1)[C@@H](O)C1=CC=CC=C1,0.9975411891937256,1,0.9932953715324402,1,0.2989748584748584,0
CNP0244479.4,NC1=NC2=C(N=CN2[C@@H]2O[C@H](CO)[C@H](O)[C@H]2O)C(=O)N1,0.9975396394729614,1,0.9884540438652039,1,0.4177040847699192,0
CNP0244479.3,NC1=NC2=C(N=CN2[C@@H]2O[C@H](CO)[C@H](O)[C@@H]2O)C(=O)N1,0.9975396394729614,1,0.9884540438652039,1,0.4177040847699192,0
CNP0244479.5,NC1=NC2=C(N=CN2[C@@H]2O[C@@H](CO)[C@@H](O)[C@H]2O)C(=O)N1,0.9975396394729614,1,0.9884540438652039,1,0.4177040847699192,0
CNP0244479.2,NC1=NC2=C(N=CN2[C@@H]2O[C@H](CO)[C@@H](O)[C@@H]2O)C(=O)N1,0.9975396394729614,1,0.9884540438652039,1,0.4177040847699192,0
CNP0244479.1,NC1=NC2=C(N=CN2[C@@H]2O[C@H](CO)[C@@H](O)[C@H]2O)C(=O)N1,0.9975396394729614,1,0.9884540438652039,1,0.4177040847699192,0
CNP0362745.0,COC1=C2CN(C)CCC2=C(S(=O)(=O)N2CCN(C(=O)C3CCC3)CC2)C2=C1OCO2,0.997527539730072,1,0.9999998807907104,1,0.4563654817404818,0
CNP0124943.1,C=C1C[C@@H](C(=O)N[C@H](C(=O)O)[C@@H](C)O)N=C1N,0.9975141286849976,1,0.9999946355819702,1,0.4957307065483537,0
CNP0328399.1,N=C1C=CN([C@@H]2O[C@H](CO)[C@@H](O)[C@H]2O)C=C1C(=O)O,0.9975076913833618,1,0.307328999042511,0,0.3434612996222903,0
CNP0290063.1,CC[C@@H](C)[C@@H](NC(=O)OC(C)(C)C)C(=O)O,0.9974780678749084,1,0.9999865293502808,1,0.3815914902091372,0
CNP0046441.2,CCCS(=O)(=O)NC1=C2[C@H]3C[C@@H](CN(S(=O)(=O)C4=CC=CC=C4)C3)CN2C(=O)C=C1,0.9974679946899414,1,0.9939256310462952,1,0.4130961130372894,0
CNP0046441.1,CCCS(=O)(=O)NC1=C2[C@@H]3C[C@@H](CN(S(=O)(=O)C4=CC=CC=C4)C3)CN2C(=O)C=C1,0.9974679946899414,1,0.9939256310462952,1,0.4130961130372894,0
CNP0029055.1,COC(=O)[C@@H]1CC2=C(CN1S(=O)(=O)C1=CC=CC=C1)N(CC1=CC=CC=C1)C=N2,0.9974585175514221,1,0.9922758936882019,1,0.4788218448218447,0
CNP0024630.0,NC(CC(=O)NC(CC1=CC=CC=C1)C(=O)O)C(=O)O,0.997455894947052,1,0.9966288208961487,1,0.581601316811843,1
CNP0504822.0,CC1=NC(S(=O)(=O)N2CCC3(CC2)C(C(=O)N(C)C)C2=CC=CC=C2C(=O)N3C(C)C)=CN1C,0.997453510761261,1,0.9999982118606567,1,0.4095792165350991,0
CNP0042839.1,CN(C(=O)OCC1=CC=CC=C1)[C@H](CC1=CC=C(O)C=C1)C(=O)O,0.9974504113197327,1,0.9997324347496033,1,0.3555238095238095,0
CNP0042839.2,CN(C(=O)OCC1=CC=CC=C1)[C@@H](CC1=CC=C(O)C=C1)C(=O)O,0.9974504113197327,1,0.9997324347496033,1,0.3555238095238095,0
CNP0317774.1,C[C@@H]1CC[C@@]2(C)C(C(=O)O)=CCC[C@@H]2[C@@]1(C)CCC1=CCNC1=O,0.9974449872970581,1,0.9750574231147766,1,0.3985958485958485,0
CNP0317774.2,C[C@H]1CC[C@]2(C)C(C(=O)O)=CCC[C@H]2[C@]1(C)CCC1=CCNC1=O,0.9974449872970581,1,0.9750574231147766,1,0.3985958485958485,0
CNP0479458.0,CCCCC(C)CCOC(C)=O,0.9974364638328552,1,0.9999995231628418,1,0.3769637042524039,0
CNP0348974.0,COC1=CC(C(=O)O)=CC=C1OC(C)CC1=CC(OC)=C(OC)C(OC)=C1,0.9974303841590881,1,0.9998407363891602,1,0.4468437102113571,0
CNP0554427.0,CC1=CC(CN2C(=O)CC3(CCN(S(=O)(=O)C4=CC=C(Cl)C=C4)CC3)N3N=CC=C23)=NO1,0.9974249601364136,1,0.9996902942657471,1,0.3137654441621609,0
CNP0098557.1,CCOC(=O)C1=C2CC[C@H]3CC(=O)CCC3=C2C2=C(C=C3O[C@H](C(C)(C)O)CC3=C2OC)O1,0.9974204301834106,1,1.0,1,0.4607725829725829,0
CNP0155531.1,C[C@H](CCCC(C)(C)O)[C@H]1CC[C@@]2(O)C3=CC(=O)C4=C[C@H](O)[C@H](O)C[C@]4(C)[C@H]3CC[C@]12C,0.9973932504653931,1,1.0,1,0.3220882352941176,0
CNP0155531.2,C[C@H](CCCC(C)(C)O)[C@H]1CC[C@]2(O)C3=CC(=O)C4=C[C@H](O)[C@H](O)C[C@]4(C)[C@H]3CC[C@]12C,0.9973932504653931,1,1.0,1,0.3220882352941176,0
CNP0155531.3,C[C@@H](CCCC(C)(C)O)[C@@H]1CC[C@]2(O)C3=CC(=O)C4=C[C@@H](O)[C@@H](O)C[C@@]4(C)[C@@H]3CC[C@@]12C,0.9973932504653931,1,1.0,1,0.3220882352941176,0
CNP0260069.1,CC[C@H](C)[C@H](NC(=O)OC(C)(C)C)C(=O)NC[C@H]1CC[C@H](C(=O)O)CC1,0.9973918199539185,1,1.0,1,0.5026770292315185,1
CNP0434044.1,N#CC1=CN([C@@H]2O[C@H](CO)[C@@H](O)[C@H]2O)C2=C1C(=O)NC=N2,0.9973213076591492,1,0.9885842800140381,1,0.4678227612389278,0
CNP0543612.1,C/C1=C/C(=O)O[C@@H](C[C@@H](O)[C@@H]2CSC(O)=N2)C[C@H](O)CC[C@H](C)/C=C\C=C\CC1,0.9973101615905762,1,0.9999873638153076,1,0.5020549781575775,1
CNP0503346.1,CO[C@@H](CC1=CC=CC=C1)[C@@H](C)C[C@H](C)CC[C@H](N)[C@H](C)C(=O)O,0.9972820281982422,1,0.999988317489624,1,0.5176801869627956,1
CNP0186545.1,C=C1C=C(C(=O)OCC)OC2=CC3=C(C[C@@H](C(C)(C)O)O3)C(OCCC3=CC=CC=C3)=C12,0.9972789883613586,1,1.0,1,0.3658703463203463,0
CNP0011537.3,COC1=CC=CC=C1N1CCN(C(=O)[C@H]2CN3CC[C@@H]2C[C@@H]3CN2C=C(C3(O)CCCC3)N=N2)CC1,0.9972724318504333,1,0.9999990463256836,1,0.3782150072150073,0
CNP0011537.4,COC1=CC=CC=C1N1CCN(C(=O)[C@H]2CN3CC[C@H]2C[C@@H]3CN2C=C(C3(O)CCCC3)N=N2)CC1,0.9972724318504333,1,0.9999990463256836,1,0.3782150072150073,0
CNP0011537.1,COC1=CC=CC=C1N1CCN(C(=O)[C@H]2C[N@]3CC[C@H]2C[C@@H]3CN2C=C(C3(O)CCCC3)N=N2)CC1,0.9972724318504333,1,0.9999990463256836,1,0.3782150072150073,0
CNP0011537.2,COC1=CC=CC=C1N1CCN(C(=O)[C@H]2C[N@@]3CC[C@@H]2C[C@@H]3CN2C=C(C3(O)CCCC3)N=N2)CC1,0.9972724318504333,1,0.9999990463256836,1,0.3782150072150073,0
CNP0101120.1,C=C1C=C(C(=O)OCC)OC2=CC3=C(C[C@@H](C(C)(C)O)O3)C(OC)=C12,0.9972624778747559,1,1.0,1,0.3390536075036074,0
CNP0592580.1,CC[C@H](C)[C@H](NC(=O)[C@@H](N)CC(C)C)C(=O)O,0.997261643409729,1,0.9999929666519165,1,0.4641026179702651,0
CNP0499897.1,CC[C@H](C)[C@H](NC(=O)[C@@H](N)CC1=CNC=N1)C(=O)O,0.997260332107544,1,0.999993085861206,1,0.4734692513368984,0
CNP0494081.2,CCC(CC)[C@@H](N)C(=O)O,0.9972590208053589,1,0.9980489015579224,1,0.3132077628254098,0
CNP0494081.1,CCC(CC)[C@H](N)C(=O)O,0.9972590208053589,1,0.9980489015579224,1,0.3132077628254098,0
CNP0517785.1,COC(=O)[C@H](CC1=CNC=N1)NC(=O)C1=CC=CC=C1,0.9972559809684753,1,0.9995388984680176,1,0.3433695193695194,0
CNP0106888.1,OC[C@H]1O[C@@H](N2C=NC3=C(NCC4=CC=CC(O)=C4)N=CN=C32)[C@H](O)[C@@H]1O,0.9972455501556396,1,0.9999895095825195,1,0.4175148374501314,0
CNP0299782.1,C=C1C=C(C(=O)OCC)OC2=CC3=C(C[C@@H](C(C)(C)O)O3)C(OCCN3C=CC4=C3C=CN4)=C12,0.9972298741340637,1,1.0,1,0.4757080086580088,0
CNP0480394.1,C[C@@H]1CC[C@]2(C)C3C[C@H]4[C@H]5CC3(CC[C@H]2[C@@]1(C)C(=O)O)C[C@]54C,0.9972206354141235,1,0.9998185038566589,1,0.3853383822060293,0
CNP0511942.1,O=C(NCCC1=CNC2=CC=CC=C12)[C@H](CC1=CC=CC=C1)NC(=O)N1CC(O)=NC2=CC=CC=C21,0.9972071051597595,1,0.9999998807907104,1,0.4174495161701043,0
CNP0333052.3,CC[C@H](C)[C@H](NC(=O)[C@H]1CC[C@H](CNC(=O)[C@@H](NC(=O)OC(C)(C)C)C(C)C)CC1)C(=O)O,0.9972008466720581,1,1.0,1,0.4641517767062659,0
CNP0333052.1,CCC(C)[C@H](NC(=O)[C@H]1CC[C@H](CNC(=O)[C@H](NC(=O)OC(C)(C)C)C(C)C)CC1)C(=O)O,0.9972008466720581,1,1.0,1,0.4641517767062659,0
CNP0333052.5,CC[C@@H](C)[C@H](NC(=O)[C@H]1CC[C@H](CNC(=O)[C@H](NC(=O)OC(C)(C)C)C(C)C)CC1)C(=O)O,0.9972008466720581,1,1.0,1,0.4641517767062659,0
CNP0333052.6,CC[C@@H](C)[C@H](NC(=O)[C@H]1CC[C@H](CNC(=O)[C@@H](NC(=O)OC(C)(C)C)C(C)C)CC1)C(=O)O,0.9972008466720581,1,1.0,1,0.4641517767062659,0
CNP0333052.4,CC[C@H](C)[C@H](NC(=O)[C@H]1CC[C@H](CNC(=O)[C@H](NC(=O)OC(C)(C)C)C(C)C)CC1)C(=O)O,0.9972008466720581,1,1.0,1,0.4641517767062659,0
CNP0333052.2,CCC(C)[C@H](NC(=O)[C@H]1CC[C@H](CNC(=O)[C@@H](NC(=O)OC(C)(C)C)C(C)C)CC1)C(=O)O,0.9972008466720581,1,1.0,1,0.4641517767062659,0
CNP0391945.1,CCCS(=O)(=O)N[C@@H]1CC(C)(C)[C@H]2C[C@@](C)(O)CC[C@@]21CCC(=O)NCC1=CC=CN=C1,0.9971615076065063,1,0.9923328161239624,1,0.3790281385281385,0
CNP0391945.2,CCCS(=O)(=O)N[C@H]1CC(C)(C)[C@@H]2C[C@@](C)(O)CC[C@]12CCC(=O)NCC1=CC=CN=C1,0.9971615076065063,1,0.9923328161239624,1,0.3790281385281385,0
CNP0391477.1,COC(=O)[C@H](CC1=CC=CC=C1)NC(=O)C1=CC2=C(C=N1)NC1=CC=CC=C12,0.9971529245376587,1,0.9907841682434082,1,0.5414930014430012,1
CNP0294828.1,COC1=CC=C2NC3=C(CCN4C(=O)CN(CCC5=CC=C(S(N)(=O)=O)C=C5)C(=O)[C@]34C)C2=C1,0.9971476197242737,1,0.999994158744812,1,0.3726762054938525,0
CNP0338389.1,CNC(CCC1=NC(C[C@H](N)C(=O)O)=CN1)C(=O)O,0.9971299767494202,1,0.9999867677688599,1,0.4290337087974006,0
CNP0259185.1,CCC(C)C(=O)OCC1=CC(=O)C2=C(OC)C3=C(C=C2O1)O[C@H](C(C)(C)O)C3,0.9970904588699341,1,1.0,1,0.4285481113657584,0
CNP0281616.1,OC[C@H]1O[C@@H](N2N=NC3=C(O)N=CN=C32)[C@H](O)[C@H]1O,0.9970743656158447,1,0.9977532029151917,1,0.3008642203859372,0
CNP0381754.2,CC[C@@H](C)[C@H](NS(=O)(=O)C1=CC=C(C)C=C1)C(=O)N1CCC(C(=O)N[C@H](C(=O)O)[C@H](C)O)CC1,0.9969974756240845,1,0.9999998807907104,1,0.4472382894882895,0
CNP0381754.5,CC[C@H](C)[C@H](NS(=O)(=O)C1=CC=C(C)C=C1)C(=O)N1CCC(C(=O)N[C@H](C(=O)O)[C@@H](C)O)CC1,0.9969974756240845,1,0.9999998807907104,1,0.4472382894882895,0
CNP0381754.3,CC[C@H](C)[C@H](NS(=O)(=O)C1=CC=C(C)C=C1)C(=O)N1CCC(C(=O)N[C@H](C(=O)O)[C@H](C)O)CC1,0.9969974756240845,1,0.9999998807907104,1,0.4472382894882895,0
CNP0381754.1,CCC(C)[C@H](NS(=O)(=O)C1=CC=C(C)C=C1)C(=O)N1CCC(C(=O)N[C@H](C(=O)O)C(C)O)CC1,0.9969974756240845,1,0.9999998807907104,1,0.4472382894882895,0
CNP0381754.4,CC[C@@H](C)[C@H](NS(=O)(=O)C1=CC=C(C)C=C1)C(=O)N1CCC(C(=O)N[C@H](C(=O)O)[C@@H](C)O)CC1,0.9969974756240845,1,0.9999998807907104,1,0.4472382894882895,0
CNP0196828.1,COC(=O)COC1=CC2=C(C(=O)[C@@](C)(C3(O)CCCC3)C2)C(Cl)=C1Cl,0.9969968795776367,1,0.9990072846412659,1,0.3658901515151514,0
CNP0027629.0,O=C1CNC=NC2=C1N=CN2C1OC(CO)C(O)C1O,0.9969467520713806,1,0.9978365302085876,1,0.4969379924975692,0
CNP0525368.1,CCCC1=NN2C(=N1)N(C(=O)C1CC1)[C@H]1CCCC[C@H]1C21CCCCC1,0.9969448447227478,1,0.9999995231628418,1,0.4849812409812409,0
CNP0174105.1,CCN1C(=O)/C2=C3\CO[C@@](OC)([C@@H](O)CCCC[C@]21[C@H](C)O)[C@H]3O,0.9969435334205627,1,1.0,1,0.4098217044393515,0
CNP0571158.1,CN1C=C(S(=O)(=O)N2CCN3CC(=O)NC4=CC(C5=NC=NN5C)=CC=C4OC[C@H]3C2)C=N1,0.9968974590301514,1,0.9998767375946045,1,0.3842944187455057,0
CNP0519574.0,CC(O)C(N)C(=O)NC(=O)CCC(N)C(=O)O,0.9968445301055908,1,0.9998980760574341,1,0.3390387567357141,0
CNP0191902.1,CC(C)(O)[C@H]1O[C@@]2(O)CC[C@@]3(C)[C@@](O)(CC[C@H]4CC5=C(NC6=CC=CC=C56)[C@@]43C)C2=CC1=O,0.9968271851539612,1,0.9999827146530151,1,0.427090626040626,0
CNP0294015.2,NC(=O)C1=NN([C@H]2O[C@@H](CO)[C@H](O)[C@@H]2O)C=N1,0.9968133568763733,1,0.9796997904777527,1,0.4417434158978275,0
CNP0294015.1,NC(=O)C1=NN([C@@H]2O[C@H](CO)[C@@H](O)[C@H]2O)C=N1,0.9968133568763733,1,0.9796997904777527,1,0.4417434158978275,0
CNP0587172.0,COC1=CC=C(OC)C(S(=O)(=O)NC2=CC=CC(C(=O)O)=C2)=C1,0.9967994689941406,1,0.9615945816040039,1,0.2741168276168276,0
CNP0074355.1,COC1=NC(N)=NC2=C1N=CN2[C@@H]1O[C@H](CO)[C@@H](O)[C@@H]1O,0.9967632293701172,1,0.9976795315742493,1,0.4342975036059851,0
CNP0223842.1,COC1=CC=C([C@H]2COC3=CC(O)=CC(O)=C3C2=O)C2=C1CC(C(C)(C)O)O2,0.9967584013938904,1,0.9999998807907104,1,0.3580339105339105,0
CNP0603803.1,C[C@H](NC(=O)[C@@H](N)[C@@H](C)O)C(=O)O,0.9967330694198608,1,0.9996411800384521,1,0.3132070413246883,0
CNP0014829.1,CC1=NOC([C@@H](C)NS(=O)(=O)CC(C)C)=C1C(=O)O,0.9967325925827026,1,0.9999961853027344,1,0.4766450477626948,0
CNP0118338.0,CNC1=NC(=O)NC2=C1N=CN2C1OC(CO)C(O)C1O,0.9967318773269653,1,0.9995551705360413,1,0.4642867647058823,0
CNP0268005.1,COC(=O)[C@@H](CC1=CC=C(O)C=C1)NC(=O)OC(C)(C)C,0.9967130422592163,1,0.9993540644645691,1,0.5155662931839402,1
CNP0268005.2,COC(=O)[C@H](CC1=CC=C(O)C=C1)NC(=O)OC(C)(C)C,0.9967130422592163,1,0.9993540644645691,1,0.5155662931839402,1
CNP0535641.1,CC[C@@H](C)[C@H](O)C(=O)O[C@H](C(=O)O[C@H](C(=O)O)[C@H](C)CC)[C@H](C)CC,0.9967030882835388,1,0.999991774559021,1,0.1907063492063492,0
CNP0488698.1,CN1N=CN=C1C1=CC=C2OC[C@H]3CN(C(=O)C4=CC=CC(Cl)=C4)CCN3CC(=O)NC2=C1,0.9967005848884583,1,0.9999997615814209,1,0.4270567025567026,0
CNP0514324.1,CC[C@@H]1[C@H]2OC(=O)[C@H](C)[C@H]2[C@]2(O)C[C@H]([C@H]3C[C@@H](C)C(=O)O3)N3CCCC[C@]14OC(O)=N[C@]324,0.9966875910758972,1,1.0,1,0.4557938091320442,0
CNP0250743.0,CCCC1=NN(C)C2=C1N=C(C1=CC(S(=O)(=O)N3CCN(C)CC3)=CC=C1OCC)NC2=O,0.9966810345649719,1,0.9999897480010986,1,0.4116513539651836,0
CNP0594523.0,CC(C)C1=CC=C(S(=O)(=O)N2CCC3(CC2)NCCN=C3NCC2=CC=C3OCOC3=C2)C=C1,0.9966771602630615,1,0.9999988079071045,1,0.4856009316770187,0
CNP0357861.0,CC1=NC2=C(NC(=O)NC2=O)N(C2OC(CO)C(O)C2O)C1=O,0.9966717958450317,1,0.9998347759246826,1,0.3978024871844981,0
CNP0466868.4,C[C@@H]1C[C@@H](O)[C@]2(C)C(C(=O)O)=CCC[C@H]2[C@@]1(C)CCC1=CC(=O)O[C@@H]1O,0.9966622591018677,1,0.9996770620346069,1,0.4020882825336913,0
CNP0466868.6,C[C@@H]1C[C@@H](O)[C@@]2(C)C(C(=O)O)=CCC[C@@H]2[C@@]1(C)CCC1=CC(=O)O[C@@H]1O,0.9966622591018677,1,0.9996770620346069,1,0.4020882825336913,0
CNP0466868.3,C[C@H]1C[C@H](O)[C@]2(C)C(C(=O)O)=CCC[C@H]2[C@@]1(C)CCC1=CC(=O)O[C@@H]1O,0.9966622591018677,1,0.9996770620346069,1,0.4020882825336913,0
CNP0466868.8,C[C@@H]1C[C@H](O)[C@]2(C)C(C(=O)O)=CCC[C@H]2[C@@]1(C)CCC1=CC(=O)O[C@@H]1O,0.9966622591018677,1,0.9996770620346069,1,0.4020882825336913,0
CNP0466868.7,C[C@H]1C[C@@H](O)[C@@]2(C)C(C(=O)O)=CCC[C@@H]2[C@@]1(C)CCC1=CC(=O)O[C@@H]1O,0.9966622591018677,1,0.9996770620346069,1,0.4020882825336913,0
CNP0466868.2,C[C@H]1C[C@@H](O)[C@]2(C)C(C(=O)O)=CCC[C@H]2[C@@]1(C)CCC1=CC(=O)O[C@@H]1O,0.9966622591018677,1,0.9996770620346069,1,0.4020882825336913,0
CNP0466868.5,C[C@@H]1C[C@H](O)[C@@]2(C)C(C(=O)O)=CCC[C@@H]2[C@@]1(C)CCC1=CC(=O)O[C@@H]1O,0.9966622591018677,1,0.9996770620346069,1,0.4020882825336913,0
CNP0466868.1,C[C@H]1C[C@H](O)[C@@]2(C)C(C(=O)O)=CCC[C@@H]2[C@@]1(C)CCC1=CC(=O)O[C@@H]1O,0.9966622591018677,1,0.9996770620346069,1,0.4020882825336913,0
CNP0585940.0,O=S(=O)(C1=CC=C(Cl)C=C1)N1CCC2(CC1)NCCN=C2NCC1=CC=C2OCOC2=C1,0.9966360330581665,1,0.9999754428863525,1,0.4643784348585915,0
CNP0227164.1,C[C@H](CC[C@@H](O)C(C)(C)O)[C@H]1[C@@H](O)C[C@@]2(C)[C@@H]3C[C@H](O)[C@H]4C(C)(C)C(=O)CC[C@@]45C[C@@]35CC[C@]12C,0.9966155886650085,1,0.9999998807907104,1,0.422022364890012,0
CNP0009900.2,N[C@H](C(=O)O)[C@H](O)C1=CC=C(OCC2=CC=CC=C2)C(OCC2=CC=CC=C2)=C1,0.9965929388999939,1,0.9967893958091736,1,0.3607637085137085,0
CNP0009900.3,N[C@@H](C(=O)O)[C@H](O)C1=CC=C(OCC2=CC=CC=C2)C(OCC2=CC=CC=C2)=C1,0.9965929388999939,1,0.9967893958091736,1,0.3607637085137085,0
CNP0009900.4,N[C@@H](C(=O)O)[C@@H](O)C1=CC=C(OCC2=CC=CC=C2)C(OCC2=CC=CC=C2)=C1,0.9965929388999939,1,0.9967893958091736,1,0.3607637085137085,0
CNP0009900.1,N[C@H](C(=O)O)[C@@H](O)C1=CC=C(OCC2=CC=CC=C2)C(OCC2=CC=CC=C2)=C1,0.9965929388999939,1,0.9967893958091736,1,0.3607637085137085,0
CNP0492338.1,CC(C)C(=O)N1C2=NC=NN2C2(CCCCC2)[C@@H]2CCCC[C@@H]21,0.9965682029724121,1,0.9999996423721313,1,0.367473436041083,0
CNP0048081.1,O=C(NC1=C2[C@@H]3C[C@@H](CN(S(=O)(=O)C4=CC=CC=C4)C3)CN2C(=O)C=C1)C1=CC2=C(C=C1)OCO2,0.9965527057647705,1,0.0890377089381218,0,0.3998297470503353,0
CNP0351144.1,CN[C@H](CC(C)C)C(=O)N[C@H](CC1=CC=CC=C1)C(=O)OC,0.9965217113494873,1,0.9999756813049316,1,0.5622857142857142,1
CNP0584030.1,O=C(N[C@@H](CC1=CC=CC=C1)[C@@H](O)C(=O)O)OCC1=CC=CC=C1,0.996515154838562,1,0.9996528625488281,1,0.5236219336219335,1
CNP0504672.0,CC1=NC(S(=O)(=O)N2CCC3(CC2)C(C(=O)N2CCC2)C2=CC=CC=C2C(=O)N3C(C)C)=CN1C,0.9964851140975952,1,0.9999872446060181,1,0.4226101300660126,0
CNP0318173.4,CC[C@H](C)[C@H](NC(=O)OC(C)(C)C)C(=O)NC[C@H]1CC[C@@H](C(=O)N[C@H](C(=O)O)C(C)C)CC1,0.996482253074646,1,1.0,1,0.4569194534739427,0
CNP0318173.2,CCC(C)[C@H](NC(=O)OC(C)(C)C)C(=O)NC[C@H]1CC[C@H](C(=O)N[C@H](C(=O)O)C(C)C)CC1,0.996482253074646,1,1.0,1,0.4569194534739427,0
CNP0318173.3,CC[C@@H](C)[C@H](NC(=O)OC(C)(C)C)C(=O)NC[C@H]1CC[C@H](C(=O)N[C@@H](C(=O)O)C(C)C)CC1,0.996482253074646,1,1.0,1,0.4569194534739427,0
CNP0318173.1,CCC(C)[C@H](NC(=O)OC(C)(C)C)C(=O)NC[C@H]1CC[C@H](C(=O)N[C@@H](C(=O)O)C(C)C)CC1,0.996482253074646,1,1.0,1,0.4569194534739427,0
CNP0318173.5,CC[C@@H](C)[C@H](NC(=O)OC(C)(C)C)C(=O)NC[C@H]1CC[C@H](C(=O)N[C@H](C(=O)O)C(C)C)CC1,0.996482253074646,1,1.0,1,0.4569194534739427,0
CNP0318173.6,CC[C@H](C)[C@H](NC(=O)OC(C)(C)C)C(=O)NC[C@H]1CC[C@H](C(=O)N[C@@H](C(=O)O)C(C)C)CC1,0.996482253074646,1,1.0,1,0.4569194534739427,0
CNP0411867.0,COC1=C2CN(C)CCC2=C(CNC(=O)C2=CC=CC(NS(C)(=O)=O)=C2)C2=C1OCO2,0.9964786171913147,1,0.9993395209312439,1,0.3938998275116695,0
CNP0381387.3,CC[C@@H](C)[C@H](NC(=O)OC(C)(C)C)C(=O)N1CCC(C(=O)NC2(C(=O)O)CCCCC2)CC1,0.9964634776115417,1,0.9999997615814209,1,0.443734126984127,0
CNP0381387.2,CC[C@H](C)[C@H](NC(=O)OC(C)(C)C)C(=O)N1CCC(C(=O)NC2(C(=O)O)CCCCC2)CC1,0.9964634776115417,1,0.9999997615814209,1,0.443734126984127,0
CNP0381387.1,CCC(C)[C@H](NC(=O)OC(C)(C)C)C(=O)N1CCC(C(=O)NC2(C(=O)O)CCCCC2)CC1,0.9964634776115417,1,0.9999997615814209,1,0.443734126984127,0
CNP0250576.1,COC(=O)[C@@]1(C)CC(=O)C=C2[C@@H]1CC[C@@H](C)[C@]2(C)CC[C@@H](C)CCOC(C)=O,0.9964582324028015,1,0.9999101161956787,1,0.3300190348866819,0
CNP0224544.2,CC(C)(O)CCC[C@@](C)(O)[C@H]1CC[C@@]2(O)C3=CC(=O)[C@@H]4C[C@@H](O)[C@@H](O)C[C@]4(C)[C@H]3CC[C@]12C,0.9964383840560913,1,0.9999771118164062,1,0.3538847594485891,0
CNP0224544.1,CC(C)(O)CCC[C@](C)(O)[C@H]1CC[C@@]2(O)C3=CC(=O)[C@@H]4C[C@@H](O)[C@@H](O)C[C@]4(C)[C@H]3CC[C@]12C,0.9964383840560913,1,0.9999771118164062,1,0.3538847594485891,0
CNP0360764.1,COC1=CC=C(C2=NOC([C@@H](C)NS(=O)(=O)C3=CC=CC=C3)=C2C(=O)O)C=C1,0.9964320659637451,1,0.9932431578636169,1,0.3348287545787545,0
CNP0034530.1,COC(=O)[C@@H]1CC2=C(CN1S(=O)(=O)C1=CC=C(C(C)=O)C=C1)N(CC1=CC=C(Cl)C=C1)C=N2,0.996380627155304,1,0.996720016002655,1,0.4683755117431588,0
CNP0235334.0,COC1=C(O)C=CC2=C1CC(C(C)(C)O)C2CC(=O)C1=CC=C(O)C=C1,0.9963765740394592,1,0.999976634979248,1,0.3891679914856386,0
CNP0477061.1,COC1=C(C)C(OC[C@@H]2[C@@]3(C)CCCC(C)(C)[C@@H]3CC[C@@]2(C)O)=C2CNC(=O)C2=C1C(=O)O,0.9963700771331787,1,0.982069194316864,1,0.3904429165605637,0
CNP0302037.0,CC(NC(=O)CC(N)C(=O)O)C(=O)O,0.9963370561599731,1,0.9997406601905823,1,0.3597953696630167,0
CNP0264396.4,C[C@H]1CC[C@]2(C)C(C(=O)O)=CCC[C@H]2[C@]1(C)CCC1=CCOC1=O,0.996268630027771,1,0.9999979734420776,1,0.3492224025974026,0
CNP0264396.3,C[C@@H]1CC[C@@]2(C)C(C(=O)O)=CCC[C@@H]2[C@@]1(C)CCC1=CCOC1=O,0.996268630027771,1,0.9999979734420776,1,0.3492224025974026,0
CNP0264396.1,C[C@@H]1CC[C@]2(C)C(C(=O)O)=CCC[C@@H]2[C@@]1(C)CCC1=CCOC1=O,0.996268630027771,1,0.9999979734420776,1,0.3492224025974026,0
CNP0264396.2,C[C@H]1CC[C@@]2(C)C(C(=O)O)=CCC[C@H]2[C@]1(C)CCC1=CCOC1=O,0.996268630027771,1,0.9999979734420776,1,0.3492224025974026,0
CNP0590443.0,CCN(CC)S(=O)(=O)C1=CC(C(=O)O)=CC=C1OC,0.9962645173072815,1,0.9999309778213501,1,0.476458212139689,0
CNP0319998.1,COC1=C2CN(C)CCC2=C(S(=O)(=O)N[C@@H](CO)CC2=CC=CC=C2)C2=C1OCO2,0.9962642788887024,1,0.9999998807907104,1,0.4187979797979798,0
CNP0319998.2,COC1=C2CN(C)CCC2=C(S(=O)(=O)N[C@H](CO)CC2=CC=CC=C2)C2=C1OCO2,0.9962642788887024,1,0.9999998807907104,1,0.4187979797979798,0
CNP0399818.0,CCOC(=O)CC(C1=CC(OC)=C(OC)C(OC)=C1)C1=C(O)C2=CC=CC=C2NC1=O,0.9962487816810608,1,0.9955961108207703,1,0.3785696248196248,0
CNP0541774.0,CC(=O)OCC(C)CCC=C(C)C1=CC=C(C(=O)O)C=C1O,0.9962441921234131,1,0.9999916553497314,1,0.3234110459489057,0
CNP0307053.1,COC1=CC(O)=C2C3=C(CCC2=C1CC1=CC=C(O)C=C1)C1=C(C=C3)O[C@H](C(C)(C)O)C1,0.9962413311004639,1,1.0,1,0.3457579365079365,0
CNP0588007.0,CNC1(C(=O)OC)CCCC1,0.996240496635437,1,0.9997931122779846,1,0.3056281912531912,0
CNP0370391.1,CC(=O)N[C@H](CC1=CC=CC=C1)C(=O)OCC(=O)C1=CC=C2OCCOC2=C1,0.9962185025215149,1,0.999803364276886,1,0.5797741892610314,1
CNP0370391.2,CC(=O)N[C@@H](CC1=CC=CC=C1)C(=O)OCC(=O)C1=CC=C2OCCOC2=C1,0.9962185025215149,1,0.999803364276886,1,0.5797741892610314,1
CNP0603118.0,O=C1N=C(O)C2=C1C1=C(NC3=CC(O)=CC=C13)OC1=CC=CC3=C1C2=CN3,0.9961826205253601,1,0.9999887943267822,1,0.3375865052560099,0
CNP0350127.5,CC[C@@H](C)C(=O)O[C@@H]1CCC=C2C=C[C@@H](C)[C@@H](CC[C@H](O)C[C@H](O)CC(=O)OC)[C@@H]21,0.9961800575256348,1,0.999998927116394,1,0.4013182928182929,0
CNP0350127.3,CC[C@H](C)C(=O)O[C@@H]1CCC=C2C=C[C@@H](C)[C@@H](CC[C@H](O)C[C@H](O)CC(=O)OC)[C@@H]21,0.9961800575256348,1,0.999998927116394,1,0.4013182928182929,0
CNP0350127.1,CC[C@H](C)C(=O)O[C@H]1CCC=C2C=C[C@H](C)[C@H](CC[C@@H](O)C[C@@H](O)CC(=O)OC)C21,0.9961800575256348,1,0.999998927116394,1,0.4013182928182929,0
CNP0350127.4,CC[C@H](C)C(=O)O[C@H]1CCC=C2C=C[C@@H](C)[C@@H](CC[C@H](O)C[C@H](O)CC(=O)OC)[C@@H]21,0.9961800575256348,1,0.999998927116394,1,0.4013182928182929,0
CNP0350127.2,CC[C@@H](C)C(=O)O[C@H]1CCC=C2C=C[C@@H](C)[C@@H](CC[C@H](O)C[C@H](O)CC(=O)OC)[C@@H]21,0.9961800575256348,1,0.999998927116394,1,0.4013182928182929,0
CNP0524876.2,CCOC(=O)[C@@H](N)C1(OCC)CCCC1,0.9961791038513184,1,0.9999696016311646,1,0.2719804345980817,0
CNP0524876.1,CCOC(=O)[C@H](N)C1(OCC)CCCC1,0.9961791038513184,1,0.9999696016311646,1,0.2719804345980817,0
CNP0058809.1,COC1=CC=CC(C2=NN=NN2[C@H]2CO[C@H]3[C@@H]2OC[C@@H]3NS(=O)(=O)C2=CC=CC=C2C#N)=C1,0.9961531758308411,1,0.9997792840003967,1,0.4441955691367455,0
CNP0541992.2,NC1=NC(O)=NC2=C1N=CN2[C@@H]1O[C@@H](CO)[C@@H](O)[C@@H]1O,0.9961508512496948,1,0.9528752565383911,1,0.402083265229982,0
CNP0541992.1,NC1=NC(O)=NC2=C1N=CN2[C@H]1O[C@@H](CO)[C@H](O)[C@@H]1O,0.9961508512496948,1,0.9528752565383911,1,0.402083265229982,0
CNP0541992.3,NC1=NC(O)=NC2=C1N=CN2[C@@H]1O[C@H](CO)[C@@H](O)[C@H]1O,0.9961508512496948,1,0.9528752565383911,1,0.402083265229982,0
CNP0541992.4,NC1=NC(O)=NC2=C1N=CN2[C@@H]1O[C@H](CO)[C@H](O)C1O,0.9961508512496948,1,0.9528752565383911,1,0.402083265229982,0
CNP0509139.0,CCCC1=NN(C)C2=C(O)N=C(C3=CC(S(=O)(=O)N4CCN(C)CC4)=CC=C3OCC)N=C12,0.9961372017860413,1,0.9999954700469971,1,0.394766433330263,0
CNP0532334.1,N[C@@H](CC(=O)OCC(=O)O)C(=O)O,0.9961357712745667,1,0.9994007349014282,1,0.331089741957389,0
CNP0336709.1,CCCOC1=CC=C(C2CN3C(=O)CN(C4CC4)C(=O)[C@]3(C)C3=C2C2=CC=CC=C2N3)C=C1OCC,0.9961327314376831,1,0.9458795785903931,1,0.4410088938838939,0
CNP0348854.3,CC(C)(O)C[C@@H](CO)NC(=O)C[C@@H](O)CC(=O)CC1=CC=CC=C1,0.9961185455322266,1,0.9999926090240479,1,0.387832806082806,0
CNP0348854.1,CC(C)(O)C[C@H](CO)NC(=O)C[C@@H](O)CC(=O)CC1=CC=CC=C1,0.9961185455322266,1,0.9999926090240479,1,0.387832806082806,0
CNP0348854.2,CC(C)(O)C[C@@H](CO)NC(=O)C[C@H](O)CC(=O)CC1=CC=CC=C1,0.9961185455322266,1,0.9999926090240479,1,0.387832806082806,0
CNP0348854.4,CC(C)(O)C[C@H](CO)NC(=O)C[C@H](O)CC(=O)CC1=CC=CC=C1,0.9961185455322266,1,0.9999926090240479,1,0.387832806082806,0
CNP0184580.1,CC[C@H](C)CNC(=O)[C@@H](O)C[C@H](N)C(=O)O,0.9960933327674866,1,0.9998605251312256,1,0.3631455463062968,0
CNP0384339.0,COC1=C2CN(C)CCC2=C(S(=O)(=O)N2CCN(C3=NC=CC=N3)CC2)C2=C1OCO2,0.9960765242576599,1,0.9999090433120728,1,0.3841849174312172,0
CNP0280562.1,C[C@@H](NS(=O)(=O)C1=CC=C(Cl)C=C1)C1=C(C(=O)O)C(C2=CC=CN=C2)=NO1,0.9960747957229614,1,0.9856536984443665,1,0.3602406593406593,0
CNP0043075.1,OC[C@H]1O[C@@H](N2C=NC3=C2N=CN[C@H]3O)[C@H](O)[C@@H]1O,0.9960695505142212,1,0.9999423027038574,1,0.472228014567003,0
CNP0231492.0,COC1=C2CN(C)CCC2=C(S(=O)(=O)N2CCN(C(=O)C(C)(C)C)CC2)C2=C1OCO2,0.9960071444511414,1,0.9999970197677612,1,0.4489066214518343,0
CNP0580991.1,CC[C@@H](C)[C@@H](NC(=O)OCC1C2=CC=CC=C2C2=CC=CC=C21)C(=O)O,0.9959782361984253,1,0.9986849427223206,1,0.3288781773781772,0
CNP0580991.2,CC[C@H](C)[C@H](NC(=O)OCC1C2=CC=CC=C2C2=CC=CC=C21)C(=O)O,0.9959782361984253,1,0.9986849427223206,1,0.3288781773781772,0
CNP0595367.0,CCC(C)C(N)C(=O)NC(C(=O)NC(C(=O)N1CCCC1C(=O)O)C(C)CC)C(C)CC,0.9959737658500671,1,1.0,1,0.4467346526022997,0
CNP0297580.1,COC(=O)[C@@H](CC1=CC=CN=C1)NC(=O)[C@H]1CN(C(C)=O)CCN1S(=O)(=O)C1=CC=CC=C1,0.9959512948989868,1,0.9980971217155457,1,0.5069932012432011,1
CNP0129107.0,CCC(CC(C)C(C)(OC(C)=O)C(=O)O)C(=O)O,0.9959073066711426,1,0.9999986886978149,1,0.4180672105672106,0
CNP0425019.1,COC1=CC=C2C(=C1OC)C[C@@H](C(C)(C)O)[C@@H]2CC(=O)C1=C(O)C=C(O)C=C1O,0.9959069490432739,1,0.9999841451644897,1,0.3688051737478208,0
CNP0432348.1,CC(C)(O)C1CC2=C(C=CC3=C2NC(=O)[C@]32CC34NC(=O)[C@]5(CCCN5C3=O)C[C@@H]4C2(C)C)O1,0.9959031939506531,1,0.9997014403343201,1,0.3090311022311022,0
CNP0599317.1,CC[C@H](C)[C@@H](O)[C@](C)(O)C=CC1=CC2=CC(=O)[C@]3(C)O[C@@](C)(OC)[C@](C)(C(=O)OC)[C@]3(C)C2=CO1,0.995894193649292,1,1.0,1,0.3775374331550802,0
CNP0274440.2,COC1=C(C(C)C)C=C(O)C2=C1CC[C@@H]1C(C)=C(C(=O)O)CC[C@]21C,0.9958682060241699,1,0.9999809265136719,1,0.3413476951153422,0
CNP0274440.1,COC1=C(C(C)C)C=C(O)C2=C1CC[C@H]1C(C)=C(C(=O)O)CC[C@]21C,0.9958682060241699,1,0.9999809265136719,1,0.3413476951153422,0
CNP0412053.0,COC1=CC(C(CC(=O)NC(CC2=CC=CC=C2)C2=NC=NN2)C2=C(O)C(=O)C=C(C)O2)=CC=C1O,0.9958654642105103,1,1.0,1,0.5385247976661018,1
CNP0135574.1,C=CSC[C@H](N)C(=O)O,0.9958640336990356,1,0.7669245600700378,1,0.3741497946497947,0
CNP0514760.1,COC(=O)[C@H](CC1=CNC2=CC=CC=C12)NC(=O)C1=CC=CC(N2C=NN=N2)=C1,0.995862603187561,1,0.9998651742935181,1,0.4709039462952505,0
CNP0326054.1,N[C@H](C(=O)O)[C@@H]1CC(O)=NO1,0.9958360195159912,1,0.9973434805870056,1,0.3692937617937617,0
CNP0276790.1,CC1=C(C(=O)O)C[C@@H]2[C@@](C)(CC[C@H](C)CC(=O)O)[C@H](C)CC[C@@]12C,0.9958283305168152,1,0.9999992847442627,1,0.3321761849261848,0
CNP0276790.2,CC1=C(C(=O)O)C[C@@H]2[C@@](C)(CC[C@@H](C)CC(=O)O)[C@H](C)CC[C@@]12C,0.9958283305168152,1,0.9999992847442627,1,0.3321761849261848,0
CNP0172440.1,CC[C@H](O)[C@H](N)C(=O)O,0.9958221912384033,1,0.9994712471961975,1,0.3390397417212185,0
CNP0337808.1,OC[C@H]1O[C@@H](N2C3=CC=C(Cl)C=C3C3=CC=C4C5=CC(Cl)=CC=C5NC4=C32)[C@H](O)[C@@H](O)[C@@H]1O,0.9958017468452454,1,0.9989542961120605,1,0.3718350621513196,0
CNP0042669.0,CCC(O)C(O)C(=O)O,0.9957584738731384,1,0.9999880790710449,1,0.3654875941052411,0
CNP0338028.1,O=C(N[C@@H](CC1=CC=C(O)C=C1)C(=O)O)OCC1=CC=CC=C1,0.9957542419433594,1,0.9982510209083557,1,0.5634862374467635,1
CNP0338028.2,O=C(N[C@H](CC1=CC=C(O)C=C1)C(=O)O)OCC1=CC=CC=C1,0.9957542419433594,1,0.9982510209083557,1,0.5634862374467635,1
CNP0388526.6,CC[C@@H](C)[C@H](NC(=O)[C@H]1CC[C@H](CNC(=O)[C@H](C)N)CC1)C(=O)O,0.9957448840141296,1,1.0,1,0.4498224116269009,0
CNP0388526.3,CC[C@H](C)[C@H](NC(=O)[C@H]1CC[C@H](CNC(=O)[C@@H](C)N)CC1)C(=O)O,0.9957448840141296,1,1.0,1,0.4498224116269009,0
CNP0388526.1,CCC(C)[C@H](NC(=O)[C@H]1CC[C@H](CNC(=O)[C@@H](C)N)CC1)C(=O)O,0.9957448840141296,1,1.0,1,0.4498224116269009,0
CNP0388526.4,CC[C@H](C)[C@H](NC(=O)[C@H]1CC[C@H](CNC(=O)[C@H](C)N)CC1)C(=O)O,0.9957448840141296,1,1.0,1,0.4498224116269009,0
CNP0388526.5,CC[C@@H](C)[C@H](NC(=O)[C@H]1CC[C@H](CNC(=O)[C@@H](C)N)CC1)C(=O)O,0.9957448840141296,1,1.0,1,0.4498224116269009,0
CNP0388526.2,CCC(C)[C@H](NC(=O)[C@H]1CC[C@H](CNC(=O)[C@H](C)N)CC1)C(=O)O,0.9957448840141296,1,1.0,1,0.4498224116269009,0
CNP0561107.1,COC[C@H]1C[C@@H](NS(=O)(=O)CC(C)C)[C@H](O)[C@@H]1O,0.9957360029220581,1,1.0,1,0.4815225096727654,0
CNP0018083.0,CN(C)C1=NC(=O)NC2=C1N=CN2C1OC(CO)C(O)C1O,0.9957341551780701,1,0.9999300241470337,1,0.4462669234360412,0
CNP0298274.1,C[C@H](CCO)CC[C@@]1(C)[C@H](C)CC[C@@]2(CO)C(C(=O)O)=CCC[C@@H]21,0.9957308173179626,1,0.9999885559082031,1,0.4655817238317238,0
CNP0123957.2,N[C@@H](C/C=C/Cl)C(=O)O,0.9957209229469299,1,0.997638463973999,1,0.2746395255071724,0
CNP0123957.1,N[C@@H](C/C=C\Cl)C(=O)O,0.9957209229469299,1,0.997638463973999,1,0.2746395255071724,0
CNP0100389.1,CC(C)[C@@H](C)C[C@@H](O)[C@@H](C)[C@H]1CC[C@@]2(O)C3=CC(=O)[C@@]4(O)C[C@@H](O)[C@@H](O)C[C@]4(C)[C@H]3CC[C@]12C,0.9956934452056885,1,0.9999986886978149,1,0.3321739094239093,0
CNP0429622.1,COC(=O)C(C)CCC[C@@](C)(O)[C@@H]1CC[C@@](C)(O)[C@H]1C,0.9956648945808411,1,0.9999744892120361,1,0.4353179357494126,0
CNP0386955.1,COC(=O)[C@H](CC1=CC=CC=C1)NC(=O)CCC1=NC2=CC=CC=C2NC1=O,0.9956181049346924,1,0.9959858059883118,1,0.5408231382144425,1
CNP0352003.1,CCOC(=O)[C@H](C)[C@H]1CC[C@@H](C[C@H](CC)OC(=O)[C@@H](C)[C@@H]2CC[C@H](C[C@H](O)CC)O2)O1,0.9955940842628479,1,1.0,1,0.4402088960962553,0
CNP0180557.1,COC1=NC(N)=C2N=CN([C@@H]3O[C@H](CO)[C@@H](O)[C@H]3O)C2=N1,0.9955937266349792,1,0.9985954165458679,1,0.507526027893675,1
CNP0180557.2,COC1=NC(N)=C2N=CN([C@H]3O[C@H](CO)[C@@H](O)[C@@H]3O)C2=N1,0.9955937266349792,1,0.9985954165458679,1,0.507526027893675,1
CNP0197088.1,C[C@H]([C@H](O)CCC(C)(C)O)[C@H]1CC[C@@]2(O)C3=CC(=O)[C@@H]4C[C@@H](O)[C@@H](O)C[C@]4(C)C3CC[C@]12C,0.9955745935440063,1,0.9999996423721313,1,0.3029395935034232,0
CNP0197088.3,C[C@H]([C@H](O)CCC(C)(C)O)[C@H]1CC[C@@]2(O)C3=CC(=O)[C@@H]4C[C@H](O)[C@@H](O)C[C@]4(C)[C@H]3CC[C@]12C,0.9955745935440063,1,0.9999996423721313,1,0.3029395935034232,0
CNP0197088.2,C[C@H]([C@H](O)CCC(C)(C)O)[C@H]1CC[C@@]2(O)C3=CC(=O)[C@@H]4C[C@@H](O)[C@@H](O)C[C@]4(C)[C@H]3CC[C@]12C,0.9955745935440063,1,0.9999996423721313,1,0.3029395935034232,0
CNP0197088.5,C[C@@H]([C@H]1CC[C@@]2(O)C3=CC(=O)[C@@H]4C[C@H](O)[C@@H](O)C[C@]4(C)[C@H]3CC[C@]12C)[C@@H](O)CCC(C)(C)O,0.9955745935440063,1,0.9999996423721313,1,0.3029395935034232,0
CNP0197088.6,C[C@@H]([C@H](O)CCC(C)(C)O)[C@H]1CC[C@@]2(O)C3=CC(=O)[C@@H]4C[C@H](O)[C@@H](O)C[C@]4(C)[C@H]3CC[C@@]12C,0.9955745935440063,1,0.9999996423721313,1,0.3029395935034232,0
CNP0197088.7,C[C@H]([C@H](O)CCC(C)(C)O)[C@H]1CC[C@@]2(O)C3=CC(=O)[C@@H]4C[C@@H](O)[C@@H](O)C[C@]4(C)[C@@H]3CC[C@]12C,0.9955745935440063,1,0.9999996423721313,1,0.3029395935034232,0
CNP0197088.4,C[C@@H]([C@H]1CC[C@@]2(O)C3=CC(=O)[C@@H]4C[C@@H](O)[C@@H](O)C[C@]4(C)[C@H]3CC[C@]12C)[C@@H](O)CCC(C)(C)O,0.9955745935440063,1,0.9999996423721313,1,0.3029395935034232,0
CNP0160980.0,NS(=O)(=O)C1=CC=C(C(=O)O)C=C1,0.9955329895019531,1,0.9617750644683838,1,0.2760265412691883,0
CNP0235877.0,CCCC(=O)OCCC(C)CC,0.9954895377159119,1,0.9999991655349731,1,0.323372264989912,0
CNP0485787.1,CC[C@H](C)[C@@H]1/N=C(/O)[C@@H](NC)CC2=CC(=CC=C2OC)/C=C\N=C(/O)[C@H](CC2=CC=CC=C2)/N=C\1O,0.9954811334609985,1,0.9999986886978149,1,0.398788961038961,0
CNP0346728.1,CC[C@H](C)[C@H](NC(=O)[C@@H](N)CC(N)=O)C(=O)O,0.9954801797866821,1,0.999850869178772,1,0.475328197945845,0
CNP0163141.0,CCC(C)C(CO)NC(=O)CC(O)CC(C)=O,0.9954741597175598,1,0.9999998807907104,1,0.3921355017531487,0
CNP0238626.3,N#CC1=CN([C@H]2O[C@H](CO)[C@@H](O)[C@@H]2O)C2=NC=NC(N)=C12,0.9954372048377991,1,0.9431300759315491,1,0.4230403051329423,0
CNP0238626.2,N#CC1=CN([C@@H]2O[C@H](CO)[C@@H](O)[C@@H]2O)C2=NC=NC(N)=C12,0.9954372048377991,1,0.9431300759315491,1,0.4230403051329423,0
CNP0238626.1,N#CC1=CN([C@@H]2O[C@H](CO)[C@@H](O)[C@H]2O)C2=NC=NC(N)=C12,0.9954372048377991,1,0.9431300759315491,1,0.4230403051329423,0
CNP0567403.1,CC(C)C(=O)N1C2=NC(C(=O)N3CCOCC3)=NN2C2(CCCCC2)[C@@H]2CCCC[C@@H]21,0.9954233765602112,1,0.9999933242797852,1,0.4503359901536371,0
CNP0007957.1,COC1=CC=CC=C1N1CCN(C(=O)C2=C([C@H](C)O)ON=C2C2=CC=CC=C2)CC1,0.9954142570495605,1,0.9999769926071167,1,0.4177529561941325,0
CNP0364219.1,O=C1NC=NC2=C1N=C(N1CCC(C3=CC=CC=C3)C1)N2[C@@H]1O[C@H](CO)[C@@H](O)[C@H]1O,0.9953592419624329,1,0.9997522234916687,1,0.3786351050909875,0
CNP0084766.1,C=C(CO)C1=C(O)C(Cl)=C(C)C2=C1C[C@@](C)(CO)C2=O,0.9953061938285828,1,0.9996839761734009,1,0.1984921565362741,0
CNP0595399.1,COC1=CC=CC(C(=O)N2C3=NC=NN3C3(CCCCC3)[C@@H]3CCCC[C@@H]32)=C1,0.9953011274337769,1,0.9999135732650757,1,0.3005562770562771,0
CNP0316207.1,CCCS(=O)(=O)N1CC2(CN(C(=O)NC3=CC=CC=C3)C[C@@H]3COCCN32)C1,0.9952853322029114,1,0.9999994039535522,1,0.4102419810581575,0
CNP0287040.1,C[C@H](C[C@H](O)[C@H](O)C(C)(C)O)[C@H]1[C@@H](O)C[C@@]2(C)[C@@H]3CC[C@H]4C(C)(C)C(=O)CC[C@@]45C[C@@]35CC[C@]12C,0.9952757358551025,1,1.0,1,0.3211849463877679,0
CNP0287040.2,C[C@H](C[C@H](O)[C@H](O)C(C)(C)O)[C@H]1[C@H](O)C[C@@]2(C)[C@@H]3CC[C@H]4C(C)(C)C(=O)CC[C@@]45C[C@@]35CC[C@]12C,0.9952757358551025,1,1.0,1,0.3211849463877679,0
CNP0365383.2,COC(=O)[C@H](CO)NC(=O)[C@@H](CC1=CC=CC=C1)NC(=O)OCC1=CC=CC=C1,0.9952725768089294,1,0.9999972581863403,1,0.5948809523809523,1
CNP0365383.1,COC(=O)[C@H](CO)NC(=O)[C@H](CC1=CC=CC=C1)NC(=O)OCC1=CC=CC=C1,0.9952725768089294,1,0.9999972581863403,1,0.5948809523809523,1
CNP0299891.1,O=C(O)C1=CC=C(C[C@H](O)C(=O)O)C(O)=C1,0.9952591061592102,1,0.9999887943267822,1,0.3354411128087598,0
CNP0213788.1,O=C(C1=CC=CC=N1)N1C[C@@H]2C[C@H](C1)C1=CC=C(NS(=O)(=O)CC3=CC=CC=C3)C(=O)N1C2,0.9952561259269714,1,0.9999281167984009,1,0.3032460317460317,0
CNP0027797.1,CCCOC1=C2C[C@@H](C(C)(C)O)OC2=CC2=C1C(=O)C(CCC(C)C)=C(CO)O2,0.995238184928894,1,1.0,1,0.4143009973686444,0
CNP0411222.1,COC1=CC(C(CC(=O)N[C@@H](C)C2=NC3=CC=CC=C3N2C)C2=C(O)C(=O)C=C(C)O2)=CC=C1O,0.9952138662338257,1,1.0,1,0.3191369047619048,0
CNP0305516.0,COC1=C2CN(C)CCC2=C(CNS(=O)(=O)C2=CC=C(Cl)C=C2)C2=C1OCO2,0.9952101111412048,1,0.9998874664306641,1,0.3788521478521477,0
CNP0243690.6,C[C@@H]([C@H](O)CCC(C)(C)O)[C@H]1CC[C@]2(O)C3=CC(=O)[C@@H]4C[C@H](O)CC[C@]4(C)[C@H]3CC[C@]12C,0.9951914548873901,1,0.9999998807907104,1,0.3061475468975469,0
CNP0243690.1,C[C@H]([C@H](O)CCC(C)(C)O)[C@H]1CC[C@@]2(O)C3=CC(=O)[C@@H]4C[C@@H](O)CC[C@]4(C)[C@H]3CC[C@]12C,0.9951914548873901,1,0.9999998807907104,1,0.3061475468975469,0
CNP0243690.9,C[C@H]([C@H](O)CCC(C)(C)O)[C@H]1CC[C@@]2(O)C3=CC(=O)[C@H]4C[C@@H](O)CC[C@]4(C)[C@H]3CC[C@]12C,0.9951914548873901,1,0.9999998807907104,1,0.3061475468975469,0
CNP0243690.8,C[C@@H]([C@H](O)CCC(C)(C)O)[C@H]1CC[C@]2(O)C3=CC(=O)[C@@H]4C[C@@H](O)CC[C@]4(C)[C@H]3CC[C@]12C,0.9951914548873901,1,0.9999998807907104,1,0.3061475468975469,0
CNP0243690.7,C[C@@H]([C@H](O)CCC(C)(C)O)[C@H]1CC[C@@]2(O)C3=CC(=O)[C@@H]4C[C@H](O)CC[C@]4(C)[C@@H]3CC[C@]12C,0.9951914548873901,1,0.9999998807907104,1,0.3061475468975469,0
CNP0243690.4,C[C@H]([C@H](O)CCC(C)(C)O)[C@@H]1CC[C@@]2(O)C3=CC(=O)[C@@H]4C[C@H](O)CC[C@]4(C)[C@H]3CC[C@]12C,0.9951914548873901,1,0.9999998807907104,1,0.3061475468975469,0
CNP0243690.3,C[C@@H]([C@H](O)CCC(C)(C)O)[C@H]1CC[C@@]2(O)C3=CC(=O)[C@@H]4C[C@@H](O)CC[C@]4(C)[C@H]3CC[C@]12C,0.9951914548873901,1,0.9999998807907104,1,0.3061475468975469,0
CNP0243690.5,C[C@@H]([C@H]1CC[C@@]2(O)C3=CC(=O)[C@H]4C[C@H](O)CC[C@]4(C)[C@H]3CC[C@]12C)[C@@H](O)CCC(C)(C)O,0.9951914548873901,1,0.9999998807907104,1,0.3061475468975469,0
CNP0243690.2,C[C@H]([C@H](O)CCC(C)(C)O)[C@H]1CC[C@@]2(O)C3=CC(=O)[C@@H]4C[C@H](O)CC[C@]4(C)[C@H]3CC[C@]12C,0.9951914548873901,1,0.9999998807907104,1,0.3061475468975469,0
CNP0134189.1,CC1=CC=C(C)C(S(=O)(=O)N[C@H](CC2=CNC3=CC=CC=C23)C(=O)O)=C1,0.9951879978179932,1,0.9999644756317139,1,0.4321319236319237,0
CNP0134189.2,CC1=CC=C(C)C(S(=O)(=O)N[C@@H](CC2=CNC3=CC=CC=C23)C(=O)O)=C1,0.9951879978179932,1,0.9999644756317139,1,0.4321319236319237,0
CNP0121210.2,CCC[C@@H](O)C[C@H](CC)SC[C@H](C(=O)O)N1CO[C@@](O)(C(C)C)C1=O,0.9951856732368469,1,0.9994851350784302,1,0.378354909275122,0
CNP0346181.2,CCOC(=O)[C@H](CC1=CNC2=CC=CC=C12)NS(=O)(=O)C[C@@]12CC[C@@H](CC1=O)C2(C)C,0.9951790571212769,1,0.9999880790710449,1,0.4962121212121212,0
CNP0346181.5,CCOC(=O)[C@H](CC1=CNC2=CC=CC=C12)NS(=O)(=O)C[C@]12CC[C@H](CC1=O)C2(C)C,0.9951790571212769,1,0.9999880790710449,1,0.4962121212121212,0
CNP0346181.4,CCOC(=O)[C@@H](CC1=CNC2=CC=CC=C12)NS(=O)(=O)C[C@@]12CC[C@H](CC1=O)C2(C)C,0.9951790571212769,1,0.9999880790710449,1,0.4962121212121212,0
CNP0346181.3,CCOC(=O)[C@H](CC1=CNC2=CC=CC=C12)NS(=O)(=O)C[C@@]12CC[C@H](CC1=O)C2(C)C,0.9951790571212769,1,0.9999880790710449,1,0.4962121212121212,0
CNP0346181.1,CCOC(=O)[C@@H](CC1=CNC2=CC=CC=C12)NS(=O)(=O)C[C@@]12CC[C@@H](CC1=O)C2(C)C,0.9951790571212769,1,0.9999880790710449,1,0.4962121212121212,0
CNP0346181.6,CCOC(=O)[C@@H](CC1=CNC2=CC=CC=C12)NS(=O)(=O)C[C@]12CC[C@H](CC1=O)C2(C)C,0.9951790571212769,1,0.9999880790710449,1,0.4962121212121212,0
CNP0293274.1,O=C1N=CC2=C(N1)N([C@@H]1O[C@H](CO)[C@@H](O)[C@H]1O)C=N2,0.995172917842865,1,0.9874922037124634,1,0.4787204609116375,0
CNP0230831.2,C[C@@H]1CC[C@@]2(C)C(C(=O)O)=CCC[C@@H]2[C@@]1(C)C[C@H](O)C1=COC=C1,0.9951545000076294,1,0.9999938011169434,1,0.3318889443889444,0
CNP0230831.1,C[C@@H]1CC[C@@]2(C)C(C(=O)O)=CCC[C@H]2[C@@]1(C)C[C@H](O)C1=COC=C1,0.9951545000076294,1,0.9999938011169434,1,0.3318889443889444,0
CNP0397279.1,COC1=C2CN(C)CCC2=C(S(=O)(=O)NCC[C@@H](C2=CC=C(Cl)C=C2)C(C)C)C2=C1OCO2,0.9951127171516418,1,1.0,1,0.3448396929157798,0
CNP0397279.2,COC1=C2CN(C)CCC2=C(S(=O)(=O)NCC[C@H](C2=CC=C(Cl)C=C2)C(C)C)C2=C1OCO2,0.9951127171516418,1,1.0,1,0.3448396929157798,0
CNP0240910.2,CCC(C)[C@H](NC(=O)[C@H]1CC[C@H](CNC(=O)[C@H](C)NC(=O)OC(C)(C)C)CC1)C(=O)O,0.9950875639915466,1,0.9999998807907104,1,0.469731141785631,0
CNP0240910.4,CC[C@@H](C)[C@H](NC(=O)[C@H]1CC[C@H](CNC(=O)[C@@H](C)NC(=O)OC(C)(C)C)CC1)C(=O)O,0.9950875639915466,1,0.9999998807907104,1,0.469731141785631,0
CNP0240910.1,CCC(C)[C@H](NC(=O)[C@H]1CC[C@H](CNC(=O)[C@@H](C)NC(=O)OC(C)(C)C)CC1)C(=O)O,0.9950875639915466,1,0.9999998807907104,1,0.469731141785631,0
CNP0240910.5,CC[C@@H](C)[C@H](NC(=O)[C@H]1CC[C@H](CNC(=O)[C@H](C)NC(=O)OC(C)(C)C)CC1)C(=O)O,0.9950875639915466,1,0.9999998807907104,1,0.469731141785631,0
CNP0240910.3,CC[C@H](C)[C@H](NC(=O)[C@H]1CC[C@H](CNC(=O)[C@H](C)NC(=O)OC(C)(C)C)CC1)C(=O)O,0.9950875639915466,1,0.9999998807907104,1,0.469731141785631,0
CNP0240910.6,CC[C@H](C)[C@H](NC(=O)[C@H]1CC[C@H](CNC(=O)[C@@H](C)NC(=O)OC(C)(C)C)CC1)C(=O)O,0.9950875639915466,1,0.9999998807907104,1,0.469731141785631,0
CNP0235619.1,C[C@H](C[C@@H](C)[C@H]1CC(=O)[C@@]2(C)C3=C(C(=O)C[C@]12C)[C@@]1(C)CC[C@H](O)C(C)(C)[C@H]1C[C@@H]3O)C(=O)O,0.9950830936431885,1,1.0,1,0.3265998086880439,0
CNP0235619.2,C[C@H](C[C@H](C)C(=O)O)[C@H]1CC(=O)[C@@]2(C)C3=C(C(=O)C[C@]12C)[C@@]1(C)CC[C@H](O)C(C)(C)[C@H]1C[C@@H]3O,0.9950830936431885,1,1.0,1,0.3265998086880439,0
CNP0339516.1,CC[C@@H](O)[C@@](C)(OC)[C@H](O)[C@@H](C)COC(=O)C(C)(C)C,0.9950315952301025,1,1.0,1,0.3244913681090151,0
CNP0207481.1,CC[C@@](C)(O)[C@@H](O)C(=O)O,0.9950253367424011,1,0.9999939203262329,1,0.2810220318896789,0
CNP0207481.2,CC[C@](C)(O)[C@@H](O)C(=O)O,0.9950253367424011,1,0.9999939203262329,1,0.2810220318896789,0
CNP0050413.1,COC(=O)[C@@H]1CC2=C(CN1S(=O)(=O)CC1=CC=CC=C1)N(CC1=CC=CC=C1)C=N2,0.9949679970741272,1,0.992868959903717,1,0.5125165945165945,1
CNP0453302.2,CC[C@@H](C(=O)O)[C@@H](CC)C(=O)O,0.9949455857276917,1,0.9998984336853027,1,0.329330417948065,0
CNP0453302.1,CC[C@H](C(=O)O)[C@@H](CC)C(=O)O,0.9949455857276917,1,0.9998984336853027,1,0.329330417948065,0
CNP0453302.3,CC[C@H](C(=O)O)[C@H](CC)C(=O)O,0.9949455857276917,1,0.9998984336853027,1,0.329330417948065,0
CNP0201591.1,CCOC1=C(OC)C=CC=C1C1CN2C(=O)CN(CCC(C)C)C(=O)[C@]2(C)C2=C1C1=CC=CC=C1N2,0.994938850402832,1,0.999509334564209,1,0.4878147546897547,0
CNP0579487.1,O=C1N=C(O)C=NN1[C@@H]1O[C@H](CO)[C@@H](O)[C@H]1O,0.9949359893798828,1,0.9624776840209961,1,0.3591536694989157,0
CNP0243356.10,CC(C)(O)[C@@H]1CC[C@](C)([C@H]2[C@@H](O)C[C@@]3(C)[C@@H]4C[C@H](O)[C@@H]5C(C)(C)[C@@H](O)CC[C@@]56C[C@@]46CC[C@]23C)O1,0.9949350953102112,1,1.0,1,0.3361515495941966,0
CNP0243356.8,CC(C)(O)[C@@H]1CC[C@](C)([C@H]2[C@@H](O)C[C@@]3(C)[C@@H]4C[C@H](O)C5C(C)(C)[C@@H](O)CC[C@@]56C[C@@]46CC[C@]23C)O1,0.9949350953102112,1,1.0,1,0.3361515495941966,0
CNP0243356.13,CC(C)(O)[C@H]1CC[C@](C)([C@H]2[C@H](O)C[C@@]3(C)[C@@H]4C[C@H](O)[C@@H]5C(C)(C)[C@H](O)CC[C@]56C[C@]46CC[C@]23C)O1,0.9949350953102112,1,1.0,1,0.3361515495941966,0
CNP0243356.7,CC(C)(O)[C@H]1CC[C@@](C)([C@H]2[C@@H](O)C[C@@]3(C)[C@@H]4C[C@H](O)C5C(C)(C)[C@@H](O)CCC56CC46CC[C@]23C)O1,0.9949350953102112,1,1.0,1,0.3361515495941966,0
CNP0243356.1,CC(C)(O)[C@H]1CC[C@@](C)(C2[C@@H](O)C[C@@]3(C)[C@@H]4C[C@H](O)C5C(C)(C)[C@@H](O)CCC56CC46CC[C@]23C)O1,0.9949350953102112,1,1.0,1,0.3361515495941966,0
CNP0243356.4,CC(C)(O)[C@H]1CC[C@@](C)([C@H]2[C@@H](O)C[C@@]3(C)[C@@H]4C[C@H](O)[C@H]5C(C)(C)[C@@H](O)CC[C@@]56C[C@@]46CC[C@]23C)O1,0.9949350953102112,1,1.0,1,0.3361515495941966,0
CNP0243356.3,CC(C)(O)[C@H]1CC[C@@](C)([C@H]2[C@@H](O)C[C@@]3(C)[C@@H]4C[C@H](O)[C@H]5C(C)(C)[C@@H](O)CC[C@@]56CC46CC[C@]23C)O1,0.9949350953102112,1,1.0,1,0.3361515495941966,0
CNP0243356.11,CC(C)(O)[C@H]1CC[C@](C)([C@H]2[C@@H](O)C[C@@]3(C)[C@H]4C[C@H](O)[C@H]5C(C)(C)[C@@H](O)CC[C@@]56C[C@@]46CC[C@]23C)O1,0.9949350953102112,1,1.0,1,0.3361515495941966,0
CNP0243356.6,CC(C)(O)[C@@H]1CC[C@](C)([C@H]2[C@@H](O)C[C@@]3(C)[C@@H]4C[C@H](O)[C@H]5C(C)(C)[C@@H](O)CC[C@@]56C[C@@]46CC[C@]23C)O1,0.9949350953102112,1,1.0,1,0.3361515495941966,0
CNP0243356.5,CC(C)(O)[C@H]1CC[C@](C)([C@H]2[C@@H](O)C[C@@]3(C)[C@@H]4C[C@H](O)[C@H]5C(C)(C)[C@@H](O)CC[C@@]56C[C@@]46CC[C@]23C)O1,0.9949350953102112,1,1.0,1,0.3361515495941966,0
CNP0243356.9,CC(C)(O)[C@H]1CC[C@@](C)([C@H]2[C@@H](O)C[C@@]3(C)[C@@H]4C[C@H](O)[C@@H]5C(C)(C)[C@@H](O)CC[C@@]56C[C@@]46CC[C@]23C)O1,0.9949350953102112,1,1.0,1,0.3361515495941966,0
CNP0243356.2,CC(C)(O)[C@@H]1CC[C@](C)([C@@H]2[C@@H](O)C[C@@]3(C)[C@@H]4C[C@H](O)[C@H]5C(C)(C)[C@@H](O)CC[C@@]56C[C@@]46CC[C@]23C)O1,0.9949350953102112,1,1.0,1,0.3361515495941966,0
CNP0243356.12,CC(C)(O)[C@@H]1CC[C@](C)([C@H]2[C@@H](O)C[C@@]3(C)[C@H]4C[C@H](O)[C@@H]5C(C)(C)[C@@H](O)CC[C@@]56C[C@@]46CC[C@]23C)O1,0.9949350953102112,1,1.0,1,0.3361515495941966,0
CNP0155483.1,CC[C@@H](C(=O)O)[C@H](O)C(=O)O,0.9949207901954651,1,0.9999133348464966,1,0.3534063665093077,0
CNP0177876.2,CCCC[C@@H](N)C(=O)O,0.9948790073394775,1,0.9996751546859741,1,0.3508920507596978,0
CNP0177876.1,CCCC[C@H](N)C(=O)O,0.9948790073394775,1,0.9996751546859741,1,0.3508920507596978,0
CNP0495123.2,C[C@@H](CC[C@@H](O)C(C)(C)O)C1=CC=C(C(=O)O)C=C1,0.9948733448982239,1,0.9999674558639526,1,0.2235276928953399,0
CNP0495123.1,C[C@H](CC[C@@H](O)C(C)(C)O)C1=CC=C(C(=O)O)C=C1,0.9948733448982239,1,0.9999674558639526,1,0.2235276928953399,0
CNP0360442.1,COC(=O)[C@@H](CC1=CC=C(O)C=C1)NC(=O)[C@H]1CCC(=O)N1C(=O)OCC1=CC=CC=C1,0.9948540329933167,1,0.9999958276748657,1,0.494123321123321,0
CNP0344767.1,CC(C)(C)CC(=O)N1CCN2[C@@H](C1)CN(S(=O)(=O)C1=CC=CC=C1)CC2(C)C,0.9948431253433228,1,0.9975613355636597,1,0.2829563492063491,0
CNP0148515.0,COC1=C2CN(C)CCC2=C(S(=O)(=O)N2CCN(C(=O)C3CCCO3)CC2)C2=C1OCO2,0.994831919670105,1,1.0,1,0.4562215423465424,0
CNP0398678.0,CCC(C)C(NC(=O)C1=CC=C2NC=CC2=C1)C(=O)O,0.9947940707206726,1,0.9994280934333801,1,0.4346274542451013,0
CNP0516137.1,C[C@H](NC(=O)[C@H](CC1=CC=CC=C1)NC(=O)C1=CC=CC2=C1C1=CC=CC=C1C2=O)C(=O)O,0.9947922825813293,1,0.9997331500053406,1,0.5368333333333334,1
CNP0100441.1,CCOC(=O)C1=C2CC[C@@H](C(C)C)C=C2C2=C(C=C3O[C@H](C(C)(C)O)CC3=C2OC)O1,0.9947662353515625,1,1.0,1,0.3996892496392497,0
CNP0286490.1,CC[C@H](C[C@H](N)C(=O)O)C(=O)O,0.9947618842124939,1,0.9983596205711365,1,0.3230489771666242,0
CNP0286490.2,CC[C@@H](C[C@H](N)C(=O)O)C(=O)O,0.9947618842124939,1,0.9983596205711365,1,0.3230489771666242,0
CNP0151315.1,CCCCN1CC(=O)N2CC(C3=CC=C(OC(C)C)C(OC)=C3)C3=C(NC4=CC=CC=C34)[C@@]2(C)C1=O,0.9947342872619629,1,0.9998070597648621,1,0.4937463924963925,0
CNP0040458.1,COC(=O)[C@@H](CC1=CC=CN=C1)NC(=O)[C@H]1CN(C(=O)C2=CC=CN=C2)CCN1S(C)(=O)=O,0.9947286248207092,1,0.9919592142105103,1,0.4796871739371739,0
CNP0528423.1,CN1N=CN=C1C1=CC=C2OC[C@H]3CN(S(=O)(=O)C4CCCCC4)CCN3CC(=O)NC2=C1,0.9946708083152771,1,0.9999996423721313,1,0.3689094981105852,0
CNP0389723.1,COC1=CC2=C(C=C1OC)CN(C(=O)C1=C([C@H](C)O)C(C3=CC=C(Cl)C=C3)=NO1)CC2,0.9946687817573547,1,0.9999951124191284,1,0.3270727396360388,0
CNP0266298.5,C[C@H]1CC[C@@]2(C)C(C(=O)O)=CCC[C@@H]2[C@@]1(C)CC(=O)O,0.9946178793907166,1,0.9980301260948181,1,0.3062891275391275,0
CNP0266298.3,C[C@@H]1CC[C@]2(C)C(C(=O)O)=CCC[C@@H]2[C@@]1(C)CC(=O)O,0.9946178793907166,1,0.9980301260948181,1,0.3062891275391275,0
CNP0266298.4,C[C@@H]1CC[C@@]2(C)C(C(=O)O)=CCC[C@@H]2[C@@]1(C)CC(=O)O,0.9946178793907166,1,0.9980301260948181,1,0.3062891275391275,0
CNP0266298.2,C[C@H]1CC[C@]2(C)C(C(=O)O)=CCC[C@@H]2[C@@]1(C)CC(=O)O,0.9946178793907166,1,0.9980301260948181,1,0.3062891275391275,0
CNP0266298.1,C[C@@H]1CC[C@@]2(C)C(C(=O)O)=CCC[C@H]2[C@@]1(C)CC(=O)O,0.9946178793907166,1,0.9980301260948181,1,0.3062891275391275,0
CNP0199968.0,COC1=C2CN(C)CCC2=C(S(=O)(=O)N2CCN(C(=O)C3=CSC=C3)CC2)C2=C1OCO2,0.9945988655090332,1,0.9999912977218628,1,0.4330053557553558,0
CNP0438602.0,O=C(O)C1=C(Cl)N=C2N1CCS2(=O)=O,0.9945683479309082,1,0.9750221371650696,1,0.234925616050616,0
CNP0214777.4,COC1=CC2=C(C=C1OC)[C@]1(O)C(=O)C3=CC=C4O[C@H](C(C)(C)O)CC4=C3O[C@@H]1CO2,0.9945587515830994,1,0.9999995231628418,1,0.3905433793259879,0
CNP0214777.1,COC1=CC2=C(C=C1OC)[C@]1(O)C(=O)C3=CC=C4O[C@@H](C(C)(C)O)CC4=C3O[C@@H]1CO2,0.9945587515830994,1,0.9999995231628418,1,0.3905433793259879,0
CNP0214777.2,COC1=CC2=C(C=C1OC)[C@]1(O)C(=O)C3=CC=C4O[C@@H](C(C)(C)O)CC4=C3O[C@H]1CO2,0.9945587515830994,1,0.9999995231628418,1,0.3905433793259879,0
CNP0214777.3,COC1=CC2=C(C=C1OC)[C@]1(O)C(=O)C3=CC=C4O[C@H](C(C)(C)O)CC4=C3O[C@H]1CO2,0.9945587515830994,1,0.9999995231628418,1,0.3905433793259879,0
CNP0464629.2,CC[C@](O[C@@H]1C[C@H](C)CC[C@@H]1C(C)C)(C(=O)N[C@@H]1C(=O)N2[C@@H]1SC(C)(C)[C@H]2C(=O)O)C(C)C,0.9945570230484009,1,0.992296040058136,1,0.4476976911976911,0
CNP0464629.4,CC[C@@](O[C@@H]1C[C@H](C)CC[C@@H]1C(C)C)(C(=O)N[C@H]1C(=O)N2[C@@H]1SC(C)(C)[C@H]2C(=O)O)C(C)C,0.9945570230484009,1,0.992296040058136,1,0.4476976911976911,0
CNP0464629.3,CC[C@@](O[C@@H]1C[C@H](C)CC[C@@H]1C(C)C)(C(=O)N[C@@H]1C(=O)N2[C@@H]1SC(C)(C)[C@H]2C(=O)O)C(C)C,0.9945570230484009,1,0.992296040058136,1,0.4476976911976911,0
CNP0464629.1,CC[C@](O[C@@H]1C[C@H](C)CC[C@@H]1C(C)C)(C(=O)N[C@H]1C(=O)N2[C@@H]1SC(C)(C)[C@H]2C(=O)O)C(C)C,0.9945570230484009,1,0.992296040058136,1,0.4476976911976911,0
CNP0168695.1,CO[C@@]12CC[C@@H](C)[C@](C)(CCC3=COC=C3)[C@H]1CCC=C(C(=O)O)C2,0.9945237636566162,1,0.9262915253639221,1,0.4590662152476921,0
CNP0187021.1,CC1=C(C(=O)O)CC[C@]2(C)C3=CC=C(C(C)C)C=C3C(=O)C[C@@H]12,0.9945024251937866,1,0.9999995231628418,1,0.434713781710739,0
CNP0158825.0,COC1=C2CN(C)CCC2=C(S(=O)(=O)N2CCN(CC(=O)N3CCCC3)CC2)C2=C1OCO2,0.9944832921028137,1,1.0,1,0.4467875302801773,0
CNP0428819.1,CC[C@H](C[C@H]1CC[C@@H]([C@H](C)C(=O)O)O1)OC(C)=O,0.9944300055503845,1,0.9999998807907104,1,0.4025520251893844,0
CNP0375303.1,C[C@]1(CN2C=CN=N2)[C@H](C(=O)[O-])N2C(=O)C[C@H]2S1(=O)=O,0.9943565726280212,1,0.9991681575775146,1,0.3165134432560902,0
CNP0042025.1,COCCC(=O)N1C[C@@H]2C[C@H](C1)C1=CC=C(NS(=O)(=O)C3=CC=C(Cl)C=C3)C(=O)N1C2,0.9943243265151978,1,0.9999562501907349,1,0.2719864857364857,0
CNP0194870.1,CN1C(N)=C2N=CN([C@@H]3O[C@H](CO)[C@@H](O)[C@H]3O)C2=NC1=O,0.9943199157714844,1,0.9940793514251709,1,0.4942210400368746,0
CNP0194870.2,CN1C(N)=C2N=CN([C@@H]3O[C@H](CO)[C@H](O)[C@H]3O)C2=NC1=O,0.9943199157714844,1,0.9940793514251709,1,0.4942210400368746,0
CNP0587681.1,CCCC(=O)N1C2=NC(CCC)=NN2C2(CCCCC2)[C@@H]2CCCC[C@@H]21,0.9942375421524048,1,0.9999973773956299,1,0.4189109583227229,0
CNP0535272.0,O=C1N=CNC2=C1C=CN2C1OC(CO)C(O)C1O,0.9941667318344116,1,0.9726744294166565,1,0.5014985411305521,1
CNP0126052.0,NC(CC1=CC=C(C(=O)O)N=C1O)C(=O)O,0.9941635727882385,1,0.9862869381904602,1,0.4102155318762824,0
CNP0587287.1,CCCCC12C3CC4C5[C@@H](C)[C@](O)([C@]6(O)OC(=O)C(C)=C6OC)O[C@]5(O3)C1CCN42,0.9941146969795227,1,0.9980575442314148,1,0.4199579725829727,0
CNP0596711.1,CCC(C)[C@H](NC(=O)N1CC(O)=NC2=CC=CC=C21)C(=O)N[C@H](C)C(=O)O,0.994107723236084,1,1.0,1,0.3468073593073593,0
CNP0234841.2,O=C(O)[C@H](O)CC1=CNC2=CC=C(O)C=C12,0.9940773248672485,1,0.9998956918716431,1,0.3408480604362958,0
CNP0234841.1,O=C(O)[C@@H](O)CC1=CNC2=CC=C(O)C=C12,0.9940773248672485,1,0.9998956918716431,1,0.3408480604362958,0
CNP0186052.1,COC1=CC=C2C(OC)=C3C[C@@H](C(C)(C)O)OC3=NC2=C1OC,0.9940051436424255,1,0.9999620914459229,1,0.4236570053787222,0
CNP0186052.2,COC1=CC=C2C(OC)=C3C[C@H](C(C)(C)O)OC3=NC2=C1OC,0.9940051436424255,1,0.9999620914459229,1,0.4236570053787222,0
CNP0016524.1,COC[C@H]1C[C@@H](NS(=O)(=O)C2=CC=CC=C2)[C@H](O)[C@@H]1O,0.9940004348754883,1,0.9999295473098755,1,0.2846003362579449,0
CNP0481134.0,CC(C)CC1=CC=C(S(=O)(=O)N2CCC3(CC2)NCCN=C3NCC2=CC=C3OCOC3=C2)C=C1,0.9939992427825928,1,0.9999585151672363,1,0.4885092237556848,0
CNP0395632.1,COC(=O)[C@H](CC1=CC=CC=C1)NC(=O)C1=CC(=O)NC2=CC=CC=C12,0.9939988851547241,1,0.9702243208885193,1,0.6165165945165945,1
CNP0224054.1,CC[C@@H](O)[C@@](C)(O)[C@H](O)[C@@H](C)COC(=O)C(C)(C)C,0.9939725995063782,1,1.0,1,0.2983712382388852,0
CNP0012669.1,CN1C[C@@H](NS(=O)(=O)C2=CC=CC3=CC=CN=C23)C[C@H]1C1=NC(C2=CC=C3OCOC3=C2)=NO1,0.9939689636230469,1,0.997657299041748,1,0.3698467643467643,0
CNP0314085.0,CCC(C)C(NC(=O)C(N)CCSC)C(=O)O,0.9939212799072266,1,0.999998927116394,1,0.4639637290813761,0
CNP0084117.1,COC(=O)[C@@H]1CC2=C(CN1S(C)(=O)=O)N(CC1=CC=CC=C1)C=N2,0.993914783000946,1,0.9881511926651001,1,0.4788349167172697,0
CNP0160154.0,CC1OC(C2=CC=CC=C2O)=NC1C1=NC(C2=NC(C(=O)O)CS2)CS1,0.9939084053039551,1,0.979977548122406,1,0.3941729104229105,0
CNP0553636.1,O=C1N=C(O)C=CN1[C@@H]1O[C@@H](CO)[C@@H](O)[C@H]1O,0.9938884973526001,1,0.9470882415771484,1,0.4705611047449282,0
CNP0553636.4,O=C1N=C(O)C=CN1[C@@H]1O[C@H](CO)[C@@H](O)[C@H]1O,0.9938884973526001,1,0.9470882415771484,1,0.4705611047449282,0
CNP0553636.2,O=C1N=C(O)C=CN1[C@@H]1O[C@H](CO)[C@@H](O)[C@@H]1O,0.9938884973526001,1,0.9470882415771484,1,0.4705611047449282,0
CNP0553636.3,O=C1N=C(O)C=CN1[C@@H]1O[C@H](CO)C(O)C1O,0.9938884973526001,1,0.9470882415771484,1,0.4705611047449282,0
CNP0510600.0,CCN(CC)S(=O)(=O)C1=CC(C(=O)NC2=CC=CC=C2C(=O)O)=CC=C1Br,0.9938568472862244,1,0.9174607396125793,1,0.4224686147186146,0
CNP0426481.1,CC[C@H](C)[C@@](O)(CC(=O)OCC1=CC=C(O)C=C1)C(=O)OCC1=CC=C(O)C=C1,0.9938499927520752,1,0.9999488592147827,1,0.4456336425012895,0
CNP0552603.1,O=C1N=C(O)C(CO)=CN1[C@@H]1O[C@H](CO)[C@@H](O)[C@H]1O,0.9938139915466309,1,0.9011659026145935,1,0.3934990628784647,0
CNP0597343.0,O=C1N=C(O)C(=CC2=CC(Cl)=CC=C2OCC2=CC=C(C(=O)O)C=C2)C(O)=N1,0.993802547454834,1,0.9893369674682617,1,0.4212199173375645,0
CNP0200986.1,CCCOC1=CC=C(C2CN3C(=O)CN(C)C(=O)[C@]3(C)C3=C2C2=CC=CC=C2N3)C=C1OC,0.993768572807312,1,0.9978944659233093,1,0.5186957070707071,1
CNP0106223.1,C=C(Cl)C[C@H](N)C(=O)O,0.9937545657157898,1,0.9990347623825073,1,0.3070323826500297,0
CNP0327898.1,CC[C@H](C)[C@H]1NC(=O)[C@H](NC)CC2=CC(=CC=C2OC)/C=C\NC(=O)[C@H]([C@@](C)(O)CC)NC1=O,0.9937538504600525,1,0.999956488609314,1,0.4071334265150055,0
CNP0575768.1,CCOC(=O)[C@@H](CC1=CNC2=CC=CC=C12)NC(=O)C1=CC=CO1,0.9937361478805542,1,0.9999998807907104,1,0.478726800976801,0
CNP0575768.2,CCOC(=O)[C@H](CC1=CNC2=CC=CC=C12)NC(=O)C1=CC=CO1,0.9937361478805542,1,0.9999998807907104,1,0.478726800976801,0
CNP0452365.1,CC[C@H](C)[C@H](NC(=O)[C@@H](N)CC1=CC=CC=C1)C(=O)O,0.9937303066253662,1,0.9999643564224243,1,0.6164133089133089,1
CNP0204769.1,CC1=CC([C@@H](CCCO)C(=O)O)=C(C)CC[C@@H]1C,0.993727445602417,1,1.0,1,0.3261176601176601,0
CNP0065805.1,N#CC1=CC=CC=C1S(=O)(=O)NC1=CC=C2[C@@H]3C[C@@H](CN(C(=O)C4=CC=CC=C4)C3)CN2C1=O,0.993708610534668,1,0.616817831993103,1,0.3160485347985348,0
CNP0070506.1,CC[C@H](O)CC[C@@H](C[C@@H](CCC1=CC(OC)=C(O)C=C1C1=CC=NC(N)=C1)OC(C)=O)OC(C)=O,0.9936794638633728,1,0.9999747276306152,1,0.4582103174603174,0
CNP0195086.1,COC1=CC2=C(C[C@H](C(C)(C)O)OC2=O)C2=C1NC1=CC=CC=C12,0.9936663508415222,1,0.9979169964790344,1,0.4442267316017316,0
CNP0163074.2,CN1C(=N)C=CN([C@H]2O[C@@H](CO)[C@H](O)[C@@H]2O)C1=O,0.993655800819397,1,0.9991589784622192,1,0.3417660418658623,0
CNP0163074.1,CN1C(=N)C=CN([C@@H]2O[C@H](CO)[C@@H](O)[C@H]2O)C1=O,0.993655800819397,1,0.9991589784622192,1,0.3417660418658623,0
CNP0124739.2,C[C@@H]1[C@@]2(O)C[C@@]34CC(=O)OC[C@@]1(C)[C@]3(O2)[C@H](O)C[C@@H]4C,0.9935926795005798,1,0.9999995231628418,1,0.3499488966915439,0
CNP0124739.1,C[C@@H]1C[C@H](O)[C@@]23O[C@@]4(O)C[C@@]12CC(=O)OC[C@@]3(C)[C@H]4C,0.9935926795005798,1,0.9999995231628418,1,0.3499488966915439,0
CNP0124739.3,C[C@@H]1C[C@H](O)[C@@]23O[C@@]4(O)C[C@@]12CC(=O)OC[C@]3(C)[C@H]4C,0.9935926795005798,1,0.9999995231628418,1,0.3499488966915439,0
CNP0386782.1,CCOC1=C(OC)C=CC=C1C1CN2C(=O)CN(C(C)CC)C(=O)[C@]2(C)C2=C1C1=CC=CC=C1N2,0.9935688972473145,1,0.9967225193977356,1,0.4654595959595961,0
CNP0088578.1,COCCC(=O)N1C[C@@H]2C[C@H](C1)C1=CC=C(NS(=O)(=O)C3=CC=CC=C3)C(=O)N1C2,0.9935524463653564,1,0.9960935711860657,1,0.3060182317682318,0
CNP0260190.1,NC1=C2N=CN([C@@H]3O[C@H](CO)[C@@H](O)[C@H]3O)C2=NC(=O)N1,0.993545413017273,1,0.9047690629959106,1,0.4749672637951951,0
CNP0196281.1,CC[C@H](C)[C@H](NC(=O)C1=CC2=C(NC3=CC=CC=C32)C(CCC(=O)N2CCC[C@H]2C(=O)O)=N1)C(=O)O,0.9935203194618225,1,0.9999356269836426,1,0.4712374236874237,0
CNP0476152.1,CC[C@H](C)/C=C(\C)C1=CC2=CC3=C(C(=O)[C@](O)(CC(C)=O)C(OC)=C3)C(O)=C2C=N1,0.9934936165809631,1,0.9990517497062683,1,0.3622222222222222,0
CNP0236320.1,COC[C@H]1CCCN1C(=O)C[C@@H]1O[C@H](CNS(C)(=O)=O)[C@@H](O)[C@H]1O,0.9934929013252258,1,0.9999970197677612,1,0.459605275522314,0
CNP0396008.1,COC(=O)[C@H](CC1=CC=CC=C1)NC(=O)CC[C@@H]1NC(=O)C2=CC=CC=C2NC1=O,0.9934872388839722,1,0.9878395199775696,1,0.4652182539682539,0
CNP0396008.2,COC(=O)[C@H](CC1=CC=CC=C1)NC(=O)CC[C@H]1NC(=O)C2=CC=CC=C2NC1=O,0.9934872388839722,1,0.9878395199775696,1,0.4652182539682539,0
CNP0442444.1,CC1=CC(C(=O)O)=CC2=C1O[C@H](C(C)(C)O)C2,0.9934723377227783,1,0.9999991655349731,1,0.3204267507002801,0
CNP0562011.0,CCCC(C(=O)O)C(O)CC,0.993470311164856,1,0.9999988079071045,1,0.3885462065454325,0
CNP0110721.1,CC(O)(CO)CCC[C@](C)(O)C1=CC=C(C(=O)O)C=C1O,0.9934608936309814,1,0.9998414516448975,1,0.3228259379509379,0
CNP0110721.5,C[C@](O)(CO)CCC[C@](C)(O)C1=CC=C(C(=O)O)C=C1O,0.9934608936309814,1,0.9998414516448975,1,0.3228259379509379,0
CNP0110721.2,C[C@](O)(CO)CCC[C@@](C)(O)C1=CC=C(C(=O)O)C=C1O,0.9934608936309814,1,0.9998414516448975,1,0.3228259379509379,0
CNP0110721.4,C[C@@](O)(CO)CCC[C@](C)(O)C1=CC=C(C(=O)O)C=C1O,0.9934608936309814,1,0.9998414516448975,1,0.3228259379509379,0
CNP0110721.3,C[C@@](O)(CO)CCC[C@@](C)(O)C1=CC=C(C(=O)O)C=C1O,0.9934608936309814,1,0.9998414516448975,1,0.3228259379509379,0
CNP0400713.1,CCN(C(=O)C1=C([C@H](C)O)C(C2=CC=C(Cl)C=C2)=NO1)C1CCCCC1,0.9934184551239014,1,0.9999994039535522,1,0.4519639510815981,0
CNP0170247.1,N[C@H](C(=O)O)[C@@H]1CC(Cl)=NO1,0.9934163093566895,1,0.9971485733985901,1,0.318887196137196,0
CNP0170247.2,N[C@H](C(=O)O)[C@H]1CC(Cl)=NO1,0.9934163093566895,1,0.9971485733985901,1,0.318887196137196,0
CNP0170247.3,N[C@@H](C(=O)O)[C@H]1CC(Cl)=NO1,0.9934163093566895,1,0.9971485733985901,1,0.318887196137196,0
CNP0170247.4,N[C@@H](C(=O)O)[C@@H]1CC(Cl)=NO1,0.9934163093566895,1,0.9971485733985901,1,0.318887196137196,0
CNP0117836.0,COC1CC2(C(=O)NC3=CC(O)=CC=C32)C(C2=CNC3=CC=CC=C23)C(CO)O1,0.9934121966362,1,0.9992601275444031,1,0.3613877293157477,0
CNP0137826.1,NC1=NN=CC2=C1N=CN2[C@@H]1O[C@H](CO)[C@@H](O)[C@H]1O,0.9933417439460754,1,0.9894691705703735,1,0.4846644096861265,0
CNP0227030.1,O=C(O)[C@@H]1CC2=CNC3=CC=C4OC5=NC6=CC=C(O)C=C6C5=C(N1)C4=C23,0.9933381080627441,1,0.9978067278862,1,0.3992194677871149,0
CNP0121508.1,CC1=CC=C(S(=O)(=O)N[C@@H](C(=O)OCC2=CC=CC=C2)C2=CC=CC=C2)C=C1,0.9933003187179565,1,0.9994348883628845,1,0.3939816017316016,0
CNP0121508.2,CC1=CC=C(S(=O)(=O)N[C@H](C(=O)OCC2=CC=CC=C2)C2=CC=CC=C2)C=C1,0.9933003187179565,1,0.9994348883628845,1,0.3939816017316016,0
CNP0528075.1,CCC1=NN2C(=N1)N(C(=O)CC1=CC=CC=C1)[C@H]1CCCC[C@H]1C21CCCCC1,0.9932898879051208,1,0.9999803304672241,1,0.4669668109668107,0
CNP0356931.1,CC[C@@H](C)[C@H](NC(C)=O)C(=O)N(C)[C@H](CC1=CC=CC=C1)C(=O)O,0.993287980556488,1,0.999994158744812,1,0.5438102453102454,1
CNP0082105.1,C[C@@H](NC(=O)C1=CC=C2OCOC2=C1)C1=C(C(=O)O)ON=C1C1=CC=C(Cl)C=C1,0.9932718873023987,1,0.9463163614273071,1,0.4077885154061625,0
CNP0556433.0,CSC1=C(CC2=NC(C(=O)O)=CC3=C2NC2=CC=C(O)C=C23)N(C)[CH]N1C,0.9932117462158203,1,0.9264059662818909,1,0.4437770926473052,0
CNP0600585.0,CC1=CC(CN2C(=O)CC3(CCN(S(=O)(=O)C4=CC=CC=C4)CC3)N3N=CC=C23)=NO1,0.9931551814079285,1,0.9767926335334778,1,0.3380555555555555,0
CNP0009025.0,CC1=C(S(=O)(=O)NC2=CC=CC(C(=O)O)=C2)C(=O)NC(=O)N1,0.9931514263153076,1,0.517981231212616,1,0.373064935064935,0
CNP0121196.0,CC(C)(O)C1CC2=C(C=C3OCC(C4=CC=C(O)C=C4)C(=O)C3=C2O)O1,0.9931400418281555,1,0.9999920129776001,1,0.2738478949155419,0
CNP0253012.1,CC(C)CC[C@@H](O)[C@](C)(O)[C@H]1CC[C@H]2C3=CC(=O)[C@@H]4C[C@@H](O)[C@@H](O)C[C@]4(C)[C@@]3(O)CC[C@]12C,0.9931254386901855,1,0.999998927116394,1,0.2915907747168698,0
CNP0018750.0,COC(=O)C(CC1=CC=C(O)C=C1)NC(=O)C(CO)NC(=O)OC(C)(C)C,0.9930686950683594,1,0.9998979568481445,1,0.5333333333333332,1
CNP0023098.1,CCCS(=O)(=O)NC1=CC=C2[C@@H]3C[C@@H](CN(C(=O)C4=CC=CC=N4)C3)CN2C1=O,0.9930650591850281,1,0.999967098236084,1,0.4012719162031304,0
CNP0071613.1,CC[C@H](C)[C@H](NC(=O)[C@H](CC1=CC=C(O)C=C1)NC(=O)CC(C)C)C(=O)N[C@H](CO)CCSC,0.993060827255249,1,1.0,1,0.4962012987012986,0
CNP0330921.1,CC(C)(O)[C@@H]1CC[C@](C)([C@H]2[C@@H](O)C[C@@]3(C)[C@@H]4CC[C@H]5C(C)(C)[C@@H](O)CC[C@@]56C[C@@]46C[C@H](O)[C@]23C)O1,0.992983341217041,1,0.9999923706054688,1,0.3038512119126919,0
CNP0540865.1,CCCC(=O)N1C2=NC(C(C)C)=NN2C2(CCCCC2)[C@@H]2CCCC[C@@H]21,0.9929763078689575,1,1.0,1,0.4528893133010779,0
CNP0375394.1,CCC(C)N1CC(=O)N2CC(C3=CC=C(OC(C)C)C(OC)=C3)C3=C(NC4=CC=CC=C34)[C@@]2(C)C1=O,0.9929618239402771,1,0.9939433932304382,1,0.4541521811521812,0
CNP0295739.1,COC(=O)[C@H]1C2=CC(C(=O)O)=CC=C2[C@]2(C)CCC[C@@](C)(C(=O)OC)[C@@H]12,0.9928852915763855,1,0.9998100399971008,1,0.3844300544227015,0
CNP0489051.0,CCC(CC)C(=O)NC1=CC(C(=O)O)=CC=C1NC(C)=O,0.9928829669952393,1,0.9994487166404724,1,0.3562160894660894,0
CNP0147412.1,CCCC[C@](O)(CC)C[C@@H](CC)[C@@H](O)CC(=O)OCC,0.9928648471832275,1,0.999997615814209,1,0.4321158885161441,0
CNP0147412.4,CCCC[C@](O)(CC)C[C@H](CC)[C@H](O)CC(=O)OCC,0.9928648471832275,1,0.999997615814209,1,0.4321158885161441,0
CNP0147412.3,CCCC[C@](O)(CC)CC(CC)C(O)CC(=O)OCC,0.9928648471832275,1,0.999997615814209,1,0.4321158885161441,0
CNP0147412.2,CCCC[C@@](O)(CC)C[C@H](CC)[C@@H](O)CC(=O)OCC,0.9928648471832275,1,0.999997615814209,1,0.4321158885161441,0
CNP0270567.1,CC(C)(O)CCC[C@](C)(O)[C@H]1CC[C@@]2(O)C3=CC(=O)[C@@H]4C[C@@H](O)CC[C@]4(C)[C@H]3CC[C@]12C,0.9928194880485535,1,0.9999310970306396,1,0.3492248862248862,0
CNP0270567.2,CC(C)(O)CCC[C@](C)(O)[C@H]1CC[C@]2(O)C3=CC(=O)[C@@H]4C[C@@H](O)CC[C@]4(C)[C@H]3CC[C@]12C,0.9928194880485535,1,0.9999310970306396,1,0.3492248862248862,0
CNP0062139.1,COC(=O)[C@@H]1CC2=C(CN1S(=O)(=O)C1=CC=CS1)N(CC1=CC=C(Cl)C=C1)C=N2,0.9928152561187744,1,0.9718623757362366,1,0.4264643216260864,0
CNP0018661.0,CCC(C)C(N)C(O)CC(=O)O,0.9928033947944641,1,0.9999974966049194,1,0.3476933328109798,0
CNP0037338.1,CCCN1C=NC2=C1CN(S(=O)(=O)C1=CC=CC3=CC=CN=C13)[C@H](C(=O)OC)C2,0.9927998781204224,1,0.9737499952316284,1,0.429949607634617,0
CNP0221261.1,C[C@H](CCCC(C)(C)O)[C@H]1CC[C@@]2(O)C3=CC(=O)C4=C[C@H](O)[C@H](O)C[C@]4(C)[C@@]3(O)CC[C@]12C,0.9927823543548584,1,0.9999995231628418,1,0.3358144257703082,0
CNP0221261.2,C[C@H](CCCC(C)(C)O)[C@H]1CC[C@]2(O)C3=CC(=O)C4=C[C@H](O)[C@H](O)C[C@]4(C)[C@@]3(O)CC[C@]12C,0.9927823543548584,1,0.9999995231628418,1,0.3358144257703082,0
CNP0493858.0,CCCC1=NN(C)C2=C1NC(C1=CC(S(=O)(=O)N3CCN(C)CC3)=CC=C1OCC)=NC2=O,0.9927760362625122,1,0.9999936819076538,1,0.4254403150041447,0
CNP0577045.1,COC1=CC=CC=C1C(=O)N1C2=NC=NN2C2(CCCCC2)[C@@H]2CCCC[C@@H]21,0.9927732348442078,1,0.9998112320899963,1,0.3171208513708514,0
CNP0483790.1,N[C@@H](CC1=CNC=N1)C(=O)N1CCC[C@H]1C(=O)O,0.9927424192428589,1,0.9982355833053589,1,0.4366923946238715,0
CNP0075613.1,COCC(=O)N1CCN2[C@@H](C1)CN(S(=O)(=O)C1=CC=CC=C1)CC2(C)C,0.9927288889884949,1,0.9993853569030762,1,0.339515873015873,0
CNP0443451.0,O=C(O)CCCC1(C(=O)O)CCCC1,0.9926462173461914,1,0.9996453523635864,1,0.2546929165605636,0
CNP0489963.1,COC(=O)[C@H](CC1=CC=CC=C1)NC(=O)COC1=CC=C(Br)C=C1,0.9926443099975586,1,0.9997830986976624,1,0.5476054027671673,1
CNP0489963.2,COC(=O)[C@@H](CC1=CC=CC=C1)NC(=O)COC1=CC=C(Br)C=C1,0.9926443099975586,1,0.9997830986976624,1,0.5476054027671673,1
CNP0411463.1,COC1=CC(C(CC(=O)N[C@H](C)C2=NN=C3C=CC=CN23)C2=C(O)C(=O)C=C(C)O2)=CC=C1O,0.9926033616065979,1,1.0,1,0.3471071428571427,0
CNP0530371.0,CC(=O)NC1=CC=C(S(=O)(=O)NC2=CC(C(=O)O)=CC(C(=O)O)=C2)C=C1,0.9926018118858337,1,0.9232563972473145,1,0.2927835497835497,0
CNP0576402.0,COC1=C(Br)C=C(CC2=C3NC(=N)N=C3C=CN=C2O)C=C1Br,0.9925867915153503,1,0.994333028793335,1,0.382498754152824,0
CNP0463177.1,CC(CCC[C@](C)(O)C1=CC=C(C(=O)O)C=C1O)C(=O)O,0.9925526976585388,1,0.9999932050704956,1,0.3237835710041591,0
CNP0576758.0,N=C1N=C(O)C2=NC(C(=O)O)=CN=C2N1,0.9925470948219299,1,0.9882446527481079,1,0.2878860845037315,0
CNP0106497.1,O=C1CN(C(=O)N[C@@H](CC2=CC=CC=C2)C(=O)N2CCC[C@@H]2C(=O)O)C2=CC=CC=C2N1,0.992544412612915,1,0.9995891451835632,1,0.518410974474442,1
CNP0106497.2,O=C1CN(C(=O)N[C@@H](CC2=CC=CC=C2)C(=O)N2CCC[C@H]2C(=O)O)C2=CC=CC=C2N1,0.992544412612915,1,0.9995891451835632,1,0.518410974474442,1
CNP0278920.1,CC[C@@H](C)C(=O)O[C@@](C)(C(=O)O)C1=C[C@@]2(C)C(=CC1=O)CC[C@H](OC(C)=O)[C@@H]2C,0.9925274848937988,1,0.9990057349205017,1,0.4520743570155335,0
CNP0600467.1,N[C@@H](CCC(=O)NC(=O)CC[C@H](N)C(=O)O)C(=O)O,0.9924970865249634,1,0.9999324083328247,1,0.3370121806298276,0
CNP0501633.0,CCC(C)C(N)C(=O)NC(=O)CCC(N)C(=O)O,0.9924942255020142,1,0.9999921321868896,1,0.3924408823878398,0
CNP0110781.0,NC(=O)C1(NC(=O)C2=CC=C(C3=CC=CC=C3)C=C2)CCCCC1,0.9924755692481995,1,0.6897363066673279,1,0.3645000037973721,0
CNP0505267.1,O=C([C@H](O)CS(=O)(=O)C1=CC=C2C=C(Cl)C=CC2=C1)N1CCC(N2CCCN=C2O)CC1,0.9924672245979309,1,0.999724805355072,1,0.4714222585924715,0
CNP0093082.1,CCCOC1=C2C[C@@H](C(C)(C)O)OC2=CC2=C1C(=C1CCC(=O)CC1)C=C(C(=O)OCC)O2,0.9924452900886536,1,0.999998927116394,1,0.4469988150738151,0
CNP0091772.1,C[C@@H]1CC[C@@H]2CC3=C(C(=O)O)CC[C@@]31[C@]2(C)C1CCCC1,0.992408275604248,1,0.9589534401893616,1,0.3922315726444325,0
CNP0308881.0,COC(=O)CCC(=O)C(CC1=CC=C(O)C=C1)NC(C)=O,0.9923431277275085,1,0.9987905621528625,1,0.4207152014652013,0
CNP0541236.1,CCOC(=O)[C@H](CC(C)C)NC(=O)[C@H](NC(=O)OC(C)(C)C)C(C)C,0.9923386573791504,1,1.0,1,0.438526085026085,0
CNP0541236.3,CCOC(=O)[C@@H](CC(C)C)NC(=O)[C@H](NC(=O)OC(C)(C)C)C(C)C,0.9923386573791504,1,1.0,1,0.438526085026085,0
CNP0541236.4,CCOC(=O)[C@H](CC(C)C)NC(=O)[C@@H](NC(=O)OC(C)(C)C)C(C)C,0.9923386573791504,1,1.0,1,0.438526085026085,0
CNP0541236.2,CCOC(=O)[C@@H](CC(C)C)NC(=O)[C@@H](NC(=O)OC(C)(C)C)C(C)C,0.9923386573791504,1,1.0,1,0.438526085026085,0
CNP0158331.1,C/C=C/SC[C@H](N)C(=O)O,0.9923366904258728,1,0.33730536699295044,0,0.2458829629208227,0
CNP0158331.2,C/C=C\SC[C@H](N)C(=O)O,0.9923366904258728,1,0.33730536699295044,0,0.2458829629208227,0
CNP0368271.0,COC(=O)C(CC1=CNC2=CC=CC=C12)NC(=O)C(NC(=O)OCC1=CC=CC=C1)C(C)C,0.9922965168952942,1,1.0,1,0.4501002886002886,0
CNP0562892.1,CC(=O)O[C@H]1C[C@@]2(C)[C@@H]3CC[C@H]4[C@H](C)C(=O)C=C[C@@]45C[C@@]35CC[C@]2(C)[C@H]1[C@H](C)C(=O)O,0.9922475814819336,1,0.9999985694885254,1,0.4395144006320478,0
CNP0298480.0,NC1(C(=O)O)CCCCC1,0.9922116994857788,1,0.9974879026412964,1,0.2757942874119344,0
CNP0282416.3,CC[C@@H](C)C(=O)O[C@H]1CCC=C2C=C[C@H](C)[C@H](CC[C@@H](O)C[C@@H](O)CC(=O)O)[C@H]21,0.9921499490737915,1,0.9999910593032837,1,0.3767825785325785,0
CNP0282416.2,CC[C@H](C)C(=O)O[C@H]1CCC=C2C=C[C@H](C)[C@H](CC[C@@H](O)C[C@@H](O)CC(=O)O)[C@H]21,0.9921499490737915,1,0.9999910593032837,1,0.3767825785325785,0
CNP0282416.1,CCC(C)C(=O)O[C@H]1CCC=C2C=C[C@H](C)[C@H](CC[C@@H](O)C[C@@H](O)CC(=O)O)[C@H]21,0.9921499490737915,1,0.9999910593032837,1,0.3767825785325785,0
CNP0153490.1,COC1=CC=C([C@H](OC)[C@@]2(CC3=CC=C(O)C=C3)N=C(N)N(C)C2=O)C=C1,0.9921093583106995,1,0.9995161294937134,1,0.3346443833943834,0
CNP0015564.1,CCCS(=O)(=O)N[C@H]1C[C@@H](C2=NC(C3=CC=CC=C3)=NO2)N(C)C1,0.9920320510864258,1,0.9997524619102478,1,0.3157601907896025,0
CNP0401933.1,CC[C@@H](C)[C@H](NC1=NC(N)=NC2=C1N=CN2)C(=O)O,0.9920229911804199,1,0.999910831451416,1,0.3520757115433586,0
CNP0537355.1,CCC[C@H]1CC(=O)N[C@@H](CC2=CC=CC=C2)C2=N[C@H](CS2)C(=O)N[C@H](CO)CS1,0.9919500350952148,1,0.9969092011451721,1,0.4149942492148374,0
CNP0501932.1,CCC1=NN2C(=N1)N(C(C)=O)[C@H]1CCCC[C@H]1C21CCCCC1,0.9919213056564331,1,0.9999998807907104,1,0.4373989262371614,0
CNP0265200.1,CC[C@@H](C)[C@H](NC(C)=O)C(=O)N(C)[C@H](CC1=CC=C(O)C=C1)C(=O)N[C@@H](CC(C)C)C(=O)O,0.9918190240859985,1,0.9999939203262329,1,0.4277419786096256,0
CNP0040299.1,COC1=CC=C(NC(=O)N2C[C@@H]3C[C@H](C2)C2=C(NS(=O)(=O)C4=CC=CC=C4)C=CC(=O)N2C3)C=C1,0.99178546667099,1,0.999756395816803,1,0.2855763403263403,0
CNP0551917.0,CC(O)C(NC(=O)C(N)CC1=CC=C(O)C=C1)C(=O)O,0.9917343854904175,1,0.9983623623847961,1,0.497830808080808,0
CNP0433198.1,CCC[C@H](C)CCC[C@H](C)CCC(=O)OC,0.991637647151947,1,0.9999974966049194,1,0.4021905871905872,0
CNP0540285.1,O=C(O)C1=CC=CC(C(=O)CC[C@H]2O[C@@H](N3C=NC4=C(O)N=CN=C43)[C@H](O)[C@@H]2O)=C1,0.9915223121643066,1,0.999897837638855,1,0.3910570622188269,0
CNP0540285.2,O=C(O)C1=CC=CC(C(=O)CC[C@@H]2O[C@H](N3C=NC4=C(O)N=CN=C43)[C@@H](O)[C@@H]2O)=C1,0.9915223121643066,1,0.999897837638855,1,0.3910570622188269,0
CNP0540285.4,O=C(O)C1=CC=CC(C(=O)CC[C@@H]2O[C@H](N3C=NC4=C(O)N=CN=C43)[C@H](O)[C@@H]2O)=C1,0.9915223121643066,1,0.999897837638855,1,0.3910570622188269,0
CNP0540285.5,O=C(O)C1=CC=CC(C(=O)CC[C@@H]2O[C@H](N3C=NC4=C(O)N=CN=C43)[C@H](O)[C@H]2O)=C1,0.9915223121643066,1,0.999897837638855,1,0.3910570622188269,0
CNP0540285.3,O=C(O)C1=CC=CC(C(=O)CC[C@@H]2O[C@H](N3C=NC4=C(O)N=CN=C43)[C@@H](O)[C@H]2O)=C1,0.9915223121643066,1,0.999897837638855,1,0.3910570622188269,0
CNP0263498.1,C[C@]12CCCC[C@@H]1C[C@H](O)[C@@H]1[C@@H]2CC[C@]2(C)[C@@H](C3=CC(=O)OC3)CC[C@]12O,0.9914747476577759,1,0.9999754428863525,1,0.3864790637467108,0
CNP0263498.3,C[C@]12CCCC[C@H]1C[C@H](O)[C@@H]1[C@@H]2CC[C@]2(C)[C@H](C3=CC(=O)OC3)CC[C@]12O,0.9914747476577759,1,0.9999754428863525,1,0.3864790637467108,0
CNP0263498.2,C[C@]12CCCC[C@@H]1C[C@H](O)[C@H]1[C@@H]2CC[C@]2(C)[C@@H](C3=CC(=O)OC3)CC[C@]12O,0.9914747476577759,1,0.9999754428863525,1,0.3864790637467108,0
CNP0389192.1,O=C1C=CC(/C=C/C2=CC=C(Cl)C=C2)=C2[C@@H]3C[C@@H](CN(S(=O)(=O)C4=CC=CC=C4)C3)CN21,0.9914453029632568,1,0.00038108951412141323,0,0.3605480352980353,0
CNP0115257.1,N[C@@H](CC1CC1)C(=O)O,0.9914297461509705,1,0.9998026490211487,1,0.3748003754931,0
CNP0238535.3,CCC[C@@H](C(=O)O)[C@@H](C)CC(=O)NC1=CC=C(C(=O)O)C=C1,0.9913744330406189,1,0.9999992847442627,1,0.3412169524661784,0
CNP0238535.2,CCC[C@@H](C(=O)O)[C@H](C)CC(=O)NC1=CC=C(C(=O)O)C=C1,0.9913744330406189,1,0.9999992847442627,1,0.3412169524661784,0
CNP0238535.1,CCC[C@H](C(=O)O)[C@H](C)CC(=O)NC1=CC=C(C(=O)O)C=C1,0.9913744330406189,1,0.9999992847442627,1,0.3412169524661784,0
CNP0238535.4,CCC[C@H](C(=O)O)[C@@H](C)CC(=O)NC1=CC=C(C(=O)O)C=C1,0.9913744330406189,1,0.9999992847442627,1,0.3412169524661784,0
CNP0189761.2,CC(C)CCC[C@H](C)CCC[C@@H](C)C(=O)O,0.9913416504859924,1,0.9999924898147583,1,0.3147396227783225,0
CNP0189761.1,CC(C)CCC[C@@H](C)CCC[C@@H](C)C(=O)O,0.9913416504859924,1,0.9999924898147583,1,0.3147396227783225,0
CNP0138915.0,CC1C2(O)OC34CCC(C)C3(CC(=O)OCC14C)C2OC1OC(CO)C(O)C(O)C1O,0.9913186430931091,1,0.9986007809638977,1,0.3889210573010636,0
CNP0017318.1,CCCN(C)C(=O)C1=C([C@H](C)O)ON=C1C1=CC=C(OC)C(OC)=C1,0.9912631511688232,1,0.999607264995575,1,0.3990081568758039,0
CNP0012698.1,CN1C[C@@H](NS(=O)(=O)C2=CC=CC=C2)C[C@H]1C1=NC(C2=CC=C3OCOC3=C2)=NO1,0.9912387728691101,1,0.997795581817627,1,0.3346763709436344,0
CNP0552686.1,CC(C)C(=O)N1C2=NC(C3=CC=CO3)=NN2C2(CCCCC2)[C@@H]2CCCC[C@@H]21,0.9912275671958923,1,0.9999994039535522,1,0.4467173245055598,0
CNP0510238.1,O=C(NC1=CC=CC=C1Cl)[C@H]1SC2=NN=C(C3=CC=CC=C3)N2NC12CCCC2,0.9911693334579468,1,0.9989250302314758,1,0.3733740426240426,0
CNP0510238.2,O=C(NC1=CC=CC=C1Cl)[C@@H]1SC2=NN=C(C3=CC=CC=C3)N2NC12CCCC2,0.9911693334579468,1,0.9989250302314758,1,0.3733740426240426,0
CNP0505227.0,O=C1CC2(CN(S(=O)(=O)C3=CC=CC(Cl)=C3)C2)ON1CC1=CC=CC=C1,0.9911508560180664,1,0.9787063002586365,1,0.3288150460650461,0
CNP0170734.1,N[C@@H](CC1=CC=CC(C(=O)O)=C1)C(=O)O,0.9911264777183533,1,0.9983269572257996,1,0.3726095561526595,0
CNP0170734.2,N[C@H](CC1=CC=CC(C(=O)O)=C1)C(=O)O,0.9911264777183533,1,0.9983269572257996,1,0.3726095561526595,0
CNP0479246.0,COC1=CC=CC(CNC2=NCCNC23CCN(S(=O)(=O)C2=CC=C(C(C)C)C=C2)CC3)=C1,0.9911230802536011,1,0.9999252557754517,1,0.4764158667419537,0
CNP0496809.1,CC(CO)CCC[C@](C)(O)C1=CC=C(C(=O)O)C=C1,0.9911012053489685,1,0.999749481678009,1,0.3346341391310965,0
CNP0496809.2,CC(CO)CCC[C@@](C)(O)C1=CC=C(C(=O)O)C=C1,0.9911012053489685,1,0.999749481678009,1,0.3346341391310965,0
CNP0042821.1,CN1C[C@@H](NC(=O)CC(C)(C)CC(=O)O)C[C@H]1C1=NC(C2=CC=C(Cl)C=C2)=NO1,0.9910886287689209,1,0.9999985694885254,1,0.4043054437392672,0
CNP0081567.0,COC1=CC(O)=CC2=C1C(=O)OC(C)(C)CCCCCCC2,0.9910857081413269,1,0.9999843835830688,1,0.3222788129744651,0
CNP0210237.0,CCC(C)C(NC(=O)C(N)CC1=CNC2=CC=CC=C12)C(=O)O,0.99101322889328,1,0.9999163150787354,1,0.4601553724053724,0
CNP0018059.1,N[C@@H](CC1=CNC2=CC=C(Br)C=C12)C(=O)O,0.9909937977790833,1,0.9984001517295837,1,0.4459946805054311,0
CNP0472437.1,C[C@H](CC[C@H](C)C(C)(C)O)[C@H]1CC[C@@]2(O)C3=CC(=O)[C@H]4C[C@H](O)CC[C@]4(C)[C@@]3(O)CC[C@]12C,0.990889847278595,1,1.0,1,0.3245964350279119,0
CNP0472437.2,C[C@H](CC[C@H](C)C(C)(C)O)[C@H]1CC[C@@]2(O)C3=CC(=O)[C@H]4C[C@@H](O)CC[C@]4(C)[C@@]3(O)CC[C@]12C,0.990889847278595,1,1.0,1,0.3245964350279119,0
CNP0360942.3,COC(=O)[C@@H](CC1=CC=CC=C1)NC(=O)[C@H](N)CC(C)C,0.9908435344696045,1,0.9998891353607178,1,0.5841060606060605,1
CNP0360942.4,COC(=O)[C@@H](CC1=CC=CC=C1)NC(=O)[C@@H](N)CC(C)C,0.9908435344696045,1,0.9998891353607178,1,0.5841060606060605,1
CNP0360942.1,COC(=O)[C@H](CC1=CC=CC=C1)NC(=O)[C@H](N)CC(C)C,0.9908435344696045,1,0.9998891353607178,1,0.5841060606060605,1
CNP0360942.2,COC(=O)[C@H](CC1=CC=CC=C1)NC(=O)[C@@H](N)CC(C)C,0.9908435344696045,1,0.9998891353607178,1,0.5841060606060605,1
CNP0414452.1,COC1=CC=C(C(CC(=O)N[C@@H](C)C2=NC3=CC=CC=C3N2)C2=CC3=C(C=C2O)OCO3)C=C1,0.9908255934715271,1,1.0,1,0.4509523809523809,0
CNP0547309.1,CC(C)CCC[C@@](C)(O)[C@@H]1CC[C@@](C)(O)[C@H]1C,0.9908148646354675,1,0.998820960521698,1,0.3885019184333953,0
CNP0007975.1,COC[C@H]1CCCN1C(=O)C1=C([C@H](C)O)ON=C1C1=CC=C(OC)C=C1,0.9907784461975098,1,1.0,1,0.4410595662507428,0
CNP0208020.0,COC1=CC(CNC2=NC(NCC3CC3)=NC3=C(C4=CC=CC(Cl)=C4)C=NN23)=CC(OC)=C1OC,0.990772008895874,1,0.9996335506439209,1,0.4590360750360751,0
CNP0439372.1,COC1=CC=CC=C1N1CCN(C(=O)CC[C@]23CC[C@](C)(O)C[C@H]2C(C)(C)C[C@@H]3NC(C)C)CC1,0.9907609820365906,1,0.9997041821479797,1,0.4193238488377808,0
CNP0014831.1,CC(C)CS(=O)(=O)N[C@H](C)C1=C(C(=O)O)C(C2=CC=CN=C2)=NO1,0.9907225370407104,1,0.997022807598114,1,0.440423199023199,0
CNP0003103.0,NC(CC1=CNC2=CC(Cl)=CC=C12)C(=O)O,0.99069744348526,1,0.9987474679946899,1,0.3853545327221797,0
CNP0183564.1,NC1=NC2=C(N=C(SCC3=CC=CC4=CC=CC=C34)N2[C@@H]2O[C@H](CO)[C@@H](O)[C@H]2O)C(=O)N1,0.990691602230072,1,0.3352604806423187,0,0.386842345751689,0
CNP0557666.0,COC1=CC=C(Cl)C=C1S(=O)(=O)N1CCC2(CC1)NC1=CC=C(C)C(C)=C1N1C=CC=C12,0.9906693696975708,1,0.9999709129333496,1,0.3827277346836171,0
CNP0165630.1,CO[C@]1(CC2=CC=C(O)C=C2)OC(=O)C(O)=C1C1=CC=C(O)C=C1,0.9906683564186096,1,0.9992340803146362,1,0.3118295217854041,0
CNP0579305.1,CCC1=NN2C(=N1)N(C(=O)C1=CC=CC=C1OC)[C@H]1CCCC[C@H]1C21CCCCC1,0.9906566143035889,1,0.9998589754104614,1,0.4519624183006535,0
CNP0508573.1,COC(=O)[C@H](CC1=CNC2=CC=CC=C12)NC(=O)C1=CC=C(Cl)C=C1Cl,0.9906253814697266,1,0.9999947547912598,1,0.4925995197612844,0
CNP0508573.2,COC(=O)[C@@H](CC1=CNC2=CC=CC=C12)NC(=O)C1=CC=C(Cl)C=C1Cl,0.9906253814697266,1,0.9999947547912598,1,0.4925995197612844,0
CNP0176458.1,CC[C@@H](C)[C@H](NC(=O)NCC(C)C)C(=O)O,0.9906113743782043,1,0.9999995231628418,1,0.3308238134414604,0
CNP0358237.1,CC(C)(O)[C@@H](O)CC[C@](C)(O)[C@H]1[C@@H](O)C[C@@]2(C)[C@@H]3CC[C@H]4C(C)(C)[C@@H](O)CC[C@@]45C[C@@]35CC[C@]12C,0.9905856251716614,1,0.9951364398002625,1,0.3467354992733591,0
CNP0363133.3,CC[C@@H](C)[C@H](NC(=O)COC1=CC=C(C(=O)COC2=CC=CC=C2)C(O)=C1)C(=O)O,0.9905626773834229,1,0.9999953508377075,1,0.345744227994228,0
CNP0363133.2,CC[C@H](C)[C@H](NC(=O)COC1=CC=C(C(=O)COC2=CC=CC=C2)C(O)=C1)C(=O)O,0.9905626773834229,1,0.9999953508377075,1,0.345744227994228,0
CNP0363133.1,CCC(C)[C@H](NC(=O)COC1=CC=C(C(=O)COC2=CC=CC=C2)C(O)=C1)C(=O)O,0.9905626773834229,1,0.9999953508377075,1,0.345744227994228,0
CNP0330044.1,CC(C)(O)[C@H]1CC[C@H](C)CC1,0.9905130863189697,1,0.9999926090240479,1,0.3097457650192943,0
CNP0219002.0,CC1=CC=C(S(=O)(=O)NC(CC2=CNC3=CC=CC=C23)C(=O)N2CCC3(O)CCCCC3C2)C=C1,0.9904659986495972,1,0.9999980926513672,1,0.528811507936508,1
CNP0423424.1,NC1=NC(=O)N([C@@H]2O[C@H](C(=O)O)[C@@H](O)[C@H](O)[C@H]2O)C=C1,0.9904317259788513,1,0.35106390714645386,0,0.4909248096674566,0
CNP0026508.1,O=C(NC1CCCCC1)N1C[C@@H]2C[C@H](C1)C1=C(NS(=O)(=O)C3=CC=CC=C3)C=CC(=O)N1C2,0.9903023838996887,1,0.9982715845108032,1,0.4510682928182927,0
CNP0017868.1,CCC(C)[C@H](NC(=O)[C@H](N)CC1=CC=C(O)C=C1)C(=O)N[C@H](CC(C)C)C(=O)O,0.9902286529541016,1,0.9999997615814209,1,0.4942391774891774,0
CNP0268651.0,NC1=NC2=C(C(C(=O)O)=N1)C1=C(NC(Br)=C1Br)C(=O)NC2,0.9902206659317017,1,0.007027726154774427,0,0.309493203691733,0
CNP0087190.7,C[C@@H]1CC[C@@H]2C(C(=O)O)=C[C@H]3CC(C)(C)C[C@]123,0.9901849031448364,1,0.9276947379112244,1,0.3038566417242888,0
CNP0087190.3,C[C@H]1CC[C@H]2C(C(=O)O)=C[C@H]3CC(C)(C)C[C@]132,0.9901849031448364,1,0.9276947379112244,1,0.3038566417242888,0
CNP0087190.5,C[C@@H]1CC[C@@H]2C(C(=O)O)=C[C@@H]3CC(C)(C)C[C@@]132,0.9901849031448364,1,0.9276947379112244,1,0.3038566417242888,0
CNP0087190.2,C[C@@H]1CC[C@H]2C(C(=O)O)=C[C@H]3CC(C)(C)C[C@]132,0.9901849031448364,1,0.9276947379112244,1,0.3038566417242888,0
CNP0087190.4,C[C@H]1CC[C@@H]2C(C(=O)O)=C[C@H]3CC(C)(C)C[C@]213,0.9901849031448364,1,0.9276947379112244,1,0.3038566417242888,0
CNP0087190.6,C[C@@H]1CC[C@@H]2C(C(=O)O)=C[C@@H]3CC(C)(C)C[C@]132,0.9901849031448364,1,0.9276947379112244,1,0.3038566417242888,0
CNP0087190.1,C[C@@H]1CC[C@@H]2C(C(=O)O)=C[C@H]3CC(C)(C)C[C@@]123,0.9901849031448364,1,0.9276947379112244,1,0.3038566417242888,0
CNP0526461.1,O=C(C1=CC=CC=C1)N1C2=NC=NN2C2(CCCCC2)[C@@H]2CCCC[C@@H]21,0.990165650844574,1,0.9998761415481567,1,0.2908979076479076,0
CNP0606288.1,CC1=NC(NC2=NNC3=C2CN(C(=O)N[C@H](CN(C)C)C2=CC=CC=C2)C3(C)C)=C2SC=CC2=N1,0.9901303648948669,1,1.0,1,0.4354606782106783,0
CNP0479427.0,O=S(=O)(C1=CC=CC=C1)N1CCC2(CC1)NCCN=C2NCC1=CC=C2OCOC2=C1,0.9901273250579834,1,0.996148943901062,1,0.4379405781416651,0
CNP0271733.1,CC[C@H](C)[C@H](NC(=O)[C@@H](N)CCC(N)=O)C(=O)O,0.9900828003883362,1,0.999948263168335,1,0.4295385154061625,0
CNP0541821.0,NC(CC(=O)[O-])C(=O)[O-],0.9900181293487549,1,0.9962700605392456,1,0.234430651048298,0
CNP0508000.0,O=C(O)C1=CC=C2N=CC3=C(NN=C3O)C2=C1,0.9900122880935669,1,0.9488515853881836,1,0.315841184958832,0
CNP0289741.0,NC(C[S]=O)C(=O)O,0.9899879097938538,1,0.4871605634689331,0,0.2864634793311263,0
CNP0328817.1,CCC1=C(C(=O)O)C=CC2=C1CC[C@@H]1[C@@](C)(C(=O)O)CCC[C@]21C,0.989935576915741,1,0.9672835469245911,1,0.3285991214667685,0
CNP0017322.1,COC1=CC=CC=C1C(=O)N1CCN2[C@@H](C1)CN(S(=O)(=O)C1=CC=CC=C1)CC2(C)C,0.9898640513420105,1,0.8852505683898926,1,0.3523816738816738,0
CNP0113274.1,CCOC(=O)[C@H](CC1=CC=CC=C1)NC(=O)C1=CC=C2C[C@H](C)OC(=O)C2=C1O,0.9897301197052002,1,0.9998607635498047,1,0.5222712842712844,1
CNP0208889.1,CC[C@@H](C)C1=N[C@](C(=O)N/C=C\C2=CNC3=CC(Br)=CC=C23)(C(C)C)NC1=O,0.9896981120109558,1,0.9999212026596069,1,0.4157261904761903,0
CNP0092936.1,CN1C(=O)C2=CC=C(C3=CN(C)N=C3)C=C2O[C@H]2CN(S(=O)(=O)C3=CC=CC=C3)C[C@H]21,0.9896665811538696,1,0.9879733324050903,1,0.4791135695767531,0
CNP0242763.1,C[C@@]1(C/C=C/C2=CC=CC=C2)OC2=CC3=C(C(O)=C2C[C@H]1O)C(=O)C=C(C1(O)CCCC1)O3,0.9896049499511719,1,0.9999934434890747,1,0.4159694694194695,0
CNP0260289.0,CCOC(=O)C(O)C(O)(CC1=CC=C(O)C=C1)C(=O)OCC,0.9894731640815735,1,0.9999996423721313,1,0.4272413870958761,0
CNP0094808.1,C[C@@H](O)[C@H](NC(=O)CC[C@H](N)C(=O)O)C(=O)O,0.9894583225250244,1,0.9998825788497925,1,0.4002189154658729,0
CNP0258310.1,NC1=NC(=O)N([C@@H]2CO[C@H](CO)O2)C=C1,0.9894512295722961,1,0.9869224429130554,1,0.4037610608345903,0
CNP0274723.1,CC(C)(O)[C@H]1CC[C@H](C(=O)N[C@H](CC2=CC=CC=C2)C(=O)O)CC1,0.9894435405731201,1,0.999988317489624,1,0.5288498667998668,1
CNP0209945.1,CC(=O)OCC[C@H](NC(=O)[C@@H](CC1=CC=CC=C1)NC(=O)C1=CC=CC=C1)C1=CC=CC=C1,0.989257276058197,1,0.9989759922027588,1,0.5452665945165944,1
CNP0512390.1,NC1=CC=NC2=C1N=CN2[C@@H]1O[C@H](CO)[C@@H](O)[C@H]1O,0.9892465472221375,1,0.9589985609054565,1,0.4083090949558118,0
CNP0385513.1,CCOC1=C(OC)C=CC=C1C1CN2C(=O)CN(CCOC)C(=O)[C@]2(C)C2=C1C1=CC=CC=C1N2,0.9891901016235352,1,0.9976254105567932,1,0.4949781746031748,0
CNP0223102.1,COC1=C(O)C=C(C[C@H](N)C(=O)O)C=C1Br,0.9891765713691711,1,0.9999040365219116,1,0.4085524727132232,0
CNP0396786.1,COC(=O)[C@H](CC1=CC=CC=C1)NC(=O)C1=CC=CC2=C1C=CN2C,0.9891756176948547,1,0.8463496565818787,1,0.5328131313131312,1
CNP0347936.12,C[C@H](O)C[C@@H]1CC[C@H]([C@H](C)C(=O)O[C@H](C)C[C@@H]2CC[C@H]([C@@H](C)C(=O)O)O2)O1,0.9891462326049805,1,1.0,1,0.410283575901223,0
CNP0347936.9,C[C@H](O)C[C@@H]1CC[C@H]([C@H](C)C(=O)O[C@H](C)C[C@@H]2CC[C@@H]([C@H](C)C(=O)O)O2)O1,0.9891462326049805,1,1.0,1,0.410283575901223,0
CNP0347936.10,C[C@H](O)C[C@@H]1CC[C@H]([C@H](C)C(=O)O[C@H](C)C[C@@H]2CC[C@H]([C@H](C)C(=O)O)O2)O1,0.9891462326049805,1,1.0,1,0.410283575901223,0
CNP0347936.5,C[C@H](O)C[C@@H]1CC[C@H]([C@@H](C)C(=O)O[C@@H](C)C[C@@H]2CC[C@H]([C@@H](C)C(=O)O)O2)O1,0.9891462326049805,1,1.0,1,0.410283575901223,0
CNP0347936.11,C[C@H](O)C[C@@H]1CC[C@H]([C@H](C)C(=O)O[C@H](C)C[C@@H]2CC[C@@H]([C@@H](C)C(=O)O)O2)O1,0.9891462326049805,1,1.0,1,0.410283575901223,0
CNP0347936.1,C[C@@H](O)C[C@@H]1CC[C@@H]([C@@H](C)C(=O)O[C@@H](C)C[C@@H]2CC[C@@H]([C@@H](C)C(=O)O)O2)O1,0.9891462326049805,1,1.0,1,0.410283575901223,0
CNP0347936.8,C[C@@H](O)C[C@H]1CC[C@H]([C@@H](C)C(=O)O[C@@H](C)C[C@@H]2CC[C@H]([C@@H](C)C(=O)O)O2)O1,0.9891462326049805,1,1.0,1,0.410283575901223,0
CNP0347936.2,C[C@H](O)C[C@@H]1CC[C@@H]([C@@H](C)C(=O)O[C@@H](C)C[C@@H]2CC[C@@H]([C@@H](C)C(=O)O)O2)O1,0.9891462326049805,1,1.0,1,0.410283575901223,0
CNP0347936.3,C[C@H](O)C[C@H]1CC[C@H]([C@@H](C)C(=O)O[C@@H](C)C[C@@H]2CC[C@H]([C@@H](C)C(=O)O)O2)O1,0.9891462326049805,1,1.0,1,0.410283575901223,0
CNP0347936.6,C[C@@H](O)C[C@@H]1CC[C@H]([C@@H](C)C(=O)O[C@@H](C)C[C@@H]2CC[C@H]([C@@H](C)C(=O)O)O2)O1,0.9891462326049805,1,1.0,1,0.410283575901223,0
CNP0347936.7,C[C@@H](O)C[C@H]1CC[C@@H]([C@@H](C)C(=O)O[C@@H](C)C[C@@H]2CC[C@@H]([C@@H](C)C(=O)O)O2)O1,0.9891462326049805,1,1.0,1,0.410283575901223,0
CNP0347936.4,C[C@H](O)C[C@H]1CC[C@@H]([C@@H](C)C(=O)O[C@@H](C)C[C@@H]2CC[C@@H]([C@@H](C)C(=O)O)O2)O1,0.9891462326049805,1,1.0,1,0.410283575901223,0
CNP0040292.1,COC(=O)[C@@H](CC1=CC=CN=C1)NC(=O)[C@@H]1CN(S(C)(=O)=O)CCN1C(=O)NC(C)C,0.9890978336334229,1,0.9999997615814209,1,0.4875932694756223,0
CNP0576094.1,CC(C)(O)[C@@H]1[CH]C[C@](C)([C@H]2[C@@H](O)C[C@@]3(C)[C@@H]4C[C@H](O)[C@H]5C(C)(C)[C@@H](O)[CH]C[C@@]56C[C@@]46[CH]C[C@@]23C)O1,0.9890011548995972,1,1.0,1,0.3164229781656251,0
CNP0605221.1,OC[C@@H]1OC(N2C(N3CCC(C4=CC=CC=C4)C3)=NC3=C(O)N=CN=C32)[C@@H](O)[C@H]1O,0.9889830946922302,1,0.99985671043396,1,0.346806780637663,0
CNP0537884.2,CC[C@H](C)[C@H]1NC(=O)[C@H]2CSC(=N2)[C@@H](C)NC(=O)C2=COC(=N2)[C@H](C)NC(=O)C2=CSC1=N2,0.9889693260192871,1,0.9827117323875427,1,0.5717420634920635,1
CNP0537884.1,CC[C@H](C)[C@@H]1NC(=O)[C@H]2CSC(=N2)[C@H](C)NC(=O)C2=COC(=N2)[C@H](C)NC(=O)C2=CSC1=N2,0.9889693260192871,1,0.9827117323875427,1,0.5717420634920635,1
CNP0487707.1,CCC1=NN2C(=N1)N(C(=O)C1=CC=CC(OC)=C1)[C@H]1CCCC[C@H]1C21CCCCC1,0.988923192024231,1,0.9999611377716064,1,0.4123571428571429,0
CNP0377012.1,CCCCN1CC(=O)N2CC(C3=CC=CC(OC)=C3OCC)C3=C(NC4=CC=CC=C34)[C@@]2(C)C1=O,0.9888683557510376,1,0.9990949630737305,1,0.5019338023088024,1
CNP0232707.2,CC[C@H](C)[C@@H]1NC(=O)[C@H](NC)CC2=CC(=CC=C2OC)/C=C\NC(=O)[C@H](CC2=CC=CC=C2)NC1=O,0.9887479543685913,1,0.9996283054351807,1,0.385706520088099,0
CNP0232707.3,CC[C@H](C)[C@@H]1NC(=O)[C@@H](NC)CC2=CC(=CC=C2OC)/C=C/NC(=O)[C@@H](CC2=CC=CC=C2)NC1=O,0.9887479543685913,1,0.9996283054351807,1,0.385706520088099,0
CNP0232707.1,CC[C@H](C)[C@@H]1NC(=O)[C@@H](NC)CC2=CC(=CC=C2OC)/C=C\NC(=O)[C@H](CC2=CC=CC=C2)NC1=O,0.9887479543685913,1,0.9996283054351807,1,0.385706520088099,0
CNP0122734.1,CC[C@H](C)[C@H](N)C(=O)N[C@@H](CC1=CC=CC=C1)C(=O)N[C@@H](CC(C)C)C(=O)O,0.9887053370475769,1,0.9999663829803467,1,0.5912942612942613,1
CNP0330061.4,OC[C@H]1O[C@H](N2C=NC3=C(O)N=CN=C32)[C@@H](O)[C@@H]1O,0.9886638522148132,1,0.9965987801551819,1,0.3820295134262301,0
CNP0330061.1,OC[C@H]1O[C@H](N2C=NC3=C(O)N=CN=C32)[C@H](O)[C@@H]1O,0.9886638522148132,1,0.9965987801551819,1,0.3820295134262301,0
CNP0330061.6,OC[C@@H]1O[C@H](N2C=NC3=C(O)N=CN=C32)[C@@H](O)[C@H]1O,0.9886638522148132,1,0.9965987801551819,1,0.3820295134262301,0
CNP0330061.3,OC[C@H]1O[C@@H](N2C=NC3=C(O)N=CN=C32)[C@H](O)[C@@H]1O,0.9886638522148132,1,0.9965987801551819,1,0.3820295134262301,0
CNP0330061.5,OC[C@H]1OC(N2C=NC3=C(O)N=CN=C32)[C@H](O)[C@@H]1O,0.9886638522148132,1,0.9965987801551819,1,0.3820295134262301,0
CNP0330061.2,OCC1O[C@@H](N2C=NC3=C(O)N=CN=C32)C(O)C1O,0.9886638522148132,1,0.9965987801551819,1,0.3820295134262301,0
CNP0225458.1,COC(=O)[C@]1(CC2=CC=C3C[C@H](C(C)(C)O)OC3=C2)OC(=O)C(O)=C1C1=CC=C(O)C=C1,0.9886162877082825,1,0.9999980926513672,1,0.4419454987093285,0
CNP0230441.1,O=C1C=CN([C@@H]2O[C@@H](CO)[C@H](O)[C@H]2O)C(=O)N1,0.9885894060134888,1,0.9920762777328491,1,0.3350749841403866,0
CNP0230441.7,O=C1C=CN([C@@H]2O[C@H](CO)[C@H](O)[C@H]2O)C(=O)N1,0.9885894060134888,1,0.9920762777328491,1,0.3350749841403866,0
CNP0230441.2,O=C1C=CN([C@@H]2O[C@H](CO)[C@@H](O)[C@H]2O)C(=O)N1,0.9885894060134888,1,0.9920762777328491,1,0.3350749841403866,0
CNP0230441.6,O=C1C=CN([C@@H]2O[C@H](CO)[C@H](O)[C@@H]2O)C(=O)N1,0.9885894060134888,1,0.9920762777328491,1,0.3350749841403866,0
CNP0230441.9,O=C1C=CN([C@H]2O[C@@H](CO)[C@@H](O)[C@H]2O)C(=O)N1,0.9885894060134888,1,0.9920762777328491,1,0.3350749841403866,0
CNP0230441.8,O=C1C=CN([C@@H]2O[C@@H](CO)[C@@H](O)[C@H]2O)C(=O)N1,0.9885894060134888,1,0.9920762777328491,1,0.3350749841403866,0
CNP0230441.3,O=C1C=CN([C@@H]2O[C@H](CO)[C@@H](O)[C@@H]2O)C(=O)N1,0.9885894060134888,1,0.9920762777328491,1,0.3350749841403866,0
CNP0230441.5,O=C1C=CN([C@@H]2O[C@@H](CO)[C@@H](O)[C@@H]2O)C(=O)N1,0.9885894060134888,1,0.9920762777328491,1,0.3350749841403866,0
CNP0230441.4,O=C1C=CN([C@H]2O[C@@H](CO)[C@@H](O)[C@@H]2O)C(=O)N1,0.9885894060134888,1,0.9920762777328491,1,0.3350749841403866,0
CNP0395993.0,COC1=C2CN(C)CCC2=C(NS(=O)(=O)C2=CC=CC=C2)C2=C1OCO2,0.9885890483856201,1,0.9998737573623657,1,0.3852344599844599,0
CNP0395035.0,COC1=CC=C2NC=C(CCNS(=O)(=O)C3=C4CCN(C)CC4=C(OC)C4=C3OCO4)C2=C1,0.9885814785957336,1,1.0,1,0.3400107376283846,0
CNP0297691.1,O=C(C1=CC=CC=N1)N1C[C@@H]2C[C@H](C1)C1=CC=C(NS(=O)(=O)C3=CC=CC=C3)C(=O)N1C2,0.9885485172271729,1,0.9749788641929626,1,0.3056581196581197,0
CNP0129960.3,C[S@](=N)(=O)CC[C@H](N)C(=O)O,0.9884618520736694,1,0.9998973608016968,1,0.3411894151600034,0
CNP0129960.2,CS(=N)(=O)CC[C@H](N)C(=O)O,0.9884618520736694,1,0.9998973608016968,1,0.3411894151600034,0
CNP0129960.1,C[S@@](=N)(=O)CC[C@H](N)C(=O)O,0.9884618520736694,1,0.9998973608016968,1,0.3411894151600034,0
CNP0518165.0,COC1=CC=C(S(=O)(=O)N(CC(=O)O)C2=CC(Cl)=CC=C2OC)C=C1OC,0.9884474873542786,1,0.9999997615814209,1,0.3407025694893342,0
CNP0471257.0,NC(CC1=CC=C(O)C=C1)C(=O)N1CCCC1C(=O)O,0.988440990447998,1,0.995334804058075,1,0.4247737246413718,0
CNP0268094.2,COC[C@@H]1O[C@H](N2C=NC3=C(O)N=CN=C32)[C@@H](O)[C@H]1O,0.9884099960327148,1,0.9999853372573853,1,0.3903681575407365,0
CNP0268094.1,COC[C@@H]1O[C@H](N2C=NC3=C(O)N=CN=C32)[C@H](O)[C@H]1O,0.9884099960327148,1,0.9999853372573853,1,0.3903681575407365,0
CNP0226238.7,CC[C@H](C)[C@@H](C[C@@H](O)CC(=O)O)O[C@@H]1O[C@@H](CO)[C@H](O)[C@H]1O,0.9883633255958557,1,0.9999997615814209,1,0.3105115489086077,0
CNP0226238.9,CC[C@H](C)[C@H](C[C@@H](O)CC(=O)O)O[C@@H]1O[C@@H](CO)[C@H](O)[C@H]1O,0.9883633255958557,1,0.9999997615814209,1,0.3105115489086077,0
CNP0226238.4,CC[C@@H](C)[C@H](C[C@@H](O)CC(=O)O)O[C@@H]1O[C@@H](CO)[C@H](O)[C@H]1O,0.9883633255958557,1,0.9999997615814209,1,0.3105115489086077,0
CNP0226238.8,CC[C@H](C)[C@@H](C[C@H](O)CC(=O)O)O[C@@H]1O[C@@H](CO)[C@H](O)[C@H]1O,0.9883633255958557,1,0.9999997615814209,1,0.3105115489086077,0
CNP0226238.5,CC[C@@H](C)[C@@H](C[C@@H](O)CC(=O)O)O[C@@H]1O[C@@H](CO)[C@H](O)[C@H]1O,0.9883633255958557,1,0.9999997615814209,1,0.3105115489086077,0
CNP0226238.1,CCC(C)C(CC(O)CC(=O)O)O[C@@H]1O[C@@H](CO)[C@H](O)[C@H]1O,0.9883633255958557,1,0.9999997615814209,1,0.3105115489086077,0
CNP0226238.2,CC[C@H](C)[C@H](C[C@H](O)CC(=O)O)O[C@@H]1O[C@@H](CO)[C@H](O)[C@H]1O,0.9883633255958557,1,0.9999997615814209,1,0.3105115489086077,0
CNP0226238.3,CC[C@@H](C)[C@@H](C[C@H](O)CC(=O)O)O[C@@H]1O[C@@H](CO)[C@H](O)[C@H]1O,0.9883633255958557,1,0.9999997615814209,1,0.3105115489086077,0
CNP0226238.6,CC[C@@H](C)[C@H](C[C@H](O)CC(=O)O)O[C@@H]1O[C@@H](CO)[C@H](O)[C@H]1O,0.9883633255958557,1,0.9999997615814209,1,0.3105115489086077,0
CNP0113729.1,CCC1CCC/N=C(\O)C(C(C)O)C(O[C@@H]2OC(C)[C@@H](O)[C@@H](N)C2O)CCC(C)CCC1,0.9883524775505066,1,0.9880650639533997,1,0.4560775346889238,0
CNP0310915.0,CCC1(C)CCCC1,0.9883496761322021,1,0.9988754391670227,1,0.2720644339320809,0
CNP0438976.4,CC(C)CC[C@@H](O)[C@](C)(O)C1=CC=C(C(=O)O)C=C1O,0.9883018136024475,1,0.9999994039535522,1,0.2745820845820845,0
CNP0438976.3,CC(C)CC[C@H](O)[C@](C)(O)C1=CC=C(C(=O)O)C=C1O,0.9883018136024475,1,0.9999994039535522,1,0.2745820845820845,0
CNP0438976.1,CC(C)CC[C@H](O)[C@@](C)(O)C1=CC=C(C(=O)O)C=C1O,0.9883018136024475,1,0.9999994039535522,1,0.2745820845820845,0
CNP0438976.2,CC(C)CC[C@@H](O)[C@@](C)(O)C1=CC=C(C(=O)O)C=C1O,0.9883018136024475,1,0.9999994039535522,1,0.2745820845820845,0
CNP0242440.1,CC1(C)CN(S(=O)(=O)C2=CC=CC=C2)C[C@@H]2CN(C(=O)C3CCCCC3)CCN21,0.9882434010505676,1,0.9972031116485596,1,0.3159769119769119,0
CNP0012668.1,CCCS(=O)(=O)N[C@H]1C[C@@H](C2=NC(C3=CC=C4OCOC4=C3)=NO2)N(C)C1,0.9882383942604065,1,0.9999983310699463,1,0.3470256152925367,0
CNP0365765.1,O=C1NC=NC2=C1N=C(N1CCNCC1)N2[C@@H]1O[C@H](CO)[C@@H](O)[C@H]1O,0.9881840944290161,1,0.9981557726860046,1,0.3775229753906226,0
CNP0005635.1,CCCS(=O)(=O)N1CC2(CN(C(=O)C3=CC=CC(OC)=C3)C[C@@H]3COCCN32)C1,0.9880037307739258,1,0.9999687671661377,1,0.4426079067990832,0
CNP0177367.1,CCCC[C@@H](C)CCC(=O)OCC,0.987969160079956,1,0.9999988079071045,1,0.3545037475424473,0
CNP0250795.1,C[C@H]1CC[C@]2(C1)C(C(=O)O)=CCC[C@H]2C,0.9879574179649353,1,0.9942407608032227,1,0.373647996211826,0
CNP0127173.1,COC(=O)[C@@H]1CC2=C(CN1S(=O)(=O)C1=CC=CS1)N(CC1=CC=CC=C1)C=N2,0.9879450798034668,1,0.9378365278244019,1,0.4868805638805639,0
CNP0386817.2,COC[C@H]1C[C@@]23CC[C@@H]4[C@@](C)(CCC[C@@]4(C)C(=O)O)[C@H]2CC[C@@H]1C3,0.9879405498504639,1,0.96692955493927,1,0.3931438545115016,0
CNP0386817.3,COC[C@H]1C[C@@]23CC[C@H]4[C@@](C)(CCC[C@@]4(C)C(=O)O)[C@@H]2CC[C@@H]1C3,0.9879405498504639,1,0.96692955493927,1,0.3931438545115016,0
CNP0386817.1,COC[C@H]1C[C@@]23CC[C@H]4[C@@](C)(CCC[C@@]4(C)C(=O)O)[C@H]2CC[C@@H]1C3,0.9879405498504639,1,0.96692955493927,1,0.3931438545115016,0
CNP0461990.1,CC(C)CCC[C@](C)(O)C1=CC=C(C(=O)O)C=C1,0.9879319071769714,1,0.9926967024803162,1,0.3017283810960281,0
CNP0322429.1,COC1=CC=C(C2=NOC([C@@H]3C[C@H](NS(=O)(=O)C4=CC=C(Cl)C=C4)CN3C)=N2)C=C1,0.987917959690094,1,0.9996597766876221,1,0.3577685684888146,0
CNP0353550.2,CC[C@H](C)[C@@H](C(=O)O[C@@H](C(=O)N(C)[C@H](C(=O)O)C(C)C)C(C)C)N(C)C(=O)[C@H](O)C(C)C,0.9879171252250671,1,0.999840497970581,1,0.3438738118606539,0
CNP0353550.1,CCC(C)[C@H](C(=O)O[C@@H](C(=O)N(C)[C@H](C(=O)O)C(C)C)C(C)C)N(C)C(=O)[C@H](O)C(C)C,0.9879171252250671,1,0.999840497970581,1,0.3438738118606539,0
CNP0412192.0,COC1=C2CN(C)CCC2=C(S(=O)(=O)N2CCN(C(=O)C3CC3)CC2)C2=C1OCO2,0.987846851348877,1,0.9999982118606567,1,0.4198817987567988,0
CNP0194391.1,CC(=O)OC(C)(C)[C@H]1O[C@H]2CC[C@@]3(C)[C@@](O)(CC[C@H]4CC5=C(NC6=CC=CC=C56)[C@@]43C)C2=CC1=O,0.9877750873565674,1,0.9999351501464844,1,0.4778914311783503,0
CNP0303745.1,CC[C@H](C)COC(=O)[C@H](C)CC,0.9877556562423706,1,0.9999985694885254,1,0.3119251287927758,0
CNP0303745.2,CC[C@H](C)COC(=O)[C@@H](C)CC,0.9877556562423706,1,0.9999985694885254,1,0.3119251287927758,0
CNP0303745.3,CC[C@@H](C)COC(=O)[C@H](C)CC,0.9877556562423706,1,0.9999985694885254,1,0.3119251287927758,0
CNP0266647.1,CC1=CC(C(=O)N[C@H](C)C2=C(C(=O)O)C(C3=CC=C(Cl)C=C3)=NO2)=C(C)O1,0.9877513647079468,1,0.9997721314430237,1,0.408574446142093,0
CNP0284673.1,C[C@H]1CC[C@@]2(C)C(C(=O)O)=CC=C[C@H]2[C@]1(C)CCC1=CC(=O)O[C@H]1O,0.9877184629440308,1,0.975634753704071,1,0.3774549742483179,0
CNP0031377.1,COC(=O)[C@@H]1CC2=C(CN1S(=O)(=O)C1=CC=CC3=CC=CN=C13)N(CC1=CC=C(OC)C=C1)C=N2,0.9876746535301208,1,0.941084623336792,1,0.3706550312432665,0
CNP0507024.1,CCC(C)[C@H](NC(=O)N1CC(O)=NC2=CC=CC=C21)C(=O)N1CCC[C@@H]1C(=O)O,0.9876685738563538,1,1.0,1,0.4283750138750138,0
CNP0493663.1,C[C@]12C[C@H](O)[C@H](O)C[C@H]1C(=O)C=C1C2=CC[C@]2(C)[C@@H](O)CC[C@@]12O,0.9876585602760315,1,1.0,1,0.265794615157475,0
CNP0326888.1,CC[C@@H](O)[C@H]1CC[C@@H]([C@H](C)C(=O)O)O1,0.9875866174697876,1,1.0,1,0.3595626354941124,0
CNP0241902.1,C[C@H](O)[C@H]1C(=O)N2C(C(=O)O)=C(S/C=C/N)C[C@@H]12,0.9875495433807373,1,0.0014520412078127265,0,0.3139690630951581,0
CNP0340093.0,N=C1N=C(O)C2=C(N1)N(C1OC(CO)C1CO)C=N2,0.9875388145446777,1,0.9999977350234985,1,0.3740213589989581,0
CNP0054741.1,CCCOC1=C2C[C@@H](C(C)(C)O)OC2=CC2=C1C(=O)C(CCCO)=C(CO)O2,0.98751300573349,1,1.0,1,0.3766263941940412,0
CNP0134247.0,CCC(C)C(N)C(=O)NC(CCC(N)=O)C(=O)N1CCCC1C(=O)O,0.9875077605247498,1,0.9999901056289673,1,0.3919486885663356,0
CNP0357281.1,C[C@H]([C@H]1OC(C)(C)[C@@H](C)[C@@H]1O)[C@H]1C[C@@H](O)C2=C3C=CC4=CC(=O)CC[C@]4(C)[C@H]3C[C@@H](O)[C@@]21C,0.9874716401100159,1,1.0,1,0.5369396143072614,1
CNP0477446.0,CCCCC1=NC(Cl)=C(C(=O)O)N1CC1=CC=C(C2=CC=CC=C2C2=NNN=N2)C=C1,0.9874476790428162,1,0.20357197523117065,0,0.3273260007965889,0
CNP0539676.1,OC[C@H]1O[C@@H](N2N=CC3=C(O)N=CN=C32)[C@H](O)[C@@H]1O,0.987440824508667,1,0.992344081401825,1,0.3324540080492542,0
CNP0192606.0,COC1=C2CC(C(C)(C)O)C(=O)C2=CC2=C1NC1=CC=CC=C12,0.9873567819595337,1,0.7481821775436401,1,0.3788637751137751,0
CNP0510487.0,N#CC1=C2N=C(NCC3=CC=C(Cl)C=C3)N=C(NC3=CC=CC=C3)N2N=C1,0.9873030185699463,1,0.013595687225461006,0,0.2452471556221555,0
CNP0560021.1,CC1=CN([C@@H]2O[C@H](CO)[C@@H](O)[C@H]2O)C(=O)N=C1O,0.9872618317604065,1,0.9174972772598267,1,0.3429060423369147,0
CNP0560021.2,CC1=CN([C@@H]2O[C@H](CO)[C@@H](O)[C@@H]2O)C(=O)N=C1O,0.9872618317604065,1,0.9174972772598267,1,0.3429060423369147,0
CNP0386580.1,CCCOC1=CC=C(C2CN3C(=O)CN(CCC)C(=O)[C@]3(C)C3=C2C2=CC=CC=C2N3)C=C1OC,0.987217128276825,1,0.9984498023986816,1,0.4899662698412699,0
CNP0198668.1,CC(C)(C)CC(=O)OCC(=O)[C@@]1(O)CC[C@@H]2[C@@H]3CCC4=CC(=O)CC[C@]4(C)[C@H]3[C@@H](O)C[C@@]21C,0.987216055393219,1,0.9999011754989624,1,0.3686619158619157,0
CNP0483035.1,CC[C@H](C)[C@@H](OC(=O)[C@@H](NC(=O)[C@@H](C)O)C(C)C)C(=O)N[C@@H](C(=O)OC(C)(C)C)C(C)C,0.9871767163276672,1,0.9999644756317139,1,0.4097817721494191,0
CNP0600691.2,OCC1O[C@H](N2C=NC3=C(O)N=C(O)N=C32)C(O)C1O,0.9870928525924683,1,0.9888611435890198,1,0.3907656245373413,0
CNP0600691.1,OC[C@H]1O[C@@H](N2C=NC3=C(O)N=C(O)N=C32)[C@H](O)[C@@H]1O,0.9870928525924683,1,0.9888611435890198,1,0.3907656245373413,0
CNP0494777.0,CC(C)CCCC(=O)NC(CC1=CC=C(O)C=C1)C(=O)O,0.9870306849479675,1,0.9999380111694336,1,0.4651703835380305,0
CNP0597538.0,O=C1NC=NC2=C1C=CN2C1OC(CO)C(O)C1O,0.9869599938392639,1,0.7954521775245667,1,0.451585481967493,0
CNP0588929.0,CC(C)N1C(=O)C2=CC=CC=C2C(C(=O)N2CCN(C)CC2)C12CN(S(=O)(=O)C1=CC=CN=C1)C2,0.9869087338447571,1,0.9994996786117554,1,0.3377635599694424,0
CNP0595998.1,CCC(C)[C@H](NC(=O)[C@H](C)NC(=O)C1=CC2=CC(Cl)=CC=C2N1C)C(=O)O,0.9868721961975098,1,0.9999905824661255,1,0.389104171971819,0
CNP0595998.2,CC[C@@H](C)[C@H](NC(=O)[C@H](C)NC(=O)C1=CC2=CC(Cl)=CC=C2N1C)C(=O)O,0.9868721961975098,1,0.9999905824661255,1,0.389104171971819,0
CNP0595998.3,CC[C@H](C)[C@H](NC(=O)[C@H](C)NC(=O)C1=CC2=CC(Cl)=CC=C2N1C)C(=O)O,0.9868721961975098,1,0.9999905824661255,1,0.389104171971819,0
CNP0510136.1,CCC[C@@H](C)C[C@H](N)CC(=O)O,0.9868555665016174,1,0.9998962879180908,1,0.3175180293562646,0
CNP0509483.2,O=C(N[C@@H](CC1=CNC2=CC=CC=C12)C(=O)OCC(=O)C1=CC=C(Cl)C=C1)OC1=CC=CC=C1,0.9868417978286743,1,0.999846339225769,1,0.5035092133044261,1
CNP0509483.1,O=C(N[C@H](CC1=CNC2=CC=CC=C12)C(=O)OCC(=O)C1=CC=C(Cl)C=C1)OC1=CC=CC=C1,0.9868417978286743,1,0.999846339225769,1,0.5035092133044261,1
CNP0295022.1,CC[C@@H](C)C(=O)O[C@H]1CC(=O)[C@@]2(C)C[C@H]3[C@@H](C[C@@H](C)[C@H]12)OC(=O)[C@]3(O)CO,0.9868215918540955,1,1.0,1,0.5195042370956694,1
CNP0380648.3,CC[C@@H](C)[C@H](NC(=O)OC(C)(C)C)C(=O)N1CCC(C(=O)N2CCC[C@H]2C(=O)O)CC1,0.9868164658546448,1,0.9999874830245972,1,0.4831080586080587,0
CNP0380648.1,CCC(C)[C@H](NC(=O)OC(C)(C)C)C(=O)N1CCC(C(=O)N2CCC[C@H]2C(=O)O)CC1,0.9868164658546448,1,0.9999874830245972,1,0.4831080586080587,0
CNP0380648.2,CC[C@H](C)[C@H](NC(=O)OC(C)(C)C)C(=O)N1CCC(C(=O)N2CCC[C@H]2C(=O)O)CC1,0.9868164658546448,1,0.9999874830245972,1,0.4831080586080587,0
CNP0560047.0,O=C(O)CSC1=NN=C2C3=CC=CC=C3NC3(CCCCC3)OC2=N1,0.9867691993713379,1,0.6901209950447083,1,0.4359662698412698,0
CNP0408805.0,CCCCC1=C(C)N=C(NC(=O)NS(=O)(=O)C2=CC=CC=C2)N=C1Cl,0.9867297410964966,1,0.989538311958313,1,0.3429210345210345,0
CNP0583307.1,CO[C@@H]1C(=O)N(CC2=CC=CC=C2)[C@@H]2CN(S(=O)(=O)C3=CC=C(Cl)C=C3)C[C@H]12,0.9867039918899536,1,0.967247724533081,1,0.3762097706215352,0
CNP0086989.3,COC1=CC2=C(C=C1OC)[C@]1(O)C(=O)C3=CC=C4O[C@H]([C@](C)(O)CO)CC4=C3O[C@@H]1CO2,0.9866771697998047,1,0.9999947547912598,1,0.3735216706425147,0
CNP0086989.1,COC1=CC2=C(C=C1OC)[C@]1(O)C(=O)C3=CC=C4O[C@H]([C@@](C)(O)CO)CC4=C3O[C@@H]1CO2,0.9866771697998047,1,0.9999947547912598,1,0.3735216706425147,0
CNP0086989.2,COC1=CC2=C(C=C1OC)[C@]1(O)C(=O)C3=CC=C4O[C@@H]([C@@](C)(O)CO)CC4=C3O[C@@H]1CO2,0.9866771697998047,1,0.9999947547912598,1,0.3735216706425147,0
CNP0086989.4,COC1=CC2=C(C=C1OC)[C@]1(O)C(=O)C3=CC=C4O[C@@H]([C@](C)(O)CO)CC4=C3O[C@@H]1CO2,0.9866771697998047,1,0.9999947547912598,1,0.3735216706425147,0
CNP0540407.1,CC1CCC[C@H](C)[C@@]12CC[C@@H](C(C)(C)O)C2,0.9866369962692261,1,0.9999790191650391,1,0.3087831402257873,0
CNP0287896.3,COC(=O)[C@@]1(C)C[C@@H]2[C@@](C)(CC(C)=C3C4=CC=C5C(=CC(=O)C(O)=C5C)[C@]4(C)CC[C@]32C)C(=O)[C@H]1O,0.986634373664856,1,0.9997298121452332,1,0.4737194128808478,0
CNP0287896.4,COC(=O)[C@@]1(C)C[C@@H]2[C@](C)(CC(C)=C3C4=CC=C5C(=CC(=O)C(O)=C5C)[C@]4(C)CC[C@]32C)C(=O)[C@@H]1O,0.986634373664856,1,0.9997298121452332,1,0.4737194128808478,0
CNP0287896.1,COC(=O)[C@@]1(C)C[C@@H]2[C@@](C)(CC(C)=C3C4=CC=C5C(=CC(=O)C(O)=C5C)[C@]4(C)CC[C@]32C)C(=O)[C@@H]1O,0.986634373664856,1,0.9997298121452332,1,0.4737194128808478,0
CNP0287896.2,COC(=O)[C@]1(C)C[C@@H]2[C@@](C)(CC(C)=C3C4=CC=C5C(=CC(=O)C(O)=C5C)[C@@]4(C)CC[C@@]32C)C(=O)[C@H]1O,0.986634373664856,1,0.9997298121452332,1,0.4737194128808478,0
CNP0487807.1,O=C(C1=NN2C(=N1)N(C(=O)C1CCCCC1)[C@H]1CCCC[C@H]1C21CCCCC1)N1CCOCC1,0.9866105914115906,1,0.9999898672103882,1,0.4188696842373313,0
CNP0551100.1,COC1=CC=C(S(=O)(=O)N[C@H](C)C2=C(C(=O)O)C(C3=CC=CC=C3)=NO2)C=C1,0.9865953922271729,1,0.9721910953521729,1,0.3325430402930402,0
CNP0507392.0,CCCSC1=NN=C2C3=CC(Br)=CC=C3NC3(CCCC3)OC2=N1,0.9865923523902893,1,0.9994194507598877,1,0.5470465367965369,1
CNP0373511.1,CC[C@H](C)[C@H](NC(=O)CN)C(=O)N[C@@H](C)C(=O)O,0.9865338802337646,1,1.0,1,0.4183310839487311,0
CNP0152264.1,N#C[C@H](CC(=O)O)[C@H](N)C(=O)O,0.9865224957466125,1,0.9928566217422485,1,0.3234836813513284,0
CNP0152264.2,N#C[C@@H](CC(=O)O)[C@H](N)C(=O)O,0.9865224957466125,1,0.9928566217422485,1,0.3234836813513284,0
CNP0052171.1,CC(=O)N[C@]1(C)CCCC[C@@H]1O,0.9865149855613708,1,0.9994708895683289,1,0.3816997708174178,0
CNP0430567.1,CC[C@H](O)C[C@H]1CC[C@H]([C@H](C)C(=O)OC)O1,0.9864956140518188,1,0.9999998807907104,1,0.4242983409651119,0
CNP0140890.1,O=C(NC1=CC=CC=C1)N1C[C@@H]2COCCN2C2(C1)CN(S(=O)(=O)C1=CC=CC=C1)C2,0.9864734411239624,1,0.9992777705192566,1,0.3298287545787545,0
CNP0119497.2,CC(C)(C)C1=CC=C(S(=O)(=O)N[C@H](CC2=CNC3=CC=CC=C23)C(=O)O)C=C1,0.986457884311676,1,0.9166173338890076,1,0.4535476570213411,0
CNP0119497.1,CC(C)(C)C1=CC=C(S(=O)(=O)N[C@@H](CC2=CNC3=CC=CC=C23)C(=O)O)C=C1,0.986457884311676,1,0.9166173338890076,1,0.4535476570213411,0
CNP0158971.1,COC[C@H]1CCCN1C(=O)C1=C([C@H](C)O)ON=C1C1=CC=CS1,0.9864059090614319,1,0.9999898672103882,1,0.4451359584575696,0
CNP0052730.2,COC(=O)[C@@H](CC1=CC=CC=C1)NC(=O)[C@@H](CC1=CC=CC=C1)NC(=O)OC(C)(C)C,0.9864038228988647,1,0.9996888637542725,1,0.6066291486291486,1
CNP0052730.1,COC(=O)[C@H](CC1=CC=CC=C1)NC(=O)[C@@H](CC1=CC=CC=C1)NC(=O)OC(C)(C)C,0.9864038228988647,1,0.9996888637542725,1,0.6066291486291486,1
CNP0052730.3,COC(=O)[C@H](CC1=CC=CC=C1)NC(=O)[C@H](CC1=CC=CC=C1)NC(=O)OC(C)(C)C,0.9864038228988647,1,0.9996888637542725,1,0.6066291486291486,1
CNP0052730.4,COC(=O)[C@@H](CC1=CC=CC=C1)NC(=O)[C@H](CC1=CC=CC=C1)NC(=O)OC(C)(C)C,0.9864038228988647,1,0.9996888637542725,1,0.6066291486291486,1
CNP0396174.1,COC1=C2C[C@@H](C(C)(C)O)OC2=CC2=C1C(=O)C=C(COC(=O)CC(C)C)O2,0.986393392086029,1,1.0,1,0.3647028732705203,0
CNP0265725.0,NC(CC1=CNC2=CC=CC=C12)C(=O)NC(CC1=CC=C(O)C=C1)C(=O)O,0.9863339066505432,1,0.9943109750747681,1,0.4660956486042692,0
CNP0122077.0,CC(C)(O)C1=CC=C(C(=O)O)CC1,0.9863067269325256,1,0.991131603717804,1,0.2644439294365764,0
CNP0585035.1,CN1N=CN=C1C1=CC=C2OC[C@H]3CN(S(C)(=O)=O)CCN3CC(=O)NC2=C1,0.9862678050994873,1,0.9999748468399048,1,0.3680680194138432,0
CNP0131856.1,COC1=CC2=C(C=C1OC)C1=C(C2)C(C(=O)N(C)C[C@@H]2CCCN3CCCC[C@H]23)=NN1,0.9862213134765625,1,0.9999508857727051,1,0.4481784773197816,0
CNP0166248.1,CC(C)(C)C(=O)N1CCN2[C@@H](C1)CN(S(=O)(=O)C1=CC=CC=C1)CC2(C)C,0.9861816167831421,1,0.9348787069320679,1,0.3166013708513708,0
CNP0600493.1,CCC1=NN2C(=N1)N(C(=O)C1CC1)[C@H]1CCCC[C@H]1C21CCCCC1,0.9861650466918945,1,0.9999992847442627,1,0.4933412698412698,0
CNP0553071.0,COCCN1C(=O)CC2(CCN(S(=O)(=O)C(C)C)CC2)N2N=CC=C12,0.9861184358596802,1,0.9988215565681458,1,0.2837408963585434,0
CNP0176833.0,CCS(=O)(=O)N1CCC(C(=O)NC2=C3CCN(C)CC3=C(OC)C3=C2OCO3)CC1,0.9861104488372803,1,1.0,1,0.3096164081017022,0
CNP0562473.0,CC(C)N1C(=O)C2=CC=CC=C2C(C(=O)N(C)C)C12CCN(S(=O)(=O)C1=CN(C)C=N1)CC2,0.9860629439353943,1,0.9999991655349731,1,0.5164919149477974,1
CNP0346913.1,CC[C@H](C)[C@H](NC(=O)[C@@H](N)CO)C(=O)O,0.9860628247261047,1,0.9999363422393799,1,0.4855067693744164,0
CNP0571683.1,CCC(C)[C@H](NC(=O)[C@@H](CC1=CNC2=CC=CC=C12)N1C(O)=NC2=CC=CC=C2C1=O)C(=O)O,0.9860296845436096,1,0.9999949932098389,1,0.4848752913752913,0
CNP0085951.0,CCC1(C)CCCCC1,0.9859681129455566,1,0.9996592998504639,1,0.2932668148844619,0
CNP0587229.1,CC(=O)N1C2=NC(C(=O)N3CCOCC3)=NN2C2(CCCCC2)[C@@H]2CCCC[C@@H]21,0.9858797192573547,1,0.9999716281890869,1,0.4143144894321364,0
CNP0493551.1,CCCC[C@@H](CC)C(N)=O,0.9858782291412354,1,0.9948847889900208,1,0.3662969236645707,0
CNP0030131.0,NC1=NC=NC2=C1N=NN2C1OC(CO)C(O)C1O,0.985824465751648,1,0.9833067059516907,1,0.3356068943786112,0
CNP0533777.0,O=C1NC(C2=CC=CC=C2)=NC2=C1C1(CCCCC1)CC1=CC=CC=C12,0.9857571721076965,1,0.9042345881462097,1,0.4085834138211139,0
CNP0024579.1,O=C(NC1=C2[C@@H]3C[C@@H](CN(S(=O)(=O)C4=CC=CC=C4)C3)CN2C(=O)C=C1)C1=CC=CO1,0.9857546091079712,1,0.5511091947555542,1,0.4317921522921523,0
CNP0157645.1,CC1(C)CC[C@@H]([C@](C)(O)[C@H]2CC[C@@]3(O)C4=CC(=O)[C@]5(O)C[C@@H](O)[C@@H](O)C[C@]5(C)[C@H]4CC[C@]23C)O1,0.9857309460639954,1,0.9986603260040283,1,0.3774541524511099,0
CNP0378309.1,COC1=CC(/C=C/[C@@]23NC(=O)CN2C2=CC=CC=C2C3(C)C)=CC=C1OCC(C)C,0.9857093095779419,1,0.9857951402664185,1,0.3410280552780552,0
CNP0378309.2,COC1=CC(/C=C/[C@]23NC(=O)CN2C2=CC=CC=C2C3(C)C)=CC=C1OCC(C)C,0.9857093095779419,1,0.9857951402664185,1,0.3410280552780552,0
CNP0228558.1,COC(=O)C[C@H]1C(=O)C[C@@]2(C)[C@H](C)[C@@H](O)C[C@@]2(C)[C@@H]1C,0.985701322555542,1,0.998991072177887,1,0.3833700327450328,0
CNP0304820.6,CC(C)[C@H](NC(=O)OC(C)(C)C)C(=O)NC[C@H]1CC[C@H](C(=O)N[C@H](C(=O)O)[C@@H](C)O)CC1,0.9856215119361877,1,0.9999995231628418,1,0.4800716901261793,0
CNP0304820.1,CC(C)[C@H](NC(=O)OC(C)(C)C)C(=O)NC[C@H]1CC[C@H](C(=O)N[C@H](C(=O)O)C(C)O)CC1,0.9856215119361877,1,0.9999995231628418,1,0.4800716901261793,0
CNP0304820.3,CC(C)[C@H](NC(=O)OC(C)(C)C)C(=O)NC[C@H]1CC[C@H](C(=O)N[C@H](C(=O)O)[C@H](C)O)CC1,0.9856215119361877,1,0.9999995231628418,1,0.4800716901261793,0
CNP0304820.5,CC(C)[C@@H](NC(=O)OC(C)(C)C)C(=O)NC[C@H]1CC[C@H](C(=O)N[C@H](C(=O)O)[C@@H](C)O)CC1,0.9856215119361877,1,0.9999995231628418,1,0.4800716901261793,0
CNP0304820.2,CC(O)[C@H](NC(=O)[C@H]1CC[C@H](CNC(=O)[C@H](NC(=O)OC(C)(C)C)C(C)C)CC1)C(=O)O,0.9856215119361877,1,0.9999995231628418,1,0.4800716901261793,0
CNP0304820.4,CC(C)[C@@H](NC(=O)OC(C)(C)C)C(=O)NC[C@H]1CC[C@H](C(=O)N[C@H](C(=O)O)[C@H](C)O)CC1,0.9856215119361877,1,0.9999995231628418,1,0.4800716901261793,0
CNP0384223.1,C[C@@H](NC1=NC=NC2=C1N=CN2[C@@H]1O[C@H](CO)[C@H](O)[C@H]1O)C1=CC=CC=C1,0.985609233379364,1,0.9982098340988159,1,0.4557431457431457,0
CNP0594323.2,O=C(NC1=CC=C(Cl)C=C1)[C@@H]1SC2=NN=C(C3=CC=CC=C3)N2NC12CCCCC2,0.9855923652648926,1,0.9999909400939941,1,0.3345105172605172,0
CNP0594323.1,O=C(NC1=CC=C(Cl)C=C1)[C@H]1SC2=NN=C(C3=CC=CC=C3)N2NC12CCCCC2,0.9855923652648926,1,0.9999909400939941,1,0.3345105172605172,0
CNP0192901.2,COC1=C2C[C@@H]([C@@](C)(O)COC(C)=O)OC2=NC2=CC=CC=C12,0.9855917692184448,1,0.9993113279342651,1,0.4013809523809523,0
CNP0192901.3,COC1=C2C[C@H]([C@@](C)(O)COC(C)=O)OC2=NC2=CC=CC=C12,0.9855917692184448,1,0.9993113279342651,1,0.4013809523809523,0
CNP0192901.1,COC1=C2CC([C@@](C)(O)COC(C)=O)OC2=NC2=CC=CC=C12,0.9855917692184448,1,0.9993113279342651,1,0.4013809523809523,0
CNP0516517.0,CCC(C)C(C(=O)O)N(C(=O)C(N)CC(C)C)C(C(=O)O)C(C)CC,0.9855870008468628,1,0.9998840093612671,1,0.3814605933282403,0
CNP0184894.1,CCOC(=O)C[C@H](O)C[C@H](O)CC[C@@H]1[C@@H]2C(=CCC[C@@H]2OC(=O)[C@@H](C)CC)C=C[C@@H]1C,0.9855581521987915,1,0.9999996423721313,1,0.3834167776667777,0
CNP0542511.0,NC(CC(=O)O)C(=O)[O-],0.9855470657348633,1,0.9942593574523926,1,0.303871487989135,0
CNP0455124.2,CC1(C)C[C@H](NS(=O)(=O)C2=CC=CC=C2)[C@]2(CCC(=O)N3CCCC3)CC[C@@](C)(O)C[C@@H]12,0.9855216145515442,1,0.9837192893028259,1,0.450226800976801,0
CNP0455124.1,CC1(C)C[C@H](NS(=O)(=O)C2=CC=CC=C2)[C@@]2(CCC(=O)N3CCCC3)CC[C@](C)(O)C[C@@H]12,0.9855216145515442,1,0.9837192893028259,1,0.450226800976801,0
CNP0511241.0,O=S(=O)(C1=CC=CC=C1)N1CCC2(CC1)NC1=CC=C(Cl)C=C1N1C=CC=C12,0.9854844212532043,1,0.9997732043266296,1,0.2847228327228327,0
CNP0268648.2,O=C1NC(=O)C2=C(N1)N([C@@H]1O[C@@H](CO)[C@@H](O)[C@H]1O)C=N2,0.9854825735092163,1,0.9998917579650879,1,0.4969918680650553,0
CNP0268648.1,O=C1NC(=O)C2=C(N1)N([C@@H]1O[C@H](CO)[C@@H](O)[C@H]1O)C=N2,0.9854825735092163,1,0.9998917579650879,1,0.4969918680650553,0
CNP0183221.1,CC1=C(C(=O)O)CC[C@]2(C)C3=CC=C(C(C)C)C(O)=C3CC[C@@H]12,0.9854651093482971,1,0.9973554611206055,1,0.3617764885441356,0
CNP0183221.2,CC1=C(C(=O)O)CC[C@@]2(C)C3=CC=C(C(C)C)C(O)=C3CC[C@@H]12,0.9854651093482971,1,0.9973554611206055,1,0.3617764885441356,0
CNP0346940.1,CC(C)[C@H](NC(=O)[C@@H](N)[C@@H](C)O)C(=O)O,0.9853929877281189,1,0.9950459003448486,1,0.3758947588359353,0
CNP0267771.1,C[C@H](C(=O)O)[C@H]1CC[C@]2(C)[C@H]3C[C@@H]4[C@H](C13)[C@@]42C,0.9853825569152832,1,0.9999545812606812,1,0.3181860623037094,0
CNP0310819.2,C[C@H]1CC[C@]2(C)C(C(=O)O)=CCC[C@H]2[C@]1(C)CCC1=CC(=O)NC1,0.9853310585021973,1,0.6974141597747803,1,0.3715907980907981,0
CNP0310819.1,C[C@@H]1CC[C@@]2(C)C(C(=O)O)=CCC[C@@H]2[C@@]1(C)CCC1=CC(=O)NC1,0.9853310585021973,1,0.6974141597747803,1,0.3715907980907981,0
CNP0297229.1,COC1=CC2=C(CC[C@@H]3C(C)=C(C(=O)O)CC[C@@]23C)C(O)=C1C(C)C,0.9852848649024963,1,0.9999610185623169,1,0.3902138583638584,0
CNP0386779.1,CCCOC1=CC=C(C2CN3C(=O)CN(CC(C)C)C(=O)[C@]3(C)C3=C2C2=CC=CC=C2N3)C=C1OC,0.9852697253227234,1,0.9993669390678406,1,0.5251560245310246,1
CNP0185954.0,O=C(O)C(CC1=CNC2=CC=CC=C12)NS(=O)(=O)C1=CC=CC=C1,0.9852065443992615,1,0.997893750667572,1,0.3941897546897547,0
CNP0291367.2,C[C@H](C(=O)O)[C@H]1CC[C@H]2[C@@H]3[C@H](O)CC4=CC(=O)CC[C@]4(C)[C@H]3CC(=O)[C@]12C,0.9851788878440857,1,0.9999997615814209,1,0.3720962544507437,0
CNP0291367.1,CC(C(=O)O)C1CCC2C3C(CC(=O)[C@]12C)[C@@]1(C)CCC(=O)C=C1C[C@H]3O,0.9851788878440857,1,0.9999997615814209,1,0.3720962544507437,0
CNP0291367.3,C[C@@H](C(=O)O)[C@H]1CC[C@H]2[C@@H]3[C@H](O)CC4=CC(=O)CC[C@]4(C)[C@H]3CC(=O)[C@]12C,0.9851788878440857,1,0.9999997615814209,1,0.3720962544507437,0
CNP0521644.1,C[C@@H]1CC[C@H]2C(C(=O)O)=CCC[C@@H]2[C@@]1(C)CCC1=COC=C1,0.9851589798927307,1,0.9757722020149231,1,0.5524488847440976,1
CNP0531645.1,C[C@H](NC(=O)[C@H](CC1=CC=CC=C1)NC(=O)C1=CC2=CC(Cl)=CC=C2N1C)C(=O)O,0.9851245284080505,1,0.9999704360961914,1,0.4831427630340673,0
CNP0555787.1,CC1=NC=CC(OC[C@@H]2CN(S(=O)(=O)C3=CC=C(Cl)C=C3)[C@H]3C4=CC=CC=C4OC[C@@H]23)=N1,0.9850799441337585,1,0.6426840424537659,1,0.352197204164092,0
CNP0538554.0,CC(C)N1C(=O)C2=CC=CC=C2C(C(=O)N2CCC2)C12CCN(S(=O)(=O)C1=CN(C)C=N1)CC2,0.9850502610206604,1,0.9999935626983643,1,0.526890565317036,1
CNP0527029.0,CCC(C)C(NC(=O)C1CCCN1C(=O)C(N)C(C)C)C(=O)O,0.9849783182144165,1,0.999992847442627,1,0.3723643578643578,0
CNP0490212.1,CC(C)(O)[C@@H](O)CC[C@@](C)(O)[C@@H]1CC=C(C(=O)O)CC1,0.9848757386207581,1,0.9982404708862305,1,0.291649016016663,0
CNP0602337.1,COC[C@@H]1C[C@H](N2C=C(NS(C)(=O)=O)C=N2)CN1C(=O)NC(C)C,0.9848614931106567,1,1.0,1,0.5076547325223796,1
CNP0220484.0,CC1(C)CCCC2C=C(C(=O)O)C3CCC21C3,0.9846591949462891,1,0.9692715406417847,1,0.3716300904977376,0
CNP0217623.1,CC[C@H](C)[C@@](O)(CC(=O)O)C(=O)O,0.9846587181091309,1,0.9999686479568481,1,0.2810902985902985,0
CNP0186234.1,C[C@@H](SC[C@H](N)C(=O)O)[C@@H](N)C(=O)O,0.984652042388916,1,0.5598128437995911,1,0.3319896062774661,0
CNP0186234.2,C[C@H](SC[C@H](N)C(=O)O)[C@H](N)C(=O)O,0.984652042388916,1,0.5598128437995911,1,0.3319896062774661,0
CNP0399629.1,CC[C@H](C)C(=O)OC[C@@](C)(OC)C1=CC=C(C)C=C1O,0.9846425652503967,1,0.9999878406524658,1,0.2849198285374756,0
CNP0399629.3,CC[C@@H](C)C(=O)OC[C@@](C)(OC)C1=CC=C(C)C=C1O,0.9846425652503967,1,0.9999878406524658,1,0.2849198285374756,0
CNP0399629.2,CC[C@@H](C)C(=O)OC[C@](C)(OC)C1=CC=C(C)C=C1O,0.9846425652503967,1,0.9999878406524658,1,0.2849198285374756,0
CNP0588282.0,CCCC(=O)N1CCCN(C2=NC3=CC(OC)=C(OC)C=C3C(=N)N2)CC1,0.98457932472229,1,0.9548799395561218,1,0.3551282589959061,0
CNP0155925.1,C[C@@H]([C@H](O)CCC(C)(C)O)[C@H]1CC[C@H]2C3=CC(=O)[C@@H]4C[C@@H](O)[C@@H](O)C[C@]4(C)[C@@H]3CC[C@]12C,0.9845671653747559,1,0.99996018409729,1,0.4130465029338622,0
CNP0150091.2,CC1=CC(=O)O[C@@H]1C[C@@]1(C)[C@H](C)CC[C@]2(C)C(C(=O)O[C@@H]3O[C@H](CO)[C@@H](O)[C@H](O)[C@H]3O)=CCC[C@H]12,0.9844814538955688,1,0.9999994039535522,1,0.430809930682584,0
CNP0150091.1,CC1=CC(=O)O[C@H]1C[C@@]1(C)[C@H](C)CC[C@]2(C)C(C(=O)O[C@@H]3O[C@H](CO)[C@@H](O)[C@H](O)[C@H]3O)=CCC[C@H]12,0.9844814538955688,1,0.9999994039535522,1,0.430809930682584,0
CNP0330356.0,NCC1(CC(=O)O)CCCCC1,0.9844706058502197,1,0.9946075677871704,1,0.2768045051353874,0
CNP0138135.1,CC1=C(C(=O)O)[C@@H](O)[C@]2(C)CC[C@H]3[C@H](C)CC[C@]132,0.9842983484268188,1,0.9992986917495728,1,0.3991864591291063,0
CNP0138135.2,CC1=C(C(=O)O)[C@H](O)[C@]2(C)CC[C@H]3[C@H](C)CC[C@]132,0.9842983484268188,1,0.9992986917495728,1,0.3991864591291063,0
CNP0201586.1,CC1=CC([C@H]2[C@@H](C(C)C)CC[C@@]2(C)CC(=O)O)=C(C(=O)O)C(O)=C1Br,0.9842707514762878,1,0.9999897480010986,1,0.2574547854106677,0
CNP0146890.1,COC1=CC=C(C2=NOC(C(=O)O)=C2[C@@H](C)NS(=O)(=O)C2=CC=CC=C2)C=C1,0.984181821346283,1,0.9257322549819946,1,0.2807652625152625,0
CNP0403435.0,O=C(O)C1=CC=C(C2=C3C=NNC3=NC3=C2OC2=CC(O)=CC=C23)C=C1,0.9841583967208862,1,0.9999896287918091,1,0.2926087174263644,0
CNP0288447.2,CCCCC(=O)OCC(=O)[C@@]1(O)CCC2C3CCC4=CC(=O)CC[C@]4(C)C3CC[C@@]21C,0.984062135219574,1,0.9999147653579712,1,0.3503419302919303,0
CNP0288447.1,CCCCC(=O)OCC(=O)[C@@]1(O)CC[C@H]2[C@@H]3CCC4=CC(=O)CC[C@]4(C)[C@H]3CC[C@@]21C,0.984062135219574,1,0.9999147653579712,1,0.3503419302919303,0
CNP0231987.1,C[C@@](O)(CO)[C@H]1CC[C@H](CO)CC1,0.9840546250343323,1,0.9999414682388306,1,0.2615308892603785,0
CNP0564958.1,O=C(C1=NN2C(=N1)N(C(=O)C1=CC=CO1)[C@H]1CCCC[C@H]1C21CCCCC1)N1CCOCC1,0.9839942455291748,1,0.9999926090240479,1,0.4519444444444444,0
CNP0124318.0,CCCCC(C)CC1=CC(CC)=C(CC(=O)O)O1,0.9839821457862854,1,0.9999996423721313,1,0.4381564197240667,0
CNP0201435.1,COC(=O)[C@H](CC1=CC=CC=C1)NC(=O)C1=CC(Cl)=C2C[C@@H](C)OC(=O)C2=C1O,0.9838712215423584,1,0.9999938011169434,1,0.5268414918414919,1
CNP0286470.1,C[C@@H](CCC(=O)O)CC[C@H]1[C@@H](C)CC[C@@H]2C(C(=O)O)=CCC[C@@]21C,0.9837424755096436,1,0.9379726052284241,1,0.38648556998557,0
CNP0126954.1,CC(C)(O)C1=CC=C2C(=C1O)CC[C@H]1C3=C(CC[C@]21C)C(=O)OC3,0.9837170839309692,1,0.999954104423523,1,0.2960620915032679,0
CNP0297950.0,CCOC(=O)CC(C1=CC=C(O)C=C1)C1=C(O)C2=CC=CC=C2NC1=O,0.9837051033973694,1,0.9741240739822388,1,0.3411309523809525,0
CNP0043553.1,CCCS(=O)(=O)NC1=C2[C@@H]3C[C@@H](CN(C(=O)NC4=CC=C(OC)C=C4)C3)CN2C(=O)C=C1,0.9836025238037109,1,1.0,1,0.3524182206682206,0
CNP0552416.1,CC[C@H](C)[C@@H](OC(=O)[C@@H](N)C(C)C)C(=O)N[C@@H](C(=O)OC(C)(C)C)C(C)C,0.9835959672927856,1,0.999504566192627,1,0.3768798962475433,0
CNP0261511.1,OC[C@H]1O[C@@H](N2C=NC=N2)[C@H](O)[C@@H]1O,0.9835906624794006,1,0.9935212731361389,1,0.4015571744906559,0
CNP0261511.2,OC[C@H]1O[C@@H](N2C=NC=N2)[C@@H](O)[C@@H]1O,0.9835906624794006,1,0.9935212731361389,1,0.4015571744906559,0
CNP0225117.4,C[C@H]([C@H](C)CC(C)(C)O)[C@H]1CC[C@@]2(O)C3=CC(=O)[C@@H]4C[C@@H](O)[C@@H](O)C[C@]4(C)[C@H]3CC[C@]12C,0.9835221767425537,1,1.0,1,0.3506340379478676,0
CNP0225117.3,C[C@H]([C@H](C)CC(C)(C)O)[C@@H]1CC[C@@]2(O)C3=CC(=O)[C@@H]4C[C@@H](O)[C@@H](O)C[C@]4(C)[C@H]3CC[C@]12C,0.9835221767425537,1,1.0,1,0.3506340379478676,0
CNP0225117.1,C[C@H]([C@H](C)CC(C)(C)O)[C@H]1CC[C@@]2(O)C3=CC(=O)[C@H]4C[C@@H](O)[C@@H](O)C[C@]4(C)[C@H]3CC[C@]12C,0.9835221767425537,1,1.0,1,0.3506340379478676,0
CNP0225117.2,C[C@H]([C@H](C)CC(C)(C)O)[C@@H]1CC[C@@]2(O)C3=CC(=O)[C@H]4C[C@@H](O)[C@@H](O)C[C@]4(C)[C@H]3CC[C@]12C,0.9835221767425537,1,1.0,1,0.3506340379478676,0
CNP0217711.0,O=C1CCC(C(=O)NC(CC2=CNC=N2)C(=O)N2CCCC2C(=O)O)N1,0.9835143089294434,1,0.9994800686836243,1,0.4914085357367092,0
CNP0586667.0,CC1=CC=CC(CNC2=NCCNC23CCN(S(=O)(=O)C2=CC=C(C(C)C)C=C2)CC3)=C1,0.9834483861923218,1,0.9999998807907104,1,0.4670717108977978,0
CNP0075237.2,CC(C)(O)CCC[C@@](C)(O)C1=CC=C(C(=O)O)C=C1,0.9834217429161072,1,0.9966883063316345,1,0.2826827461753931,0
CNP0075237.1,CC(C)(O)CCC[C@](C)(O)C1=CC=C(C(=O)O)C=C1,0.9834217429161072,1,0.9966883063316345,1,0.2826827461753931,0
CNP0072436.1,COC1=C(C)C(OC[C@@H]2[C@@]3(C)CCCC(C)(C)[C@@H]3CC[C@@]2(C)O)=C2C(=O)OC(O)C2=C1C(=O)O,0.9833299517631531,1,0.9998737573623657,1,0.3802890859140859,0
CNP0263596.1,C=C=CC[C@H](N)C(=O)O,0.9832754731178284,1,0.9944658875465393,1,0.2799252397928867,0
CNP0481331.0,CCCC(O)C(CC)C(=O)O,0.9832296967506409,1,0.9999977350234985,1,0.348909117026764,0
CNP0523511.0,CCCC1=NC(C)=C2C(=O)N=C(C3=CC(S(=O)(=O)N4CCN(CC)CC4)=CC=C3OCC)NN12,0.9832198023796082,1,0.999997615814209,1,0.4832594848523842,0
CNP0231284.0,CCOC(=O)N1CCN(S(=O)(=O)C2=C3CCN(C)CC3=C(OC)C3=C2OCO3)CC1,0.9832097291946411,1,1.0,1,0.4481566214518343,0
CNP0256001.1,C[C@H]([C@H](O)CCC(C)(C)O)[C@H]1CC[C@@]2(O)C3=CC(=O)[C@@H]4CC(=O)CC[C@]4(C)[C@H]3CC[C@]12C,0.9831739068031311,1,0.9999752044677734,1,0.3337308802308801,0
CNP0116237.1,N[C@@H](CC1=CC=C(O)C=C1)C(=O)O,0.9831646084785461,1,0.9803388118743896,1,0.4228217044393515,0
CNP0116237.2,N[C@H](CC1=CC=C(O)C=C1)C(=O)O,0.9831646084785461,1,0.9803388118743896,1,0.4228217044393515,0
CNP0362856.1,CC1=CC=C(S(=O)(=O)N[C@@H](CO)C(=O)N[C@@H](CC2=CC=C(O)C=C2)C(=O)O)C=C1,0.9831578135490417,1,0.9996395111083984,1,0.5346333666333666,1
CNP0354431.1,CCOC1=C(C2=CC=C(O)C=C2)[C@](CC2=CC=C(O)C(C[C@H](O)C(C)(C)O)=C2)(C(=O)OC)OC1=O,0.9831180572509766,1,0.999998927116394,1,0.3645689585827883,0
CNP0128673.0,CC(C(O)CCC(C)(C)O)C1CCC2(O)C3=CC(=O)C4CC(=O)C(O)CC4(C)C3CCC12C,0.9830410480499268,1,0.9999805688858032,1,0.3438538961038961,0
CNP0435990.1,CSC[C@H]1O[C@@H](N2C=NC3=C(O)N=C(N)N=C32)[C@H](O)[C@@H]1O,0.9830254316329956,1,0.9912234544754028,1,0.3805962386631682,0
CNP0155966.1,CC(C)[C@H]1CC[C@H](C)C2=CC=C(C(=O)O)[C@@H]2C1,0.9828952550888062,1,0.9999027252197266,1,0.3941237079913551,0
CNP0428434.1,C[C@@]1(CO)C[C@H]2C=C(C(=O)O)[C@@H]3CC[C@]3(C)[C@H]2C1,0.9828281402587891,1,0.8225035667419434,1,0.2537136360371654,0
CNP0576857.1,N#CC1=CN([C@@H]2O[C@H](CO)[C@@H](O)[C@H]2O)C2=NC=NC(O)=C12,0.9827987551689148,1,0.9776908755302429,1,0.3767625273551644,0
CNP0294268.2,COC(=O)CCC(C)[C@H]1CC(=O)[C@@]2(C)C3=C(C(=O)[C@@H](O)[C@]12C)[C@@]1(C)CC[C@H](O)C(C)(C)[C@@H]1CC3=O,0.9827545285224915,1,1.0,1,0.4554325396825397,0
CNP0294268.1,COC(=O)CC[C@@H](C)[C@H]1CC(=O)[C@@]2(C)C3=C(C(=O)[C@@H](O)[C@]12C)[C@@]1(C)CC[C@H](O)C(C)(C)[C@@H]1CC3=O,0.9827545285224915,1,1.0,1,0.4554325396825397,0
CNP0404114.0,CC(C)CC1=C2C=NNC2=NC2=C1OC1=CC(O)=CC=C12,0.982743501663208,1,0.9999998807907104,1,0.3137889984979498,0
CNP0334323.1,C[C@@H]1CC[C@]2(CCC[C@@H](CC3=NC4=C(C(=O)O)C(O)=CC=C4O3)O2)O[C@@H]1[C@H](C)C(=O)C1=CC=CN1,0.9826599955558777,1,0.9999877214431763,1,0.4473299671592776,0
CNP0334323.2,C[C@H](C(=O)C1=CC=CN1)[C@H]1O[C@@]2(CCCC(CC3=NC4=C(C(=O)O)C(O)=CC=C4O3)O2)CC[C@@H]1C,0.9826599955558777,1,0.9999877214431763,1,0.4473299671592776,0
CNP0498360.0,CCCSC1=NN=C2C3=CC=CC=C3NC3(CCCCC3)OC2=N1,0.9825659990310669,1,0.9969744682312012,1,0.4891248196248196,0
CNP0177088.1,COC(=O)[C@]1(CC2=CC=C(O)C(CC(O)C(C)(C)O)=C2)OC(=O)C(O)=C1C1=CC=C(O)C=C1,0.9825395345687866,1,0.9999661445617676,1,0.4436856252494551,0
CNP0177088.2,COC(=O)[C@]1(CC2=CC=C(O)C(C[C@H](O)C(C)(C)O)=C2)OC(=O)C(O)=C1C1=CC=C(O)C=C1,0.9825395345687866,1,0.9999661445617676,1,0.4436856252494551,0
CNP0160188.0,CC1CCC2(C)CC3=C(C(=O)O)CCC31C2(C)C,0.9825108647346497,1,0.9962384700775146,1,0.3633628433345267,0
CNP0089557.1,CC(=O)O[C@@]12C[C@@H](C)[C@](O)(CCC3=CC(=O)OC3)[C@@]3(C)CCC[C@@](C)([C@@H]4CCC[C@H]4NN1)[C@@H]32,0.9824950098991394,1,0.9998972415924072,1,0.3264508282395279,0
CNP0553885.0,COC1=CC(CNC2=CC=C(C(=O)O)C=C2)=CC=C1OCC1=CC=CC=C1,0.9824696779251099,1,0.9979520440101624,1,0.3985158036408036,0
CNP0280395.4,COC(=O)[C@@]1(CC2=CC=C3O[C@H](C(C)(C)O)CC3=C2)OC(=O)C(O)=C1C1=CC=C(O)C=C1,0.9822845458984375,1,0.9999949932098389,1,0.3503070538208836,0
CNP0280395.3,COC(=O)[C@]1(CC2=CC=C3O[C@@H](C(C)(C)O)CC3=C2)OC(=O)C(O)=C1C1=CC=C(O)C=C1,0.9822845458984375,1,0.9999949932098389,1,0.3503070538208836,0
CNP0280395.1,COC(=O)[C@]1(CC2=CC=C3O[C@H](C(C)(C)O)CC3=C2)OC(=O)C(O)=C1C1=CC=C(O)C=C1,0.9822845458984375,1,0.9999949932098389,1,0.3503070538208836,0
CNP0280395.2,COC(=O)[C@]1(CC2=CC=C3OC(C(C)(C)O)CC3=C2)OC(=O)C(O)=C1C1=CC=C(O)C=C1,0.9822845458984375,1,0.9999949932098389,1,0.3503070538208836,0
CNP0280395.5,COC(=O)[C@@]1(CC2=CC=C3O[C@@H](C(C)(C)O)CC3=C2)OC(=O)C(O)=C1C1=CC=C(O)C=C1,0.9822845458984375,1,0.9999949932098389,1,0.3503070538208836,0
CNP0382386.0,COC1=CC(C(=O)C2=C(C3=CC=C(O)C=C3)C3=C(N2)NC(=O)NC3=O)=CC=C1O,0.9822738766670227,1,0.9984868764877319,1,0.4075516840045237,0
CNP0594677.1,COC[C@H]1C[C@@H](NS(=O)(=O)C(C)C)[C@H](O)[C@@H]1O,0.9822247624397278,1,0.9999997615814209,1,0.4265420456923015,0
CNP0528028.1,CO[C@@H]1C(=O)N(CC2=CC=CC=C2)[C@@H]2CN(S(=O)(=O)C3=CN(C)C(C)=N3)C[C@H]12,0.9820988178253174,1,0.9719879627227783,1,0.4463327228327228,0
CNP0386715.1,CCOC1=C(OC)C=CC=C1C1CN2C(=O)CN(C3CC3)C(=O)[C@]2(C)C2=C1C1=CC=CC=C1N2,0.9819809794425964,1,0.9831190705299377,1,0.450931512931513,0
CNP0446924.1,COC(=O)[C@@H](CC1=CC=CN=C1)NC(=O)[C@@H]1CN(S(C)(=O)=O)CCN1C(=O)C1=CC=CS1,0.9819400906562805,1,0.9994319081306458,1,0.4264033482857012,0
CNP0600290.1,N[C@@H](CC1=CNC=N1)C(=O)N[C@@H](CC1=CC=C(O)C=C1)C(=O)O,0.9819313287734985,1,0.9988330006599426,1,0.4751828725110458,0
CNP0104178.1,CCC(CO)C(O)CC(O)C(C)CCC(C)CCC[C@]1(C)[C@@H](CC)C(=O)C=C[C@@]1(C)O,0.9819289445877075,1,1.0,1,0.3141883701094227,0
CNP0104178.2,CC[C@H](CO)[C@H](O)C[C@H](O)[C@H](C)CC[C@H](C)CCC[C@]1(C)[C@@H](CC)C(=O)C=C[C@@]1(C)O,0.9819289445877075,1,1.0,1,0.3141883701094227,0
CNP0080964.1,O=C(N[C@@H](CC1=CC=C(O)C=C1)C(=O)O)OCC1C2=CC=CC=C2C2=CC=CC=C21,0.9818587303161621,1,0.8463799357414246,1,0.4769798549403812,0
CNP0097715.1,COC[C@@]1(O)C2(CCCC2)[C@@H]2C[C@H]3CCC[C@]2(C)[C@]31C,0.9816663861274719,1,1.0,1,0.2648303918303918,0
CNP0106019.1,CCCCN1CC(=O)N2CC(C3=CC=CC(OC)=C3OC)C3=C(NC4=CC=CC=C34)[C@@]2(C)C1=O,0.9816147685050964,1,0.99908447265625,1,0.487241341991342,0
CNP0517149.0,CCCC1=CC=C(S(=O)(=O)N2CCC3(CC2)NCCN=C3NCC2=CC=C3OCOC3=C2)C=C1,0.981463611125946,1,0.9999566078186035,1,0.4773220884272451,0
CNP0597644.1,COC1=CC=C(Cl)C=C1NC(=O)[C@H]1C[C@H](C(C)O)N[C@]12C(O)=NC1=CC=CC=C12,0.9814608693122864,1,0.9998375177383423,1,0.3090060772560772,0
CNP0134193.4,CC(C)(O)[C@H]1CC[C@@](C)([C@@H]2[C@@H](O)C[C@@]3(C)[C@@H]4[C@H](O)C[C@H]5C(C)(C)[C@@H](O)CC[C@@]56C[C@@]46CC[C@]23C)O1,0.9813951849937439,1,1.0,1,0.3512437490613961,0
CNP0134193.3,CC(C)(O)[C@@H]1CC[C@](C)([C@H]2[C@@H](O)C[C@@]3(C)[C@H]4[C@@H](O)C[C@@H]5C(C)(C)[C@@H](O)CC[C@@]56C[C@@]46CC[C@]23C)O1,0.9813951849937439,1,1.0,1,0.3512437490613961,0
CNP0134193.2,CC(C)(O)[C@H]1CC[C@@](C)([C@H]2[C@@H](O)C[C@@]3(C)[C@@H]4[C@H](O)C[C@H]5C(C)(C)[C@@H](O)CC[C@@]56C[C@@]46CC[C@]23C)O1,0.9813951849937439,1,1.0,1,0.3512437490613961,0
CNP0134193.1,CC(C)(O)[C@H]1CC[C@@](C)(C2[C@@H](O)C[C@@]3(C)[C@@H]4[C@H](O)C[C@H]5C(C)(C)[C@@H](O)CC[C@@]56C[C@@]46CC[C@]23C)O1,0.9813951849937439,1,1.0,1,0.3512437490613961,0
CNP0531203.1,CC(C)(O)[C@H]1CC[C@@](C)([C@H]2[C@@H](O)C[C@@]3(C)[C@@H]4CC[C@H]5C(C)(C)NC(=O)CC[C@@]56C[C@@]46CC[C@]23C)O1,0.9813835024833679,1,0.9986646175384521,1,0.2954382073808543,0
CNP0467407.1,CCOC(=O)[C@@H](NS(=O)(=O)C1=CC=C(C)C=C1)[C@@H](C)O,0.9813771843910217,1,0.9989340901374817,1,0.4423695193695193,0
CNP0336843.0,CC1(C(=O)O)CSC(C(C)(C)C(O)C2CSC(C3CSC(C4CCCC(O)C4)=N3)N2)=N1,0.9813681244850159,1,0.9999961853027344,1,0.4075689588189587,0
CNP0361196.1,CCCC(=O)O[C@H]1CCC2=CC(=O)C([C@@H](C)C(=O)O)=C[C@]2(C)[C@H]1C,0.9813640713691711,1,0.9999055862426758,1,0.3190032467532467,0
CNP0035958.1,O=S(=O)(C[C@@H](COCC1=CC=CC=C1)OCC1=CC=CC=C1)C1=CC=CC=C1,0.9813434481620789,1,0.999562680721283,1,0.468352675102675,0
CNP0320683.0,CCCCC(C#N)CC,0.9813258647918701,1,0.9942785501480103,1,0.3284608985785456,0
CNP0487957.0,OC1=NC(C2=CNC3=CC=C(O)C=C23)=CC1=C1C(O)=NC2=CC=CC=C12,0.9813240170478821,1,0.9962202906608582,1,0.2139455266955267,0
CNP0538793.1,CC(C)C1=CC=C2OC[C@@H]3CN(S(=O)(=O)C4=CC=CC(Cl)=C4)CCN3CC(=O)NC2=C1,0.9812377095222473,1,0.999953031539917,1,0.3862523542870077,0
CNP0017116.1,CCN(C(=O)C1=C([C@H](C)O)ON=C1C1=CC=CC=C1)C1CCCCC1,0.9810371398925781,1,0.9999587535858154,1,0.4345094905094903,0
CNP0435158.1,CC(O)C(C)(O)CCC[C@H]1C[C@H]1CC(=O)O,0.9810175895690918,1,0.9994741082191467,1,0.3788497890997893,0
CNP0435158.2,CC(O)C(C)(O)CCC[C@@H]1C[C@@H]1CC(=O)O,0.9810175895690918,1,0.9994741082191467,1,0.3788497890997893,0
CNP0435158.3,C[C@H](O)[C@@](C)(O)CCC[C@H]1C[C@@H]1CC(=O)O,0.9810175895690918,1,0.9994741082191467,1,0.3788497890997893,0
CNP0051098.3,NC1=CC(=O)N([C@@H]2O[C@H](CO)[C@@H](O)[C@H]2O)C=C1,0.9809995889663696,1,0.24840974807739258,0,0.3901911647434094,0
CNP0051098.2,NC1=CC(=O)N([C@H]2O[C@H](CO)[C@@H](O)[C@@H]2O)C=C1,0.9809995889663696,1,0.24840974807739258,0,0.3901911647434094,0
CNP0051098.1,NC1=CC(=O)N([C@@H]2O[C@H](CO)[C@@H](O)[C@@H]2O)C=C1,0.9809995889663696,1,0.24840974807739258,0,0.3901911647434094,0
CNP0401582.1,CC(COC1=CC=CC=C1)NC(C)[C@H](O)C1=CC=C(O)C=C1,0.9808399081230164,1,0.999843955039978,1,0.3656444356297297,0
CNP0401582.4,C[C@H](COC1=CC=CC=C1)N[C@@H](C)[C@H](O)C1=CC=C(O)C=C1,0.9808399081230164,1,0.999843955039978,1,0.3656444356297297,0
CNP0401582.2,C[C@H](N[C@@H](C)COC1=CC=CC=C1)[C@H](O)C1=CC=C(O)C=C1,0.9808399081230164,1,0.999843955039978,1,0.3656444356297297,0
CNP0401582.5,C[C@H](COC1=CC=CC=C1)N[C@H](C)[C@@H](O)C1=CC=C(O)C=C1,0.9808399081230164,1,0.999843955039978,1,0.3656444356297297,0
CNP0401582.6,C[C@@H](COC1=CC=CC=C1)N[C@H](C)[C@H](O)C1=CC=C(O)C=C1,0.9808399081230164,1,0.999843955039978,1,0.3656444356297297,0
CNP0401582.3,C[C@H](COC1=CC=CC=C1)N[C@H](C)[C@H](O)C1=CC=C(O)C=C1,0.9808399081230164,1,0.999843955039978,1,0.3656444356297297,0
CNP0570888.0,CN(C)CC1=NN=C2CN=C(C3=CC=CC=C3)C3=CC(Cl)=CC=C3N21,0.9808206558227539,1,1.0,1,0.4305094123807121,0
CNP0529232.0,CC(C)N1C(=O)C2=CC=CC=C2C(C(=O)N2CCOCC2)C12CN(S(=O)(=O)C1=CN(C)C=N1)C2,0.9808063507080078,1,0.9999891519546509,1,0.5145168067226892,1
CNP0422845.1,CC(C)(C)CC(=O)OCC(=O)[C@@]1(O)CC[C@H]2[C@@H]3CCC4=CC(=O)C=C[C@]4(C)[C@H]3[C@@H](O)C[C@@]21C,0.9807615876197815,1,0.9999642372131348,1,0.3834445221445221,0
CNP0112888.1,C[C@@]1(CO)CCC[C@@]2(C)C3=CC=C(C(=O)O)C=C3[C@H](CO)C12,0.9806560277938843,1,0.9989523887634277,1,0.3503103408029879,0
CNP0481728.1,CCC(=O)N1C2=NC=NN2C2(CCCCC2)[C@@H]2CCCC[C@@H]21,0.980606734752655,1,0.9999995231628418,1,0.4064753840930312,0
CNP0285185.0,COC1=CC(C(=O)NC2=CC=CC=C2C(=O)NC2=CC=CC(C(=O)O)=C2)=CC(OC)=C1OC,0.9805959463119507,1,0.14058133959770203,0,0.2973525864232386,0
CNP0010023.1,CCOC(=O)[C@H](CC1=CNC2=CC=CC=C12)NS(=O)(=O)C1=CC=C(C)C=C1,0.9805846214294434,1,0.9997920393943787,1,0.5043905816405816,1
CNP0010023.2,CCOC(=O)[C@@H](CC1=CNC2=CC=CC=C12)NS(=O)(=O)C1=CC=C(C)C=C1,0.9805846214294434,1,0.9997920393943787,1,0.5043905816405816,1
CNP0348102.1,COC[C@H]1CCCN1C(=O)C[C@@H]1O[C@H](CNS(=O)(=O)C2=CC=C(Cl)C=C2)[C@@H](O)[C@H]1O,0.9805610775947571,1,0.9999986886978149,1,0.416026679281953,0
CNP0319729.1,CC[C@H](C)[C@H](N)C(=O)N1CCC[C@H]1C(=O)O,0.9805448055267334,1,0.999792754650116,1,0.3648382989559459,0
CNP0488671.3,C[C@H]1[C@H]([C@](C)(O)CCCC(C)(C)O)CC[C@@]1(C)O,0.9804794788360596,1,0.9987234473228455,1,0.3627308145372914,0
CNP0488671.1,C[C@@H]1[C@@H]([C@](C)(O)CCCC(C)(C)O)CC[C@]1(C)O,0.9804794788360596,1,0.9987234473228455,1,0.3627308145372914,0
CNP0488671.2,C[C@@H]1[C@@H](C(C)(O)CCCC(C)(C)O)CC[C@]1(C)O,0.9804794788360596,1,0.9987234473228455,1,0.3627308145372914,0
CNP0479501.1,CC1CC(=O)N(C[C@H](N)C(=O)O)O1,0.9802969694137573,1,0.9897450804710388,1,0.4056820385496856,0
CNP0072361.1,CCC(C)C1=C(C(=O)O)[C@H]([C@@H](C)C(C)=O)CO1,0.980272114276886,1,0.9999983310699463,1,0.3089895088571558,0
CNP0032609.1,COC(=O)[C@@H]1CC2=C(CN1S(=O)(=O)C1=CC=C(C#N)C=C1)N(CC1=CC=C(Cl)C=C1)C=N2,0.980205237865448,1,0.9882414937019348,1,0.4288376966171083,0
CNP0076629.0,CCCCC(C)COC(=O)CCC,0.9801888465881348,1,0.9999997615814209,1,0.3424638955815426,0
CNP0282792.1,CC(C)(O)[C@H]1O[C@@]2(O)CC[C@@]3(C)[C@@H](CC[C@H]4CC5=C(NC6=CC=CC=C56)[C@@]43C)C2=CC1=O,0.9801280498504639,1,0.997398853302002,1,0.3883918447494534,0
CNP0543789.1,CC(C)(O)[C@H]1C[C@H]2CC[C@@]3(C)[C@@](O)(CC[C@H]4CC5=C(NC6=CC=CC=C56)[C@@]43C)C2=CC1=O,0.9800707697868347,1,0.9999852180480957,1,0.4340215247100158,0
CNP0506322.0,COC1=CC=C(Cl)C=C1S(=O)(=O)N1CCC2(CC1)NC1=CC=CC=C1N1C=CC=C12,0.9799824953079224,1,0.9989514350891113,1,0.3576654734154735,0
CNP0275711.1,CC(=O)CC[C@@]1(C)[C@H](C)CC[C@@]2(C)C(C(=O)O)=CCC[C@H]12,0.9799047708511353,1,0.9998651742935181,1,0.3844976689976691,0
CNP0580623.0,CCCC(CC(C)O)C(=O)O,0.9798944592475891,1,0.999987006187439,1,0.3776594222770694,0
CNP0215663.1,CC1=NOC([C@@H](C)NS(=O)(=O)C2=CC=CC=C2)=C1C(=O)O,0.9798062443733215,1,0.9686852693557739,1,0.310098901098901,0
CNP0337383.1,C[C@H]1C[C@@H]2[C@H]([C@@H](O)C[C@@]3(C)[C@H]2CC[C@]3(O)C(=O)COC(=O)CCC(=O)[O-])[C@@]2(C)C=CC(=O)C=C12,0.9797765612602234,1,0.999998927116394,1,0.438775279106858,0
CNP0319899.1,CC(C)(O)[C@@H]1CC=C(C(=O)O)CC1,0.9797191619873047,1,0.9997158646583557,1,0.2874351271277742,0
CNP0337727.0,O=C1C=NN(C2OC(CO)C(O)C2O)C(=O)N1,0.9793309569358826,1,0.982053279876709,1,0.3420612325241259,0
CNP0503331.1,NS(=O)(=O)N[C@@H](CC1=CC=CC=C1)C(=O)O,0.9792978763580322,1,0.9991538524627686,1,0.4950122655122655,0
CNP0013264.1,COC1=CC=C(C2=NOC([C@@H]3C[C@H](NS(=O)(=O)C4=CC=CC=C4)CN3C)=N2)C=C1,0.9792149066925049,1,0.9056037068367004,1,0.2622303121714886,0
CNP0348519.0,COC(=O)C(CC1=CC=CC=C1)NC(=O)C(CC(=O)O)NCCC(C)(C)C,0.9790998101234436,1,0.9999951124191284,1,0.5167875923096511,1
CNP0255115.0,COC1=CC2=C(CC3OC(=O)C4(C)C(O)C5(O)CC2(CO5)C34)C2=C1C=CO2,0.9790979623794556,1,0.9998067021369934,1,0.3942052859421281,0
CNP0534717.1,CC1=CC=CC(C(=O)N2C3=NC=NN3C3(CCCCC3)[C@@H]3CCCC[C@@H]32)=C1,0.9790800213813782,1,0.9999996423721313,1,0.3010970418470418,0
CNP0109466.1,CCCN1C=NC2=C1CN(S(=O)(=O)CC1=CC=CC=C1)[C@H](C(=O)OC)C2,0.9790778756141663,1,0.9903349876403809,1,0.5376655844155845,1
CNP0216822.10,NC1=NC=NC2=C1N=CN2[C@@H]1O[C@H](CO)[C@H](O)[C@H]1O,0.9790211915969849,1,0.9619933366775513,1,0.3995890372357541,0
CNP0216822.1,NC1=NC=NC2=C1N=CN2[C@@H]1O[C@H](CO)[C@@H](O)[C@@H]1O,0.9790211915969849,1,0.9619933366775513,1,0.3995890372357541,0
CNP0216822.5,NC1=NC=NC2=C1N=CN2[C@@H]1O[C@H](CO)C(O)C1O,0.9790211915969849,1,0.9619933366775513,1,0.3995890372357541,0
CNP0216822.3,NC1=NC=NC2=C1N=CN2C1O[C@H](CO)[C@@H](O)[C@@H]1O,0.9790211915969849,1,0.9619933366775513,1,0.3995890372357541,0
CNP0216822.11,NC1=NC=NC2=C1N=CN2[C@H]1O[C@H](CO)[C@@H](O)[C@H]1O,0.9790211915969849,1,0.9619933366775513,1,0.3995890372357541,0
CNP0216822.2,NC1=NC=NC2=C1N=CN2[C@@H]1O[C@H](CO)[C@@H](O)[C@H]1O,0.9790211915969849,1,0.9619933366775513,1,0.3995890372357541,0
CNP0216822.6,NC1=NC=NC2=C1N=CN2[C@@H]1O[C@H](CO)[C@H](O)[C@@H]1O,0.9790211915969849,1,0.9619933366775513,1,0.3995890372357541,0
CNP0216822.9,NC1=NC=NC2=C1N=CN2[C@H]1O[C@H](CO)[C@@H](O)[C@@H]1O,0.9790211915969849,1,0.9619933366775513,1,0.3995890372357541,0
CNP0216822.7,NC1=NC=NC2=C1N=CN2[C@@H]1O[C@@H](CO)[C@H](O)[C@@H]1O,0.9790211915969849,1,0.9619933366775513,1,0.3995890372357541,0
CNP0216822.8,NC1=NC=NC2=C1N=CN2C1OC(CO)[C@H](O)C1O,0.9790211915969849,1,0.9619933366775513,1,0.3995890372357541,0
CNP0216822.4,NC1=NC=NC2=C1N=CN2[C@H]1O[C@@H](CO)[C@H](O)[C@@H]1O,0.9790211915969849,1,0.9619933366775513,1,0.3995890372357541,0
CNP0111391.0,CCCC1=C(C)N=C(NC(=O)NS(=O)(=O)C2=CC=CC=C2)N=C1Cl,0.979017972946167,1,0.9776148200035095,1,0.3042067488067488,0
CNP0401519.0,NC1(C(=O)O)CCCC1,0.9789764285087585,1,0.9806255102157593,1,0.2971319497495968,0
CNP0593105.1,CN1N=CN=C1C1=CC=C2OC[C@H]3CN(S(=O)(=O)C4=CC=CN=C4)CCN3CC(=O)NC2=C1,0.9789542555809021,1,0.9985130429267883,1,0.3227864357864358,0
CNP0086960.1,CCCS(=O)(=O)N[C@H]1C[C@@H](C2=NC(C3=CC=C(OC)C=C3)=NO2)N(C)C1,0.9789409041404724,1,0.999971866607666,1,0.3141080345782808,0
CNP0057276.1,N#CC1=CC=CC=C1S(=O)(=O)N[C@H]1CO[C@H]2[C@@H]1OC[C@@H]2N1N=NN=C1C1=CC=CC=C1,0.97889643907547,1,0.9945037364959717,1,0.4736239477756505,0
CNP0425296.1,CC(C)[C@@H]1CC[C@]2(C)[C@H]3CC[C@@]45CCC[C@@H]4[C@]2(C[C@H](O)C(=O)[C@@]2(C)CO[C@]4(C)CC[C@H]2O4)[C@@H]1N5C3,0.9787653088569641,1,0.9999912977218628,1,0.3230565778035352,0
CNP0288018.1,COC1=CC=C(C2=NOC([C@H](C)O)=C2C(=O)N2CCN(C3=CC=CC=C3OC)CC2)C=C1OC,0.9787490963935852,1,0.9999785423278809,1,0.3912267879179643,0
CNP0337161.0,COC1=CC(C2=C(C(=O)C3=CC=C(O)C=C3)NC3=C2C(=O)NC(=O)N3)=CC=C1O,0.9787382483482361,1,0.99274080991745,1,0.3000705666882137,0
CNP0381755.1,C=CC1=C(C)C=C2C(=C1O)[C@]13C[C@H]1CC[C@@]1(C)C(=O)O[C@H]([C@H]2O)[C@@H]31,0.9786454439163208,1,0.9999819993972778,1,0.3510598078392196,0
CNP0175820.1,N[C@@H](CCC(=O)N[C@@H](CC1=CC=CC=C1)C(=O)O)C(=O)O,0.9785889387130737,1,0.9988493919372559,1,0.530196915657442,1
CNP0175820.2,N[C@H](CCC(=O)N[C@H](CC1=CC=CC=C1)C(=O)O)C(=O)O,0.9785889387130737,1,0.9988493919372559,1,0.530196915657442,1
CNP0374478.0,NN1C=NC2=C(N=CN2C2OC(CO)C(O)C2O)C1=O,0.9785104990005493,1,0.983239471912384,1,0.4579369893092804,0
CNP0591715.1,COCC(=O)N1C2=NC(C3=CC=CC=C3C)=NN2C2(CCCCC2)[C@@H]2CCCC[C@@H]21,0.978407084941864,1,0.9999444484710693,1,0.4257121212121212,0
CNP0448822.1,COC(=O)[C@@H](CC1=CC=CN=C1)NC(=O)[C@@H]1CN(S(C)(=O)=O)CCN1C(=O)NC1CCCCC1,0.9781508445739746,1,0.9999998807907104,1,0.5021573981573981,1
CNP0386828.1,CCCN1CC(=O)N2CC(C3=CC=C(OC(C)C)C(OC)=C3)C3=C(NC4=CC=CC=C34)[C@@]2(C)C1=O,0.978120744228363,1,0.9954955577850342,1,0.4740169552669552,0
CNP0557594.1,CC[C@@H](C)CC[C@H](O[C@@H]1O[C@H](CO)[C@@H](O)[C@H](O)[C@H]1O)[C@@H](C)CCC[C@@H](C)CCCC(C)C,0.9780564308166504,1,1.0,1,0.3635171410117231,0
CNP0374021.1,CN1C[C@@H](NS(=O)(=O)C2=CC=C(C#N)C=C2)C[C@H]1C1=NC(C2=CC=C(Cl)C=C2)=NO1,0.9780154824256897,1,0.9978761672973633,1,0.3930979335681798,0
CNP0358627.1,CCCN1C(=O)C2=CC=CC=C2N2C(=O)CC[C@@]12C(=O)NC1=CC(OC)=C(OC)C(OC)=C1,0.9780130982398987,1,0.9911537766456604,1,0.2512353479853479,0
CNP0230530.0,NC(CC1=CNC2=CC(O)=CC=C12)C(=O)O,0.9779818654060364,1,0.997593104839325,1,0.4781644362689255,0
CNP0583411.1,O=C(NCC1=CC=CO1)[C@@H]1CN(S(=O)(=O)C2=CC=CC=C2)CC12CCCCC2,0.9779354333877563,1,0.9998204112052917,1,0.3894343434343433,0
CNP0583411.2,O=C(NCC1=CC=CO1)[C@H]1CN(S(=O)(=O)C2=CC=CC=C2)CC12CCCCC2,0.9779354333877563,1,0.9998204112052917,1,0.3894343434343433,0
CNP0481156.1,CC1=NC(S(=O)(=O)N2C[C@@H](COCC(C)C)[C@@H]3COC4=CC=CC=C4[C@@H]32)=CN1C,0.9779242873191833,1,0.9973741769790649,1,0.430142921549891,0
CNP0530486.0,COC1=CC=C(Cl)C=C1C(=O)NCCC1=CC=C(S(=O)(=O)NC(=O)NC2CCCCC2)C=C1,0.977905809879303,1,0.9997805953025818,1,0.5741370839215019,1
CNP0392441.0,COC1=C2CN(C)CCC2=C(CNS(=O)(=O)C2=CC=CC=C2)C2=C1OCO2,0.9778293371200562,1,0.9923405647277832,1,0.369137862137862,0
CNP0553235.2,O=C(NCCC1=CC=CN=C1)[C@H]1CN(S(=O)(=O)C2=CC=CC=C2)CC12CCCCC2,0.9777950048446655,1,0.9994081258773804,1,0.3802113997113996,0
CNP0553235.1,O=C(NCCC1=CC=CN=C1)[C@@H]1CN(S(=O)(=O)C2=CC=CC=C2)CC12CCCCC2,0.9777950048446655,1,0.9994081258773804,1,0.3802113997113996,0
CNP0326227.1,COC1=C(C)C(OC[C@H](O)C(C)(C)O)=CC2=C1COC2=O,0.9777871370315552,1,0.9999959468841553,1,0.2962069874569875,0
CNP0326227.2,COC1=C(C)C(OC[C@@H](O)C(C)(C)O)=CC2=C1COC2=O,0.9777871370315552,1,0.9999959468841553,1,0.2962069874569875,0
CNP0455157.1,CCCC(O)(CCC)[C@@]1(C)CC[C@@H](C(=O)O)C(C)(C)O1,0.977767288684845,1,0.9998749494552612,1,0.3521211272387743,0
CNP0455157.3,CCCC(O)(CCC)[C@]1(C)CC[C@H](C(=O)O)C(C)(C)O1,0.977767288684845,1,0.9998749494552612,1,0.3521211272387743,0
CNP0455157.4,CCCC(O)(CCC)[C@]1(C)CC[C@@H](C(=O)O)C(C)(C)O1,0.977767288684845,1,0.9998749494552612,1,0.3521211272387743,0
CNP0455157.2,CCCC(O)(CCC)[C@@]1(C)CC[C@H](C(=O)O)C(C)(C)O1,0.977767288684845,1,0.9998749494552612,1,0.3521211272387743,0
CNP0284557.1,CCCS(=O)(=O)NC1=CC=C2[C@@H]3C[C@@H](CN(C(=O)NC4=CC(OC)=CC(OC)=C4)C3)CN2C1=O,0.977713406085968,1,1.0,1,0.4278671149112324,0
CNP0108476.0,NC(C(=O)O)C1OC(N2C=CC(O)=NC2=O)C(O)C1O,0.9776590466499329,1,0.3446804881095886,0,0.5103706016206015,1
CNP0282610.1,N[C@@H](C(=O)N[C@@H]1C(=O)N2C(C(=O)O)=C(CSC3=CNN=N3)CS[C@H]12)C1=CC=C(O)C=C1,0.9776557683944702,1,0.9997106194496155,1,0.3716811230939831,0
CNP0251032.0,CC1=CC=C(S(=O)(=O)N2N=NN(CC3=CC=CC=C3)C2=O)C=C1,0.9776487946510315,1,0.9020003080368042,1,0.4019882062382061,0
CNP0399486.0,CCOC(=O)CC(C1=CC=C(OC)C(O)=C1)C1=C(O)C2=CC=CC=C2NC1=O,0.977618396282196,1,0.9633585214614868,1,0.3518243145743145,0
CNP0104338.0,CCC(C(=O)O)C(C)C(=O)O,0.977547287940979,1,0.9996657371520996,1,0.3084866228542698,0
CNP0440243.1,C[C@@H](CCC(=O)O)[C@@H]1CC[C@@H]2[C@@H](C(=O)O)[C@@H]([C@@]3(C)CCCC[C@H]3C(=O)O)CC[C@@]21C,0.977497398853302,1,0.9999979734420776,1,0.3666707067442361,0
CNP0440243.2,C[C@@H](CCC(=O)O)[C@H]1CC[C@H]2[C@@H](C(=O)O)[C@@H]([C@@]3(C)CCCC[C@H]3C(=O)O)CC[C@]12C,0.977497398853302,1,0.9999979734420776,1,0.3666707067442361,0
CNP0440243.4,C[C@@H](CCC(=O)O)[C@H]1CC[C@@H]2[C@@H](C(=O)O)[C@@H]([C@@]3(C)CCCC[C@H]3C(=O)O)CC[C@@]21C,0.977497398853302,1,0.9999979734420776,1,0.3666707067442361,0
CNP0440243.3,C[C@@H](CCC(=O)O)[C@@H]1CC[C@H]2[C@@H](C(=O)O)[C@@H]([C@@]3(C)CCCC[C@H]3C(=O)O)CC[C@@]21C,0.977497398853302,1,0.9999979734420776,1,0.3666707067442361,0
CNP0241025.1,COC(=O)[C@H](CC1=CC=CC=C1)NC(=O)C[C@@H]1NC(=O)C2=CC=CC=C2NC1=O,0.9774180054664612,1,0.9608682990074158,1,0.4574945887445886,0
CNP0301263.1,CO[C@@H]1CC(=O)[C@@H]2[C@@H]3C[C@H]4CC[C@@]5(CCC6(CCCC6)C5)[C@]3(C)[C@@]4(C)[C@]21O,0.9773492217063904,1,0.9999996423721313,1,0.4825889522917921,0
CNP0578330.1,O=C1C[C@@H](C(=O)NC2=C(Cl)C=CC=C2Cl)C2(CCCCC2)O1,0.9773334264755249,1,0.9999935626983643,1,0.3283617354867354,0
CNP0578330.2,O=C1C[C@H](C(=O)NC2=C(Cl)C=CC=C2Cl)C2(CCCCC2)O1,0.9773334264755249,1,0.9999935626983643,1,0.3283617354867354,0
CNP0505659.1,COC1=CC=C(N(CC(=O)NC[C@@H](O)C2=CC=CC=C2)S(=O)(=O)C2=CC=CC=C2)C=C1,0.9772806763648987,1,0.9999661445617676,1,0.2721253468753468,0
CNP0505659.2,COC1=CC=C(N(CC(=O)NC[C@H](O)C2=CC=CC=C2)S(=O)(=O)C2=CC=CC=C2)C=C1,0.9772806763648987,1,0.9999661445617676,1,0.2721253468753468,0
CNP0492941.0,CC1=C(C(=O)NCCN2CCN(C3=CC(Cl)=CC=C3C)CC2)C2(CCCCCC2)OC1=O,0.977272629737854,1,1.0,1,0.3979420141262246,0
CNP0047111.1,CCCN1C=NC2=C1CN(S(=O)(=O)C1=CC=CC=C1)[C@H](C(=O)OC)C2,0.9772031307220459,1,0.9681563377380371,1,0.4944470251970251,0
CNP0130937.1,CN1C[C@@H](NS(=O)(=O)C2=CC=CC3=CC=CN=C23)C[C@H]1C1=NC(C2=CC=NC=C2)=NO1,0.977181077003479,1,0.03050897642970085,0,0.293826923076923,0
CNP0570261.1,CC(=O)N1C2=NC(C3=CC=CO3)=NN2C2(CCCCC2)[C@@H]2CCCC[C@@H]21,0.9771614670753479,1,0.9999982118606567,1,0.4068516679399032,0
CNP0264967.1,CC(=O)O[C@H]1CC[C@@]2(C)C(=C(O)C(=O)C3=CC(C(C)(C)O)=C(O)C=C32)C1(C)C,0.977119505405426,1,0.9989883303642273,1,0.3687931729305322,0
CNP0417370.1,C[C@]1(C2CCCCC2)[C@H]2CC[C@]1(C)[C@H](O)C21CCCC1,0.9770787358283997,1,0.9999828338623047,1,0.2874238261738261,0
CNP0430008.1,C[C@@]1(C(=O)O)C[C@H]2C=C(C(=O)O)[C@@H]3CC[C@]3(C)[C@H]2C1,0.9770591855049133,1,0.9240397810935974,1,0.2702323496452095,0
CNP0468212.1,C[C@@H]([C@@H](O)[C@@H](O)[C@](C)(O)[C@H]1CC[C@H]2[C@@H]3C=CC4=CC(=O)CC[C@]4(C)[C@H]3CC[C@]12C)C(C)(C)O,0.9770033955574036,1,0.9999865293502808,1,0.3741242926695055,0
CNP0549940.0,CC(C)N1C(=O)C2=CC=CC=C2C(C(=O)N(C)C)C12CCN(S(=O)(=O)C1=CN(C)N=C1)CC2,0.9769585728645325,1,0.9999344348907471,1,0.4209363593922419,0
CNP0303537.1,O=C1OC2=CC=CC=C2N1[C@@H]1O[C@H](CO)[C@@H](O)[C@H](O)[C@H]1O,0.9769557118415833,1,0.3797761797904968,0,0.2870494779472333,0
CNP0173728.1,CC(=O)OC1CC[C@@]2(C)C(=CC=C3C=C(C(C)(C)O)C(=O)C(O)=C32)C1(C)C,0.9769012331962585,1,0.9972506165504456,1,0.3790273321449792,0
CNP0173728.2,CC(=O)O[C@H]1CC[C@@]2(C)C(=CC=C3C=C(C(C)(C)O)C(=O)C(O)=C32)C1(C)C,0.9769012331962585,1,0.9972506165504456,1,0.3790273321449792,0
CNP0510995.0,CCN1C2=CC(C)=CC=C2N2C=CC=C2C12CCN(S(=O)(=O)C1=CC(Cl)=CC=C1OC)CC2,0.9767444133758545,1,0.9999963045120239,1,0.4034014678132325,0
CNP0233799.1,COC(=O)[C@@H]1CC2=C(CN1S(=O)(=O)C1=CC=C(C)C=C1)N(CC1=CC=CC=C1)C=N2,0.9766557812690735,1,0.9847733974456787,1,0.4581038961038961,0
CNP0235411.1,COC(C)(C)CCC[C@@H](O)[C@H]1CC[C@]2(C)[C@@H]1[C@H](O)C[C@@H]1[C@@]3(C)CC[C@H](O)C(C)(C)[C@@H]3[C@@H](O)C[C@]12C,0.9766470193862915,1,0.9994223117828369,1,0.327150792018439,0
CNP0006000.1,C[C@@]1(O)CCN(S(=O)(=O)C2=CC=CC=C2)[C@@H](C2=CC=CC=C2)[C@@H]1NC(=O)C1CCCC1,0.9766101837158203,1,0.0055676596239209175,0,0.4012503052503053,0
CNP0233335.1,N[C@H](C(=O)O)[C@H](O)C(=O)O,0.9765620827674866,1,0.8750517964363098,1,0.2855728976905446,0
CNP0233335.2,N[C@H](C(=O)O)[C@@H](O)C(=O)O,0.9765620827674866,1,0.8750517964363098,1,0.2855728976905446,0
CNP0233335.3,N[C@@H](C(=O)O)[C@@H](O)C(=O)O,0.9765620827674866,1,0.8750517964363098,1,0.2855728976905446,0
CNP0233335.4,N[C@@H](C(=O)O)[C@H](O)C(=O)O,0.9765620827674866,1,0.8750517964363098,1,0.2855728976905446,0
CNP0214156.1,CC[C@@H]1C(=O)NC(/C=C2/NC(=O)C(CCC(=O)O)=C2C)=C1C,0.9764553904533386,1,0.9990524649620056,1,0.3160250913389211,0
CNP0377081.3,O=C1C=C[C@@H]2NN=N[C@@H]2N1[C@H]1O[C@@H](CO)[C@@H](O)[C@H]1O,0.9764313697814941,1,0.009638621471822262,0,0.3993264950393883,0
CNP0377081.1,O=C1C=C[C@@H]2NN=N[C@H]2N1[C@H]1O[C@@H](CO)[C@@H](O)[C@H]1O,0.9764313697814941,1,0.009638621471822262,0,0.3993264950393883,0
CNP0377081.4,O=C1C=C[C@H]2NN=N[C@H]2N1[C@H]1O[C@@H](CO)[C@@H](O)[C@H]1O,0.9764313697814941,1,0.009638621471822262,0,0.3993264950393883,0
CNP0377081.2,O=C1C=C[C@H]2NN=N[C@@H]2N1[C@H]1O[C@@H](CO)[C@@H](O)[C@H]1O,0.9764313697814941,1,0.009638621471822262,0,0.3993264950393883,0
CNP0015411.1,C[C@@H](NS(=O)(=O)C1=CC=CC=C1)C1=C(C(=O)O)C(C2=CC=CN=C2)=NO1,0.976353108882904,1,0.4630298912525177,0,0.2727327228327228,0
CNP0435326.1,CSC[C@H]1O[C@@H](N2C(=O)NC3=C(N)N=CN=C32)[C@H](O)[C@@H]1O,0.9763020873069763,1,0.9095211625099182,1,0.5588420211799145,1
CNP0397625.0,COC1=CC=C(CNS(=O)(=O)C2=C3CCN(C)CC3=C(OC)C3=C2OCO3)C=C1OC,0.9760916829109192,1,0.9999834299087524,1,0.388032687900335,0
CNP0472818.0,CCC(C)C(N)C(=O)NC(CC1=CC=CC=C1)C(=O)O,0.9760063886642456,1,0.9997705817222595,1,0.5899569597069597,1
CNP0527026.1,CC(C)COC[C@@H]1CN(S(=O)(=O)C2=CN(C)N=C2)[C@H]2C3=CC=CC=C3OC[C@@H]12,0.9759376645088196,1,0.9891722202301025,1,0.3925318104387799,0
CNP0105423.2,COC(=O)[C@@H](CC1=CNC2=CC=CC=C12)NC(=O)[C@H]1CCCN(S(=O)(=O)C2=CC=C(C)C=C2)C1,0.9758490324020386,1,1.0,1,0.5022248584748585,1
CNP0105423.1,COC(=O)[C@@H](CC1=CNC2=CC=CC=C12)NC(=O)C1CCCN(S(=O)(=O)C2=CC=C(C)C=C2)C1,0.9758490324020386,1,1.0,1,0.5022248584748585,1
CNP0082293.1,COC(=O)C[C@@H](N)C(=O)O,0.9757813811302185,1,0.990292489528656,1,0.3524086191586191,0
CNP0593258.0,CC(C)OCC(N)C(=O)O,0.9757787585258484,1,0.9979762434959412,1,0.3285711788211787,0
CNP0106681.2,N[C@H](C(=O)O)C1=CC=C(O)C=C1,0.9756841063499451,1,0.9917852878570557,1,0.3080938212114681,0
CNP0106681.1,N[C@@H](C(=O)O)C1=CC=C(O)C=C1,0.9756841063499451,1,0.9917852878570557,1,0.3080938212114681,0
CNP0260253.1,CC1=CC2=C(C=C1C(=O)O)[C@H](C)CC[C@]1(C)[C@H]2C[C@@H](O)[C@H]1C(C)(C)O,0.9756836295127869,1,0.9999322891235352,1,0.3413492742551566,0
CNP0279819.1,CC[C@H](C)[C@H](NC(=O)[C@@H](N)CCC(=O)O)C(=O)O,0.9756492376327515,1,0.9999808073043823,1,0.4282930941607412,0
CNP0515956.1,O=S(=O)(C1=CC=CN=C1)N1CCC[C@@]2(C1)NC1=CC=CN=C1N=C2NCC1=CC=CC=C1,0.9755903482437134,1,0.0009823456639423966,0,0.3866482078853047,0
CNP0515956.2,O=S(=O)(C1=CC=CN=C1)N1CCC[C@]2(C1)NC1=CC=CN=C1N=C2NCC1=CC=CC=C1,0.9755903482437134,1,0.0009823456639423966,0,0.3866482078853047,0
CNP0227893.1,CCC[C@@H](CCC(=O)NC1=CC=CC(C(=O)O)=C1)C(=O)O,0.9755331873893738,1,0.9993461966514587,1,0.3201009546009545,0
CNP0227893.2,CCC[C@H](CCC(=O)NC1=CC=CC(C(=O)O)=C1)C(=O)O,0.9755331873893738,1,0.9993461966514587,1,0.3201009546009545,0
CNP0072356.1,CC(C)(O)[C@@H]1C[C@@H](O)[C@]2(C(=O)O)[C@H](CC[C@@]3(C)[C@H]2CC[C@H]2CC4=C(NC5=CC=CC=C45)[C@@]23C)O1,0.9754505157470703,1,0.999674916267395,1,0.3621372524150739,0
CNP0551210.0,N#CC1=C2N=C(NCC3CCCCC3)N=C(NC3=CC=CC=C3)N2N=C1,0.9753484129905701,1,0.5455735325813293,1,0.2632650488400488,0
CNP0593683.0,CC(C)N1C(=O)C2=CC=CC=C2C(C(=O)N2CCC2)C12CCN(S(=O)(=O)C1=CC=CC=C1)CC2,0.9753313064575195,1,0.9974629878997803,1,0.3680506062564887,0
CNP0246775.3,C[C@H]1CC[C@@]2(CO)C(C(=O)O)=CCC[C@@H]2[C@@]1(C)CCC1=COC=C1,0.9753137230873108,1,0.9992573857307434,1,0.5475753968253969,1
CNP0246775.6,C[C@H]1CC[C@]2(CO)C(C(=O)O)=CCC[C@@H]2[C@@]1(C)CCC1=COC=C1,0.9753137230873108,1,0.9992573857307434,1,0.5475753968253969,1
CNP0246775.2,C[C@@H]1CC[C@]2(CO)C(C(=O)O)=CCC[C@H]2[C@@]1(C)CCC1=COC=C1,0.9753137230873108,1,0.9992573857307434,1,0.5475753968253969,1
CNP0246775.4,C[C@@H]1CC[C@]2(CO)C(C(=O)O)=CCC[C@@H]2[C@]1(C)CCC1=COC=C1,0.9753137230873108,1,0.9992573857307434,1,0.5475753968253969,1
CNP0246775.5,C[C@@H]1CC[C@]2(CO)C(C(=O)O)=CCC[C@@H]2[C@@]1(C)CCC1=COC=C1,0.9753137230873108,1,0.9992573857307434,1,0.5475753968253969,1
CNP0246775.8,C[C@@H]1CC[C@]2(CO)C(C(=O)O)=CCC[C@H]2[C@]1(C)CCC1=COC=C1,0.9753137230873108,1,0.9992573857307434,1,0.5475753968253969,1
CNP0246775.1,C[C@@H]1CC[C@@]2(CO)C(C(=O)O)=CCC[C@@H]2[C@@]1(C)CCC1=COC=C1,0.9753137230873108,1,0.9992573857307434,1,0.5475753968253969,1
CNP0246775.7,C[C@@H]1CC[C@@]2(CO)C(C(=O)O)=CCC[C@H]2[C@@]1(C)CCC1=COC=C1,0.9753137230873108,1,0.9992573857307434,1,0.5475753968253969,1
CNP0201349.1,C[C@H](NC(=O)CC[C@H](N)C(=O)O)C(=O)O,0.9753133654594421,1,0.9999618530273438,1,0.3690197812667386,0
CNP0129472.1,C[C@]1(C(=O)O)CSC(C[C@H](O)[C@@H]2CS[C@H]([C@H]3CSC(C4=CC=CC=C4O)=N3)N2)=N1,0.9751691818237305,1,0.9998362064361572,1,0.3600205627705628,0
CNP0039103.1,CCC[C@H](C(=O)O)N(C)C(=O)OC(C)(C)C,0.9751390218734741,1,0.9996438026428223,1,0.2989869963369964,0
CNP0039936.1,COC(=O)[C@@H](CC1=CC=CN=C1)NC(=O)[C@H]1CN(S(C)(=O)=O)CCN1C(=O)C1CCCCC1,0.9750409722328186,1,0.999998927116394,1,0.4879449161949162,0
CNP0039936.2,COC(=O)[C@@H](CC1=CC=CN=C1)NC(=O)[C@@H]1CN(S(C)(=O)=O)CCN1C(=O)C1CCCCC1,0.9750409722328186,1,0.999998927116394,1,0.4879449161949162,0
CNP0132106.1,C[C@H](N)C(=O)N1CCC[C@H]1C(=O)O,0.9749833941459656,1,0.9974978566169739,1,0.3596808219300479,0
CNP0281921.3,COC1=CC2=C(C=C1O)OC[C@H]1OC3=C(C=CC4=C3C[C@H]([C@H](C)CO)O4)C(=O)[C@@]21O,0.974968433380127,1,0.9999994039535522,1,0.413760675598911,0
CNP0281921.1,COC1=CC2=C(C=C1O)OC[C@@H]1OC3=C(C=CC4=C3C[C@H]([C@H](C)CO)O4)C(=O)[C@]21O,0.974968433380127,1,0.9999994039535522,1,0.413760675598911,0
CNP0281921.2,COC1=CC2=C(C=C1O)OC[C@H]1OC3=C(C=CC4=C3C[C@@H]([C@H](C)CO)O4)C(=O)[C@]21O,0.974968433380127,1,0.9999994039535522,1,0.413760675598911,0
CNP0523664.0,O=C(O)C1=CC=C2N=C(C3=CC(Cl)=CC(Cl)=C3)OC2=C1,0.9748977422714233,1,0.670085608959198,1,0.3361812852094585,0
CNP0233307.1,COC(=O)[C@H](CC1=CC=CC=C1)NC(C)=O,0.9748843908309937,1,0.9963206052780151,1,0.5491944444444443,1
CNP0018812.1,N[C@@H](C[C@H]1[C@H]2C(=O)C=C3S[C@H]4C[C@]31C1=C3C5=C(NC=C5CCN32)C(=O)C1N4)C(=O)O,0.974709689617157,1,0.012201487086713314,0,0.4469533995416349,0
CNP0050032.1,CC[C@H](C)[C@@H](C(=O)O)N(C)C(=O)OC(C)(C)C,0.9746500253677368,1,0.9999758005142212,1,0.3456857570534041,0
CNP0479693.1,COC(C)(C)C1=CC2=C(C=C1O)[C@@]1(C)CC[C@H](OC(C)=O)C(C)(C)C1=C(O)C2=O,0.9745869636535645,1,0.9964350461959839,1,0.3436692233507002,0
CNP0107007.3,COC1=CC([C@H](O)[C@@H](C)O)=CC=C1O[C@@H](C)CC1=CC(OC)=C(OC)C(OC)=C1,0.9744932055473328,1,0.998946487903595,1,0.4505965962142433,0
CNP0107007.1,COC1=CC([C@H](O)[C@@H](C)O)=CC=C1O[C@H](C)CC1=CC(OC)=C(OC)C(OC)=C1,0.9744932055473328,1,0.998946487903595,1,0.4505965962142433,0
CNP0107007.4,COC1=CC([C@@H](O)[C@@H](C)O)=CC=C1O[C@H](C)CC1=CC(OC)=C(OC)C(OC)=C1,0.9744932055473328,1,0.998946487903595,1,0.4505965962142433,0
CNP0107007.2,COC1=CC([C@@H](O)[C@@H](C)O)=CC=C1O[C@@H](C)CC1=CC(OC)=C(OC)C(OC)=C1,0.9744932055473328,1,0.998946487903595,1,0.4505965962142433,0
CNP0245592.0,O=C1C=CNC(=O)N1C1OC(CO)C(O)C1O,0.9744146466255188,1,0.9663660526275635,1,0.3407347271751297,0
CNP0303460.2,CC[C@H](C1=CN=C2C(=N1)C(=O)N(C)C(=N)N2C)[C@@]12CCN(C)[C@@H]1NC1=CC(Br)=CC=C12,0.974378764629364,1,1.0,1,0.4216893470566522,0
CNP0303460.1,CC[C@@H](C1=CN=C2C(=N1)C(=O)N(C)C(=N)N2C)[C@@]12CCN(C)[C@@H]1NC1=CC(Br)=CC=C12,0.974378764629364,1,1.0,1,0.4216893470566522,0
CNP0259108.1,CN[C@H](CC1=CC=C(O)C=C1)C(=O)O,0.9743528366088867,1,0.9987003803253174,1,0.439323593073593,0
CNP0259108.2,CN[C@@H](CC1=CC=C(O)C=C1)C(=O)O,0.9743528366088867,1,0.9987003803253174,1,0.439323593073593,0
CNP0253011.2,C=C(Cl)CC[C@H](N)C(=O)O,0.9741494059562683,1,0.9997969269752502,1,0.3096572022748493,0
CNP0253011.1,C=C(Cl)CC[C@@H](N)C(=O)O,0.9741494059562683,1,0.9997969269752502,1,0.3096572022748493,0
CNP0158932.1,C[C@@]12CCCC[C@]13[C@@H]1C[C@H]2C[C@@H]13,0.9740514159202576,1,0.9999533891677856,1,0.279496487989135,0
CNP0294588.1,C[C@H]1CC(=O)C2=C1C[C@H](C(C)(C)O)CC[C@@H]2C,0.9740396738052368,1,0.9991350769996643,1,0.2675087535014004,0
CNP0487479.1,CC1=C(C(=O)O)[C@H]2[C@@H](C(C)C)CC[C@]1(C)[C@H]2C(=O)O,0.9740051627159119,1,0.9994211196899414,1,0.3152187959099723,0
CNP0309956.2,CC[C@@H](C)CCCC(C)(C)O,0.9737462997436523,1,1.0,1,0.2068236191912662,0
CNP0309956.1,CC[C@H](C)CCCC(C)(C)O,0.9737462997436523,1,1.0,1,0.2068236191912662,0
CNP0074611.2,CC(C)[C@H](N)C(=O)O[C@@H]1C[C@@H](N2C=CC(N)=NC2=O)O[C@H]1CO,0.9737327098846436,1,0.9998258948326111,1,0.4610221755368815,0
CNP0249377.0,CC1=NC(NC(=O)NS(=O)(=O)C2=CC=CC=C2)=NC(Cl)=C1CC1=CC=CC=C1,0.9737271666526794,1,0.9706407189369202,1,0.3563287878787879,0
CNP0052039.2,CC(C)(C)CC(=O)N1C[C@H]2C[C@H](C1)C1=CC=C(NS(=O)(=O)C3=CC=C(Cl)C=C3)C(=O)N1C2,0.9736452102661133,1,0.999972939491272,1,0.3013533688533688,0
CNP0052039.1,CC(C)(C)CC(=O)N1C[C@@H]2C[C@H](C1)C1=CC=C(NS(=O)(=O)C3=CC=C(Cl)C=C3)C(=O)N1C2,0.9736452102661133,1,0.999972939491272,1,0.3013533688533688,0
CNP0243222.3,CC[C@H](N)C(=O)O,0.9735538363456726,1,0.9923328161239624,1,0.311449410067057,0
CNP0243222.1,CC[C@@H](N)C(=O)O,0.9735538363456726,1,0.9923328161239624,1,0.311449410067057,0
CNP0027471.1,COC(=O)[C@H](CC1=CC=C(OC)C=C1)NC(=O)[C@@H]1CN(C(=O)NC(C)C)CCN1S(C)(=O)=O,0.9735389351844788,1,0.9999980926513672,1,0.442161892029539,0
CNP0491867.0,COC1=CC=CC(CNC2=NCCNC23CCN(S(=O)(=O)C2=CC=CC=C2)CC3)=C1,0.9734154343605042,1,0.3394184708595276,0,0.444374200075287,0
CNP0131703.1,COC(=O)CC[C@]1(C)[C@H]2CC3=C(O[C@@]2(C)CC[C@H]1C(C)(C)O)C(C)=C1COC(=O)C1=C3OC,0.9732835292816162,1,0.9999964237213135,1,0.338620707070707,0
CNP0005693.1,COC1=CC=C(C(=O)N2C[C@@H]3COCCN3C3(C2)CN(S(=O)(=O)C2=CC=CC=C2)C3)C=C1,0.9732654690742493,1,0.5401482582092285,1,0.4394729437229436,0
CNP0057480.1,CN(C(=O)OCC1C2=CC=CC=C2C2=CC=CC=C21)[C@@H](CC(=O)OCC1=CC=CC=C1)C(=O)O,0.9731962084770203,1,0.9999465942382812,1,0.3219052336552336,0
CNP0057480.2,CN(C(=O)OCC1C2=CC=CC=C2C2=CC=CC=C21)[C@H](CC(=O)OCC1=CC=CC=C1)C(=O)O,0.9731962084770203,1,0.9999465942382812,1,0.3219052336552336,0
CNP0522176.1,CC(=O)[C@H](CC(=O)O)NC(=O)C1=CC=C(CNS(=O)(=O)C2=CC=C(O)C(C(=O)O)=C2)C=C1,0.9731705188751221,1,0.9015575647354126,1,0.3614469724215528,0
CNP0369680.1,CC(O)[C@@H](NC(=O)[C@H]1CC[C@H](CNC(=O)[C@@H](C)NC(=O)OC(C)(C)C)CC1)C(=O)O,0.9731698036193848,1,0.9999939203262329,1,0.4796907377452269,0
CNP0369680.2,C[C@@H](NC(=O)OC(C)(C)C)C(=O)NC[C@H]1CC[C@H](C(=O)N[C@@H](C(=O)O)[C@@H](C)O)CC1,0.9731698036193848,1,0.9999939203262329,1,0.4796907377452269,0
CNP0369680.3,C[C@H](O)[C@@H](NC(=O)[C@H]1CC[C@@H](CNC(=O)[C@@H](C)NC(=O)OC(C)(C)C)CC1)C(=O)O,0.9731698036193848,1,0.9999939203262329,1,0.4796907377452269,0
CNP0024546.1,NC(=O)C1=CN([C@@H]2O[C@H](CO)[C@@H](O)[C@H]2O)C=CC1,0.9731379747390747,1,0.0007905297097750008,0,0.2840667440144994,0
CNP0321523.1,COC(=O)CC[C@@H](C)[C@H]1CC(=O)[C@@]2(C)C3=C(C(=O)C[C@]12C)[C@@]1(C)CC[C@H](O)C(C)(C)[C@@H]1C[C@@H]3O,0.9731046557426453,1,1.0,1,0.374545399045399,0
CNP0057748.1,CC(=O)NC1=CC=C(S(=O)(=O)N[C@H]2C[C@@H](C3=NC(C4=CC=CC=C4)=NO3)N(C)C2)C=C1,0.9730628132820129,1,0.9970411658287048,1,0.3272897409495874,0
CNP0291639.3,CC(C)CC(=O)C[C@@H](C)[C@@H]1CC=C(C(=O)O)CC1,0.9730369448661804,1,0.9999983310699463,1,0.3047798573975044,0
CNP0291639.2,CC(C)CC(=O)C[C@@H](C)[C@H]1CC=C(C(=O)O)CC1,0.9730369448661804,1,0.9999983310699463,1,0.3047798573975044,0
CNP0291639.1,CC(C)CC(=O)C[C@H](C)[C@H]1CC=C(C(=O)O)CC1,0.9730369448661804,1,0.9999983310699463,1,0.3047798573975044,0
CNP0291639.4,CC(C)CC(=O)C[C@H](C)[C@@H]1CC=C(C(=O)O)CC1,0.9730369448661804,1,0.9999983310699463,1,0.3047798573975044,0
CNP0514651.1,C[C@@]12CCCCCC1=CC(=O)CC2,0.9730179905891418,1,0.9987173080444336,1,0.2086727703356301,0
CNP0043148.1,NC1=NC=NC=C1C1=NOC([C@@H]2CCCN2CC2=CC=C(C(=O)O)C=C2)=N1,0.9730098843574524,1,0.99908447265625,1,0.3462672311348782,0
CNP0553223.1,CC1=CN([C@@H]2O[C@H](CO)[C@@H](O)[C@H]2O)C(O)=NC1=N,0.9729973077774048,1,0.9987130165100098,1,0.379260648304424,0
CNP0172462.1,CC(=O)O[C@H](CCC(C)(C)O)[C@@H](C)[C@H]1CC[C@@]2(O)C3=CC(=O)[C@H]4C[C@@H](O)CC[C@]4(C)[C@H]3CC[C@]12C,0.9729462265968323,1,1.0,1,0.364574384244597,0
CNP0200929.1,COC1=CC=CC(C2CN3C(=O)CN(CCC(C)C)C(=O)[C@]3(C)C3=C2C2=CC=CC=C2N3)=C1OC,0.9729329943656921,1,0.9968398809432983,1,0.4721699134199135,0
CNP0364903.1,CC[C@@H](C)NC(=O)[C@@H]1C2=CC=CC=C2C(=O)N(CCOC)C12CCCCC2,0.972825825214386,1,0.9999464750289917,1,0.2706646825396824,0
CNP0364903.2,CC[C@H](C)NC(=O)[C@@H]1C2=CC=CC=C2C(=O)N(CCOC)C12CCCCC2,0.972825825214386,1,0.9999464750289917,1,0.2706646825396824,0
CNP0364903.4,CC[C@@H](C)NC(=O)[C@H]1C2=CC=CC=C2C(=O)N(CCOC)C12CCCCC2,0.972825825214386,1,0.9999464750289917,1,0.2706646825396824,0
CNP0364903.3,CC[C@H](C)NC(=O)[C@H]1C2=CC=CC=C2C(=O)N(CCOC)C12CCCCC2,0.972825825214386,1,0.9999464750289917,1,0.2706646825396824,0
CNP0312993.0,CCCC(=O)NC(CCN)CC(N)C(=O)O,0.972671389579773,1,0.9988471269607544,1,0.3398379382055852,0
CNP0218510.1,COC(=O)[C@H](CC1=CC=CC=C1)NC(=O)C1=CC(=O)C(OC)=CN1,0.9726699590682983,1,0.9987871050834656,1,0.6380331890331888,1
CNP0217181.1,N[C@H](CC1=NC=NN1)C(=O)O,0.9726431965827942,1,0.9994469285011292,1,0.3435430932038437,0
CNP0121809.2,COC1=CC(/C=C/[C@@]23NC(=O)CN2C2=CC=CC=C2C3(C)C)=CC(OC)=C1OC,0.9725809693336487,1,0.7944648265838623,1,0.3821533189033189,0
CNP0121809.1,COC1=CC(/C=C/[C@]23NC(=O)CN2C2=CC=CC=C2C3(C)C)=CC(OC)=C1OC,0.9725809693336487,1,0.7944648265838623,1,0.3821533189033189,0
CNP0318008.1,CCN(CC)S(=O)(=O)C1=CC=C(C2=NC(C#N)=C(N3C[C@H]4C[C@@H](C3)C3=CC=CC(=O)N3C4)O2)C=C1,0.972568690776825,1,0.9913216233253479,1,0.4579001047261918,0
CNP0241508.1,CC(=O)C[C@@H](C)[C@H]1CC=C(C(=O)O)CC1,0.9724388122558594,1,0.9999916553497314,1,0.3400298573975045,0
CNP0241508.2,CC(=O)C[C@@H](C)[C@@H]1CC=C(C(=O)O)CC1,0.9724388122558594,1,0.9999916553497314,1,0.3400298573975045,0
CNP0553473.3,CCC(C)[C@H](NC(=O)[C@@H](CC1=CC=CC=C1)N1C(=O)NC2=CC=CC=C2C1=O)C(=O)N[C@H](C)C(=O)O,0.9724198579788208,1,0.9999996423721313,1,0.6145815295815297,1
CNP0553473.1,CCC(C)[C@H](NC(=O)[C@H](CC1=CC=CC=C1)N1C(=O)NC2=CC=CC=C2C1=O)C(=O)N[C@H](C)C(=O)O,0.9724198579788208,1,0.9999996423721313,1,0.6145815295815297,1
CNP0553473.2,CCC(C)[C@H](NC(=O)[C@@H](CC1=CC=CC=C1)N1C(=O)NC2=CC=CC=C2C1=O)C(=O)N[C@@H](C)C(=O)O,0.9724198579788208,1,0.9999996423721313,1,0.6145815295815297,1
CNP0553473.4,CCC(C)[C@H](NC(=O)[C@H](CC1=CC=CC=C1)N1C(=O)NC2=CC=CC=C2C1=O)C(=O)N[C@@H](C)C(=O)O,0.9724198579788208,1,0.9999996423721313,1,0.6145815295815297,1
CNP0484758.1,COC1=CC=C(Cl)C=C1NC(=O)[C@H]1C[C@H](C)N[C@]12C(O)=NC1=C(Cl)C=CC=C12,0.972416341304779,1,0.9996962547302246,1,0.4059632173382174,0
CNP0381888.1,CCC[C@@H](C)[C@H](N)C(=O)O,0.9723200798034668,1,0.999325156211853,1,0.3160034671211141,0
CNP0381888.2,CCC[C@H](C)[C@H](N)C(=O)O,0.9723200798034668,1,0.999325156211853,1,0.3160034671211141,0
CNP0077328.1,CC(O)C1=C2CC3OC(=O)[C@@]4(C)CCC(O)[C@](C)(C2=CC(=O)O1)C34,0.9723127484321594,1,0.9999998807907104,1,0.2807897520779873,0
CNP0507578.0,CC1=CC=CC(CNC2=NCCNC23CCN(S(=O)(=O)C2=CC=C(CC(C)C)C=C2)CC3)=C1,0.9722104668617249,1,0.9999871253967285,1,0.4302675042348954,0
CNP0017323.1,CC1(C)CN(S(=O)(=O)C2=CC=CC=C2)C[C@@H]2CN(C(=O)C3CCCC3)CCN21,0.9721781015396118,1,0.970029354095459,1,0.331476911976912,0
CNP0215694.0,CCC1OC(OC2OC=C(C(=O)O)C3CC(O)C(C)C23)C(O)C(O)C1O,0.9720603823661804,1,0.9999852180480957,1,0.3357548623848687,0
CNP0138189.2,CC[C@H](C)[C@@H](O)[C@@H](C)C(=O)O[C@H]1CC(CC(=O)[C@@H]2[C@H](C)CCC[C@@H]2O)=C(C)C(=O)[C@@]1(C)O,0.972018837928772,1,0.9999995231628418,1,0.4295571937866055,0
CNP0138189.1,CC[C@H](C)[C@@H](O)[C@@H](C)C(=O)O[C@H]1CC(CC(=O)[C@H]2[C@H](C)CCC[C@@H]2O)=C(C)C(=O)[C@@]1(C)O,0.972018837928772,1,0.9999995231628418,1,0.4295571937866055,0
CNP0503794.1,CCC(C)[C@H](NC(=O)[C@H](CC1=CC=CC=C1)N1C(O)=NC2=CC=CC=C2C1=O)C(=O)N[C@H](C)C(=O)O,0.9719153046607971,1,1.0,1,0.5986459235209236,1
CNP0503794.2,CCC(C)[C@H](NC(=O)[C@H](CC1=CC=CC=C1)N1C(O)=NC2=CC=CC=C2C1=O)C(=O)N[C@@H](C)C(=O)O,0.9719153046607971,1,1.0,1,0.5986459235209236,1
CNP0074507.2,CC(C)[C@H](N)C(=O)O[C@@H]1[C@@H](CO)O[C@@H](N2C=CC(N)=NC2=O)[C@]1(C)O,0.9718658924102783,1,0.9985092282295227,1,0.4996680672268907,0
CNP0204290.1,CC1(C)CN(S(=O)(=O)C2=CC=CC=C2)C[C@@H]2CN(C(=O)NC3CCCCC3)CCN21,0.971805989742279,1,0.9993096590042114,1,0.4508074017485783,0
CNP0568926.0,CCCCC(=O)C1CCC2=C(O)N=C(C)C(OC)=C2C1,0.9717308282852173,1,0.9998664855957031,1,0.4058948143359908,0
CNP0347847.0,CCC(N)C(=O)N(CC(=O)O)C(=O)CCC(N)C(=O)O,0.9717029929161072,1,0.9986546039581299,1,0.3324598967068541,0
CNP0186535.0,CC(=CCCC(C)(C)O)C1=CC=C(C(=O)O)C=C1O,0.9715796709060669,1,0.999292254447937,1,0.2745118198794669,0
CNP0003351.0,NC(CCC(=O)NC1(C(=O)O)CC1)C(=O)O,0.9715771675109863,1,0.9986478686332703,1,0.2355728715728715,0
CNP0147437.2,CC(C)(C)CC(=O)N1C[C@@H]2C[C@H](C1)C1=CC=C(NS(=O)(=O)C3=CC=CC=C3)C(=O)N1C2,0.9713765978813171,1,0.9936285614967346,1,0.3056351148851148,0
CNP0147437.1,CC(C)(C)CC(=O)N1C[C@H]2C[C@H](C1)C1=CC=C(NS(=O)(=O)C3=CC=CC=C3)C(=O)N1C2,0.9713765978813171,1,0.9936285614967346,1,0.3056351148851148,0
CNP0415190.1,CCCC[C@@H](C)CCC(=O)O,0.9713620543479919,1,0.999977707862854,1,0.3154813810200807,0
CNP0123548.0,COC1=C2CN(C)CCC2=C(S(=O)(=O)NC(C)C)C2=C1OCO2,0.9713543057441711,1,0.9999998807907104,1,0.3014078176015515,0
CNP0218039.0,OCC1OC(N2C=CC3=C(O)N=CN=C32)C(O)C1O,0.9712156653404236,1,0.9776145219802856,1,0.4059857436854791,0
CNP0242188.1,N[C@@H](CC1=COC=C1C(=O)O)C(=O)O,0.9711962938308716,1,0.987257182598114,1,0.3944435816043321,0
CNP0548930.1,COC(=O)CC[C@]1(C)[C@H]2CC3=C(O)C4=C(COC4=O)C(C)=C3O[C@@]2(C)CC[C@H]1C(C)(C)O,0.9711180329322815,1,0.9999908208847046,1,0.3480023254523254,0
CNP0261582.2,COC1=C2C=COC2=NC2=C(OC)C(OC[C@@H](OC(C)=O)C(C)(C)O)=CC=C12,0.9710929989814758,1,0.9993578791618347,1,0.4004324172559466,0
CNP0261582.1,COC1=C2C=COC2=NC2=C(OC)C(OC[C@H](OC(C)=O)C(C)(C)O)=CC=C12,0.9710929989814758,1,0.9993578791618347,1,0.4004324172559466,0
CNP0275874.1,O=C(O)C[C@@H]1CCN(S(=O)(=O)C2=CC=CC=C2)C[C@@H]1CC1=NC2=CC=CC(Cl)=C2N1,0.9710826277732849,1,0.9997269511222839,1,0.364292891748774,0
CNP0134856.1,C[C@@H](O)[C@H]1CC[C@H]2[C@@H]3C=CC4=CC(=O)CC[C@]4(C)[C@H]3CC(=O)[C@]12C,0.970992386341095,1,0.9999988079071045,1,0.4550501707130306,0
CNP0576539.1,CCC(CCO)SC[C@H](N)C(=O)O,0.970920979976654,1,0.9970977306365967,1,0.394985055272915,0
CNP0513832.1,CC[C@H](C)C[C@H](C)C(=O)O[C@H]1CC2=CC(O)=C3C(=C2C(=O)[C@@]1(C)O)C[C@@H](O)C[C@H]3C,0.9708022475242615,1,1.0,1,0.4086575793487557,0
CNP0399570.0,CCCCC(CC)C1CC(=O)NC2=C1C(C)=NN2C1=NC=NC2=C1N=CN2,0.9707872867584229,1,1.0,1,0.4369971256342223,0
CNP0169235.1,CC[C@H](C)CCCC1=C(O)C=CC2=C1O[C@]1(C2=O)C(Cl)=C(Cl)C(=O)N1C,0.9706528186798096,1,1.0,1,0.2903157838893133,0
CNP0084063.0,CC(CC(=O)O)CC(C)C(=O)O,0.9706381559371948,1,0.9999624490737915,1,0.253876670714906,0
CNP0575238.1,COC1=CC=C(OC)C(NC(=O)[C@@H]2CN(S(=O)(=O)C3CC3)CC23CCCCC3)=C1,0.9706361889839172,1,0.9997943043708801,1,0.428054208046855,0
CNP0575238.2,COC1=CC=C(OC)C(NC(=O)[C@H]2CN(S(=O)(=O)C3CC3)CC23CCCCC3)=C1,0.9706361889839172,1,0.9997943043708801,1,0.428054208046855,0
CNP0214148.1,C[C@@H]1C[C@H](O)[C@@]2(C)C(C(=O)O)=CCC[C@@H]2[C@@]1(C)CCC1=CC(=O)OC1,0.9705665707588196,1,0.9999945163726807,1,0.3996357268966162,0
CNP0317963.1,CC1=CC=C(S(=O)(=O)N[C@@H](CC(C)C)C(=O)N2CCC(C(=O)N3CCC[C@H]3C(=O)O)CC2)C=C1,0.9705381989479065,1,0.9998899698257446,1,0.4963782051282052,0
CNP0387826.1,CCC(C)[C@H](NC(=O)C1=CC2=C(OC)C=C(OC)C=C2N1C)C(=O)O,0.9704920053482056,1,0.9999860525131226,1,0.3860055428231899,0
CNP0387826.3,CC[C@@H](C)[C@H](NC(=O)C1=CC2=C(OC)C=C(OC)C=C2N1C)C(=O)O,0.9704920053482056,1,0.9999860525131226,1,0.3860055428231899,0
CNP0387826.2,CC[C@H](C)[C@H](NC(=O)C1=CC2=C(OC)C=C(OC)C=C2N1C)C(=O)O,0.9704920053482056,1,0.9999860525131226,1,0.3860055428231899,0
CNP0135142.1,COC1=CC=C(S(=O)(=O)N[C@H]2C[C@@H](C3=NC(C4=CN=CN=C4)=NO3)N(C)C2)C=C1,0.9702712297439575,1,0.999612033367157,1,0.3619893477095937,0
CNP0040677.1,COC1=CC=C(C(=O)N2C[C@@H]3C[C@H](C2)C2=C(NS(=O)(=O)C4=CC=CC=C4)C=CC(=O)N2C3)C=C1,0.9701952338218689,1,0.27088266611099243,0,0.3602327949827949,0
CNP0437555.3,O=C(N[C@H](CC1=CC=C(O)C=C1)C(=O)O)[C@H](O)CC1=CC=CC=C1,0.9699655175209045,1,0.9942259192466736,1,0.5625754537859801,1
CNP0437555.2,O=C(N[C@H](CC1=CC=C(O)C=C1)C(=O)O)[C@@H](O)CC1=CC=CC=C1,0.9699655175209045,1,0.9942259192466736,1,0.5625754537859801,1
CNP0437555.1,O=C(N[C@@H](CC1=CC=C(O)C=C1)C(=O)O)[C@H](O)CC1=CC=CC=C1,0.9699655175209045,1,0.9942259192466736,1,0.5625754537859801,1
CNP0437555.4,O=C(O)[C@H](CC1=CC=C(O)C=C1)NC(=O)[C@@H](O)CC1=CC=CC=C1,0.9699655175209045,1,0.9942259192466736,1,0.5625754537859801,1
CNP0416220.1,CO[C@@H]1C=C(O)[C@@H]2[C@@H]3C[C@H]4CC[C@@]5(CCC6(CCCC6)C5)[C@]3(C)[C@@]4(C)[C@]21O,0.9699132442474365,1,0.9999911785125732,1,0.4193004368856297,0
CNP0540646.0,CCC(C)CC(C(=O)O)C(C)C,0.9698642492294312,1,0.9999099969863892,1,0.3002458081134551,0
CNP0328248.2,C[C@@H]1CC[C@@]2(C)C(C(=O)O)=CCC[C@@H]2[C@@]1(C)CC[C@H]1CCOC1=O,0.9697223901748657,1,0.9999921321868896,1,0.3875117382617382,0
CNP0328248.3,C[C@@H]1CC[C@@]2(C)C(C(=O)O)=CCC[C@@H]2[C@@]1(C)CC[C@@H]1CCOC1=O,0.9697223901748657,1,0.9999921321868896,1,0.3875117382617382,0
CNP0328248.1,C[C@@H]1CC[C@@]2(C)C(C(=O)O)=CCC[C@@H]2[C@@]1(C)CCC1CCOC1=O,0.9697223901748657,1,0.9999921321868896,1,0.3875117382617382,0
CNP0364746.1,CN(C)C1=NC2=C(N)N=CN=C2N1[C@@H]1O[C@H](CO)[C@@H](O)[C@H]1O,0.9696468710899353,1,0.9991247057914734,1,0.421115252850205,0
CNP0310686.1,CC[C@H](C)CCOC(=O)CC(C)C,0.9695316553115845,1,0.9999994039535522,1,0.327780735604265,0
CNP0583390.2,CCOC(=O)[C@@H](CC1=CNC2=CC=CC=C12)NC(=O)C1=CC=C(C(C)(C)C)C=C1,0.9695035219192505,1,0.9980661273002625,1,0.4493860028860029,0
CNP0583390.1,CCOC(=O)[C@H](CC1=CNC2=CC=CC=C12)NC(=O)C1=CC=C(C(C)(C)C)C=C1,0.9695035219192505,1,0.9980661273002625,1,0.4493860028860029,0
CNP0213140.1,COC(=O)[C@@]1(C)C[C@H]2[C@@H](CC(C)=C3C4=CCC5=C(C=C(OC)C(OC)=C5C)[C@]4(C)CC[C@@H]32)C(=O)[C@@H]1O,0.9694259762763977,1,0.9999079704284668,1,0.4454209956709957,0
CNP0012700.1,CN1C[C@@H](NS(=O)(=O)CC2=CC=CC=C2)C[C@H]1C1=NC(C2=CC=C3OCOC3=C2)=NO1,0.9693790674209595,1,0.9999730587005615,1,0.3324243836622353,0
CNP0197750.1,CC1([C@H](N)C(=O)O)CC1,0.969334602355957,1,0.9552525877952576,1,0.2388036114212584,0
CNP0553789.1,O=S(=O)(C1=CC=C(Cl)C=C1)N1C[C@@H](COCC2CC2)[C@@H]2COC3=CC=CC=C3[C@@H]21,0.969273567199707,1,0.7299517393112183,1,0.3335483734196731,0
CNP0557614.1,CC(C)C[C@@]1(C(=O)O)C[C@H](C(=O)O)[C@H](C2=NC=CS2)N1C(=O)C1=CC=C(C(C)(C)C)C=C1,0.9692569971084595,1,0.02747400663793087,0,0.407423015873016,0
CNP0209712.1,COC1=C2C[C@@H](C(C)(C)O)OC2=NC2=C3OCOC3=CC=C12,0.9689814448356628,1,0.9999676942825317,1,0.4184755218295917,0
CNP0159688.3,NC1=NC(Cl)=NC2=C1N=CN2[C@H]1O[C@H](CO)[C@@H](O)[C@@H]1O,0.9688860774040222,1,0.9954133629798889,1,0.3758380662799959,0
CNP0159688.1,NC1=NC(Cl)=NC2=C1N=CN2[C@@H]1O[C@H](CO)C(O)C1O,0.9688860774040222,1,0.9954133629798889,1,0.3758380662799959,0
CNP0159688.2,NC1=NC(Cl)=NC2=C1N=CN2[C@@H]1O[C@H](CO)[C@@H](O)[C@H]1O,0.9688860774040222,1,0.9954133629798889,1,0.3758380662799959,0
CNP0569233.1,CC1=NOC(C)=C1S(=O)(=O)N1C[C@@H](COCC(C)C)[C@@H]2COC3=CC=CC=C3[C@@H]21,0.9688596725463867,1,0.9992656111717224,1,0.4407422073635071,0
CNP0489023.1,O=C1N=CC=CN1[C@@H]1O[C@H](CO)[C@@H](O)[C@H]1O,0.9688183069229126,1,0.8318260312080383,1,0.3611908793820559,0
CNP0527498.1,CC[C@@H](C)[C@H]1/N=C(\O)[C@@H](C)/N=C(\O)C2=CC=CC=C2/N=C(\O)[C@@H]([C@@H](O)C2=CC=CC=C2)N(C)C1=O,0.9687778949737549,1,0.9847702980041504,1,0.3939675324675326,0
CNP0072058.2,C[C@@H]1[C@@H](C(C)(O)CCC(O)C(C)(C)O)CC[C@]1(C)O,0.9687763452529907,1,0.8983182311058044,1,0.3102533614348383,0
CNP0072058.1,C[C@H]1[C@H]([C@](C)(O)CCC(O)C(C)(C)O)CC[C@@]1(C)O,0.9687763452529907,1,0.8983182311058044,1,0.3102533614348383,0
CNP0373452.1,O=C(O)C1=CC2=C(NC3=CC=CC=C32)C(CCC(=O)N2CCC[C@H]2C(=O)O)=N1,0.9684385657310486,1,0.9831205606460571,1,0.3881650793650793,0
CNP0189749.1,CNC(=O)[C@@H]1CC2=CC=CC=C2N1C(=O)CC1=CC=CC=C1C(=O)O,0.9684118628501892,1,0.9938052892684937,1,0.3292171374377256,0
CNP0327261.1,CSCC[C@@H](NC(=O)C1(NC(=O)OC(C)(C)C)CCCCC1)C(=O)O,0.9683464169502258,1,0.9999798536300659,1,0.4721538864417464,0
CNP0580493.0,CC(C)CC1=CC=C(S(=O)(=O)N2CCC3(CC2)NCCN=C3NCC2=CC=C(Cl)C=C2)C=C1,0.9683138132095337,1,0.993920087814331,1,0.4165070255831123,0
CNP0081288.1,CCCS(=O)(=O)N[C@H]1CO[C@@H](CN2CCC[C@@H]2COC)[C@@H]1O,0.9682607054710388,1,1.0,1,0.462197550488727,0
CNP0353376.1,CC(C)CC(=O)C[C@@](C)(O)[C@H]1CC=C(C(=O)O)CC1,0.9680215716362,1,0.9999974966049194,1,0.4110804734481205,0
CNP0156745.1,NC1=NC2=C(N=CN2[C@@H]2O[C@H](CO)[C@@H](O)[C@H]2N)C(=O)N1,0.9677679538726807,1,0.9835702180862427,1,0.4143695206412375,0
CNP0229173.1,N[C@@H](CC1=CC=C(Br)C(O)=C1Br)C(=O)O,0.9676935076713562,1,0.9743623733520508,1,0.3457635116742622,0
CNP0523190.0,CCCCC1(OC(=O)C2=CC=CC=C2C(=O)O)CCCCC1,0.9675905108451843,1,0.952489972114563,1,0.2942472471972471,0
CNP0156142.1,CCC(OC(C)=O)[C@@](C)(OC)[C@H](OC(C)=O)[C@@H](C)C(=O)O,0.9675579071044922,1,0.9998700618743896,1,0.35007320294085,0
CNP0499708.0,C=C(CCCC(C)(C)O)C1=C(O)C=CC=C1C(=O)O,0.967538595199585,1,0.9990519881248474,1,0.2695560966810967,0
CNP0543624.1,CCC(C)C(=O)O[C@@H]1CCN2CC[C@H](COC(=O)C(C)(O)C(C)O)[C@H]12,0.9675381779670715,1,0.9999979734420776,1,0.4294517192484934,0
CNP0491115.2,N[C@H](C(=O)O)C1=CC=CC(Cl)=C1,0.9674034714698792,1,0.9957215785980225,1,0.354313216195569,0
CNP0491115.1,N[C@@H](C(=O)O)C1=CC=CC(Cl)=C1,0.9674034714698792,1,0.9957215785980225,1,0.354313216195569,0
CNP0492336.0,CCCC1=NN(C)C2=C1N=C(C1=C(OCC)SC(S(N)(=O)=O)=C1)NC2=O,0.9672685265541077,1,0.9989796280860901,1,0.4454407259407258,0
CNP0099724.1,CCOC(=O)C1=CC(=C2CCCC2)C2=C(C=C3O[C@H](C(C)(C)O)CC3=C2OC)O1,0.9671953320503235,1,0.9999953508377075,1,0.3404760461760462,0
CNP0599471.1,O=C(C1CC1)N1C2=NC(C3=CC=CO3)=NN2C2(CCCCC2)[C@@H]2CCCC[C@@H]21,0.9669488668441772,1,0.9999932050704956,1,0.4055238095238095,0
CNP0453561.1,C[C@H]1CCC(=O)C[C@H](CC(O)C(=O)O)CCC(=O)O1,0.9668711423873901,1,0.999994158744812,1,0.5001505439005439,1
CNP0558818.1,CC[C@H](C)[C@H](N)C(=O)N1CCC[C@H]1C(=O)N[C@H](C(=O)O)[C@@H](C)CC,0.9668017625808716,1,0.999992847442627,1,0.4381381673881673,0
CNP0161853.2,CCCC[C@@H](C)CC,0.9667704105377197,1,0.9999991655349731,1,0.2503488717165187,0
CNP0161853.1,CCCC[C@H](C)CC,0.9667704105377197,1,0.9999991655349731,1,0.2503488717165187,0
CNP0547533.0,CCCCC(C)CCC(C)CC,0.9667443633079529,1,0.9999991655349731,1,0.2981909769796766,0
CNP0130493.2,COC1=CC2=NC3=C(C=CO3)C(OC)=C2C=C1OC[C@H](OC(C)=O)C(C)(C)O,0.9666864275932312,1,0.9971376657485962,1,0.4277272036474164,0
CNP0130493.1,COC1=CC2=NC3=C(C=CO3)C(OC)=C2C=C1OC[C@@H](OC(C)=O)C(C)(C)O,0.9666864275932312,1,0.9971376657485962,1,0.4277272036474164,0
CNP0402719.0,COC(=O)CC(C1=CC(OC)=C(OC)C(OC)=C1)C1=C(CC2=CC=CC=C2)NNC1=O,0.9666799902915955,1,0.9986892342567444,1,0.308141414141414,0
CNP0191999.1,N[C@@H](C[C@H](O)[C@@H](O)C(=O)O)C(=O)O,0.9666740298271179,1,0.9974608421325684,1,0.3010774764451235,0
CNP0366179.2,COC(=O)[C@@H](CC(C)C)NC(=O)[C@@H](CC1=CC=CC=C1)NC(=O)OC(C)(C)C,0.966651201248169,1,0.9999431371688843,1,0.5964455266955266,1
CNP0366179.4,COC(=O)[C@H](CC(C)C)NC(=O)[C@@H](CC1=CC=CC=C1)NC(=O)OC(C)(C)C,0.966651201248169,1,0.9999431371688843,1,0.5964455266955266,1
CNP0366179.1,COC(=O)[C@@H](CC(C)C)NC(=O)[C@H](CC1=CC=CC=C1)NC(=O)OC(C)(C)C,0.966651201248169,1,0.9999431371688843,1,0.5964455266955266,1
CNP0366179.3,COC(=O)[C@H](CC(C)C)NC(=O)[C@H](CC1=CC=CC=C1)NC(=O)OC(C)(C)C,0.966651201248169,1,0.9999431371688843,1,0.5964455266955266,1
CNP0402425.0,COC1=C2CN(C)CCC2=C(S(=O)(=O)NCC2=CC=CC=C2)C2=C1OCO2,0.9664376378059387,1,0.9997410178184509,1,0.3664498327759197,0
CNP0524256.0,COC(=O)NC1=NC2=CC(C3(O)C4=CC=CC=C4C(=O)N3C3=CC(Cl)=CC=C3C)=CC=C2N1,0.9663864970207214,1,0.9998225569725037,1,0.3923782573635515,0
CNP0257376.1,CCOC(=O)[C@H](C)[C@H]1CC[C@@H](C[C@H](CC)OC(=O)[C@@H](C)[C@@H]2CC[C@H](C[C@@H](C)O)O2)O1,0.9663614630699158,1,1.0,1,0.4322588408323702,0
CNP0226928.6,C[C@@H]1CC[C@@H]2C(C(=O)O)=C[C@@H]3[C@H](O)C(C)(C)C[C@@]123,0.9662955403327942,1,0.5892783999443054,1,0.3644057592734064,0
CNP0226928.3,C[C@H]1CC[C@@H]2C(C(=O)O)=C[C@H]3[C@@H](O)C(C)(C)C[C@]213,0.9662955403327942,1,0.5892783999443054,1,0.3644057592734064,0
CNP0226928.9,C[C@@H]1CC[C@@H]2C(C(=O)O)=C[C@@H]3[C@H](O)C(C)(C)C[C@]123,0.9662955403327942,1,0.5892783999443054,1,0.3644057592734064,0
CNP0226928.2,C[C@H]1CC[C@H]2C(C(=O)O)=C[C@H]3[C@@H](O)C(C)(C)C[C@@]123,0.9662955403327942,1,0.5892783999443054,1,0.3644057592734064,0
CNP0226928.1,C[C@@H]1CC[C@H]2C(C(=O)O)=C[C@@H]3[C@@H](O)C(C)(C)C[C@@]132,0.9662955403327942,1,0.5892783999443054,1,0.3644057592734064,0
CNP0226928.7,C[C@@H]1CC[C@@H]2C(C(=O)O)=C[C@@H]3[C@@H](O)C(C)(C)C[C@@]123,0.9662955403327942,1,0.5892783999443054,1,0.3644057592734064,0
CNP0226928.5,C[C@@H]1CC[C@H]2C(C(=O)O)=C[C@H]3[C@@H](O)C(C)(C)C[C@@]123,0.9662955403327942,1,0.5892783999443054,1,0.3644057592734064,0
CNP0226928.8,C[C@@H]1CC[C@@H]2C(C(=O)O)=C[C@@H]3[C@@H](O)C(C)(C)C[C@]123,0.9662955403327942,1,0.5892783999443054,1,0.3644057592734064,0
CNP0226928.4,C[C@@H]1CC[C@@H]2C(C(=O)O)=C[C@H]3[C@@H](O)C(C)(C)C[C@@]123,0.9662955403327942,1,0.5892783999443054,1,0.3644057592734064,0
CNP0102493.1,CCCC(C)(O)C(O)[C@@]1(C)C[C@@H](C)C(=O)O1,0.9661356210708618,1,0.9999756813049316,1,0.4665264662370129,0
CNP0155860.0,CCCCC(O)C1=CC(O)=C2C(=C1)OC(C)(C)C1=CC=C(C(=O)O)C=C12,0.966116189956665,1,0.9999985694885254,1,0.3641608652785124,0
CNP0014788.1,C[C@@H](NC(=O)C1CCCCC1)C1=C(C(=O)O)C(C2=CC=C(Cl)C=C2)=NO1,0.9660995006561279,1,0.9999840259552002,1,0.4256623082799553,0
CNP0469018.2,CCCCC1=CN(C[C@H]2C[C@@H]3CC[N@@]2C[C@@H]3C(=O)N2CCN(C3=CC=CC=C3OC)CC2)N=N1,0.9660594463348389,1,0.9999972581863403,1,0.3848706016206016,0
CNP0469018.1,CCCCC1=CN(C[C@H]2C[C@H]3CC[N@]2C[C@@H]3C(=O)N2CCN(C3=CC=CC=C3OC)CC2)N=N1,0.9660594463348389,1,0.9999972581863403,1,0.3848706016206016,0
CNP0388390.1,CCC(C)[C@H](NC(=O)[C@H](C)NC(=O)C1=CC=CC2=C1C1=CC=CC=C1C2=O)C(=O)O,0.9658877849578857,1,0.999272882938385,1,0.3367176434676434,0
CNP0388390.2,CC[C@H](C)[C@H](NC(=O)[C@H](C)NC(=O)C1=CC=CC2=C1C1=CC=CC=C1C2=O)C(=O)O,0.9658877849578857,1,0.999272882938385,1,0.3367176434676434,0
CNP0388390.3,CC[C@@H](C)[C@H](NC(=O)[C@H](C)NC(=O)C1=CC=CC2=C1C1=CC=CC=C1C2=O)C(=O)O,0.9658877849578857,1,0.999272882938385,1,0.3367176434676434,0
CNP0017253.1,CC1(C)CN(S(=O)(=O)C2=CC=CC=C2)C[C@@H]2CN(C(=O)N3CCOCC3)CCN21,0.9657649397850037,1,0.9969663023948669,1,0.2984650072150072,0
CNP0146602.1,COC1=CC(O)=C(C(=O)O)C(C[C@H](N)C(=O)O)=C1,0.9655587077140808,1,0.9928094148635864,1,0.389280912574016,0
CNP0556347.1,CC(C)C1=CC=C2OC[C@@H]3CN(S(=O)(=O)C4=CC=CC=C4)CCN3CC(=O)NC2=C1,0.9653469324111938,1,0.9931042790412903,1,0.3402422625683494,0
CNP0361197.4,C[C@H](O)[C@@H](N)C(=O)O,0.9652280807495117,1,0.9146948456764221,1,0.2868791192467662,0
CNP0361197.5,C[C@@H](O)[C@@H](N)C(=O)O,0.9652280807495117,1,0.9146948456764221,1,0.2868791192467662,0
CNP0361197.2,C[C@@H](O)C(N)C(=O)O,0.9652280807495117,1,0.9146948456764221,1,0.2868791192467662,0
CNP0361197.1,C[C@@H](O)[C@H](N)C(=O)O,0.9652280807495117,1,0.9146948456764221,1,0.2868791192467662,0
CNP0361197.3,C[C@H](O)[C@H](N)C(=O)O,0.9652280807495117,1,0.9146948456764221,1,0.2868791192467662,0
CNP0482723.2,COC1=CC2=[NH+]C3=C(C=CO3)C(OC)=C2C=C1OC[C@@H](OC(C)=O)C(C)(C)O,0.965099036693573,1,0.9991300702095032,1,0.396874098124098,0
CNP0482723.1,COC1=CC2=[NH+]C3=C(C=CO3)C(OC)=C2C=C1OC[C@H](OC(C)=O)C(C)(C)O,0.965099036693573,1,0.9991300702095032,1,0.396874098124098,0
CNP0141832.1,CC[C@H](C)[C@H](NC(=O)[C@H](CC1=CC=CC=C1)NC(=O)CC(C)C)C(=O)N[C@H](CO)CC1=CC=CC=C1,0.9648053050041199,1,0.9999998807907104,1,0.5716655844155845,1
CNP0565786.0,CC1=CC=C(NS(=O)(=O)C2=CC=CC=C2)C(C(=O)O)=C1,0.9647629261016846,1,0.2517751455307007,0,0.2995761183261184,0
CNP0480654.1,O=C(O)[C@H](NC(=O)[C@H](CC1=CNC2=CC=CC=C12)N1C(O)=NC2=CC=CC=C2C1=O)C1=CC=C(O)C=C1,0.9647071361541748,1,0.9999985694885254,1,0.4683576146076145,0
CNP0564336.1,CC[C@H](C)[C@H](NC(=O)CN)C(=O)O,0.9646714329719543,1,0.9999598264694214,1,0.3191802902979372,0
CNP0511684.1,CC1=C2OC[C@H](C(C)(C)O)CC2=C2C=C(C)N([C@@H](CC(C)C)C(=O)O)C(=O)C2=C1O,0.9646463394165039,1,0.9999940395355225,1,0.4568988178488178,0
CNP0206004.1,N[C@@H](CC(=O)N[C@@H](CO)C(=O)O)C(=O)O,0.9645463824272156,1,0.9990542531013489,1,0.3978282549064282,0
CNP0492625.1,C[C@@H](C(=O)N1CCOCC1)N1CC[C@H](NS(=O)(=O)C2=CC3=CC(Cl)=CC=C3S2)C1=O,0.9644874334335327,1,0.9997081160545349,1,0.3947647271029625,0
CNP0567494.1,N[C@@H](CC1=CCCCC2=C1C(=O)NO2)C(=O)O,0.9644756317138672,1,0.9974871873855591,1,0.3294097004528039,0
CNP0303137.1,COC(C)(C)CC[C@@H](O)[C@](C)(O)[C@H]1CC[C@@]2(O)C3=CC(=O)[C@@H]4C[C@@H](O)[C@@H](O)C[C@]4(C)[C@H]3CC[C@]12C,0.9643847346305847,1,0.9966551065444946,1,0.3337897335594457,0
CNP0396757.1,CC(C)(O)[C@@H]1CC[C@H]2CO[C@]3(C)C=CO[C@]23C1,0.9643669724464417,1,0.9999974966049194,1,0.3266060534237004,0
CNP0508154.1,COC(=O)[C@](O)(CC(=O)O)CC1=CC=C(O)C=C1,0.9643482565879822,1,0.999800980091095,1,0.2916680437725329,0
CNP0136618.1,COC1=CC2=NC3=C(C=CO3)C(OC)=C2C2=C1O[C@@H](C(C)(C)O)C2,0.9642768502235413,1,0.9999251365661621,1,0.4380357142857143,0
CNP0486794.1,COC(=O)[C@H](CC1=CC=CC=C1)NC(=O)NC1=CC=C(OC)C=C1OC,0.9642289876937866,1,0.9992663264274597,1,0.5105458152958153,1
CNP0548381.2,COC1=CC=CC(CNC(=O)[C@@H]2CN(S(=O)(=O)C3=CC=CN=C3)CC23CCCCC3)=C1,0.964178204536438,1,0.9868013858795166,1,0.3385304169514695,0
CNP0548381.1,COC1=CC=CC(CNC(=O)[C@H]2CN(S(=O)(=O)C3=CC=CN=C3)CC23CCCCC3)=C1,0.964178204536438,1,0.9868013858795166,1,0.3385304169514695,0
CNP0395683.1,COC(=O)[C@@H](CC1=CC=CC=C1)NC(=O)[C@H](C1=CC=CC=C1)N1CC2=CC=CC=C2C1=O,0.96417635679245,1,0.995162308216095,1,0.4883017782870725,0
CNP0105667.1,N[C@@H](CC1=CNC(C(=O)O)=C1)C(=O)O,0.9641367793083191,1,0.9985938668251038,1,0.3782044873652378,0
CNP0571749.1,C[C@H](N)C(=O)N[C@@H](C)C(=O)N1CCC[C@H]1C(=O)N1CCC[C@H]1C(=O)O,0.9641294479370117,1,0.9998456239700317,1,0.420774806892454,0
CNP0181108.0,NC(CC1=CNC2=CC=C(OCC3=CC=CC=C3)C=C12)C(=O)O,0.9639970660209656,1,0.998172402381897,1,0.4511669154600188,0
CNP0350631.1,O=C1N=CN=CN1[C@@H]1O[C@H](CO)[C@@H](O)[C@H]1O,0.9639888405799866,1,0.9628846645355225,1,0.4513458710037441,0
CNP0081068.1,NC1=NC=NC2=C1N=CN2[C@H]1O[C@H](CCC(=O)C2=CC=CC(C(=O)O)=C2)[C@H](O)[C@H]1O,0.9638503193855286,1,0.9968085885047913,1,0.4163308717426364,0
CNP0515798.1,CCCC[C@@H](CC)COC(=O)C1=CN=NN1,0.9637518525123596,1,0.9999314546585083,1,0.3787435574905149,0
CNP0042089.1,COC(=O)[C@@H]1CC2=C(CN1S(=O)(=O)C1=CC=CC=C1)N(CC1=CC=C(OC)C=C1)C=N2,0.9637430310249329,1,0.9222609400749207,1,0.3833565323565324,0
CNP0196113.4,C[C@H](CC[C@@]1(C)[C@H](C)CC[C@]2(C)C(C(=O)O)=CC(=O)C[C@H]12)CC(=O)O,0.9637278318405151,1,0.9999116659164429,1,0.465314047064047,0
CNP0196113.8,C[C@H](CC[C@]1(C)[C@H](C)CC[C@@]2(C)C(C(=O)O)=CC(=O)C[C@H]12)CC(=O)O,0.9637278318405151,1,0.9999116659164429,1,0.465314047064047,0
CNP0196113.3,C[C@H](CC[C@]1(C)[C@H]2CC(=O)C=C(C(=O)O)[C@]2(C)CC[C@@H]1C)CC(=O)O,0.9637278318405151,1,0.9999116659164429,1,0.465314047064047,0
CNP0196113.5,C[C@H](CC[C@]1(C)[C@H](C)CC[C@]2(C)C(C(=O)O)=CC(=O)C[C@H]12)CC(=O)O,0.9637278318405151,1,0.9999116659164429,1,0.465314047064047,0
CNP0196113.7,C[C@H](CC[C@]1(C)[C@H](C)CC[C@]2(C)C(C(=O)O)=CC(=O)C[C@@H]12)CC(=O)O,0.9637278318405151,1,0.9999116659164429,1,0.465314047064047,0
CNP0196113.1,C[C@H](CC[C@@]1(C)[C@H](C)CC[C@@]2(C)C(C(=O)O)=CC(=O)C[C@H]12)CC(=O)O,0.9637278318405151,1,0.9999116659164429,1,0.465314047064047,0
CNP0196113.2,C[C@H](CC[C@]1(C)[C@H]2CC(=O)C=C(C(=O)O)[C@@]2(C)CC[C@@H]1C)CC(=O)O,0.9637278318405151,1,0.9999116659164429,1,0.465314047064047,0
CNP0196113.6,C[C@H](CC[C@]1(C)[C@H](C)CC[C@@]2(C)C(C(=O)O)=CC(=O)C[C@@H]12)CC(=O)O,0.9637278318405151,1,0.9999116659164429,1,0.465314047064047,0
CNP0266492.1,C[C@@H]1CC[C@@]23CCC(=O)[C@@]12C(C(=O)O)=CC3(C)C,0.9635740518569946,1,0.999438464641571,1,0.4411443001443002,0
CNP0266492.2,C[C@@H]1CC[C@]23CCC(=O)[C@]12C(C(=O)O)=CC3(C)C,0.9635740518569946,1,0.999438464641571,1,0.4411443001443002,0
CNP0192566.1,COC(=O)[C@@H](O)[C@](O)(CC1=CC=C(O)C=C1)C(=O)OC,0.9635027050971985,1,0.9999954700469971,1,0.3584612454538924,0
CNP0394732.1,CC(O)(CO)[C@H]1O[C@H]2CC[C@@]3(C)[C@@](O)(CC[C@H]4CC5=C(NC6=CC=CC=C56)[C@@]43C)C2=CC1=O,0.9634944796562195,1,0.9999257326126099,1,0.47682884099076,0
CNP0316863.1,C[C@H]1CC[C@@]2(C)C(C(=O)O)=CC=C[C@H]2[C@]1(C)CCC1=CC(=O)OC1,0.9634532332420349,1,0.9993427395820618,1,0.3885087037145861,0
CNP0370073.1,CCCCN(C)C[C@@H]1OC[C@H](NS(=O)(=O)C2=CC=CC=C2)[C@H]1O,0.963424563407898,1,0.9999974966049194,1,0.3280787970199734,0
CNP0545306.3,CC[C@H](C)[C@H](NC(=O)[C@@H](NC(=O)C1=CC=CC2=C1C1=CC=CC=C1C2=O)C(C)C)C(=O)O,0.9634032249450684,1,0.9999957084655762,1,0.3780252998635351,0
CNP0545306.1,CCC(C)[C@H](NC(=O)[C@@H](NC(=O)C1=CC=CC2=C1C1=CC=CC=C1C2=O)C(C)C)C(=O)O,0.9634032249450684,1,0.9999957084655762,1,0.3780252998635351,0
CNP0545306.2,CC[C@@H](C)[C@H](NC(=O)[C@@H](NC(=O)C1=CC=CC2=C1C1=CC=CC=C1C2=O)C(C)C)C(=O)O,0.9634032249450684,1,0.9999957084655762,1,0.3780252998635351,0
CNP0066983.1,N[C@H](CC1CCCC1)C(=O)O,0.9633889198303223,1,0.9984951019287109,1,0.3604890289449113,0
CNP0285368.1,O=C(O)CNC(=O)[C@H](CC1=CC=CC=C1)NC(=O)C1=CC=CC2=C1C1=CC=CC=C1C2=O,0.9633307456970215,1,0.9734925627708435,1,0.4546981089086351,0
CNP0106134.0,CCCC1COC(CN2C=NC=N2)(C2=CC=C(Cl)C=C2Cl)O1,0.9632221460342407,1,0.9999998807907104,1,0.3672553855932789,0
CNP0414492.1,COCC1=CC(C)=NC(N2N=C(C)C3=C2C=C2OC4=C(C(C)=O)C(O)=C(C)C(O)=C4[C@@]2(C)C3=O)=N1,0.9631975889205933,1,1.0,1,0.4373394777265744,0
CNP0030592.1,CN(C(=O)OCC1C2=CC=CC=C2C2=CC=CC=C21)[C@H](COCC1=CC=CC=C1)C(=O)O,0.9630805850028992,1,0.9999403953552246,1,0.3195750915750915,0
CNP0030592.2,CN(C(=O)OCC1C2=CC=CC=C2C2=CC=CC=C21)[C@@H](COCC1=CC=CC=C1)C(=O)O,0.9630805850028992,1,0.9999403953552246,1,0.3195750915750915,0
CNP0399976.0,COC1=CC(C2=C3OC4=CC(O)=CC=C4C3=NC3=C2C(=O)NN3C(C)C)=CC(OC)=C1OC,0.9630433917045593,1,0.9999872446060181,1,0.4038101110619687,0
CNP0606657.0,NC(CC(=O)[O-])C(=O)O,0.9630194306373596,1,0.9875024557113647,1,0.2475399584076054,0
CNP0210826.1,COC(=O)[C@H](CC1=CC=CC=C1)NC(=O)C1=CC=C2C[C@H](C)OC(=O)C2=C1O,0.9629780650138855,1,0.9986181259155273,1,0.5229974747474748,1
CNP0322047.0,CCOC(C)(C)C(COC1=CC=C2C(OC)=C3C=COC3=NC2=C1OC)OC(C)=O,0.9629710912704468,1,0.998950719833374,1,0.324246214569744,0
CNP0122121.1,N[C@@H](CC1=CC=C(OC2=CC=C(O)C=C2)C(O)=C1)C(=O)O,0.9629102349281311,1,0.9086743593215942,1,0.4229126135302606,0
CNP0406649.1,CCS[C@H](CNC(=O)C[C@@H](SCC)C1=CC=C(O)C(OC)=C1)C1=CC=C(O)C=C1,0.9628118276596069,1,0.999984860420227,1,0.4040639006937634,0
CNP0206588.1,CC1=C(C(=O)O)CC[C@]2(C)C3=CC=C(C(C)C)C=C3CC[C@@H]12,0.9628085494041443,1,0.999992847442627,1,0.4529663542340013,0
CNP0260031.0,CC(CC(=O)O)SCC(N)C(=O)O,0.9628055691719055,1,0.6875836849212646,1,0.366553237091097,0
CNP0014834.1,C[C@@H](NS(C)(=O)=O)C1=C(C(=O)O)C(C2=CC=CC=C2)=NO1,0.9627445340156555,1,0.9951908588409424,1,0.3929718448218448,0
CNP0590662.2,CSCC[C@@H](NC(=O)C1=CC=CC=C1)C(=O)OCC(=O)NC1=CC=C(S(N)(=O)=O)C=C1,0.9627344012260437,1,0.9999651908874512,1,0.3583776365478492,0
CNP0590662.1,CSCC[C@H](NC(=O)C1=CC=CC=C1)C(=O)OCC(=O)NC1=CC=C(S(N)(=O)=O)C=C1,0.9627344012260437,1,0.9999651908874512,1,0.3583776365478492,0
CNP0318604.1,C=C1CC[C@@H](C)[C@](C)(CCC2=CC(=O)OC2)C/C=C\C=C/1C(=O)O,0.9627256393432617,1,0.9971334934234619,1,0.2986561689944042,0
CNP0397234.0,COC1=C2CN(C)CCC2=C(S(=O)(=O)N2CCOCC2)C2=C1OCO2,0.9626777172088623,1,0.9999920129776001,1,0.3853321432758773,0
CNP0596946.1,CC(C)C(=O)N1C2=NC(C(C)C)=NN2C2(CCCCC2)[C@@H]2CCCC[C@@H]21,0.9623928666114807,1,0.9999994039535522,1,0.5123720864103216,1
CNP0483628.0,COC1=CC=CC(CNC2=NCCNC23CCN(S(=O)(=O)C2=CC=C(Cl)C=C2)CC3)=C1,0.9621984958648682,1,0.9914302229881287,1,0.4614343343854213,0
CNP0582631.0,CN1C(=O)C(NC2=NC(CC3=CC=C(O)C=C3)=CN2CC2=CC=C(O)C=C2)N=C1O,0.9620015025138855,1,0.9850475788116455,1,0.3588497906667202,0
CNP0481434.1,CC1=CC(C)=CC(NC(=O)[C@H]2SC3=NN=C(C4=CC=CC=C4)N3NC23CCCCC3)=C1,0.9619364142417908,1,0.9999381303787231,1,0.3837211399711398,0
CNP0481434.2,CC1=CC(C)=CC(NC(=O)[C@@H]2SC3=NN=C(C4=CC=CC=C4)N3NC23CCCCC3)=C1,0.9619364142417908,1,0.9999381303787231,1,0.3837211399711398,0
CNP0346744.1,C=C1C=C(C(=O)OCC)OC2=CC3=C(C[C@@H]([C@](C)(O)C4CCNCC4)O3)C(OC)=C12,0.9618605375289917,1,0.9999973773956299,1,0.3901228771228771,0
CNP0009869.1,COC1=CC(C(=O)N[C@H](C(=O)OCCC(C)C)C2=CC=CC=C2)=CC(OC)=C1OC,0.9618359804153442,1,0.9993844032287598,1,0.3910927128427127,0
CNP0009869.2,COC1=CC(C(=O)N[C@@H](C(=O)OCCC(C)C)C2=CC=CC=C2)=CC(OC)=C1OC,0.9618359804153442,1,0.9993844032287598,1,0.3910927128427127,0
CNP0521345.1,C[C@]12CCC[C@](C)(C(=O)O)[C@@H]1CC[C@@]1(C)C3=C(CC[C@H]21)C(O)N=C3O,0.9618158936500549,1,0.9999269247055054,1,0.4666950088169661,0
CNP0033674.1,COC1=C2C[C@@H](C(C)(C)O)OC2=CC2=C1C(=O)C(CCC(C)C)=C(CO)O2,0.9617528915405273,1,0.9999996423721313,1,0.3409240132416603,0
CNP0368590.4,C[C@@H]1CC2(CCCCC2)N[C@H](C)C2=CC=CC=C21,0.9615994691848755,1,0.9984868764877319,1,0.3580315101565102,0
CNP0368590.1,C[C@@H]1NC2(CCCCC2)C[C@H](C)C2=CC=CC=C21,0.9615994691848755,1,0.9984868764877319,1,0.3580315101565102,0
CNP0368590.2,C[C@@H]1CC2(CCCCC2)N[C@@H](C)C2=CC=CC=C21,0.9615994691848755,1,0.9984868764877319,1,0.3580315101565102,0
CNP0368590.3,C[C@H]1CC2(CCCCC2)N[C@H](C)C2=CC=CC=C21,0.9615994691848755,1,0.9984868764877319,1,0.3580315101565102,0
CNP0124034.1,COC(=O)C[C@]1(C)CC[C@H](C(C)C)[C@@H]1C1=CC(C)=C(Br)C(O)=C1C(=O)O,0.9615561366081238,1,0.9999582767486572,1,0.2651074481074481,0
CNP0296204.4,COC(=O)CC[C@H](C)[C@H]1CC[C@@H]2[C@H]3[C@H](O)[C@H](O)[C@@H]4CCCC[C@]4(C)[C@@H]3CC[C@@]21C,0.9614891409873962,1,0.9999901056289673,1,0.3956312576312576,0
CNP0296204.7,COC(=O)CC[C@H](C)[C@H]1CC[C@H]2[C@H]3[C@H](O)[C@H](O)[C@@H]4CCCC[C@]4(C)[C@@H]3CC[C@]12C,0.9614891409873962,1,0.9999901056289673,1,0.3956312576312576,0
CNP0296204.6,COC(=O)CC[C@H](C)[C@H]1CC[C@@H]2[C@H]3[C@@H](O)[C@@H](O)[C@@H]4CCCC[C@]4(C)[C@@H]3CC[C@@]21C,0.9614891409873962,1,0.9999901056289673,1,0.3956312576312576,0
CNP0296204.2,COC(=O)CC[C@H](C)[C@H]1CC[C@H]2[C@H]3[C@@H](O)[C@@H](O)[C@@H]4CCCC[C@]4(C)[C@H]3CC[C@]12C,0.9614891409873962,1,0.9999901056289673,1,0.3956312576312576,0
CNP0296204.1,COC(=O)CC[C@H](C)[C@H]1CC[C@@H]2[C@H]3[C@@H](O)[C@@H](O)[C@@H]4CCCC[C@]4(C)[C@H]3CC[C@@]21C,0.9614891409873962,1,0.9999901056289673,1,0.3956312576312576,0
CNP0296204.8,COC(=O)CC[C@H](C)[C@H]1CC[C@H]2[C@H]3[C@@H](O)[C@@H](O)[C@@H]4CCCC[C@]4(C)[C@@H]3CC[C@]12C,0.9614891409873962,1,0.9999901056289673,1,0.3956312576312576,0
CNP0296204.3,COC(=O)CC[C@H](C)[C@H]1CC[C@H]2[C@H]3[C@H](O)[C@H](O)[C@@H]4CCCC[C@]4(C)[C@H]3CC[C@]12C,0.9614891409873962,1,0.9999901056289673,1,0.3956312576312576,0
CNP0296204.5,COC(=O)CC[C@H](C)[C@H]1CC[C@@H]2[C@H]3[C@H](O)[C@H](O)[C@@H]4CCCC[C@]4(C)[C@H]3CC[C@@]21C,0.9614891409873962,1,0.9999901056289673,1,0.3956312576312576,0
CNP0075346.0,CCC(CC(C)(C)O)C(C)(C)O,0.9614869356155396,1,0.9999642372131348,1,0.1892091503267973,0
CNP0348663.0,O=C(O)C1(C2=CC=C(O)C=C2)CCCC1,0.9614408612251282,1,0.993451714515686,1,0.2575082123758594,0
CNP0141795.2,CC[C@@](O)(C(=O)OC[C@H]1O[C@@H](O[C@@H](C)[C@H](C)C#N)[C@H](O)[C@@H](O)[C@@H]1O)[C@@H](C)O,0.9614260792732239,1,0.9994984865188599,1,0.3984940668078965,0
CNP0141795.1,CC[C@@](O)(C(=O)OC[C@H]1O[C@@H](O[C@H](C)[C@H](C)C#N)[C@H](O)[C@@H](O)[C@@H]1O)[C@@H](C)O,0.9614260792732239,1,0.9994984865188599,1,0.3984940668078965,0
CNP0141795.3,CC[C@@](O)(C(=O)OC[C@H]1O[C@@H](O[C@@H](C)[C@@H](C)C#N)[C@H](O)[C@@H](O)[C@@H]1O)[C@@H](C)O,0.9614260792732239,1,0.9994984865188599,1,0.3984940668078965,0
CNP0310514.1,CCCS(=O)(=O)NC1=C2[C@@H]3C[C@@H](CN(C(=O)COC4=CC=CC=C4)C3)CN2C(=O)C=C1,0.9613516926765442,1,0.9996174573898315,1,0.4554741369741368,0
CNP0595918.0,CC1(O)CCCCCC1,0.9612700939178467,1,0.9998689889907837,1,0.2039571106997577,0
CNP0452831.1,CCCS(=O)(=O)N[C@H]1CO[C@H]2[C@@H]1OC[C@H]2OCC(=O)OC,0.9611831903457642,1,0.9999680519104004,1,0.4141905741317505,0
CNP0536763.1,CO[C@@H]1C(=O)N(CC2=CC=CC=C2)[C@@H]2CN(S(=O)(=O)C3=CN(C)N=C3)C[C@H]12,0.9610373973846436,1,0.6099924445152283,1,0.4199120879120878,0
CNP0084850.0,CCC(C)CC(C)(C)CC,0.9609902501106262,1,0.9995772242546082,1,0.2884115312791783,0
CNP0299920.1,CC[C@H](C)C[C@@H](C)C(=O)C1=C(O)N=C(OC)C(OC)=C1O,0.9609182476997375,1,0.9994989633560181,1,0.4069350355526826,0
CNP0299920.2,CC[C@@H](C)C[C@H](C)C(=O)C1=C(O)N=C(OC)C(OC)=C1O,0.9609182476997375,1,0.9994989633560181,1,0.4069350355526826,0
CNP0236254.1,O=C1N=CNC2=C1C=NN2[C@@H]1O[C@H](CO)[C@@H](O)[C@H]1O,0.9608984589576721,1,0.6518737077713013,1,0.3416488254867187,0
CNP0499097.1,CC(C)C1=NN2C(=N1)N(C(=O)C1=CC=CO1)[C@H]1CCCC[C@H]1C21CCCCC1,0.960739016532898,1,0.999998927116394,1,0.4852441643323996,0
CNP0235770.1,CC1=NN=C(SCC2=C(C(=O)O)N3C(=O)[C@@H](NC(=O)[C@H](N)C4=CC=C(O)C=C4)[C@H]3SC2)S1,0.9606984853744507,1,0.9997223019599915,1,0.5159257118385717,1
CNP0113366.4,CC(=O)[C@@]1(O)CC[C@H]2[C@@H]3C=C(Cl)C4=CC(=O)[C@@H]5C[C@@H]5[C@]4(C)[C@H]3CC[C@@]21C,0.960594117641449,1,0.9999198913574219,1,0.3774702741702742,0
CNP0113366.5,CC(=O)[C@@]1(O)CC[C@H]2[C@H]3C=C(Cl)C4=CC(=O)[C@@H]5C[C@@H]5[C@]4(C)[C@@H]3CC[C@@]21C,0.960594117641449,1,0.9999198913574219,1,0.3774702741702742,0
CNP0113366.6,CC(=O)[C@@]1(O)CCC2C3C=C(Cl)C4=CC(=O)[C@@H]5CC5[C@]4(C)C3CC[C@@]21C,0.960594117641449,1,0.9999198913574219,1,0.3774702741702742,0
CNP0113366.2,CC(=O)[C@@]1(O)CC[C@H]2[C@H]3C=C(Cl)C4=CC(=O)[C@@H]5C[C@@H]5[C@]4(C)[C@H]3CC[C@@]21C,0.960594117641449,1,0.9999198913574219,1,0.3774702741702742,0
CNP0113366.1,CC(=O)[C@@]1(O)CC[C@@H]2[C@H]3C=C(Cl)C4=CC(=O)[C@@H]5C[C@@H]5[C@]4(C)[C@@H]3CC[C@@]21C,0.960594117641449,1,0.9999198913574219,1,0.3774702741702742,0
CNP0113366.3,CC(=O)[C@@]1(O)CC[C@@H]2[C@H]3C=C(Cl)C4=CC(=O)[C@@H]5C[C@@H]5[C@]4(C)[C@H]3CC[C@@]21C,0.960594117641449,1,0.9999198913574219,1,0.3774702741702742,0
CNP0104766.2,CC(C)(O)[C@]1(O)[C@@H](O)C[C@@]2(C)CC=C(C(=O)O)CC[C@@H]21,0.9604088068008423,1,0.9999732971191406,1,0.2413909685086155,0
CNP0104766.4,CC(C)(O)[C@@]1(O)[C@H](O)C[C@@]2(C)CC=C(C(=O)O)CC[C@@H]21,0.9604088068008423,1,0.9999732971191406,1,0.2413909685086155,0
CNP0104766.1,CC(C)(O)[C@@]1(O)[C@@H](O)C[C@@]2(C)CC=C(C(=O)O)CC[C@@H]21,0.9604088068008423,1,0.9999732971191406,1,0.2413909685086155,0
CNP0104766.3,CC(C)(O)[C@]1(O)[C@H](O)C[C@@]2(C)CC=C(C(=O)O)CC[C@@H]21,0.9604088068008423,1,0.9999732971191406,1,0.2413909685086155,0
CNP0487711.0,CC(C)C1=CC=C(S(=O)(=O)N2CCC3(CC2)NCCN=C3NCC2=CC=C(Cl)C=C2)C=C1,0.9603176712989807,1,0.9995949864387512,1,0.405569796145883,0
CNP0399594.1,C[C@H](CC[C@H](O)C(C)(C)O)[C@H]1[C@@H](O)C[C@@]2(C)[C@@H]3CC[C@H]4[C@@](C)(CO)[C@@H](O)CC[C@@]45C[C@@]35CC[C@]12C,0.9602732062339783,1,0.9999995231628418,1,0.3029834593511064,0
CNP0313499.1,C[C@H](C[C@@H](O)C(=O)C(C)(C)O)[C@H]1CC[C@@H]2/C(=C/C=C3\C[C@@H](O)CC[C@@H]3C)CCC[C@@]21C,0.9601830840110779,1,0.9999996423721313,1,0.4636444193061841,0
CNP0503737.2,COC(=O)[C@@H](CC1=CC=CC=C1)NC(=O)COC1=CC=C(OC)C=C1,0.9599739909172058,1,0.9992528557777405,1,0.5349368686868686,1
CNP0503737.1,COC(=O)[C@H](CC1=CC=CC=C1)NC(=O)COC1=CC=C(OC)C=C1,0.9599739909172058,1,0.9992528557777405,1,0.5349368686868686,1
CNP0014735.1,COCC(=O)N[C@H](C)C1=C(C(=O)O)ON=C1C1=CC=C(Cl)C=C1,0.9592720866203308,1,0.9999960660934448,1,0.379511153878801,0
CNP0518172.1,CC(=O)NC1=CC=C(S(=O)(=O)N[C@@H](CC2=CNC3=CC=CC=C23)C(=O)O)C=C1,0.9592477083206177,1,0.9994649291038513,1,0.450579365079365,0
CNP0356137.2,CS(=O)(=O)CC[C@@H](N)C(=O)O,0.9589483737945557,1,0.9998158812522888,1,0.3423692973692974,0
CNP0356137.1,CS(=O)(=O)CC[C@H](N)C(=O)O,0.9589483737945557,1,0.9998158812522888,1,0.3423692973692974,0
CNP0403140.0,CC(C)CC1=C(CC2=CC=C(O)C=C2)C(=O)OC1=CC1=CC=CC=C1,0.9588088393211365,1,0.9972395896911621,1,0.3981628283996704,0
CNP0520979.1,CC(=O)N[C@@H](CC(C)C)C(=O)N(C)[C@@H](CC1=CC=CC=C1)C(=O)N/C=C\C1=CNC2=CC=CC=C12,0.9587225914001465,1,0.9996758699417114,1,0.511484126984127,1
CNP0520979.2,CC(=O)N[C@@H](CC(C)C)C(=O)N(C)[C@@H](CC1=CC=CC=C1)C(=O)N/C=C/C1=CNC2=CC=CC=C12,0.9587225914001465,1,0.9996758699417114,1,0.511484126984127,1
CNP0602438.1,O=C(O)[C@H](O)[C@@H](O)C1=CC=C(O)C=C1,0.9586565494537354,1,0.9966917037963867,1,0.3120538334214804,0
CNP0602438.4,O=C(O)[C@@H](O)[C@@H](O)C1=CC=C(O)C=C1,0.9586565494537354,1,0.9966917037963867,1,0.3120538334214804,0
CNP0602438.3,O=C(O)[C@H](O)[C@H](O)C1=CC=C(O)C=C1,0.9586565494537354,1,0.9966917037963867,1,0.3120538334214804,0
CNP0602438.2,O=C(O)[C@@H](O)[C@H](O)C1=CC=C(O)C=C1,0.9586565494537354,1,0.9966917037963867,1,0.3120538334214804,0
CNP0603616.1,C1CCC(C2=NN3C(=N2)N[C@H]2CCCC[C@H]2C32CCCCC2)CC1,0.958387017250061,1,0.9995017051696777,1,0.3806482683982684,0
CNP0386396.2,C[C@@H](O)[C@H](NC(=O)CCC(=O)O[C@@H]1CC[C@H]2[C@@H]3CCC4=CC(=O)CC[C@]4(C)[C@H]3CC[C@]12C)C(=O)O,0.958362877368927,1,0.9999803304672241,1,0.3286504329004329,0
CNP0386396.3,C[C@H](O)[C@@H](NC(=O)CCC(=O)O[C@@H]1CC[C@H]2[C@@H]3CCC4=CC(=O)CC[C@]4(C)[C@H]3CC[C@]12C)C(=O)O,0.958362877368927,1,0.9999803304672241,1,0.3286504329004329,0
CNP0386396.5,C[C@H](O)[C@H](NC(=O)CCC(=O)O[C@@H]1CC[C@H]2[C@@H]3CCC4=CC(=O)CC[C@]4(C)[C@H]3CC[C@]12C)C(=O)O,0.958362877368927,1,0.9999803304672241,1,0.3286504329004329,0
CNP0386396.4,C[C@@H](O)[C@@H](NC(=O)CCC(=O)O[C@@H]1CC[C@H]2[C@@H]3CCC4=CC(=O)CC[C@]4(C)[C@H]3CC[C@]12C)C(=O)O,0.958362877368927,1,0.9999803304672241,1,0.3286504329004329,0
CNP0386396.1,CC(O)C(NC(=O)CCC(=O)OC1CC[C@H]2[C@@H]3CCC4=CC(=O)CC[C@]4(C)[C@H]3CC[C@]12C)C(=O)O,0.958362877368927,1,0.9999803304672241,1,0.3286504329004329,0
CNP0601626.1,N[C@@]1(C(=O)O)CCCCC2=CC=CC=C21,0.9583174586296082,1,0.4127025008201599,0,0.2335959595959596,0
CNP0601626.2,N[C@]1(C(=O)O)CCCCC2=CC=CC=C21,0.9583174586296082,1,0.4127025008201599,0,0.2335959595959596,0
CNP0182260.1,N[C@@H](C[C@](O)(CC(=O)O)C(=O)O)C(=O)O,0.958265483379364,1,0.9997512698173523,1,0.2873227866904337,0
CNP0606104.0,CCC1=CC=CC=C1S(=O)(=O)N1CCC2(CC1)NC1=CC=C(Cl)C=C1N1C=CC=C12,0.9582129120826721,1,0.9999967813491821,1,0.3600995681831844,0
CNP0307430.1,N[C@@H](CS[C@@H](CC(=O)O)C(=O)O)C(=O)O,0.9581423401832581,1,0.5521903038024902,1,0.3566781415983544,0
CNP0307430.2,N[C@@H](CS[C@H](CC(=O)O)C(=O)O)C(=O)O,0.9581423401832581,1,0.5521903038024902,1,0.3566781415983544,0
CNP0519185.1,O=C(O)C1=CC=C(CN[C@@H]2CO[C@H](CNS(=O)(=O)C3=CC=CC=C3)[C@H]2O)C=C1,0.9579276442527771,1,0.934212327003479,1,0.4232712934124699,0
CNP0577287.0,CCC(CC(C)(C)CC)C(=O)O,0.9579074382781982,1,0.9991052746772766,1,0.3555175918852389,0
CNP0538740.2,C[C@H]1CC[C@@H]2[C@@]1(O)C[C@H](C(C)(O)CO)CC[C@@]2(C)O,0.9578887224197388,1,0.9813252687454224,1,0.3655156077582548,0
CNP0538740.1,C[C@H]1CC[C@@H]2[C@@]1(O)C[C@H]([C@](C)(O)CO)CC[C@@]2(C)O,0.9578887224197388,1,0.9813252687454224,1,0.3655156077582548,0
CNP0334268.1,CC1(C)CN(S(=O)(=O)C2=CC=CC=C2)C[C@@H]2CN(C(=O)CC3=CC=CC=C3)CCN21,0.9578824043273926,1,0.9775945544242859,1,0.330063492063492,0
CNP0002376.1,N[C@@H](C[S](=O)=O)C(=O)O,0.9577256441116333,1,0.996982991695404,1,0.2984346193022663,0
CNP0407870.0,COC(=O)CC(C1=CC=C(C(=O)O)C=C1)C1=C(O)C(=O)C2=CC=CC=C2O1,0.9576561450958252,1,0.9969457983970642,1,0.3438769202062305,0
CNP0243230.1,N#CC[C@H](NC(=O)CC[C@H](N)C(=O)O)C(=O)O,0.9575839638710022,1,0.9999440908432007,1,0.3664264638869901,0
CNP0078627.0,CCCCC(=O)NCC(=O)O,0.9575018882751465,1,0.9991154074668884,1,0.3254972511148982,0
CNP0572444.0,CC1=C(C)C(C)=C(CC2=C3C=C(S(=O)(=O)N(C)C4=CC=CC(Cl)=C4)C=CC3=NC2=O)N1,0.9574254751205444,1,0.9999988079071045,1,0.4748832570100157,0
CNP0568238.1,COCC(=O)N[C@H](C)C1=C(C(=O)O)C(C2=CC=CC=C2)=NO1,0.9571914076805115,1,0.9999839067459106,1,0.4680124431124429,0
CNP0546475.1,C[C@@H]1C[C@](C(=O)O)([C@H](C)O)O[C@@]1(C)C(=O)O,0.956989049911499,1,0.9998043179512024,1,0.4044396338955163,0
CNP0441654.1,CCS(=O)(=O)C1=CC=C2OC([C@H]3CCN(CC4=CC=C(C(=O)O)C=C4)C3)=NC2=C1,0.9569629430770874,1,0.996276319026947,1,0.4782525458201928,0
CNP0054456.1,COC[C@H]1CCCN1C(=O)C[C@@H]1O[C@H](CNS(=O)(=O)C2=CC=CC=C2)[C@@H](O)[C@H]1O,0.956873893737793,1,0.9998027682304382,1,0.4386542045344782,0
CNP0285748.1,CCCS(=O)(=O)N1CC2(CN(C(=O)C3=CC=CC=C3)C[C@@H]3COCCN32)C1,0.9567251205444336,1,0.9993021488189697,1,0.4685804342716107,0
CNP0128825.1,CC(=O)OC[C@@H](O)COC(=O)CC(C)CC[C@]1(C)C2=CC(=O)CC(C)(C)[C@H]2CC[C@@H]1C,0.9565469622612,1,0.9999828338623047,1,0.3490172311348782,0
CNP0417190.1,C=C1C=C(C(=O)OCC)OC2=C(CO)C3=C(C[C@@H](C(C)(C)O)O3)C(OC)=C12,0.9562728404998779,1,1.0,1,0.3710758587817411,0
CNP0444894.0,CCCCC(=O)OCC(C)CC,0.9560257792472839,1,0.999997615814209,1,0.296380811998459,0
CNP0464645.1,CCCS(=O)(=O)N[C@H]1C[C@@H](C2=NC(C)=NO2)N(C)C1,0.9558496475219727,1,0.999996542930603,1,0.3643855071057533,0
CNP0183373.1,N[C@H](C(=O)O)C1=CC=CC(O)=C1,0.9557972550392151,1,0.9987717270851135,1,0.3071863275613276,0
CNP0148221.1,CC(C)CC[C@](O)(C(=O)O)[C@H](O)C(=O)O,0.9556677937507629,1,0.999969482421875,1,0.2819051487727959,0
CNP0232939.1,NC1=NC(=O)N([C@@H]2O[C@H](C(=O)O)[C@H](O)C[C@H]2O)C=C1,0.9555397629737854,1,0.7653124928474426,1,0.4792462382388853,0
CNP0144031.1,COC1=CC(C(CC(=O)N[C@@H](C)C2=NC3=CC=CC=C3N2)C2=C(O)C(=O)C=C(C)O2)=CC=C1O,0.9555386900901794,1,0.9999998807907104,1,0.3802261904761903,0
CNP0480136.1,OC[C@H]1OC(N2C=NC3=CN=C(O)N=C32)[C@H](O)[C@@H]1O,0.9554200172424316,1,0.8684231638908386,1,0.43902035673325,0
CNP0168767.1,CCN(C(=O)C1=C([C@H](C)O)ON=C1C1=CC=C(OC)C=C1)C1CCCCC1,0.9553161263465881,1,0.9999995231628418,1,0.4407627372627372,0
CNP0233898.1,COCCN1CC(=O)N2CC(C3=CC=C(OC(C)C)C(OC)=C3)C3=C(NC4=CC=CC=C34)[C@@]2(C)C1=O,0.9552529454231262,1,0.9954474568367004,1,0.4782637085137086,0
CNP0058018.2,CCCC[C@@H](NC)C(=O)O,0.9552221298217773,1,0.9999829530715942,1,0.3925069652569653,0
CNP0058018.1,CCCC[C@H](NC)C(=O)O,0.9552221298217773,1,0.9999829530715942,1,0.3925069652569653,0
CNP0509185.1,CCC1=NN2C(=N1)N(C(=O)C1=CC=CC=C1)[C@H]1CCCC[C@H]1C21CCCCC1,0.9551630616188049,1,0.9999521970748901,1,0.4064624183006535,0
CNP0140210.0,NC1=NC(O)=C2N=CC(C(=O)O)=NC2=N1,0.9546554684638977,1,0.6154401302337646,1,0.3498546365914786,0
CNP0541024.1,C[C@@H]1C[C@@H](C(C)(C)O)C[C@H]2C=C(C(=O)O)CC[C@@H]12,0.9544097781181335,1,0.9965213537216187,1,0.4103450244200244,0
CNP0535459.1,N[C@H](C(=O)O)C1CCCCC1,0.9543669819831848,1,0.9925532937049866,1,0.3225848024524494,0
CNP0535459.2,N[C@@H](C(=O)O)C1CCCCC1,0.9543669819831848,1,0.9925532937049866,1,0.3225848024524494,0
CNP0385430.1,CCC(C)[C@H](N)C(=O)NC[C@H]1CC[C@H](C(=O)N[C@H](C(=O)O)C(C)CC)CC1,0.9542944431304932,1,0.9999966621398926,1,0.4405100866969289,0
CNP0385430.3,CC[C@@H](C)[C@H](N)C(=O)NC[C@H]1CC[C@H](C(=O)N[C@H](C(=O)O)[C@H](C)CC)CC1,0.9542944431304932,1,0.9999966621398926,1,0.4405100866969289,0
CNP0385430.4,CC[C@@H](C)[C@H](NC(=O)[C@H]1CC[C@@H](CNC(=O)[C@@H](N)[C@@H](C)CC)CC1)C(=O)O,0.9542944431304932,1,0.9999966621398926,1,0.4405100866969289,0
CNP0385430.5,CC[C@@H](C)[C@H](N)C(=O)NC[C@H]1CC[C@@H](C(=O)N[C@H](C(=O)O)[C@@H](C)CC)CC1,0.9542944431304932,1,0.9999966621398926,1,0.4405100866969289,0
CNP0385430.2,CC[C@H](C)[C@H](N)C(=O)NC[C@H]1CC[C@H](C(=O)N[C@H](C(=O)O)[C@@H](C)CC)CC1,0.9542944431304932,1,0.9999966621398926,1,0.4405100866969289,0
CNP0352000.1,CCOC(=O)[C@@H](C)[C@@H]1CC[C@H](C[C@H](O)CC)O1,0.9540930986404419,1,0.9999982118606567,1,0.4058595199821733,0
CNP0352000.2,CCOC(=O)[C@H](C)[C@H]1CC[C@@H](C[C@@H](O)CC)O1,0.9540930986404419,1,0.9999982118606567,1,0.4058595199821733,0
CNP0237151.1,C=CC1=C(C)/C(=C/C2=C(C)[C@@H](CCC(=O)O)C(=O)N2)NC1=O,0.9540708661079407,1,0.9930694699287415,1,0.3752866562069598,0
CNP0107705.1,O=C1C=CN([C@@H]2O[C@H](CO)[C@@H](O)[C@H](O)[C@H]2O)O1,0.9540432095527649,1,0.5017796754837036,1,0.3322881182285208,0
CNP0235493.0,O=C(O)C1=CC=CC=C1N1N=CN=C1CC1=CC=C(O)C=C1,0.9539797306060791,1,0.7069383859634399,1,0.4240812798312798,0
CNP0218356.1,COC1=CC(C(=O)O[C@H]2CC(C)=CC(=O)[C@@]3(C)CC[C@@](O)(C(C)C)[C@H]23)=CC(OC)=C1OC,0.9539321064949036,1,0.9999992847442627,1,0.4519057592734063,0
CNP0516474.0,COC1=CC=CC=C1N1C(O)=C(C2C3=C(OC)C4=C(C=C3CCN2C)OCO4)C(O)=NC1=O,0.9536586999893188,1,0.9999969005584717,1,0.4523419913419912,0
CNP0467584.0,O=C(O)C1=CC=CC=C1CCC1=CN(S(=O)(=O)C2=CC=CC=C2)C2=CC=CC=C12,0.9536543488502502,1,0.004875097889453173,0,0.3026429265179264,0
CNP0292837.3,O=C(O)[C@@H](O)[C@@](O)(CC1=CC=C(O)C=C1)C(=O)O,0.9535739421844482,1,0.9999744892120361,1,0.3886187319732211,0
CNP0292837.1,O=C(O)[C@H](O)[C@@](O)(CC1=CC=C(O)C=C1)C(=O)O,0.9535739421844482,1,0.9999744892120361,1,0.3886187319732211,0
CNP0292837.2,O=C(O)[C@@H](O)[C@](O)(CC1=CC=C(O)C=C1)C(=O)O,0.9535739421844482,1,0.9999744892120361,1,0.3886187319732211,0
CNP0292837.4,O=C(O)[C@H](O)[C@](O)(CC1=CC=C(O)C=C1)C(=O)O,0.9535739421844482,1,0.9999744892120361,1,0.3886187319732211,0
CNP0541918.0,COC1=CC([N-]S(C)(=O)=O)=CC=C1CC1=C2C=CC=CC2=[N+]C2=CC=CC=C12,0.9535505175590515,1,0.9936030507087708,1,0.4001164529914531,0
CNP0071059.2,CC1=CC=C(S(=O)(=O)N[C@H](CC2=CC=CC=C2)C(=O)O)C=C1,0.9534935355186462,1,0.9966936111450195,1,0.4976623376623376,0
CNP0071059.1,CC1=CC=C(S(=O)(=O)N[C@@H](CC2=CC=CC=C2)C(=O)O)C=C1,0.9534935355186462,1,0.9966936111450195,1,0.4976623376623376,0
CNP0102799.1,N[C@@H](C/C=C(\Cl)CO)C(=O)O,0.9533594846725464,1,0.9947330951690674,1,0.2605403191579661,0
CNP0532012.0,CC1CCC(C(C)C)C(OC(=O)C2OC(N3C=CC(=N)N=C3O)CS2)C1,0.9531521201133728,1,0.9999738931655884,1,0.3844106407453263,0
CNP0578767.0,CC(C)N1C(=O)C2=CC=CC=C2C(C(=O)N2CCOCC2)C12CN(S(=O)(=O)C1=CN(C)N=C1)C2,0.9531327486038208,1,0.9998204112052917,1,0.4441167345726171,0
CNP0369297.1,NC(CCCC(=O)N[C@@H](CC1=CC=CC=C1)C(=O)O)CC(=O)N[C@@H](CC1=CC=CC=C1)C(=O)O,0.9529663324356079,1,0.9990653395652771,1,0.5086854826460088,1
CNP0369297.2,N[C@H](CCCC(=O)N[C@@H](CC1=CC=CC=C1)C(=O)O)CC(=O)N[C@@H](CC1=CC=CC=C1)C(=O)O,0.9529663324356079,1,0.9990653395652771,1,0.5086854826460088,1
CNP0545905.1,CCC(C)[C@H](NC(=O)[C@H](C)NC(=O)[C@H](CC1=CC=CC=C1)N1C(O)=NC2=CC=CC=C2C1=O)C(=O)O,0.9529659152030945,1,0.9999673366546631,1,0.5971538600288601,1
CNP0104947.1,C[C@H](C[C@H](N)C(=O)O)C(=O)O,0.9528542757034302,1,0.9959439635276794,1,0.3373405483405484,0
CNP0104947.2,C[C@@H](C[C@@H](N)C(=O)O)C(=O)O,0.9528542757034302,1,0.9959439635276794,1,0.3373405483405484,0
CNP0104947.3,C[C@@H](C[C@H](N)C(=O)O)C(=O)O,0.9528542757034302,1,0.9959439635276794,1,0.3373405483405484,0
CNP0570672.0,COC1=CC=C(S(=O)(=O)N2CCC3(CC2)NC2=CC=C(C)C(C)=C2N2C=CC=C23)C=C1Cl,0.9526534676551819,1,0.999411940574646,1,0.3683807189542484,0
CNP0393312.1,CCOC1=C(OC)C=CC=C1C1CN2C(=O)CN(C)C(=O)[C@]2(C)C2=C1C1=CC=CC=C1N2,0.9526026248931885,1,0.9798051714897156,1,0.4653564213564214,0
CNP0573135.1,CC1=CC=C(S(=O)(=O)NC(=O)N[C@H]2[C@H]3CC[C@@](C)([C@H]2O)C3(C)C)C=C1,0.9525315165519714,1,0.9705618619918823,1,0.3771251803751803,0
CNP0197166.3,CC(C)CCC[C@@H](C)[C@H]1CC[C@]2(O)C3=CC(=O)[C@H]4C[C@@H](O)CC[C@]4(C)[C@]3(O)CC[C@]12C,0.9523640275001526,1,1.0,1,0.3229316777993249,0
CNP0197166.1,CC(C)CCC[C@@H](C)[C@H]1CC[C@@]2(O)C3=CC(=O)[C@H]4C[C@H](O)CC[C@]4(C)[C@@]3(O)CC[C@]12C,0.9523640275001526,1,1.0,1,0.3229316777993249,0
CNP0197166.2,CC(C)CCC[C@@H](C)[C@@H]1CC[C@@]2(O)C3=CC(=O)[C@H]4C[C@@H](O)CC[C@]4(C)[C@@]3(O)CC[C@]12C,0.9523640275001526,1,1.0,1,0.3229316777993249,0
CNP0560635.1,N[C@@H](CCC(=O)N1CCC[C@H]1C(=O)O)C(=O)O,0.9522545337677002,1,0.9998031258583069,1,0.2812142008318478,0
CNP0576756.1,C[C@H](N)C(=O)N[C@H](C(=O)N[C@@H](C)C(=O)N1CCC[C@H]1C(=O)O)[C@@H](C)O,0.9520984292030334,1,0.9999812841415405,1,0.4246210678210679,0
CNP0201658.1,O=C(NC1=CC=CC(C(=O)O)=C1)N[C@@H](CC1=CC=CC=C1)C(=O)O,0.9520299434661865,1,0.9936001300811768,1,0.4968204032809296,0
CNP0403195.0,COC1=CC(C2=C3C=NNC3=NC3=C2OC2=CC(O)=CC=C23)=CC(OC)=C1OC,0.9518846273422241,1,0.9999774694442749,1,0.3039865179883756,0
CNP0514515.1,CN1C(=O)[C@@H](OCC2CC2)[C@H]2CN(S(=O)(=O)C3=CC=C(Cl)C=C3)C[C@H]21,0.9518468379974365,1,0.27503451704978943,0,0.3925252350848325,0
CNP0555834.1,CC(C)C1=CC=C2OCC[C@H]3CN(S(=O)(=O)C4=CC=CC=C4)CC[C@H]3CC(=O)NC2=C1,0.9517611861228943,1,0.9999673366546631,1,0.4327670890490583,0
CNP0223479.1,C[C@]12CCC3=C(C(=O)OC3)[C@@H]1CC[C@@]1(C)C(C(=O)O)=CCC[C@H]21,0.9517604112625122,1,0.9998914003372192,1,0.3430700549450549,0
CNP0537143.1,C[C@@H](C(=O)N1CCOCC1)N1CC[C@H](NS(=O)(=O)C2=CC=C3C=C(Cl)C=CC3=C2)C1=O,0.9517425894737244,1,0.9992073178291321,1,0.3894475300113598,0
CNP0487182.1,CN1C=C(C2=CC=C3OC[C@@H]4CN(S(=O)(=O)C5=CC=CC=C5)CCN4CC(=O)NC3=C2)C=N1,0.9513460397720337,1,0.24103036522865295,0,0.3610741806502676,0
CNP0285233.1,CC(C)CCCC(C)NC(=O)N[C@@H](C)C(=O)O,0.9511502981185913,1,0.9999997615814209,1,0.3516134404810875,0
CNP0285233.2,CC(C)CCC[C@H](C)NC(=O)N[C@@H](C)C(=O)O,0.9511502981185913,1,0.9999997615814209,1,0.3516134404810875,0
CNP0285233.3,CC(C)CCC[C@@H](C)NC(=O)N[C@@H](C)C(=O)O,0.9511502981185913,1,0.9999997615814209,1,0.3516134404810875,0
CNP0174145.1,CN1C[C@@H](NS(=O)(=O)C2=CC=CC=C2)C[C@H]1C1=NC(CC2=CC=CC=C2)=NO1,0.9511501789093018,1,0.9994875192642212,1,0.364488248679425,0
CNP0106653.1,COC1=CC=C(C2=NOC([C@@H]3C[C@H](NS(=O)(=O)CC4=CC=CC=C4)CN3C)=N2)C=C1,0.9510994553565979,1,0.9966403245925903,1,0.3099475288887053,0
CNP0344204.1,C[C@@H]1CC[C@@]2(C)C(C(=O)O)=CCC[C@@H]2[C@@]1(C)CCC1=C[C@H](O)OC1=O,0.9510757327079773,1,0.9998284578323364,1,0.3403379120879121,0
CNP0363888.1,CC(=O)C1=C(O)C(C)=C(O)C2=C1OC1=CC3=C(C(=O)[C@@]12C)C(C)=NN3C1=CC=C(S(N)(=O)=O)C=C1,0.9509351849555969,1,0.9986166954040527,1,0.4724982078853046,0
CNP0249400.1,COC(=O)CC[C@H](C)CCCC(C)C,0.9509156346321106,1,0.9999827146530151,1,0.2884831002331002,0
CNP0543008.2,CC[C@@H](C)C1=C2N=C3OC=CC=C[C@@]34OC[C@H]3O[C@@]4(OC3(C)C)N2[C@@H](CC2=CC=CC=C2)C(=O)N1,0.9508464336395264,1,0.6471500992774963,1,0.4811253006253007,0
CNP0543008.1,CC[C@H](C)C1=C2N=C3OC=CC=C[C@@]34OC[C@H]3O[C@@]4(OC3(C)C)N2[C@@H](CC2=CC=CC=C2)C(=O)N1,0.9508464336395264,1,0.6471500992774963,1,0.4811253006253007,0
CNP0169208.1,OC[C@H]1O[C@@H](N2C=NC3=C2NC=NC[C@H]3O)[C@H](O)[C@@H]1O,0.9507026076316833,1,0.9990602135658264,1,0.4570479541358475,0
CNP0169208.2,OCC1OC(N2C=NC3=C2NC=NC[C@H]3O)C(O)C1O,0.9507026076316833,1,0.9990602135658264,1,0.4570479541358475,0
CNP0494142.1,CC(C)NC[C@@H](C(=O)N1CCN(C2=NC=NC3=C2[C@H](C)C[C@H]3O)CC1)C1=CC=C(Cl)C=C1,0.9505854845046997,1,0.9999767541885376,1,0.4467023809523809,0
CNP0446767.1,C[C@H](CC[C@H](C)C(C)(C)O)[C@H]1[C@@H](O)C[C@H]2C3=CC(=O)[C@@H]4C[C@H](O)CC[C@]4(C)[C@H]3CC[C@]12C,0.9504856467247009,1,0.9999616146087646,1,0.3648289194465666,0
CNP0499816.0,CC1=CN=CC2=CC=CC(S(=O)(=O)N3CCCN(C(=O)CN)CC3C)=C12,0.9504658579826355,1,0.999985933303833,1,0.4489829157770335,0
CNP0347354.4,CO[C@@H]1C=C(CC[C@@]2(C)[C@H](C)CC[C@]3(C)C(C(=O)O)=CCC[C@H]23)C(=O)O1,0.9504529237747192,1,0.9998236298561096,1,0.3739948384948385,0
CNP0347354.2,COC1C=C(CC[C@@]2(C)[C@H](C)CC[C@]3(C)C(C(=O)O)=CCC[C@H]23)C(=O)O1,0.9504529237747192,1,0.9998236298561096,1,0.3739948384948385,0
CNP0347354.1,CO[C@@H]1C=C(CC[C@@]2(C)[C@H](C)CC[C@@]3(C)C(C(=O)O)=CCC[C@H]23)C(=O)O1,0.9504529237747192,1,0.9998236298561096,1,0.3739948384948385,0
CNP0347354.3,COC1C=C(CC[C@@]2(C)[C@H](C)CC[C@@]3(C)C(C(=O)O)=CCC[C@H]23)C(=O)O1,0.9504529237747192,1,0.9998236298561096,1,0.3739948384948385,0
CNP0318030.1,COC1=CC(C(CC(=O)N[C@@H](CC2=CC=CC=C2)C(N)=O)C2=C(O)C(=O)C=C(C)O2)=CC=C1O,0.9502900838851929,1,0.9999257326126099,1,0.4953427128427128,0
CNP0281114.2,CC[C@@H](N)[C@@H](C)C(=O)O,0.9500772356987,1,0.9904322028160095,1,0.305908340025987,0
CNP0281114.1,CC[C@H](N)[C@@H](C)C(=O)O,0.9500772356987,1,0.9904322028160095,1,0.305908340025987,0
CNP0597243.1,COC1=CC=C(Cl)C=C1NC(=O)[C@H]1C[C@H](CC(C)C)N[C@]12C(O)=NC1=CC=CC=C12,0.9500179290771484,1,0.9999992847442627,1,0.2708057446957703,0
CNP0341234.3,O=C(O)C[C@](O)(C(=O)O)[C@@H](O)C(=O)O,0.9496247172355652,1,0.9999340772628784,1,0.2683185686862157,0
CNP0341234.1,O=C(O)C[C@](O)(C(=O)O)[C@H](O)C(=O)O,0.9496247172355652,1,0.9999340772628784,1,0.2683185686862157,0
CNP0341234.4,O=C(O)C[C@@](O)(C(=O)O)[C@@H](O)C(=O)O,0.9496247172355652,1,0.9999340772628784,1,0.2683185686862157,0
CNP0341234.2,O=C(O)C[C@@](O)(C(=O)O)[C@H](O)C(=O)O,0.9496247172355652,1,0.9999340772628784,1,0.2683185686862157,0
CNP0145272.1,C[C@@H](O)[C@@H](O)[C@@H](O)C(=O)O,0.949587345123291,1,0.9542111754417419,1,0.3108340254516725,0
CNP0240484.1,CC(=O)NC1=CC=C(S(=O)(=O)N[C@H]2C[C@@H](C3=NC(C4=CC=C5OCOC5=C4)=NO3)N(C)C2)C=C1,0.9495487213134766,1,0.9999402761459351,1,0.3693549894266006,0
CNP0385529.1,COC1=CC(C2CN3C(=O)CN(C4CC4)C(=O)[C@]3(C)C3=C2C2=CC=CC=C2N3)=CC=C1OC(C)C,0.9494183659553528,1,0.7440606355667114,1,0.4430288600288601,0
CNP0308813.2,N[C@@H](CC1CCCCC1)C(=O)O,0.949255645275116,1,0.9992885589599609,1,0.330905695611578,0
CNP0308813.1,N[C@H](CC1CCCCC1)C(=O)O,0.949255645275116,1,0.9992885589599609,1,0.330905695611578,0
CNP0400337.1,CC[C@@H](C)[C@H](NC(=O)NC(C)C)C(=O)OC,0.9492307901382446,1,0.9999828338623047,1,0.3499744683421154,0
CNP0368097.0,COC1=C2CN(C)CCC2=C(S(=O)(=O)N2CCN(C3=CC=CC=C3)CC2)C2=C1OCO2,0.9492161870002747,1,0.9843666553497314,1,0.4196753020466018,0
CNP0309835.0,CC(=O)OCC(O)C1CCC2C3C=CC4=CC(=O)CCC4(C)C3CC(=O)C12C,0.9491723775863647,1,0.9999997615814209,1,0.475176794089654,0
CNP0566350.1,CCSC[C@H](N)C(=O)O,0.9491615295410156,1,0.9465023279190063,1,0.2781628497007094,0
CNP0087080.6,C[C@@H]1CC[C@]2(CO)C(C(=O)O)=CCC[C@@H]2[C@]1(C)CC[C@@H](CO)CCO,0.9491193294525146,1,0.9995976090431213,1,0.5272950937950938,1
CNP0087080.5,C[C@@H]1CC[C@]2(CO)C(C(=O)O)=CCC[C@@H]2[C@@]1(C)CC[C@@H](CO)CCO,0.9491193294525146,1,0.9995976090431213,1,0.5272950937950938,1
CNP0087080.1,C[C@H]1CC[C@]2(CO)C(C(=O)O)=CCC[C@@H]2[C@@]1(C)CC[C@H](CO)CCO,0.9491193294525146,1,0.9995976090431213,1,0.5272950937950938,1
CNP0087080.2,C[C@H]1CC[C@@]2(CO)C(C(=O)O)=CCC[C@@H]2[C@@]1(C)CC[C@H](CO)CCO,0.9491193294525146,1,0.9995976090431213,1,0.5272950937950938,1
CNP0087080.3,C[C@@H]1CC[C@]2(CO)C(C(=O)O)=CCC[C@@H]2[C@@]1(C)CC[C@H](CO)CCO,0.9491193294525146,1,0.9995976090431213,1,0.5272950937950938,1
CNP0087080.4,C[C@@H]1CC[C@@]2(CO)C(C(=O)O)=CCC[C@@H]2[C@@]1(C)CC[C@H](CO)CCO,0.9491193294525146,1,0.9995976090431213,1,0.5272950937950938,1
CNP0087080.7,C[C@@H]1CC[C@]2(CO)C(C(=O)O)=CCC[C@@H]2[C@]1(C)CC[C@H](CO)CCO,0.9491193294525146,1,0.9995976090431213,1,0.5272950937950938,1
CNP0514007.0,NC(C(=O)O)C1OC(N2C=CC(=O)NC2=O)C(O)C1O,0.9489245414733887,1,0.6598021984100342,1,0.3976282372598161,0
CNP0324424.1,CC1=CC(=O)[C@@]23C[C@@H]1[C@](C)(CCC[C@@H](C)C(=O)O)[C@@H]2CC[C@@H]3C(=O)O,0.9488633871078491,1,0.9999359846115112,1,0.3520347474163264,0
CNP0576935.1,CCC(C)C12OCC(C(C)[C@H](C)O)C1CC1=C(C=C(C)OC1=O)O2,0.9487026333808899,1,0.9999990463256836,1,0.394960590172604,0
CNP0576935.2,CCC(C)[C@@]12OC[C@@H](C(C)C(C)O)[C@@H]1CC1=C(C=C(C)OC1=O)O2,0.9487026333808899,1,0.9999990463256836,1,0.394960590172604,0
CNP0234640.2,COC1=CC([C@H]2C(C#N)=C(N)OC3=C2C(C2=CC=CC=C2)=NN3)=CC(OC)=C1OC,0.9485512971878052,1,0.35901641845703125,0,0.3878285880785881,0
CNP0234640.1,COC1=CC([C@@H]2C(C#N)=C(N)OC3=C2C(C2=CC=CC=C2)=NN3)=CC(OC)=C1OC,0.9485512971878052,1,0.35901641845703125,0,0.3878285880785881,0
CNP0150853.1,CC[C@@H](C)C(=O)O[C@H]1C=C(C(=O)O)[C@H](CCC2=CCOC2=O)[C@@]2(C)CCCC(C)(C)[C@H]12,0.948502779006958,1,0.9999879598617554,1,0.3814888749826172,0
CNP0210425.1,C[C@@H]1CC[C@@]2(O)[C@@H](C)CC[C@@H](C(C)(C)O)C[C@@]12O,0.9483146071434021,1,0.9996919631958008,1,0.355153630846278,0
CNP0185349.1,CCC[C@@H]1O[C@](C)(C[C@@H](CC)[C@H](O)CC(=O)OC)C[C@H]1CC,0.9482893943786621,1,0.9999918937683105,1,0.314059163059163,0
CNP0326281.1,CC(C)(O)[C@H]1CC[C@H](CO[C@@H]2O[C@H](CO)[C@@H](O)[C@H](O)[C@H]2O)CC1,0.9479886293411255,1,0.9999978542327881,1,0.3593266255448432,0
CNP0295441.2,CC[C@H](C)[C@H](C(=O)OC)[C@H](O)C(=O)N[C@H]1C[C@@H]1C[C@H](NC(=O)[C@H](C)N)C(=O)O,0.947965145111084,1,1.0,1,0.4041789721716193,0
CNP0295441.1,CC[C@H](C)[C@H](C(=O)OC)[C@@H](O)C(=O)N[C@H]1C[C@@H]1C[C@H](NC(=O)[C@H](C)N)C(=O)O,0.947965145111084,1,1.0,1,0.4041789721716193,0
CNP0402919.0,COC(=O)CC(C1=CC=C(OC)C(O)=C1)C1=C(CC2=CC=CC=C2)NNC1=O,0.9478495717048645,1,0.9980629086494446,1,0.3573484848484848,0
CNP0576867.0,CC(C)(C)C1=CC=C(S(=O)(=O)N2CCC3(CC2)NCCN=C3NCC2=CC=C3OCOC3=C2)C=C1,0.9477958083152771,1,0.9753406047821045,1,0.4603645550186248,0
CNP0485121.1,CN1C=C(C2=CC=C3NC(=O)C[C@@H]4CCN(S(=O)(=O)C5=CC=CC=C5)C[C@@H]4CCOC3=C2)C=N1,0.9477121829986572,1,0.9948883652687073,1,0.442536941956008,0
CNP0110626.1,CC(=O)OCC1=C(C(=O)O)/C=C\C=C\[C@@](C)(CCC2=COC=C2)[C@H](C)CC1,0.9477089643478394,1,0.9999986886978149,1,0.4871889483065955,0
CNP0110626.2,CC(=O)OC/C1=C(C(=O)O)/C=C\C=C\[C@@](C)(CCC2=COC=C2)[C@H](C)CC1,0.9477089643478394,1,0.9999986886978149,1,0.4871889483065955,0
CNP0370061.1,CC(C)(C)OC(=O)NN1CC(=O)N2CCC3=C(NC4=CC=CC=C34)[C@@]2(C)C1=O,0.9476293921470642,1,0.8902971148490906,1,0.3584046176046175,0
CNP0159266.1,C[C@H](C(=O)O)[C@@H](O)[C@H](N)C(=O)O,0.9474337697029114,1,0.479522705078125,0,0.3024335925512396,0
CNP0159266.2,C[C@@H](C(=O)O)[C@H](O)[C@H](N)C(=O)O,0.9474337697029114,1,0.479522705078125,0,0.3024335925512396,0
CNP0418281.1,CCC(O)C(C)C(O)[C@@]1(C)C[C@@H](C)C(=O)O1,0.9474091529846191,1,0.9999924898147583,1,0.4464480519480519,0
CNP0448140.0,O=C(CC1=CNC2=CC=CC=C12)NC(CC1=CC=C(O)C=C1)C(=O)O,0.9472914934158325,1,0.991196870803833,1,0.4999056776556776,0
CNP0214638.0,COC1=C2CC(C(C)(C)O)OC2=C(C=CC(C)C)C(O)=C1C(C)=O,0.946998119354248,1,0.9999951124191284,1,0.4188319915378739,0
CNP0350840.1,O=C(O)C1=CC=C(CN2CCC[C@H]2C2=NC(C3=CC=C(C4=CN=CN=C4)N=C3)=NO2)C=C1,0.9468075633049011,1,0.9980137348175049,1,0.4211689503833715,0
CNP0396939.1,COC(=O)[C@H](CC1=CC=CC=C1)NC(=O)C1=CC2=CC=CC=C2N1C,0.946778416633606,1,0.9740341305732727,1,0.5344789823702866,1
CNP0501604.2,CCCCS(=O)(=O)N1CCC[C@@]2(C1)NC1=CC=CN=C1N=C2NCC1=CC=CC=C1,0.9466127753257751,1,0.020893782377243042,0,0.4221338500209469,0
CNP0501604.1,CCCCS(=O)(=O)N1CCC[C@]2(C1)NC1=CC=CN=C1N=C2NCC1=CC=CC=C1,0.9466127753257751,1,0.020893782377243042,0,0.4221338500209469,0
CNP0125623.1,C[C@@]12C[C@@H](C3=CC=CO3)OC(=O)[C@H]1CC[C@@]1(C)C(C(=O)O)=CCC[C@@H]21,0.9463376998901367,1,0.9999649524688721,1,0.5074461926961927,1
CNP0397027.0,COC1=C2CN(C)CCC2=C(S(=O)(=O)NCC(C)C)C2=C1OCO2,0.9462596774101257,1,0.9999995231628418,1,0.3353266210203551,0
CNP0387678.3,CC[C@@H](C)[C@H](NC(=O)C1=CC2=CC(Cl)=CC=C2N1C)C(=O)N1CCC[C@H]1C(=O)O,0.9459872245788574,1,1.0,1,0.4770320218996691,0
CNP0387678.2,CC[C@H](C)[C@H](NC(=O)C1=CC2=CC(Cl)=CC=C2N1C)C(=O)N1CCC[C@H]1C(=O)O,0.9459872245788574,1,1.0,1,0.4770320218996691,0
CNP0387678.1,CCC(C)[C@H](NC(=O)C1=CC2=CC(Cl)=CC=C2N1C)C(=O)N1CCC[C@H]1C(=O)O,0.9459872245788574,1,1.0,1,0.4770320218996691,0
CNP0565435.0,CCC(O)C1CCCC(CC(=O)O)O1,0.945829451084137,1,0.9999585151672363,1,0.2489512072894425,0
CNP0486339.2,C[C@H](NS(=O)(=O)C1=CC=CC2=NSN=C12)C(=O)O,0.9457229375839233,1,0.9195472002029419,1,0.3209080641580641,0
CNP0486339.1,C[C@@H](NS(=O)(=O)C1=CC=CC2=NSN=C12)C(=O)O,0.9457229375839233,1,0.9195472002029419,1,0.3209080641580641,0
CNP0567783.1,CC(=O)O[C@H]1CC(C)(C)[C@@H]2CC[C@@]34C=C(C(C)C)C(=O)C(O)=C3[C@@]2(CO4)C1,0.9454965591430664,1,0.9997085928916931,1,0.4895180966995736,0
CNP0381736.1,CCC(C)N1CC(=O)N2CCC3=C(NC4=CC=C(OC)C=C34)[C@@]2(C)C1=O,0.9452047348022461,1,0.9976212382316589,1,0.3977472455648926,0
CNP0469516.1,CC(C)C1=CC(=O)C2=C3NC(=O)C4=C3[C@](C)(CC=C12)CCC4,0.9452043175697327,1,0.9951863884925842,1,0.3363598884775355,0
CNP0381284.1,CSCC[C@H](NS(=O)(=O)C1=CC=C(C)C=C1)C(=O)N1CCC(C(=O)N(C)CC(=O)O)CC1,0.9451450109481812,1,0.9999967813491821,1,0.412808733228946,0
CNP0017201.1,COC1=CC=C(C2=NOC([C@H](C)O)=C2C(=O)N[C@H](C)C2=CC=CC=C2)C=C1OC,0.9449954032897949,1,0.9863361120223999,1,0.3425719835719835,0
CNP0384704.0,CCCC(CCC)C(=O)O,0.9449074864387512,1,0.9998348951339722,1,0.3152737801414272,0
CNP0414304.1,COC1=CC=C(C(CC(=O)N[C@@H](CC2=CC=CC=C2)C(N)=O)C2=CC3=C(C=C2O)OCO3)C=C1,0.9448992013931274,1,0.9998997449874878,1,0.5687319624819626,1
CNP0394358.1,COC1=CC=CC2=C1NC(C[C@H]1CN(S(=O)(=O)C3=CC=CC=C3)CC[C@H]1CC(=O)O)=N2,0.944751501083374,1,0.9908671379089355,1,0.4752193362719927,0
CNP0561617.0,CCCCC(C)CCC(C)C,0.9447377324104309,1,0.9999897480010986,1,0.3386916429803427,0
CNP0495177.1,CCCC[C@H](CC)CNC(=O)CCC(=O)O,0.9446827173233032,1,0.9990586638450623,1,0.3426037071675369,0
CNP0495177.2,CCCC[C@@H](CC)CNC(=O)CCC(=O)O,0.9446827173233032,1,0.9990586638450623,1,0.3426037071675369,0
CNP0273050.2,N[C@@H](CC1=CNOC1=O)C(=O)[O-],0.9442979693412781,1,0.9946566820144653,1,0.2865778371954841,0
CNP0010803.0,CC1=CC(=O)NC2=CC=C(S(=O)(=O)N3CCN(C(=O)C4=CC=CO4)CC3)C=C12,0.9442468881607056,1,0.9958809614181519,1,0.3990725940725941,0
CNP0314290.2,CCC(C)CC(C)CC(O)(CO)C(=O)O[C@@H]1CC[C@H](C)[C@@]2(C)C=C([C@H](C)CO)C(=O)C=C12,0.9441272020339966,1,0.9999850988388062,1,0.3982481113657584,0
CNP0314290.1,CCC(C)CC(C)CC(O)(CO)C(=O)O[C@@H]1CC[C@H](C)[C@@]2(C)C=C([C@@H](C)CO)C(=O)C=C12,0.9441272020339966,1,0.9999850988388062,1,0.3982481113657584,0
CNP0037118.1,COC1=CC=C(C2=NOC([C@H](C)O)=C2C(=O)NC(C)(C)C)C=C1OC,0.9440653920173645,1,0.9026055932044983,1,0.3841857015533486,0
CNP0328846.1,CCCCN(C)C[C@@H]1OC[C@H](NS(=O)(=O)CCC)[C@H]1O,0.9440615177154541,1,1.0,1,0.348031016786023,0
CNP0244825.1,N[C@@H](CC(=O)N[C@@H](CC(=O)O)C(=O)O)C(=O)O,0.9439024329185486,1,0.9926910996437073,1,0.3054213284995019,0
CNP0519708.1,N[C@H](CC1=NNC=N1)C(=O)O,0.9437571167945862,1,0.9894140958786011,1,0.385016482559586,0
CNP0346822.1,COC1=C2C[C@@H](C(C)(C)O[C@@H]3O[C@H](CO)[C@@H](O)[C@H](O)[C@H]3O)OC2=CC2=C1C(=O)C=C(C)O2,0.9436662793159485,1,1.0,1,0.3664841206179441,0
CNP0346822.4,COC1=C2C[C@H](C(C)(C)O[C@@H]3O[C@@H](CO)[C@H](O)[C@@H](O)[C@H]3O)OC2=CC2=C1C(=O)C=C(C)O2,0.9436662793159485,1,1.0,1,0.3664841206179441,0
CNP0346822.2,COC1=C2CC(C(C)(C)O[C@@H]3O[C@H](CO)[C@@H](O)[C@H](O)[C@H]3O)OC2=CC2=C1C(=O)C=C(C)O2,0.9436662793159485,1,1.0,1,0.3664841206179441,0
CNP0346822.3,COC1=C2C[C@@H](C(C)(C)O[C@@H]3O[C@H](CO)[C@@H](O)[C@H](O)[C@@H]3O)OC2=CC2=C1C(=O)C=C(C)O2,0.9436662793159485,1,1.0,1,0.3664841206179441,0
CNP0606596.0,CCCC(NC(=O)C(O)C(N)CC1=CC=CC=C1)C(=O)N1CCCC1C(=O)N1CCCC1C(=O)O,0.9436600804328918,1,0.9999722242355347,1,0.5331857864357865,1
CNP0221492.1,COC1=CC=C(S(=O)(=O)N[C@H]2C[C@@H](C3=NC(CC4=CC=CC=C4)=NO3)N(C)C2)C=C1,0.9434571862220764,1,0.9960426092147827,1,0.330611264552441,0
CNP0533340.1,CCOC(=O)CNC(=O)[C@@H](CCSC)NC(=O)[C@H](CC1=CC=C(O)C=C1)NC(=O)OC(C)(C)C,0.9434547424316406,1,0.9999904632568359,1,0.5084854851031322,1
CNP0533340.4,CCOC(=O)CNC(=O)[C@H](CCSC)NC(=O)[C@@H](CC1=CC=C(O)C=C1)NC(=O)OC(C)(C)C,0.9434547424316406,1,0.9999904632568359,1,0.5084854851031322,1
CNP0533340.3,CCOC(=O)CNC(=O)[C@H](CCSC)NC(=O)[C@H](CC1=CC=C(O)C=C1)NC(=O)OC(C)(C)C,0.9434547424316406,1,0.9999904632568359,1,0.5084854851031322,1
CNP0533340.2,CCOC(=O)CNC(=O)[C@@H](CCSC)NC(=O)[C@@H](CC1=CC=C(O)C=C1)NC(=O)OC(C)(C)C,0.9434547424316406,1,0.9999904632568359,1,0.5084854851031322,1
CNP0604434.0,CC(=O)N1N=C(C2=CC=C(Cl)C(Cl)=C2)OC12CCCC2,0.9432592988014221,1,0.9999912977218628,1,0.3390735375735376,0
CNP0066987.3,CCOC(=O)C1=C(N)N([C@@H]2O[C@H](CO)[C@@H](O)[C@H]2O)C=N1,0.9432471394538879,1,0.9930853843688965,1,0.5655331019170029,1
CNP0066987.1,CCOC(=O)C1=C(N)N([C@@H]2O[C@H](CO)[C@H](O)[C@H]2O)C=N1,0.9432471394538879,1,0.9930853843688965,1,0.5655331019170029,1
CNP0066987.4,CCOC(=O)C1=C(N)N([C@@H]2O[C@H](CO)[C@H](O)[C@@H]2O)C=N1,0.9432471394538879,1,0.9930853843688965,1,0.5655331019170029,1
CNP0066987.2,CCOC(=O)C1=C(N)N([C@@H]2O[C@H](CO)[C@@H](O)[C@@H]2O)C=N1,0.9432471394538879,1,0.9930853843688965,1,0.5655331019170029,1
CNP0102609.1,CCCC[C@H](O)CC,0.9430072903633118,1,0.9999905824661255,1,0.2810544994221464,0
CNP0099362.1,C[C@@H](CC[C@]1(C)[C@H]2CCC[C@@H](C(=O)O)[C@]2(C)CC[C@H]1C)CC(=O)O,0.9429882764816284,1,0.9999759197235107,1,0.3173556443556443,0
CNP0313015.0,COC1=C2CN(C)CCC2=C(S(=O)(=O)NCC2=CC=C3OCOC3=C2)C2=C1OCO2,0.9427412748336792,1,0.9999741315841675,1,0.3537797789735129,0
CNP0273294.1,COC1=CC=C2NC3=C(CCN4C(=O)CN(C5CCC(C)CC5)C(=O)[C@]34C)C2=C1,0.9426434636116028,1,0.35532498359680176,0,0.4532048174048175,0
CNP0129684.1,COC1=CC(C)=C2CC[C@@H]([C@H](C)C(=O)NC(C)(C)C)CC2=C1C,0.9424381256103516,1,0.7500191330909729,1,0.3399780758457229,0
CNP0134348.0,NC(CC1=CNC2=CC=CC(Cl)=C12)C(=O)O,0.9422210454940796,1,0.9032583236694336,1,0.4316318116749151,0
CNP0493933.1,N=C1N=C2C(=CN1)N=CN2[C@@H]1O[C@H](CO)[C@@H](O)[C@H]1O,0.9422173500061035,1,0.9998077750205994,1,0.4585628701925344,0
CNP0141348.1,COC(=O)[C@@H]1CC2=C(CN1S(=O)(=O)CC1=CC=CC=C1)N(CC1=CC=C(OC)C=C1)C=N2,0.9421589374542236,1,0.9614970684051514,1,0.4161904761904762,0
CNP0358856.1,C[C@H]1CC[C@@]2(C)C(C(=O)O)=CCC[C@@H]2[C@@]1(C)CC(=O)C1=COC=C1,0.9417626857757568,1,0.9987793564796448,1,0.3696666666666667,0
CNP0582828.1,CCC(C)[C@H](NC(=O)[C@H](C)NC(=O)[C@H](CC1=CC=CC=C1)N1C(=O)NC2=CC=CC=C2C1=O)C(=O)O,0.941733717918396,1,0.9996440410614014,1,0.5827005772005772,1
CNP0490017.0,CC(C)C(C(N=O)C(CC1=CC=CC=C1)C(=O)O)C(O)(C(N)=O)C(N)CC1=CC=CC=C1,0.9417240023612976,1,0.9992044568061829,1,0.4853826118326118,0
CNP0557658.1,CC(C)(O)CCC[C@@H](C(=O)O)[C@@H]1CN=C(N)N1,0.941378116607666,1,0.9997662901878357,1,0.4019032258591082,0
CNP0547020.1,CC(C)C[C@@]1(C(=O)O)C[C@H](C(=O)O)N1,0.9413432478904724,1,0.9996920824050903,1,0.3045980392156862,0
CNP0035381.1,COC(=O)[C@@H]1CC2=C(CN1S(=O)(=O)C1=CC=C(OC)C=C1)N(CC1=CC=C(Cl)C=C1)C=N2,0.9413143992424011,1,0.9941536784172058,1,0.3593175500969618,0
CNP0379173.1,CC(C)CCC[C@H](N)C(=O)O,0.9412461519241333,1,0.9987632036209106,1,0.2529602325778796,0
CNP0238034.0,O=C(O)C1=CC2=C(NC3=CC=CC=C32)C(=O)C(C2=CNC3=CC=CC=C23)=N1,0.9411805868148804,1,0.42244330048561096,0,0.3890020013135183,0
CNP0260093.2,CCO[C@@H](C1=CC=C(O)C=C1)[C@@H](C/C=C/C1=CC=C(O)C=C1)COC,0.9410468935966492,1,0.9999998807907104,1,0.3638814241314241,0
CNP0260093.1,CCO[C@@H](C1=CC=C(O)C=C1)[C@H](C/C=C/C1=CC=C(O)C=C1)COC,0.9410468935966492,1,0.9999998807907104,1,0.3638814241314241,0
CNP0433556.1,CC(C)(O)CC[C@@H](O)[C@](C)(O)[C@H]1CC[C@@]2(O)C3=CC(=O)[C@@H]4[C@H](O)CCC[C@]4(C)[C@H]3CC[C@]12C,0.9408470988273621,1,0.9984241724014282,1,0.2484302266361089,0
CNP0523510.1,CO[C@@H]1C(=O)N(CC2=CC=CC=C2)[C@@H]2CN(S(=O)(=O)C3=CN(C)C=N3)C[C@H]12,0.9407745003700256,1,0.8730770349502563,1,0.5142136752136751,1
CNP0379430.1,CCCN1CC(=O)N2CC(C3=CC=CC(OC)=C3OCC)C3=C(NC4=CC=CC=C34)[C@@]2(C)C1=O,0.9405831694602966,1,0.9806177020072937,1,0.4969186507936509,0
CNP0201266.1,N[C@@H](CC1=CC=CC(O)=C1)C(=O)O,0.9405072331428528,1,0.9971234202384949,1,0.4340172040603075,0
CNP0305967.1,CC(C)C[C@@](O)(C(=O)OC[C@@H]1CCN2CCC[C@@H]12)[C@H](C)O,0.9404823780059814,1,0.999962568283081,1,0.3409599567099567,0
CNP0305967.2,CC(C)C[C@](O)(C(=O)OC[C@@H]1CCN2CCC[C@@H]12)[C@H](C)O,0.9404823780059814,1,0.999962568283081,1,0.3409599567099567,0
CNP0488125.2,CC[C@H](NS(=O)(=O)C1=CC=C(NC(C)=O)C=C1)C(=O)O,0.9404394626617432,1,0.9993578791618347,1,0.3588534798534797,0
CNP0488125.1,CC[C@@H](NS(=O)(=O)C1=CC=C(NC(C)=O)C=C1)C(=O)O,0.9404394626617432,1,0.9993578791618347,1,0.3588534798534797,0
CNP0379073.1,CCCN1C=NC2=C1CN(S(C)(=O)=O)[C@H](C(=O)OC)C2,0.9403753280639648,1,0.9965079426765442,1,0.4990693195693196,0
CNP0434189.1,CC1=CC(C(=O)O)=CC2=C1O[C@H](C(C)(O)CO)C2,0.9401853084564209,1,0.9999961853027344,1,0.3462317290552586,0
CNP0141918.1,COC1=CC=CC=C1N1CCN(C(=O)C2=C([C@H](C)O)ON=C2C2=CC=CS2)CC1,0.9401373863220215,1,0.99909508228302,1,0.3970845967757732,0
CNP0265139.1,C[C@H](CC[C@@H](O)C(C)(C)O)[C@H]1CC[C@@]2(C)[C@@H]3[C@@H](O)C[C@H]4C(C)(C)[C@@H](O)C[C@H](O)[C@@]45C[C@@]35CC[C@]12C,0.9400793313980103,1,0.9999994039535522,1,0.3667478354978356,0
CNP0412514.1,CCOC(=O)[C@H](C)CNC(=O)CC[C@@H](N)C(=O)O,0.9399561882019043,1,0.9998664855957031,1,0.3522871821664924,0
CNP0241492.2,CCCC[C@H]1CCCCCCC2=CC1=C(/C=C1\N/C(=C3/C=CC=N3)C=C1OC)N2,0.9398659467697144,1,0.36697620153427124,0,0.3803968253968254,0
CNP0241492.1,CCCC[C@@H]1CCCCCCC2=CC1=C(/C=C1\N/C(=C3/C=CC=N3)C=C1OC)N2,0.9398659467697144,1,0.36697620153427124,0,0.3803968253968254,0
CNP0267785.1,CC[C@H](C)C[C@@H](C)C[C@H](C)/C=C(\C)C1=C(C)C(=O)[C@](C)(O)O1,0.9397611618041992,1,0.9998979568481445,1,0.2805286505665103,0
CNP0155156.1,CC(=O)O[C@H](C)[C@H]1CC[C@@]2(O)[C@]1(C)CC[C@@H]1[C@@]3(C)CC[C@@H]4C[C@@]43[C@H](O)C[C@]12O,0.9396663308143616,1,0.9999650716781616,1,0.4915591961002712,0
CNP0549053.1,COCCN1C(=O)CC[C@H]1C1=NC(CNS(=O)(=O)C2CC2)=NO1,0.9395366907119751,1,0.9885770082473755,1,0.3964087235228538,0
CNP0113611.1,CC[C@H](C)[C@H](NC(=O)[C@H](NC(=O)[C@H](O)[C@H](N)CC1=CC=CC=C1)C(C)C)C(=O)O,0.9390098452568054,1,0.9999994039535522,1,0.5746857864357865,1
CNP0066610.1,O=C(COC1=CC=CC=C1)N1C[C@@H]2C[C@H](C1)C1=C(NS(=O)(=O)C3=CC=CC=C3)C=CC(=O)N1C2,0.938794732093811,1,0.9893897175788879,1,0.3951963591963591,0
CNP0566654.0,CC1=NC(S(=O)(=O)N2CC3(C2)C(C(=O)N2CCCC2)C2=CC=CC=C2C(=O)N3C(C)C)=CN1C,0.9386904239654541,1,0.9999181032180786,1,0.4237879799938625,0
CNP0519524.1,COC1=CC(O)=CC(C)=C1CC1=C(C(=O)O)C=C(C[C@@H](C)O)O1,0.9386698603630066,1,0.999990701675415,1,0.3241434454434454,0
CNP0053267.1,COC(=O)[C@@H]1CC2=C(CN1S(=O)(=O)C1=CC=C(OC)C=C1)N(CC1=CC=CC=C1)C=N2,0.9385316371917725,1,0.9692806005477905,1,0.3975794760794759,0
CNP0033122.1,OC[C@H]1O[C@@H](N2C=NC3=C(Cl)N=CN=C32)[C@H](O)[C@@H]1O,0.9384548664093018,1,0.998795747756958,1,0.4345241702741703,0
CNP0033122.3,OC[C@@H]1O[C@@H](N2C=NC3=C(Cl)N=CN=C32)[C@H](O)[C@H]1O,0.9384548664093018,1,0.998795747756958,1,0.4345241702741703,0
CNP0033122.2,OC[C@H]1O[C@H](N2C=NC3=C(Cl)N=CN=C32)[C@@H](O)[C@H]1O,0.9384548664093018,1,0.998795747756958,1,0.4345241702741703,0
CNP0604991.1,CN1CCN(CCNC(=O)[C@@H]2CN(S(=O)(=O)C3=CC=CC=C3)CC23CCCCC3)CC1,0.9384308457374573,1,0.9999240636825562,1,0.3744898989898989,0
CNP0604991.2,CN1CCN(CCNC(=O)[C@H]2CN(S(=O)(=O)C3=CC=CC=C3)CC23CCCCC3)CC1,0.9384308457374573,1,0.9999240636825562,1,0.3744898989898989,0
CNP0335953.1,CC[C@H]1OC(C2=CC=CC=C2)O[C@@]1(C)[C@H](O)[C@@H](C)COC(=O)C(C)(C)C,0.9383670091629028,1,0.9974754452705383,1,0.460358285977868,0
CNP0236579.1,CC1=CC(C(=O)N[C@H](C)C2=C(C(=O)O)C(C3=CC=C(Cl)C=C3)=NO2)=NN1C,0.9383187294006348,1,0.9999105930328369,1,0.5237675070028011,1
CNP0276605.3,CC[C@@H](C)[C@H](NC(=O)OC(C)(C)C)C(=O)N1CCC(C(=O)N[C@H](C(=O)O)[C@@H](C)O)CC1,0.9381012320518494,1,0.9999985694885254,1,0.4550709274385746,0
CNP0276605.4,CC[C@H](C)[C@H](NC(=O)OC(C)(C)C)C(=O)N1CCC(C(=O)N[C@H](C(=O)O)[C@H](C)O)CC1,0.9381012320518494,1,0.9999985694885254,1,0.4550709274385746,0
CNP0276605.5,CC[C@H](C)[C@H](NC(=O)OC(C)(C)C)C(=O)N1CCC(C(=O)N[C@H](C(=O)O)[C@@H](C)O)CC1,0.9381012320518494,1,0.9999985694885254,1,0.4550709274385746,0
CNP0276605.1,CCC(C)[C@H](NC(=O)OC(C)(C)C)C(=O)N1CCC(C(=O)N[C@H](C(=O)O)C(C)O)CC1,0.9381012320518494,1,0.9999985694885254,1,0.4550709274385746,0
CNP0276605.2,CC[C@@H](C)[C@H](NC(=O)OC(C)(C)C)C(=O)N1CCC(C(=O)N[C@H](C(=O)O)[C@H](C)O)CC1,0.9381012320518494,1,0.9999985694885254,1,0.4550709274385746,0
CNP0395180.1,NCC(=O)N[C@@H](CC1=CC=C(O)C=C1)C(=O)O,0.9380974173545837,1,0.9860433340072632,1,0.5136041179322912,1
CNP0491179.0,CS(=O)(=O)NC1=CC=C(C(=O)O)C=C1,0.937960684299469,1,0.993301510810852,1,0.2659366589293059,0
CNP0187566.1,COC1=CC=C(C2=NOC([C@H](C)O)=C2C(=O)N2CCN(C3=CC=CC=C3OC)CC2)C=C1,0.9379499554634094,1,0.9999990463256836,1,0.3751256668168433,0
CNP0079816.1,CN1C(N)=NC2=C(N=CN2[C@@H]2O[C@H](CO)[C@@H](O)[C@H]2O)C1=O,0.937877893447876,1,0.9955192804336548,1,0.5256315571683219,1
CNP0200548.1,O=C(NC1=C2[C@@H]3C[C@@H](CN(S(=O)(=O)C4=CC=CC=C4)C3)CN2C(=O)C=C1)C1=CN=CN=C1,0.9377292394638062,1,0.9275901913642883,1,0.4467070707070706,0
CNP0518346.1,COC(=O)[C@@H](CC1=CNC2=CC=CC=C12)NC(=O)C1=CC=C(Br)C=C1,0.9375249743461609,1,0.999367892742157,1,0.4632417027417028,0
CNP0518346.2,COC(=O)[C@H](CC1=CNC2=CC=CC=C12)NC(=O)C1=CC=C(Br)C=C1,0.9375249743461609,1,0.999367892742157,1,0.4632417027417028,0
CNP0475071.1,C[C@]12C=C(Br)[C@@H]1CC[C@]2(C)C(=O)O,0.9373593926429749,1,0.9692562818527222,1,0.2616401278460101,0
CNP0475071.2,C[C@@]1(C(=O)O)CC[C@@H]2C(Br)=C[C@@]21C,0.9373593926429749,1,0.9692562818527222,1,0.2616401278460101,0
CNP0475071.4,C[C@@]1(C(=O)O)CC[C@H]2C(Br)=C[C@@]21C,0.9373593926429749,1,0.9692562818527222,1,0.2616401278460101,0
CNP0475071.3,C[C@]12C=C(Br)[C@H]1CC[C@]2(C)C(=O)O,0.9373593926429749,1,0.9692562818527222,1,0.2616401278460101,0
CNP0501426.1,COCC(=O)N1C2=NC(C3=CC=C(C)C=C3)=NN2C2(CCCCC2)[C@@H]2CCCC[C@@H]21,0.9371882677078247,1,0.9999955892562866,1,0.4392686104744928,0
CNP0427416.0,CC(=CCC(O)C(C)C)C1=CC=C(C(=O)O)C=C1O,0.937031626701355,1,0.99988853931427,1,0.3522419231095701,0
CNP0206773.1,C=CC1=C(C)C=C(O)C2=C1[C@H](O)[C@H]1OC(=O)[C@]3(C)CC[C@@H]4C[C@@]24[C@H]13,0.9369803667068481,1,0.9999979734420776,1,0.3647831123125241,0
CNP0021962.1,CCCS(=O)(=O)N1CC2=C(C[C@H]1C(=O)OC)N=CN2C(C)C,0.9368380308151245,1,0.9996291399002075,1,0.5783449328449328,1
CNP0515480.1,COC1=CC=C(C(=O)COC(=O)[C@H](CC2=CNC3=CC=CC=C23)NC(=O)C2=CC=C(Cl)C=C2)C=C1,0.9367538094520569,1,0.9999908208847046,1,0.3853165252621774,0
CNP0515480.2,COC1=CC=C(C(=O)COC(=O)[C@@H](CC2=CNC3=CC=CC=C23)NC(=O)C2=CC=C(Cl)C=C2)C=C1,0.9367538094520569,1,0.9999908208847046,1,0.3853165252621774,0
CNP0173348.4,CCC1=C(O)C(=O)C=CN1[C@H]1O[C@@H](CO)[C@@H](O)[C@@H]1O,0.9366773366928101,1,0.9175570011138916,1,0.3307920603648158,0
CNP0390977.1,C[C@H]1CCC[C@]2(C)C(=O)[C@H](C(O)C(=O)O)CC[C@]12C,0.9366773366928101,1,0.991824209690094,1,0.3977149223325694,0
CNP0173348.2,CCC1=C(O)C(=O)C=CN1[C@@H]1O[C@@H](CO)[C@@H](O)[C@H]1O,0.9366773366928101,1,0.9175570011138916,1,0.3307920603648158,0
CNP0173348.3,CCC1=C(O)C(=O)C=CN1[C@@H]1O[C@@H](CO)[C@@H](O)[C@@H]1O,0.9366773366928101,1,0.9175570011138916,1,0.3307920603648158,0
CNP0173348.1,CCC1=C(O)C(=O)C=CN1[C@H]1O[C@@H](CO)[C@@H](O)[C@H]1O,0.9366773366928101,1,0.9175570011138916,1,0.3307920603648158,0
CNP0390977.2,C[C@H]1CCC[C@]2(C)C(=O)C(C(O)C(=O)O)CC[C@]12C,0.9366773366928101,1,0.991824209690094,1,0.3977149223325694,0
CNP0134518.1,COC[C@H]1O[C@@H](N2C=NC3=C(N)N=CN=C32)[C@H](O)[C@@H]1O,0.9366089701652527,1,0.9996633529663086,1,0.3787894029619819,0
CNP0417734.3,CC(C)CC[C@@H](O)[C@](C)(O)[C@H]1CC[C@@]2(O)C3=CC(=O)[C@@H]4C[C@@H](O)[C@@H](O)C[C@]4(C)[C@H]3CC[C@]12C,0.9365726709365845,1,0.9999146461486816,1,0.3738627663186487,0
CNP0417734.2,CC(C)CC[C@@H](O)[C@](C)(O)C1CC[C@@]2(O)C3=CC(=O)[C@@H]4C[C@@H](O)[C@@H](O)C[C@]4(C)C3CC[C@]12C,0.9365726709365845,1,0.9999146461486816,1,0.3738627663186487,0
CNP0417734.4,CC(C)CC[C@@H](O)[C@@](C)(O)[C@H]1CC[C@@]2(O)C3=CC(=O)[C@@H]4C[C@H](O)[C@@H](O)C[C@]4(C)[C@H]3CC[C@@]12C,0.9365726709365845,1,0.9999146461486816,1,0.3738627663186487,0
CNP0417734.8,CC(C)CC[C@H](O)[C@](C)(O)[C@H]1CC[C@]2(O)C3=CC(=O)[C@@H]4C[C@H](O)[C@@H](O)C[C@]4(C)[C@H]3CC[C@]12C,0.9365726709365845,1,0.9999146461486816,1,0.3738627663186487,0
CNP0417734.5,CC(C)CC[C@@H](O)[C@](C)(O)[C@H]1CC[C@@]2(O)C3=CC(=O)[C@@H]4C[C@H](O)[C@H](O)C[C@]4(C)[C@H]3CC[C@]12C,0.9365726709365845,1,0.9999146461486816,1,0.3738627663186487,0
CNP0417734.7,CC(C)CC[C@H](O)[C@](C)(O)[C@H]1CC[C@]2(O)C3=CC(=O)[C@@H]4C[C@@H](O)[C@@H](O)C[C@]4(C)[C@H]3CC[C@]12C,0.9365726709365845,1,0.9999146461486816,1,0.3738627663186487,0
CNP0417734.6,CC(C)CC[C@H](O)[C@](C)(O)[C@H]1CC[C@@]2(O)C3=CC(=O)[C@@H]4C[C@H](O)[C@H](O)C[C@]4(C)[C@H]3CC[C@]12C,0.9365726709365845,1,0.9999146461486816,1,0.3738627663186487,0
CNP0417734.1,CC(C)CC[C@H](O)[C@](C)(O)[C@H]1CC[C@@]2(O)C3=CC(=O)[C@@H]4C[C@@H](O)[C@@H](O)C[C@]4(C)[C@H]3CC[C@]12C,0.9365726709365845,1,0.9999146461486816,1,0.3738627663186487,0
CNP0018342.0,COCC1=CC=C(C2=NC(C(=O)O)=CC3=C2NC2=CC=CC=C23)O1,0.9365495443344116,1,0.9942175149917603,1,0.3913415034780207,0
CNP0136129.0,O=C(NC=CC1=CC=C(O)C=C1)C1=CC=CC=C1,0.9364832043647766,1,6.119578029029071e-05,0,0.2305004717504717,0
CNP0564899.2,CC(=O)N/C=C/SC1=C(C(=O)O)N2C(=O)[C@@H]([C@H](C)O)[C@H]2C1,0.9364336133003235,1,0.015815673395991325,0,0.3604192795453746,0
CNP0564899.4,CC(=O)N/C=C/SC1=C(C(=O)O)N2C(=O)[C@@H](C(C)O)[C@H]2C1,0.9364336133003235,1,0.015815673395991325,0,0.3604192795453746,0
CNP0564899.5,CC(=O)N/C=C/SC1=C(C(=O)O)N2C(=O)[C@H]([C@H](C)O)[C@@H]2C1,0.9364336133003235,1,0.015815673395991325,0,0.3604192795453746,0
CNP0564899.3,CC(=O)N/C=C/SC1=C(C(=O)O)N2C(=O)[C@H]([C@@H](C)O)[C@H]2C1,0.9364336133003235,1,0.015815673395991325,0,0.3604192795453746,0
CNP0564899.1,CC(=O)N/C=C/SC1=C(C(=O)O)N2C(=O)[C@H]([C@H](C)O)[C@H]2C1,0.9364336133003235,1,0.015815673395991325,0,0.3604192795453746,0
CNP0474881.1,CC(C)N[C@H]1CC(C)(C)[C@@H]2C[C@@](C)(O)CC[C@]12CCC(=O)NC1CC1,0.9363412261009216,1,0.9260633587837219,1,0.4935035627644521,0
CNP0120068.1,O=C1NC(=O)N([C@@H]2O[C@H](CO)[C@@H](O)[C@H]2O)C=C1Br,0.9362742304801941,1,0.9728796482086182,1,0.3618687198164753,0
CNP0468180.1,CC(=O)OCC1=C2C=C3C(=O)C(O)=C(C(C)C)[C@@]3(C)CC[C@]2(C)CC[C@@H]1O,0.9359627366065979,1,0.9999994039535522,1,0.4014274042950514,0
CNP0142811.1,N[C@@H](CCC(=O)NN1CCC[C@@H]1C(=O)O)C(=O)O,0.9358790516853333,1,0.997435986995697,1,0.3008415457091927,0
CNP0566143.1,COC1=CC=C(Cl)C=C1NC(=O)[C@H]1C[C@@H]2CCCN2[C@]12C(O)=NC1=CC=CC=C12,0.9356429576873779,1,0.9760199189186096,1,0.2993352007469654,0
CNP0208754.2,COC1=C2C[C@@H](C(C)(C)O)OC2=NC2=CC=CC=C12,0.9354633688926697,1,0.9969334602355957,1,0.3782308469308469,0
CNP0208754.1,COC1=C2C[C@H](C(C)(C)O)OC2=NC2=CC=CC=C12,0.9354633688926697,1,0.9969334602355957,1,0.3782308469308469,0
CNP0539939.1,CCC(CC)NC1=CC(C(=O)O)=CC=C1N1C(=O)CC[C@@]1(CN)CO,0.93536376953125,1,0.8895307183265686,1,0.3997372333548803,0
CNP0202581.0,COC1=C2CN(C)CCC2=C(S(=O)(=O)N2CCN(CCO)CC2)C2=C1OCO2,0.9351796507835388,1,0.9999964237213135,1,0.4418914699366827,0
CNP0155594.1,CCCC(=O)N[C@@H](CC1=CC=CC=C1)C(=O)N[C@H](C(=O)N[C@H](CO)CC1=CC=CC=C1)[C@@H](C)CC,0.9349756240844727,1,1.0,1,0.568407647907648,1
CNP0291324.0,CNC(=O)C1=C2C(=C3C(=O)C4=CC=CC=C4N3C1=O)NC1=CC=C(Cl)C=C12,0.9349512457847595,1,0.8470557928085327,1,0.4306649739149739,0
CNP0398885.1,CC1=CCC=CC2=C1CC[C@@H]2C,0.9349371790885925,1,0.992652416229248,1,0.3042723371399841,0
CNP0568130.1,CCCC1=NN2C(=N1)N(C(=O)CC)[C@H]1CCCC[C@H]1C21CCCCC1,0.9348708987236023,1,0.9999966621398926,1,0.4906056361938714,0
CNP0076529.0,CCCCC1=C(C)C=CC(C(=O)O)=C1C(=O)O,0.9347600936889648,1,0.9933773875236511,1,0.2613443220178515,0
CNP0518756.1,CCC(=O)N1C2=NC(C3=CC=CO3)=NN2C2(CCCCC2)[C@@H]2CCCC[C@@H]21,0.9347125887870789,1,0.9999990463256836,1,0.4556532552414905,0
CNP0548280.1,CCCC[C@H](O)[C@@H](C)CC(=O)O,0.9346745610237122,1,0.999993085861206,1,0.3326901415577887,0
CNP0028716.0,CC1=CC=CC=C1S(=O)(=O)NC(=O)NC1=NC(C)=C(CC2=CC=CC=C2)C(Cl)=N1,0.9345378279685974,1,0.9934675097465515,1,0.4107075757575757,0
CNP0553364.0,CC1=NC(S(=O)(=O)N2CC3(CC(=O)N(CC4=CC=CC=C4)O3)C2)=CN1C,0.9345039129257202,1,0.7027611136436462,1,0.3379092867916397,0
CNP0514597.1,CO[C@@H]1C(=O)N(CC2=CC=CC=C2)[C@@H]2CN(S(=O)(=O)C3=C(C)ON=C3C)C[C@H]12,0.9344431161880493,1,0.9911602139472961,1,0.4318922466422466,0
CNP0572365.1,C[C@@H](NC(=O)CC1=CC=CC=C1)C1=C(C(=O)O)C(C2=CC=C(Cl)C=C2)=NO1,0.9339712858200073,1,0.9999793767929077,1,0.4365087135087135,0
CNP0510942.1,CNC(=O)[C@@H]1CN(S(=O)(=O)C2=CC=CS2)CC12CCCCC2,0.9337045550346375,1,0.9984283447265625,1,0.415630772005772,0
CNP0510942.2,CNC(=O)[C@H]1CN(S(=O)(=O)C2=CC=CS2)CC12CCCCC2,0.9337045550346375,1,0.9984283447265625,1,0.415630772005772,0
CNP0433217.1,C[C@@H]1C(=O)C[C@@H]2C(C(=O)O)=C[C@@H]3CC(C)(C)C[C@@]312,0.933576226234436,1,0.6276280283927917,1,0.3781149944826416,0
CNP0010212.0,COC1=CC(CN(C)S(=O)(=O)C2=CC(N3CCCC3=O)=CC=C2C)=CC(OC)=C1OC,0.9333977699279785,1,0.9990770816802979,1,0.37098531363493,0
CNP0134670.0,OC1=NC(C2=CNC3=CC=C(O)C=C23)=CC1=C1C(O)=NC2=CC=C(O)C=C12,0.9329407811164856,1,0.9984850287437439,1,0.2919733044733044,0
CNP0348600.1,COC1=C(C)C(OC[C@H](O)C(C)(C)O)=CC2=C1CNC2=O,0.9328290820121765,1,0.9970177412033081,1,0.3021091392267863,0
CNP0348600.2,COC1=C(C)C(OC[C@@H](O)C(C)(C)O)=CC2=C1CNC2=O,0.9328290820121765,1,0.9970177412033081,1,0.3021091392267863,0
CNP0481865.1,CC(CC[C@@H](O)C(C)(C)O)CC(N)=O,0.9326420426368713,1,0.9413530826568604,1,0.2823043884220355,0
CNP0241597.1,CC(C)C[C@H](N)C(=O)N1CCC[C@H]1C(=O)N[C@@H](CC1=CC=C(O)C=C1)C(=O)N1CCC[C@H]1C(=O)O,0.9324756860733032,1,0.9991474151611328,1,0.5580861344537814,1
CNP0015367.1,CC(C)CC(=O)N[C@H](C)C1=C(C(=O)O)C(C2=CC=C(Cl)C=C2)=NO1,0.932336151599884,1,0.9999959468841553,1,0.4718817293817294,0
CNP0523050.1,CC(C)C1=CC=C2OC[C@@H]3CN(S(=O)(=O)C4=CN(C)N=C4)CCN3CC(=O)NC2=C1,0.9322673678398132,1,0.9991447925567627,1,0.3850993274892442,0
CNP0146400.1,NC1=NC(=O)N([C@@H]2C[C@@H](O)[C@H](CO)O2)C=C1,0.9319893717765808,1,0.9993682503700256,1,0.4615537779214249,0
CNP0146400.4,NC1=NC(=O)N([C@H]2C[C@H](O)[C@H](CO)O2)C=C1,0.9319893717765808,1,0.9993682503700256,1,0.4615537779214249,0
CNP0146400.6,NC1=NC(=O)N([C@@H]2C[C@H](O)[C@H](CO)O2)C=C1,0.9319893717765808,1,0.9993682503700256,1,0.4615537779214249,0
CNP0146400.5,NC1=NC(=O)N([C@H]2C[C@@H](O)[C@H](CO)O2)C=C1,0.9319893717765808,1,0.9993682503700256,1,0.4615537779214249,0
CNP0146400.2,NC1=NC(=O)N([C@H]2C[C@H](O)[C@@H](CO)O2)C=C1,0.9319893717765808,1,0.9993682503700256,1,0.4615537779214249,0
CNP0486966.1,CC(C)(O)[C@H]1CC[C@@](C)(O)[C@@H]2CC3=CC(C(=O)O)=CC=C3N21,0.931923508644104,1,0.9985150694847107,1,0.3600452158694419,0
CNP0211649.1,C=C1C=C2[C@@]3(CCC[C@H]3CO)C[C@@H](CCO)[C@H](C)[C@@]2(C)[C@H]2[C@@H]1C2(C)C,0.9314410090446472,1,0.9949226975440979,1,0.3048207070707071,0
CNP0057204.1,COC1=CC=C(C2=NOC([C@@H](C)NS(C)(=O)=O)=C2C(=O)O)C=C1,0.9312087893486023,1,0.9993969202041626,1,0.4002216117216117,0
CNP0583236.1,COC1=C2C[C@H](C3=CC=C(O)C(CCC(C)(C)O)=C3O)COC2=CC2=C1CCC(C)(C)O2,0.9311590790748596,1,0.9999998807907104,1,0.3359409011817662,0
CNP0377052.1,CCCOC1=CC=C(C2CN3C(=O)CN(CCCO)C(=O)[C@]3(C)C3=C2C2=CC=CC=C2N3)C=C1OC,0.930816650390625,1,0.9999990463256836,1,0.4937676767676768,0
CNP0532096.1,CC(C)(O)CC[C@H]1OC2=CC(C(=O)O)=CC=C2[C@@]1(C)O,0.9305840730667114,1,0.9995971322059631,1,0.3431002730929202,0
CNP0131779.1,CCCC[C@@H](C)C(=O)O,0.9304087162017822,1,0.9996600151062012,1,0.3625342974019445,0
CNP0144829.1,CC(C)(O)[C@H](O)CC[C@]1(C)[C@H]2C[C@@H]3[C@H](C2)[C@@H]31,0.9303997755050659,1,0.9999768733978271,1,0.2611435786435786,0
CNP0097843.1,O=C(O)CC1(CC(=O)N[C@H]2CO[C@H]3[C@@H]2OC[C@H]3O)CCCC1,0.9302878975868225,1,0.9999454021453857,1,0.3266226869535693,0
CNP0523426.1,CC(C)C(=O)C1=C(O)C=C(O)C2=C1O[C@@]1(C)CC[C@H](C(C)(C)O)O[C@H]1C2,0.9302695393562317,1,0.9999833106994629,1,0.3988114591291062,0
CNP0523426.2,CC(C)C(=O)C1=C(O)C=C(O)C2=C1O[C@]1(C)CC[C@@H](C(C)(C)O)O[C@@H]1C2,0.9302695393562317,1,0.9999833106994629,1,0.3988114591291062,0
CNP0258458.1,CC1=CC2=C(C(=O)C(C)(C)C2)C(C)=C1CCOC(=O)[C@@H](N)CCC(=O)O,0.9301630854606628,1,0.836635172367096,1,0.2953812491956704,0
CNP0044014.1,COC(=O)[C@@H]1CC2=C(CN1S(=O)(=O)CC1=CC=CC=C1)N(C(C)C)C=N2,0.9301588535308838,1,0.984363853931427,1,0.5908174603174603,1
CNP0411906.0,N=C1SC(C(=O)C2=CC=CS2)=NN1C1=CC=C(O)C=C1,0.9300955533981323,1,0.007884357124567032,0,0.3401704063909945,0
CNP0332379.1,NC1=NC=NC2=C1N([C@@H]1O[C@@H](CO)[C@@H](O)[C@@H]1O)C=N2,0.9298497438430786,1,0.8904330730438232,1,0.5081596063724997,1
CNP0230426.2,CO[C@]12CCCC[C@@H]1[C@H]1O[C@H](C)[C@@H](C)C3=C(C)C(O)=C(C(=O)O)C(=C31)O2,0.9298394322395325,1,0.9999780654907227,1,0.3425399877899877,0
CNP0230426.1,CO[C@]12CCCC[C@H]1[C@H]1O[C@H](C)[C@@H](C)C3=C(C)C(O)=C(C(=O)O)C(=C31)O2,0.9298394322395325,1,0.9999780654907227,1,0.3425399877899877,0
CNP0538159.0,COC1=CC=CC(CNC2=NCCNC23CCN(S(=O)(=O)C2=CC=C(C(C)(C)C)C=C2)CC3)=C1,0.9298363327980042,1,0.08168388903141022,0,0.4384835858585857,0
CNP0067908.0,NC(CCS(=O)(=O)CCC(N)C(=O)O)C(=O)O,0.9297975897789001,1,0.9998393058776855,1,0.3463586413586414,0
CNP0068624.2,CCC[C@@H](O)[C@@](O)(CC)C1CCCCC1,0.9297922253608704,1,0.9999995231628418,1,0.2700418731595201,0
CNP0068624.3,CCC[C@H](O)[C@](O)(CC)C1CCCCC1,0.9297922253608704,1,0.9999995231628418,1,0.2700418731595201,0
CNP0068624.4,CCC[C@@H](O)[C@](O)(CC)C1CCCCC1,0.9297922253608704,1,0.9999995231628418,1,0.2700418731595201,0
CNP0068624.1,CCC[C@H](O)[C@@](O)(CC)C1CCCCC1,0.9297922253608704,1,0.9999995231628418,1,0.2700418731595201,0
CNP0286723.3,CC[C@H](C)[C@H](NC(=O)[C@H]1CC[C@H](CNC(=O)[C@@H](N)C(C)C)CC1)C(=O)O,0.9297568202018738,1,0.9999992847442627,1,0.4399017767062658,0
CNP0286723.1,CCC(C)[C@H](NC(=O)[C@H]1CC[C@H](CNC(=O)[C@@H](N)C(C)C)CC1)C(=O)O,0.9297568202018738,1,0.9999992847442627,1,0.4399017767062658,0
CNP0286723.2,CC[C@@H](C)[C@H](NC(=O)[C@H]1CC[C@H](CNC(=O)[C@@H](N)C(C)C)CC1)C(=O)O,0.9297568202018738,1,0.9999992847442627,1,0.4399017767062658,0
CNP0528093.1,CC[C@H](CNC(=O)C1=CC=C(S(N)(=O)=O)C=C1)C1=CC=C2NC=CC2=C1,0.9295176863670349,1,0.4225837290287018,0,0.3936112750220255,0
CNP0548432.0,COCCN1C(=O)CC2(CCN(S(=O)(=O)C3=CC=CC=C3C)CC2)N2N=CC=C12,0.9294683337211609,1,0.92091304063797,1,0.2640644257703081,0
CNP0158736.0,NC1=NC2=C(C(=O)N1)N(C1OC(CO)C(O)C1O)C=N2,0.929419219493866,1,0.33112001419067383,0,0.4776134303263238,0
CNP0353769.0,COC1=CC(O)=CC=C1N1N=CN=C1CC1=CC=C(O)C=C1,0.9291892647743225,1,0.9994009733200073,1,0.3757738095238095,0
CNP0450240.1,C[C@@H](O)[C@H](N)C(=O)N[C@@H](CC1=CC=CC=C1)C(=O)O,0.9290857315063477,1,0.9944597482681274,1,0.5464464979464978,1
CNP0197187.1,N[C@H](CC(=O)O)[C@@H](O)C(=O)O,0.9290741682052612,1,0.990672767162323,1,0.3292103435779907,0
CNP0197187.3,N[C@@H](CC(=O)O)[C@H](O)C(=O)O,0.9290741682052612,1,0.990672767162323,1,0.3292103435779907,0
CNP0197187.2,N[C@@H](CC(=O)O)[C@@H](O)C(=O)O,0.9290741682052612,1,0.990672767162323,1,0.3292103435779907,0
CNP0107313.1,CCOC(C)(C)[C@H](N)C(=O)O,0.9290226101875305,1,0.9983969330787659,1,0.3023243684420155,0
CNP0267640.1,CC[C@H](C)[C@@](O)(C(=O)OC[C@@H]1CCN2CCC[C@@H]12)[C@H](C)O,0.9289054870605469,1,0.9999940395355225,1,0.3533060273060273,0
CNP0267640.3,CC[C@H](C)[C@](O)(C(=O)OC[C@H]1CCN2CCC[C@@H]12)[C@@H](C)O,0.9289054870605469,1,0.9999940395355225,1,0.3533060273060273,0
CNP0267640.4,CC[C@H](C)[C@@](O)(C(=O)OC[C@H]1CCN2CCC[C@H]12)[C@H](C)O,0.9289054870605469,1,0.9999940395355225,1,0.3533060273060273,0
CNP0267640.5,CC[C@H](C)[C@](O)(C(=O)OC[C@@H]1CCN2CCC[C@@H]12)[C@@H](C)O,0.9289054870605469,1,0.9999940395355225,1,0.3533060273060273,0
CNP0267640.6,CC[C@H](C)[C@](O)(C(=O)OC[C@@H]1CCN2CCC[C@H]12)[C@@H](C)O,0.9289054870605469,1,0.9999940395355225,1,0.3533060273060273,0
CNP0267640.2,CC[C@H](C)[C@](O)(C(=O)OC[C@H]1CCN2CCC[C@H]12)[C@@H](C)O,0.9289054870605469,1,0.9999940395355225,1,0.3533060273060273,0
CNP0399724.2,CC(C)[C@H]1CC[C@@](C)(O)C2=CC=C(C(=O)O)C=C21,0.9284973740577698,1,0.9999008178710938,1,0.2760082417582417,0
CNP0399724.1,CC(C)[C@@H]1CC[C@@](C)(O)C2=CC=C(C(=O)O)C=C21,0.9284973740577698,1,0.9999008178710938,1,0.2760082417582417,0
CNP0049826.1,CCCN(C)C(=O)C1=C([C@H](C)O)C(C2=CC=C(Cl)C=C2)=NO1,0.9281182289123535,1,0.9999964237213135,1,0.3397309063485534,0
CNP0418362.1,CC(=O)OC[C@@H](OC(C)=O)[C@H]1CC[C@H]2[C@@H]3C=CC4=CC(=O)CC[C@]4(C)[C@H]3CC(=O)[C@]12C,0.9281148314476013,1,1.0,1,0.4185290668169266,0
CNP0183808.0,NC1=NC2=C(N=C(CNC3=CC=C(C(=O)O)C=C3)CN2)C(=O)N1,0.9277758598327637,1,0.003119446337223053,0,0.3313327922077922,0
CNP0511574.1,CNC1=NC(=O)C2=C(N1)N([C@@H]1O[C@H](CO)[C@@H](O)[C@H]1O)C=N2,0.9276785254478455,1,0.9980785846710205,1,0.4847775823507698,0
CNP0276088.1,NC(=O)[C@@H](O)[C@H](N)C(=O)O,0.9276207685470581,1,0.17500624060630798,0,0.2175411516587986,0
CNP0276088.2,NC(=O)[C@H](O)[C@H](N)C(=O)O,0.9276207685470581,1,0.17500624060630798,0,0.2175411516587986,0
CNP0552466.2,CC1=C(C)C(=O)[C@](C)(C2=C(O)/C(=C/C3=CC=CC=C3)NC2=O)C1,0.9272944331169128,1,0.11270932853221893,0,0.3467412448662448,0
CNP0552466.1,CC1=C(C)C(=O)[C@@](C)(C2=C(O)/C(=C/C3=CC=CC=C3)NC2=O)C1,0.9272944331169128,1,0.11270932853221893,0,0.3467412448662448,0
CNP0195249.1,COC1=CC=C(CC2=C([C@H](O)C3=CC=C4OCOC4=C3)COC2=O)C=C1O,0.9271643757820129,1,0.9999933242797852,1,0.3953517429481814,0
CNP0179916.1,COC(=O)[C@@H](C)NC(=O)C1(NC(=O)OC(C)(C)C)CCCCC1,0.927089512348175,1,0.9993652701377869,1,0.3820717876894348,0
CNP0374094.2,COC(=O)[C@H](O)[C@@H](NS(=O)(=O)C1=CC=C(C)C=C1)C1=CC=CC=C1,0.9270875453948975,1,0.8542128205299377,1,0.3895029970029969,0
CNP0374094.1,COC(=O)[C@@H](O)[C@@H](NS(=O)(=O)C1=CC=C(C)C=C1)C1=CC=CC=C1,0.9270875453948975,1,0.8542128205299377,1,0.3895029970029969,0
CNP0308552.1,CC[C@H](O)CC(=O)O,0.9269240498542786,1,0.9987448453903198,1,0.2858147391823862,0
CNP0415773.1,CC[C@H](C)[C@H](N)CC(=O)O,0.9266496300697327,1,0.999446451663971,1,0.3320609374285845,0
CNP0386001.1,CO[C@H]1C(C(=O)O)=C(C)[C@]23CC[C@H](C)[C@H]2CC[C@]13C,0.9265037775039673,1,0.9987930059432983,1,0.4075955239205239,0
CNP0378790.1,CC[C@H](C)CC(C)(C)O,0.92633455991745,1,0.9999951124191284,1,0.2742866561543031,0
CNP0580705.2,O=C1NC=NC2=C1N=CN2[C@@H]1O[C@H](CO)[C@@H](O)[C@H]1O,0.9262812733650208,1,0.9656456112861633,1,0.4385670412578757,0
CNP0580705.4,O=C1NC=NC2=C1N=CN2[C@H]1O[C@H](CO)[C@@H](O)[C@H]1O,0.9262812733650208,1,0.9656456112861633,1,0.4385670412578757,0
CNP0018705.0,COC(=O)C(CC1=CNC2=CC=CC=C12)NC(=O)C(N)CC1=CC=CC=C1,0.9260657429695129,1,0.9999390840530396,1,0.5851381673881674,1
CNP0335976.1,CC1(C)C(CO[C@@H]2O[C@H](CO)[C@@H](O)[C@H](O)[C@H]2O)=CC(=O)C2=C1SCC(O)=N2,0.9260533452033997,1,0.9876838326454163,1,0.3531098129898192,0
CNP0194563.1,C[C@H](CC[C@@]1(C)[C@H](C)CC[C@]2(C)[C@@H]1CCC[C@@]2(C)O)CC(=O)O,0.9259143471717834,1,0.9983839988708496,1,0.3431841214341214,0
CNP0130530.1,O=C1NC(=O)N([C@@H]2O[C@H](CO)[C@@H](O)[C@@H]2O)C=C1/C=C/Br,0.925605297088623,1,0.6459652781486511,1,0.3828748886476441,0
CNP0380654.1,C=CC1=C(C)C(=O)N/C1=C\C1=C(C)[C@@H](CCC(=O)O)C(=O)N1,0.9251889586448669,1,0.9957889914512634,1,0.3261036626771921,0
CNP0441861.2,CC1(C)O[C@@](C)([C@H](O)C2CCCCC2)CC[C@H]1C(=O)O,0.9251664280891418,1,0.9992613196372986,1,0.4214483702571938,0
CNP0441861.1,CC1(C)O[C@](C)([C@H](O)C2CCCCC2)CC[C@@H]1C(=O)O,0.9251664280891418,1,0.9992613196372986,1,0.4214483702571938,0
CNP0441861.4,CC1(C)O[C@@](C)([C@H](O)C2CCCCC2)CC[C@@H]1C(=O)O,0.9251664280891418,1,0.9992613196372986,1,0.4214483702571938,0
CNP0441861.3,CC1(C)O[C@](C)([C@H](O)C2CCCCC2)CC[C@H]1C(=O)O,0.9251664280891418,1,0.9992613196372986,1,0.4214483702571938,0
CNP0493274.0,N#CC1=CC=CC(S(=O)(=O)N2CCC3(CC2)NC2=CC=C(Cl)C=C2N2C=CC=C23)=C1,0.9251274466514587,1,0.9977782368659973,1,0.2963629185443954,0
CNP0509068.1,COC(=O)CCNC(=O)[C@H]1CN(S(=O)(=O)C2=CC=CN=C2)CC12CCCCC2,0.9249443411827087,1,0.9925249218940735,1,0.3707597402597401,0
CNP0509068.2,COC(=O)CCNC(=O)[C@@H]1CN(S(=O)(=O)C2=CC=CN=C2)CC12CCCCC2,0.9249443411827087,1,0.9925249218940735,1,0.3707597402597401,0
CNP0113381.1,COC(=O)C[C@H](C)CC[C@@]1(C)[C@H](C)CC[C@]2(C)[C@@H]1CCC[C@@]2(C)O,0.9248077273368835,1,0.9995519518852234,1,0.4003084415584416,0
CNP0024279.0,CC1(O)CC2(C)C(CCC2(C)O)C2CCC3CCCCC3(C)C21,0.9247148633003235,1,0.9999775886535645,1,0.3305848718275188,0
CNP0364818.1,COC1=CC=C([C@@H](OC)C2=C(CC3=CC=C(O)C=C3)N(C)C(NC3=NC(=O)N(C)C3=O)=N2)C=C1,0.9244347214698792,1,0.9995200634002686,1,0.3085544994221464,0
CNP0349882.0,CC(CC1=CC=CC=C1)NC1=NC=NC2=C1N=CN2C1OC(CO)C(O)C1O,0.9240368604660034,1,0.9998615980148315,1,0.447361111111111,0
CNP0587505.0,COC1=CC2=C(N)N=C(N3CCN(C(=O)OCC(C)(C)O)CC3)N=C2C(OC)=C1OC,0.9240148663520813,1,0.9999831914901733,1,0.3125198412698413,0
CNP0535407.4,CC1=CC=C(Cl)C=C1N1CCN(C(=O)[C@@H]2C[C@H]3CCCN3[C@]23C(=O)NC2=CC=CC=C23)CC1,0.9239597916603088,1,0.9961977601051331,1,0.4562082819141641,0
CNP0535407.2,CC1=CC=C(Cl)C=C1N1CCN(C(=O)[C@@H]2C[C@@H]3CCCN3[C@@]23C(=O)NC2=CC=CC=C23)CC1,0.9239597916603088,1,0.9961977601051331,1,0.4562082819141641,0
CNP0535407.1,CC1=CC=C(Cl)C=C1N1CCN(C(=O)[C@@H]2C[C@H]3CCCN3[C@@]23C(=O)NC2=CC=CC=C23)CC1,0.9239597916603088,1,0.9961977601051331,1,0.4562082819141641,0
CNP0535407.3,CC1=CC=C(Cl)C=C1N1CCN(C(=O)[C@@H]2C[C@@H]3CCCN3[C@]23C(=O)NC2=CC=CC=C23)CC1,0.9239597916603088,1,0.9961977601051331,1,0.4562082819141641,0
CNP0569611.2,CCOC(=O)[C@H](CC1=CNC2=CC=CC=C12)NC(=O)C1=CC=C(Br)C=C1,0.9237818717956543,1,0.999919056892395,1,0.4553293650793651,0
CNP0569611.1,CCOC(=O)[C@@H](CC1=CNC2=CC=CC=C12)NC(=O)C1=CC=C(Br)C=C1,0.9237818717956543,1,0.999919056892395,1,0.4553293650793651,0
CNP0282996.0,CCC(C)(S(=O)(=O)CC)S(=O)(=O)CC,0.9237084984779358,1,0.9999297857284546,1,0.2396868393044863,0
CNP0092968.1,COC1=CC(CC[C@H](CC(=O)CC2(C3=CC=C(O)C(OC)=C3)CCCC2)OC(C)=O)=CC=C1O,0.9236985445022583,1,0.9993435740470886,1,0.274372930990578,0
CNP0506916.1,CC(C)(O)CC(=O)C[C@@](C)(O)C1=CC=C(C(=O)O)C=C1,0.9236559271812439,1,0.9995717406272888,1,0.2358139193409844,0
CNP0457943.1,CC1(C)C[C@@H]2C[C@@](C)(CN2S(=O)(=O)C2=CC=C3N=C(O)OC3=C2)C1,0.9233218431472778,1,0.9542907476425171,1,0.3839260267510267,0
CNP0457943.2,CC1(C)C[C@H]2C[C@](C)(CN2S(=O)(=O)C2=CC=C3N=C(O)OC3=C2)C1,0.9233218431472778,1,0.9542907476425171,1,0.3839260267510267,0
CNP0189537.1,N[C@@H](C(=O)O)[C@@H](CC(=O)O)C(=O)O,0.9233083128929138,1,0.9943850040435791,1,0.3372814113990585,0
CNP0533522.0,CC1=CC=C(S(=O)(=O)N2C(=O)OC3=CC(Cl)=CC=C32)C=C1,0.9232745170593262,1,0.994400680065155,1,0.382272240014887,0
CNP0257040.0,CC1CCC2(C)C(C(=O)O)=CCCC2C1(C)CCC(=O)O,0.9232210516929626,1,0.9997456669807434,1,0.335552614052614,0
CNP0361552.1,COC1=C2C[C@H]3[C@](C)(C[C@@H](O)[C@@]45O[C@@](OC)(OC4(C)C)[C@@H](O)C[C@]35C)OC2=C(C)C2=C1C(=O)OC2,0.9231694340705872,1,0.9999963045120239,1,0.3629119769119768,0
CNP0361552.12,COC1=C2C[C@H]3[C@@](C)(C[C@H](O)[C@@]45O[C@@](OC)(OC4(C)C)[C@H](O)C[C@]35C)OC2=C(C)C2=C1C(=O)OC2,0.9231694340705872,1,0.9999963045120239,1,0.3629119769119768,0
CNP0361552.7,COC1=C2C[C@@H]3[C@](C)(C[C@@H](O)[C@]45O[C@](OC)(OC4(C)C)[C@H](O)C[C@]35C)OC2=C(C)C2=C1C(=O)OC2,0.9231694340705872,1,0.9999963045120239,1,0.3629119769119768,0
CNP0361552.11,COC1=C2C[C@@H]3[C@@](C)(C[C@H](O)[C@@]45O[C@@](OC)(OC4(C)C)[C@H](O)C[C@@]35C)OC2=C(C)C2=C1C(=O)OC2,0.9231694340705872,1,0.9999963045120239,1,0.3629119769119768,0
CNP0361552.8,COC1=C2C[C@@H]3[C@]4(C)C[C@H](O)[C@]5(OC)OC(C)(C)[C@]4(O5)[C@H](O)C[C@]3(C)OC2=C(C)C2=C1C(=O)OC2,0.9231694340705872,1,0.9999963045120239,1,0.3629119769119768,0
CNP0361552.13,COC1=C2C[C@@H]3[C@@](C)(C[C@H](O)[C@@]45O[C@@](OC)(OC4(C)C)[C@H](O)C[C@]35C)OC2=C(C)C2=C1C(=O)OC2,0.9231694340705872,1,0.9999963045120239,1,0.3629119769119768,0
CNP0361552.4,COC1=C2C[C@H]3[C@]4(C)C[C@H](O)[C@]5(OC)OC(C)(C)[C@]4(O5)[C@H](O)C[C@]3(C)OC2=C(C)C2=C1C(=O)OC2,0.9231694340705872,1,0.9999963045120239,1,0.3629119769119768,0
CNP0361552.10,COC1=C2C[C@H]3[C@@](C)(C[C@H](O)[C@@]45O[C@@](OC)(OC4(C)C)[C@H](O)C[C@@]35C)OC2=C(C)C2=C1C(=O)OC2,0.9231694340705872,1,0.9999963045120239,1,0.3629119769119768,0
CNP0361552.9,COC1=C2C[C@@H]3[C@@](C)(C[C@@H](O)[C@@]45O[C@@](OC)(OC4(C)C)[C@@H](O)C[C@@]35C)OC2=C(C)C2=C1C(=O)OC2,0.9231694340705872,1,0.9999963045120239,1,0.3629119769119768,0
CNP0361552.5,COC1=C2C[C@H]3[C@@](C)(C[C@@H](O)[C@@]45O[C@@](OC)(OC4(C)C)[C@@H](O)C[C@@]35C)OC2=C(C)C2=C1C(=O)OC2,0.9231694340705872,1,0.9999963045120239,1,0.3629119769119768,0
CNP0361552.6,COC1=C2C[C@@H]3[C@@](C)(C[C@H](O)[C@]45O[C@](OC)(OC4(C)C)[C@H](O)C[C@]35C)OC2=C(C)C2=C1C(=O)OC2,0.9231694340705872,1,0.9999963045120239,1,0.3629119769119768,0
CNP0361552.3,COC1=C2C[C@@H]3[C@@](C)(C[C@@H](O)[C@]45O[C@](OC)(OC4(C)C)[C@H](O)C[C@]35C)OC2=C(C)C2=C1C(=O)OC2,0.9231694340705872,1,0.9999963045120239,1,0.3629119769119768,0
CNP0361552.2,COC1=C2C[C@@H]3[C@](C)(C[C@H](O)[C@]45O[C@](OC)(OC4(C)C)[C@H](O)C[C@]35C)OC2=C(C)C2=C1C(=O)OC2,0.9231694340705872,1,0.9999963045120239,1,0.3629119769119768,0
CNP0457069.2,CCC(O)(CC)[C@@]1(C)CC[C@@H](C(=O)O)C(C)(C)O1,0.9230462908744812,1,0.9999610185623169,1,0.3121211272387742,0
CNP0457069.1,CCC(O)(CC)[C@]1(C)CC[C@@H](C(=O)O)C(C)(C)O1,0.9230462908744812,1,0.9999610185623169,1,0.3121211272387742,0
CNP0457069.4,CCC(O)(CC)[C@]1(C)CC[C@H](C(=O)O)C(C)(C)O1,0.9230462908744812,1,0.9999610185623169,1,0.3121211272387742,0
CNP0457069.3,CCC(O)(CC)[C@@]1(C)CC[C@H](C(=O)O)C(C)(C)O1,0.9230462908744812,1,0.9999610185623169,1,0.3121211272387742,0
CNP0011246.0,COC1=NC2=NC(S(=O)(=O)NC3=C(Cl)C=CC(C)=C3Cl)=NN2C(OC)=C1,0.9228605031967163,1,0.9999490976333618,1,0.419996336996337,0
CNP0502811.0,CCC(C)C(NC(=O)C1CCCN1C(=O)C(N)CC(C)C)C(=O)O,0.9223920702934265,1,0.9999997615814209,1,0.4898881673881674,0
CNP0364545.1,CC[C@H](C)[C@H]1NC(=O)[C@H](NC)CC2=CC(=C(OC)C=C2OC)/C=C/NC(=O)[C@H](CC(C)C)NC1=O,0.9219526052474976,1,0.9999959468841553,1,0.395458041958042,0
CNP0518200.0,CN1C=C(S(=O)(=O)N2CC3(CC(=O)N(CC4=CC=CC=C4)O3)C2)C=N1,0.921421229839325,1,0.1362493485212326,0,0.2931382783882784,0
CNP0304278.1,CC(=O)O[C@H]1C[C@@H](C)[C@](C)(CCC2=CC(=O)OC2)[C@H]2CCC[C@@H](C(=O)O)[C@]12C,0.9213555455207825,1,0.9999746084213257,1,0.4587939560439559,0
CNP0567327.0,CCC(C)C(O)(C(=O)O)C(C)O,0.921231210231781,1,0.9999082088470459,1,0.3311049228549229,0
CNP0071337.1,CC(C)(O)[C@H]1O[C@H]2CC[C@@]3(C)[C@@](O)(CC[C@H]4C(=O)C5=C(NC6=CC=CC=C56)[C@@]43C)C2=CC1=O,0.9212096929550171,1,0.9996138215065002,1,0.4331262908588996,0
CNP0262958.0,CC(=O)C1(C)CCC(C)C(C)(CCC(C)CC(=O)O)C1CC(=O)O,0.9211598038673401,1,0.9987247586250305,1,0.3802051282051282,0
CNP0197789.0,COC1=CC(C(CC(=O)NC2CCN(S(C)(=O)=O)CC2)C2=C(O)C(=O)C=C(C)O2)=CC=C1O,0.9207173585891724,1,0.9999992847442627,1,0.4315529878618114,0
CNP0244769.0,C=C1CCC(C)C(C)(CC(O)C2=COC=C2)CC=CC=C1C(=O)O,0.9202550649642944,1,0.9997544884681702,1,0.3436872506578388,0
CNP0365556.1,CC[C@H](C)[C@H](NC(=O)CC(C1=CC=C(OC)C=C1)C1=C(O)C(=O)C=C(C)O1)C1=NC2=CC=CC=C2N1,0.9199295043945312,1,1.0,1,0.4982625068418171,0
CNP0074715.1,C=C1/C(=C\C=C2/CCC[C@]3(C)[C@@H]([C@H](C)OCCC(C)(C)O)CC[C@@H]23)C[C@@H](O)C[C@@H]1O,0.9198735356330872,1,1.0,1,0.3670530303030302,0
CNP0074715.2,C=C1/C(=C/C=C2\CCC[C@]3(C)[C@@H]([C@H](C)OCCC(C)(C)O)CC[C@@H]23)C[C@@H](O)C[C@@H]1O,0.9198735356330872,1,1.0,1,0.3670530303030302,0
CNP0340412.1,CC1(C)O[C@@H]2[C@H](O1)[C@@H](CO)O[C@H]2N1N=CC(N)=NC1=O,0.919725239276886,1,0.6711531281471252,1,0.4583500317712045,0
CNP0114186.1,CC1=CC=C(S(=O)(=O)N[C@H](C)C2=C(C(=O)O)C(C)=NO2)C=C1,0.9197227358818054,1,0.9896075129508972,1,0.3762930402930402,0
CNP0258563.1,CC1=CC(C(=O)O)=CC2=C1CC[C@@H]2C,0.9196561574935913,1,0.9955220222473145,1,0.3778042692601516,0
CNP0124335.0,C=CC1=NC(C(=O)O)=CC2=C1NC1=CC=CC=C12,0.9194037914276123,1,0.0203997939825058,0,0.3662941338854382,0
CNP0026147.1,CCCS(=O)(=O)NC1=NC2=C(C[C@]3(C)CC[C@@H]4[C@H](OC(=O)[C@H]4C)[C@H]3[C@@H]2C)S1,0.9193216562271118,1,0.9996687173843384,1,0.5031373773285538,1
CNP0026147.2,CCCS(=O)(=O)NC1=NC2=C(C[C@@]3(C)CC[C@H]4[C@H](OC(=O)[C@H]4C)[C@H]3[C@@H]2C)S1,0.9193216562271118,1,0.9996687173843384,1,0.5031373773285538,1
CNP0486521.1,N[C@@H](CC1C=CC=CC1)C(=O)O,0.9192555546760559,1,0.9352685809135437,1,0.3626160130718955,0
CNP0288223.1,CC(C)[C@H](NC(=O)OC(C)(C)C)C(=O)NC[C@H]1CC[C@H](C(=O)N2CCC[C@H]2C(=O)O)CC1,0.9192128777503967,1,0.9999634027481079,1,0.5303167783712676,1
CNP0096081.1,CC1(C)CN(S(=O)(=O)C2=CC=CC=C2)C[C@@H]2CN(C(=O)C3CCOCC3)CCN21,0.9188032746315002,1,0.32673773169517517,0,0.3225721500721501,0
CNP0097100.1,CNCC[C@@H](O)[C@@H]1C[C@H](SC2=C(C(=O)O)N3C(=O)[C@H]([C@@H](C)O)[C@H]3[C@H]2C)CN1,0.9187962412834167,1,0.9999855756759644,1,0.4059272397224525,0
CNP0186623.1,COC1=CC([C@@H]2CC(=O)C3=C(C=C4OC(C)(CCCC(C)(C)O)CCC4=C3O)O2)=CC(O)=C1OC,0.9183390736579895,1,0.9992353916168213,1,0.3578956582633053,0
CNP0124290.1,C[C@H](NC(=O)C1=CC2=C(NC3=CC=C(O)C=C32)C(CCC(=O)N2CCC[C@H]2C(=O)O)=N1)C(=O)O,0.9181817173957825,1,0.9999713897705078,1,0.3847864008540479,0
CNP0214871.0,CC(C)CC1=CC(C(=O)O)=NC2=C1C(=O)NC(O)=N2,0.9179959893226624,1,0.9963423609733582,1,0.4271759732878659,0
CNP0255437.1,CO[C@@H](CC1=CC=C(O)C=C1)C(=O)O,0.917978048324585,1,0.9783777594566345,1,0.3946865955868514,0
CNP0371277.2,COC1=C2C=COC2=NC2=C(OC)C(OC[C@@H](OC(=O)C3=CC=CC=C3)C(C)(C)O)=CC=C12,0.9176743626594543,1,0.9803830981254578,1,0.3577550129608953,0
CNP0371277.1,COC1=C2C=COC2=NC2=C(OC)C(OC[C@H](OC(=O)C3=CC=CC=C3)C(C)(C)O)=CC=C12,0.9176743626594543,1,0.9803830981254578,1,0.3577550129608953,0
CNP0156494.3,CC(C)(O)CC[C@@H](O)[C@](C)(O)[C@H]1CC=C2C3=CC(=O)[C@H]4C[C@@H](O)[C@@H](O)C[C@]4(C)[C@H]3CC[C@]21C,0.9175951480865479,1,0.999937891960144,1,0.3006649400522992,0
CNP0156494.1,CC(C)(O)CC[C@@H](O)[C@](C)(O)[C@H]1CC=C2C3=CC(=O)C4C[C@@H](O)[C@@H](O)C[C@]4(C)C3CC[C@@]21C,0.9175951480865479,1,0.999937891960144,1,0.3006649400522992,0
CNP0156494.2,CC(C)(O)CC[C@H](O)[C@](C)(O)[C@H]1CC=C2C3=CC(=O)[C@@H]4C[C@@H](O)[C@@H](O)C[C@]4(C)[C@H]3CC[C@@]21C,0.9175951480865479,1,0.999937891960144,1,0.3006649400522992,0
CNP0216839.2,CC(=O)N[C@H](C)C(=O)CCC(=O)O,0.9174994230270386,1,0.9998843669891357,1,0.3496362285677053,0
CNP0216839.1,CC(=O)N[C@@H](C)C(=O)CCC(=O)O,0.9174994230270386,1,0.9998843669891357,1,0.3496362285677053,0
CNP0383064.0,CC1=CC=C(C(C)CCC(O)C(C)(C)O)CC1,0.9173973798751831,1,0.9999706745147705,1,0.2111766827943298,0
CNP0515059.0,CCN1C2=CC(C)=CC=C2N2C=CC=C2C12CCN(S(=O)(=O)C1=CC=C(OC)C(Cl)=C1)CC2,0.9173412919044495,1,0.9998522996902466,1,0.3953678543678544,0
CNP0185821.3,COC1=C[C@@H](C)[C@H]2C[C@H]3OC(=O)C[C@@H]4[C@@]3(C)[C@H]([C@H](O)C[C@@]4(C)C(=O)[C@H]3COC(=O)C3)[C@@]2(C)C1=O,0.9172770977020264,1,0.9986662864685059,1,0.4062399389825861,0
CNP0185821.4,COC1=C[C@@H](C)[C@@H]2C[C@H]3OC(=O)C[C@@H]4[C@@]3(C)[C@H]([C@H](O)C[C@@]4(C)C(=O)[C@@H]3COC(=O)C3)[C@@]2(C)C1=O,0.9172770977020264,1,0.9986662864685059,1,0.4062399389825861,0
CNP0185821.5,COC1=C[C@@H](C)[C@@H]2C[C@H]3OC(=O)C[C@@H]4[C@@]3(C)[C@@H]([C@H](O)C[C@@]4(C)C(=O)[C@H]3COC(=O)C3)[C@@]2(C)C1=O,0.9172770977020264,1,0.9986662864685059,1,0.4062399389825861,0
CNP0185821.1,COC1=CC(C)C2C[C@H]3OC(=O)C[C@@H]4[C@@]3(C)C(C(O)C[C@@]4(C)C(=O)C3COC(=O)C3)[C@@]2(C)C1=O,0.9172770977020264,1,0.9986662864685059,1,0.4062399389825861,0
CNP0185821.2,COC1=C[C@@H](C)[C@@H]2C[C@H]3OC(=O)C[C@@H]4[C@@]3(C)[C@H]([C@H](O)C[C@@]4(C)C(=O)[C@H]3COC(=O)C3)[C@@]2(C)C1=O,0.9172770977020264,1,0.9986662864685059,1,0.4062399389825861,0
CNP0486981.0,CCC(C)C(C)(COC(N)=O)COC(N)=O,0.9172587990760803,1,0.9765209555625916,1,0.3107225535902006,0
CNP0596214.1,CC1=NC(S(=O)(=O)N2C[C@@H]3[C@H](OCC4CC4)C(=O)N(C)[C@@H]3C2)=CN1C,0.9170790314674377,1,0.8466682434082031,1,0.4118578882417892,0
CNP0446165.3,CC1(C)[C@@H]([C@H](O)CC2=CC=CC=C2)CC[C@]1(C)C(=O)O,0.9170128703117371,1,0.9999644756317139,1,0.4219870129870129,0
CNP0446165.1,CC1(C)[C@H]([C@H](O)CC2=CC=CC=C2)CC[C@]1(C)C(=O)O,0.9170128703117371,1,0.9999644756317139,1,0.4219870129870129,0
CNP0446165.4,CC1(C)[C@H]([C@H](O)CC2=CC=CC=C2)CC[C@@]1(C)C(=O)O,0.9170128703117371,1,0.9999644756317139,1,0.4219870129870129,0
CNP0446165.2,CC1(C)[C@@H]([C@H](O)CC2=CC=CC=C2)CC[C@@]1(C)C(=O)O,0.9170128703117371,1,0.9999644756317139,1,0.4219870129870129,0
CNP0596718.1,O=C(OC[C@H]1O[C@@H](N2C=NC3=C(O)N=CN=C32)[C@H](O)[C@@H]1O)C1=CC=CN1,0.9167331457138062,1,0.9876812696456909,1,0.419904204455675,0
CNP0567475.1,COC1=CC=C(C2=NOC([C@@H](C)NCC3CC3)=C2C(=O)O)C=C1,0.9167296290397644,1,0.9999580383300781,1,0.4861110778110778,0
CNP0457991.1,N#CC1=CC=CC=C1S(=O)(=O)N[C@H]1CO[C@H]2[C@@H]1OC[C@H]2OCC1=CC=CC=C1,0.9166976809501648,1,0.9620243310928345,1,0.3435879267791031,0
CNP0457991.2,N#CC1=CC=CC=C1S(=O)(=O)N[C@H]1CO[C@H]2[C@H]1OC[C@@H]2OCC1=CC=CC=C1,0.9166976809501648,1,0.9620243310928345,1,0.3435879267791031,0
CNP0069910.2,COC[C@H]1CCCN1C(=O)CC[C@H]1CNC(=O)[C@@H]2[C@@H](CCN2CC2=CC=C(C(=O)O)C=C2)N1C,0.9163571000099182,1,0.9999485015869141,1,0.3723650793650793,0
CNP0069910.1,COC[C@H]1CCCN1C(=O)CC[C@H]1CNC(=O)[C@@H]2[C@H](CCN2CC2=CC=C(C(=O)O)C=C2)N1C,0.9163571000099182,1,0.9999485015869141,1,0.3723650793650793,0
CNP0412215.2,CC(C)[C@H](NC(=O)OC(C)(C)C)C(=O)NC[C@H]1CC[C@H](C(=O)N[C@H](C)C(=O)O)CC1,0.9160988330841064,1,0.9999957084655762,1,0.4498660624205516,0
CNP0412215.4,CC(C)[C@@H](NC(=O)OC(C)(C)C)C(=O)NC[C@H]1CC[C@@H](C(=O)N[C@H](C)C(=O)O)CC1,0.9160988330841064,1,0.9999957084655762,1,0.4498660624205516,0
CNP0412215.3,CC(C)[C@H](NC(=O)OC(C)(C)C)C(=O)NC[C@H]1CC[C@H](C(=O)N[C@@H](C)C(=O)O)CC1,0.9160988330841064,1,0.9999957084655762,1,0.4498660624205516,0
CNP0412215.1,CC(C)[C@@H](NC(=O)OC(C)(C)C)C(=O)NC[C@H]1CC[C@H](C(=O)N[C@H](C)C(=O)O)CC1,0.9160988330841064,1,0.9999957084655762,1,0.4498660624205516,0
CNP0013245.1,CC1=CC=C(C2=NOC([C@@H]3C[C@H](NS(=O)(=O)C4=CC=C(Cl)C=C4)CN3C)=N2)C=C1,0.9159623980522156,1,0.9997894167900085,1,0.3569318774021235,0
CNP0084964.1,CCCS(=O)(=O)N1CC2=C(C[C@H]1C(=O)OC)N=CN2C,0.9154524207115173,1,0.9992601275444031,1,0.4820024247782868,0
CNP0006013.1,CC(C)(C)CC(=O)N[C@H]1[C@H](C2=CC=CS2)N(S(=O)(=O)C2=CC=CC=C2)CC[C@@]1(C)O,0.9154231548309326,1,0.02061624638736248,0,0.3408725108225107,0
CNP0387976.5,CC(C)[C@H](NC(=O)[C@H]1CC[C@@H](CNC(=O)[C@H](NC(=O)OC(C)(C)C)C(C)C)CC1)C(=O)O,0.9152907133102417,1,0.9999923706054688,1,0.4731517767062659,0
CNP0387976.1,CC(C)[C@H](NC(=O)[C@H]1CC[C@H](CNC(=O)[C@@H](NC(=O)OC(C)(C)C)C(C)C)CC1)C(=O)O,0.9152907133102417,1,0.9999923706054688,1,0.4731517767062659,0
CNP0387976.2,CC(C)[C@H](NC(=O)OC(C)(C)C)C(=O)NC[C@H]1CC[C@H](C(=O)N[C@@H](C(=O)O)C(C)C)CC1,0.9152907133102417,1,0.9999923706054688,1,0.4731517767062659,0
CNP0387976.3,CC(C)[C@@H](NC(=O)[C@H]1CC[C@H](CNC(=O)[C@H](NC(=O)OC(C)(C)C)C(C)C)CC1)C(=O)O,0.9152907133102417,1,0.9999923706054688,1,0.4731517767062659,0
CNP0387976.4,CC(C)[C@H](NC(=O)[C@H]1CC[C@H](CNC(=O)[C@H](NC(=O)OC(C)(C)C)C(C)C)CC1)C(=O)O,0.9152907133102417,1,0.9999923706054688,1,0.4731517767062659,0
CNP0524064.1,COC(=O)[C@@H]1C[C@H](C(=O)O)O[C@H]1[C@H](CC(C)C)NC(C)=O,0.9152626395225525,1,0.9999998807907104,1,0.4066478057889822,0
CNP0129382.1,CCC(C)N1CC(=O)N2CC(C3=CC=CC=C3Cl)C3=C(NC4=CC=CC=C34)[C@@]2(C)C1=O,0.9152381420135498,1,0.9997718930244446,1,0.4167120657120658,0
CNP0563452.1,CCC1=NN2C(=N1)N(C(=O)CC(C)C)[C@H]1CCCC[C@H]1C21CCCCC1,0.9150944948196411,1,0.9999996423721313,1,0.4668697054579407,0
CNP0481549.0,NN1C(C2=CC=CC=C2)=NC2=C(C1=O)C1(CCCCC1)CC1=CC=CC=C12,0.9150205254554749,1,0.12240230292081833,0,0.3878425894281156,0
CNP0116088.1,CCS[C@H](CC(=O)NCCC1=CC=C(O)C=C1)C1=CC=C(O)C(OC)=C1,0.9141314029693604,1,0.9999985694885254,1,0.4857027665820768,0
CNP0477525.2,CO[C@@H]1CC(=O)[C@H]2[C@@H]3C[C@@H]4CC[C@]5(CC[C@H](CC6=CC=CC(NC[C@H](C)O)=C6)C5)[C@]3(C)[C@@]4(C)[C@@]12O,0.9141241312026978,1,1.0,1,0.4948543461369548,0
CNP0477525.1,CO[C@@H]1CC(=O)[C@H]2[C@@H]3C[C@H]4CC[C@]5(CC[C@@H](CC6=CC=CC(NC[C@H](C)O)=C6)C5)[C@]3(C)[C@@]4(C)[C@@]12O,0.9141241312026978,1,1.0,1,0.4948543461369548,0
CNP0083925.1,COC1=C(C)C(=O)O/C1=C1/OC2=CC[C@@H]3CC[C@](O)(CCC(C)C)[C@@H]4CCC[C@@H]([C@H]2[C@@H]1C)N34,0.9140915274620056,1,0.9999359846115112,1,0.5168766482559587,1
CNP0575271.0,O=C(NC(CC1=CC(O)=NC2=CC=CC=C12)C(=O)O)C1=CC=C(Cl)C=C1,0.9140150547027588,1,0.9898024201393127,1,0.4011291655204699,0
CNP0233475.1,CN1C[C@@H](NS(=O)(=O)C2=CC=C(Cl)C=C2)C[C@H]1C1=NC(C2=CC=NC=C2)=NO1,0.9137821793556213,1,0.8307185769081116,1,0.32082881379906,0
CNP0139103.1,CC(C(=O)O)C1CCC2C3C=CC4=CC(=O)[C@@H](O)C[C@]4(C)C3CC(=O)[C@]12C,0.9136698842048645,1,0.9999986886978149,1,0.4577546897546897,0
CNP0139103.3,C[C@@H](C(=O)O)[C@H]1CC[C@H]2[C@@H]3C=CC4=CC(=O)[C@@H](O)C[C@]4(C)[C@H]3CC(=O)[C@]12C,0.9136698842048645,1,0.9999986886978149,1,0.4577546897546897,0
CNP0139103.2,C[C@H](C(=O)O)[C@H]1CC[C@H]2[C@@H]3C=CC4=CC(=O)[C@@H](O)C[C@]4(C)[C@H]3CC(=O)[C@]12C,0.9136698842048645,1,0.9999986886978149,1,0.4577546897546897,0
CNP0291914.2,CC(C)C[C@](O)(C(=O)O)[C@H](C)O,0.9136282801628113,1,0.9998683929443359,1,0.2972211399711399,0
CNP0291914.1,CC(C)C[C@@](O)(C(=O)O)[C@H](C)O,0.9136282801628113,1,0.9998683929443359,1,0.2972211399711399,0
CNP0146486.2,COC(=O)[C@@H](CC1=CC=CC=C1)NC(=O)[C@@H](CC1=CC=CC=C1)NC(=O)[C@]12C[C@H]3C[C@H](C[C@H](C3)C1)C2,0.9130999445915222,1,0.998422384262085,1,0.4571147186147186,0
CNP0146486.1,COC(=O)[C@@H](CC1=CC=CC=C1)NC(=O)[C@@H](CC1=CC=CC=C1)NC(=O)C12CC3CC(CC(C3)C1)C2,0.9130999445915222,1,0.998422384262085,1,0.4571147186147186,0
CNP0042719.1,COC(=O)[C@@H]1CC2=C(CN1S(=O)(=O)CC1=CC=CC=C1)N(C)C=N2,0.9130666255950928,1,0.9630770087242126,1,0.4976486291486292,0
CNP0399660.0,CCOC(=O)CC(C1=CC=C(OC)C(OC)=C1OC)C1=C(O)C2=CC=CC=C2NC1=O,0.9129136204719543,1,0.9702517986297607,1,0.3611150793650792,0
CNP0468498.1,CC(C)OC(=O)[C@H](O)[C@@H](NC(=O)OCC1=CC=CC=C1)C1=CC=CC=C1,0.9128361344337463,1,0.9984789490699768,1,0.4358878066378067,0
CNP0264440.1,COC(=O)[C@@H](CC1=CC=CN=C1)NC(=O)[C@H]1CN(C(C)=O)CCN1S(C)(=O)=O,0.9127329587936401,1,0.9992202520370483,1,0.4966395548895548,0
CNP0284871.2,CCC1=C(C(=O)O)C=CC2=C1CC[C@@H]1C(C)(C)CCC[C@]21C,0.9124440550804138,1,0.9875112771987915,1,0.3634706943383413,0
CNP0284871.1,CCC1=C(C(=O)O)C=CC2=C1CC[C@H]1C(C)(C)CCC[C@]21C,0.9124440550804138,1,0.9875112771987915,1,0.3634706943383413,0
CNP0284871.3,CCC1=C(C(=O)O)C=CC2=C1CC[C@H]1C(C)(C)CCC[C@@]21C,0.9124440550804138,1,0.9875112771987915,1,0.3634706943383413,0
CNP0185480.1,COC(=O)CC[C@@]12[C@H]3[C@H](C(C)C)CC[C@]1(C)[C@H]1CC[C@]4(CCC[C@@H]42)N3[C@@H]1O,0.9121589064598083,1,0.9933887720108032,1,0.2823690476190476,0
CNP0536349.1,C=C(C[C@H]1CC[C@H]2C(C(=O)O)=CCC[C@@H]2C1)C1=COC=C1,0.9120736718177795,1,0.9987853169441223,1,0.4083312703378494,0
CNP0584407.0,CCCCC(C)COC(=O)CC,0.9119366407394409,1,0.9999992847442627,1,0.3659956971133441,0
CNP0276361.1,N[C@H](C(=O)O)C1CCCC1,0.9117327928543091,1,0.9371042847633362,1,0.3142752786429256,0
CNP0398085.1,CC[C@@H](C)[C@H](NC(=O)CC1=CSC(C)=N1)C(=O)O,0.9115316867828369,1,0.9999967813491821,1,0.3552264108440579,0
CNP0458632.0,CC(NC(=O)C(N)CC1=CC=C(O)C=C1)C(=O)O,0.9109795093536377,1,0.9988815188407898,1,0.4285238095238095,0
CNP0087466.1,CCCC[C@H](O)[C@H]1CC[C@H]([C@H]2CC[C@H]([C@H](O)CCCC3=C[C@H](C)OC3=O)O2)O1,0.9109742641448975,1,0.9999955892562866,1,0.4153581302470374,0
CNP0012666.1,CN1C[C@@H](NS(=O)(=O)C2=CC=CC=C2)C[C@H]1C1=NC(C2=CC=CC=C2)=NO1,0.9104980826377869,1,0.8577648997306824,1,0.2742959050753168,0
CNP0481744.1,CC[C@@](O)(CC(C)C)C(=O)OC(C1=CC=C(O)C=C1)C1=CC=C(O)C=C1,0.9104784727096558,1,0.9999842643737793,1,0.3685418470418469,0
CNP0523685.1,COCCC(=O)N1C[C@@H]2C[C@H](C1)C1=CC=C(NS(=O)(=O)C3=CC=CS3)C(=O)N1C2,0.9103862047195435,1,0.9678968191146851,1,0.3324990009990011,0
CNP0293732.1,CC(C)(O)[C@@]12CC[C@@](C)(O)[C@H]3CC[C@@](C)(O1)[C@H]3C2,0.9102862477302551,1,0.9913499355316162,1,0.3433105350531821,0
CNP0254938.1,CC[C@H](O)[C@](O)(CC(C)C)C(=O)OC[C@@H]1CCN2CCC[C@@H]12,0.9101649522781372,1,0.999998927116394,1,0.335037518037518,0
CNP0319961.1,C[C@@H]1CC[C@@]2(CC[C@H](C)[C@@H](CC3=NC4=C(C(=O)O)C(O)=CC=C4O3)O2)O[C@H]1[C@H](C)C(=O)C1=CC=CN1,0.9101080894470215,1,0.9999978542327881,1,0.4704046424839528,0
CNP0319961.2,C[C@@H]1CC[C@]2(CC[C@@H](C)[C@@H](CC3=NC4=C(C(=O)O)C(O)=CC=C4O3)O2)O[C@@H]1[C@H](C)C(=O)C1=CC=CN1,0.9101080894470215,1,0.9999978542327881,1,0.4704046424839528,0
CNP0319961.3,C[C@@H]1CC[C@]2(CC[C@@H](C)[C@@H](CC3=NC4=C(C(=O)O)C(O)=CC=C4O3)O2)O[C@H]1[C@H](C)C(=O)C1=CC=CN1,0.9101080894470215,1,0.9999978542327881,1,0.4704046424839528,0
CNP0067689.1,COC(=O)[C@@H]1CC2=C(CN1S(=O)(=O)C1=CC=CC3=CC=CN=C13)N(C(C)C)C=N2,0.9101051092147827,1,0.8721061944961548,1,0.4502893413775767,0
CNP0007218.1,O=C1OC[C@@H]2CCN(S(=O)(=O)C3=CC=CC=C3)CC3=CC=CC=C3N12,0.9099699258804321,1,0.05434703826904297,0,0.3714716117216116,0
CNP0151702.1,COC1=CC=C2N=C(C[C@H]3CN(S(=O)(=O)C4=CC=CC=C4)CC[C@H]3CC(=O)O)NC2=C1,0.9098330736160278,1,0.99764084815979,1,0.4090336983278159,0
CNP0017135.1,CC(=O)N1CCCN(C(=O)C2=C([C@H](C)O)ON=C2C2=CC=C(Cl)C=C2)CC1,0.9096718430519104,1,0.9944185018539429,1,0.392207222516046,0
CNP0122998.1,COC(=O)[C@@H](N)CC1=CC=C(O)C=C1,0.9096264839172363,1,0.9755860567092896,1,0.3959631185807656,0
CNP0361769.1,CC(=O)NC1=CC(=O)[C@@H]2CC(C)=C3[C@@H](CCS3(=O)=O)[C@H]2C1=O,0.9094432592391968,1,0.9999711513519287,1,0.3589354730237082,0
CNP0361769.2,CC(=O)NC1=CC(=O)[C@@H]2CC(C)=C3[C@H](CCS3(=O)=O)[C@H]2C1=O,0.9094432592391968,1,0.9999711513519287,1,0.3589354730237082,0
CNP0364119.1,CC[C@@H](C)[C@H](NC(=O)C1=CC=C2C=CN(C)C2=C1)C(=O)O,0.9094429612159729,1,0.9992647767066956,1,0.3720578294254765,0
CNP0045802.1,COC(=O)CO[C@@H]1CO[C@H]2[C@@H]1OC[C@@H]2NS(=O)(=O)C1=CC=C(Cl)C=C1,0.9094336628913879,1,0.9985242486000061,1,0.4195769377681141,0
CNP0339147.2,COC1=C2CN(C)CCC2=C(S(=O)(=O)NC[C@H]2CCCO2)C2=C1OCO2,0.9094221591949463,1,0.9999990463256836,1,0.3753310889380583,0
CNP0339147.1,COC1=C2CN(C)CCC2=C(S(=O)(=O)NC[C@@H]2CCCO2)C2=C1OCO2,0.9094221591949463,1,0.9999990463256836,1,0.3753310889380583,0
CNP0222950.2,CCCCC(=O)[C@@H]1CCCC=C1C(=O)O,0.9092447757720947,1,0.9990710020065308,1,0.379899016016663,0
CNP0222950.1,CCCCC(=O)[C@H]1CCCC=C1C(=O)O,0.9092447757720947,1,0.9990710020065308,1,0.379899016016663,0
CNP0334325.1,C[C@@H](NC(=O)NC1CCCCC1)C1=C(C(=O)O)C(C2=CC=C(Cl)C=C2)=NO1,0.9092163443565369,1,0.9998615980148315,1,0.496345371404195,0
CNP0175728.1,CC(=O)O[C@@H]1C[C@]2(C)C(C(=O)O)=CCC[C@H]2[C@](C)(CCC2=CCOC2=O)[C@H]1C,0.9091182947158813,1,0.9999953508377075,1,0.3920418470418471,0
CNP0175728.2,CC(=O)O[C@H]1C[C@]2(C)C(C(=O)O)=CCC[C@H]2[C@](C)(CCC2=CCOC2=O)[C@H]1C,0.9091182947158813,1,0.9999953508377075,1,0.3920418470418471,0
CNP0486539.1,O=C(O)C1=C2C(O)=NC3=C2C(=CC=C3)[C@]2(C1)C(O)=NC1=CC=CC=C12,0.9086154103279114,1,0.0017344903899356723,0,0.2494642857142857,0
CNP0191353.1,CC[C@](O)(C[C@H](N)C(=O)O)C(=O)O,0.908488929271698,1,0.9998239874839783,1,0.2947856294032764,0
CNP0571448.0,COC1=CC=C(Cl)C=C1NC(=O)C1=C(C)C(=O)OC12CCCCC2,0.908257007598877,1,0.9998787641525269,1,0.333377886002886,0
CNP0126752.1,C/C(Cl)=C/C[C@H](N)C(=O)O,0.9082539677619934,1,0.9917142987251282,1,0.2690962354638825,0
CNP0432249.1,CC(=O)N[C@H](CS[C@@]12C[C@H](CC(=O)O)O[C@H](C)[C@@]1(O)C(=O)[C@H]1[C@H](O)CCC[C@@H]1C2=O)C(=O)O,0.9080079793930054,1,0.17543424665927887,0,0.4076357003794424,0
CNP0136724.1,CC(C)C[C@@H](O)C[C@H](C)[C@H]1CC=C(C(=O)O)CC1,0.907820463180542,1,0.9999635219573975,1,0.3343749469484763,0
CNP0369661.0,O=C(O)C1=CC=CC(NC2=NC=NC3=C2C=NN3)=C1,0.9076856970787048,1,0.946476936340332,1,0.3533223276723275,0
CNP0327218.0,CC1C(O)CC2(C)C(C(=O)O)=CCCC2C1(C)CCC1=COC=C1,0.9074478149414062,1,0.9998462200164795,1,0.4300068542568542,0
CNP0265681.1,CNC(=O)C1=C([C@H](C)O)ON=C1C1=CC=C(OC)C(OC)=C1,0.9074255228042603,1,0.9928762912750244,1,0.3909238392326626,0
CNP0413007.1,CN1C(=O)NC2=C(N=CN2[C@@H]2O[C@H](CO)[C@@H](O)[C@H]2O)C1=N,0.9073294997215271,1,0.9993681311607361,1,0.4855131851940575,0
CNP0407862.1,N[C@@H](CC(=O)OCC1=CC=CC=C1)C(=O)O,0.907074511051178,1,0.9992819428443909,1,0.3378943001443001,0
CNP0274668.0,CCC12CCC(=O)C=C1CCC1C2CCC2(C)C1CCC2(O)C(=O)COC(C)=O,0.9069532155990601,1,0.9998575448989868,1,0.3944086735089292,0
CNP0253301.0,CC(C)(O)C1CCC2(C)CCCCC2C1,0.9065845608711243,1,0.9999971389770508,1,0.3678597996774466,0
CNP0597347.2,CCC(C)[C@H](NC(=O)[C@@H](CC1=CNC2=CC=CC=C12)N1C(=O)NC2=CC=CC=C2C1=O)C(=O)O,0.9063541889190674,1,0.9998409748077393,1,0.4920719003219003,0
CNP0597347.1,CCC(C)[C@H](NC(=O)[C@H](CC1=CNC2=CC=CC=C12)N1C(=O)NC2=CC=CC=C2C1=O)C(=O)O,0.9063541889190674,1,0.9998409748077393,1,0.4920719003219003,0
CNP0168577.1,C[C@H](CCC(=O)O)C[C@H](N)C(=O)O,0.9061678647994995,1,0.9976861476898193,1,0.264644576012223,0
CNP0379660.1,COC1=CC=C(C2(CN(C)C[C@H](O)COC3=CC=CC=C3)CCCC2)C=C1OC,0.9061445593833923,1,0.9791225790977478,1,0.3740808080808081,0
CNP0379660.2,COC1=CC=C(C2(CN(C)C[C@@H](O)COC3=CC=CC=C3)CCCC2)C=C1OC,0.9061445593833923,1,0.9791225790977478,1,0.3740808080808081,0
CNP0582416.0,CC(C)N1C(=O)C2=CC=CC=C2C(C(=O)N2CCC2)C12CCN(S(=O)(=O)C1=CN(C)N=C1)CC2,0.9059136509895325,1,0.9992592930793762,1,0.4209434633993459,0
CNP0215192.3,CC[C@H](C)[C@H](NC(=O)NC1CCCC1)C(=O)O,0.9059097170829773,1,0.9999920129776001,1,0.4345709274385745,0
CNP0215192.2,CC[C@@H](C)[C@H](NC(=O)NC1CCCC1)C(=O)O,0.9059097170829773,1,0.9999920129776001,1,0.4345709274385745,0
CNP0215192.1,CCC(C)[C@H](NC(=O)NC1CCCC1)C(=O)O,0.9059097170829773,1,0.9999920129776001,1,0.4345709274385745,0
CNP0392380.0,COCC1=CC(=O)C(O)=C(C(CC(=O)N2CCOCC2)C2=CC=C(C(=O)O)C=C2)O1,0.9053633809089661,1,0.9994252920150757,1,0.3749687462863933,0
CNP0129092.0,COC1=C(O)C=C(C(=O)O)C=C1Br,0.9052455425262451,1,0.9956881403923035,1,0.2364138524873819,0
CNP0114007.1,CSCC[C@@H](NC(=O)CC[C@H](N)C(=O)O)C(=O)O,0.9051196575164795,1,0.9998550415039062,1,0.3731834928506631,0
CNP0114007.2,CSCC[C@H](NC(=O)CC[C@H](N)C(=O)O)C(=O)O,0.9051196575164795,1,0.9998550415039062,1,0.3731834928506631,0
CNP0382050.1,CCCOC1=CC=C(/C=C/[C@@]23NC(=O)CN2C2=CC=CC=C2C3(C)C)C=C1OC,0.9050908088684082,1,0.5983348488807678,1,0.3944804362304361,0
CNP0382050.2,CCCOC1=CC=C(/C=C/[C@]23NC(=O)CN2C2=CC=CC=C2C3(C)C)C=C1OC,0.9050908088684082,1,0.5983348488807678,1,0.3944804362304361,0
CNP0516764.0,CC(=O)C1=CC(O)=CC(OCC2=CC=CC=C2)=C1CC1=CC=CC=C1,0.9049378037452698,1,0.9957503080368042,1,0.3633242784992784,0
CNP0485222.1,C1=COC(C2=NN3C(=N[C@H]4CCCC[C@H]4C34CCCCC4)N2)=C1,0.9046324491500854,1,0.999991774559021,1,0.3508552381945686,0
CNP0428545.1,CCOC(=O)CC[C@]1(C)[C@H]2CC3=C(O[C@@]2(C)C[C@@H](O)[C@H]1C(C)(C)O)C(C)=C1COC(=O)C1=C3OC,0.9045148491859436,1,0.9999996423721313,1,0.4003496725496726,0
CNP0031186.1,CC(C)(C)CC(=O)N1C[C@@H]2C[C@H](C1)C1=CC=C(NS(=O)(=O)CC3=CC=CC=C3)C(=O)N1C2,0.9043865203857422,1,0.999500036239624,1,0.3450087412587412,0
CNP0039796.1,CN(CC1=CC=CC=C1)C(=O)C[C@@H]1O[C@H](CNS(=O)(=O)C2=CC=C(Cl)C=C2)[C@@H](O)[C@H]1O,0.9041218757629395,1,0.9923195242881775,1,0.3730825021312873,0
CNP0504433.0,O=C1CC2(CN(S(=O)(=O)C3=CC=CC=C3)C2)ON1CC1=CC=CC=C1,0.9040670990943909,1,0.02527092769742012,0,0.2491487401487401,0
CNP0589393.0,CCCCC(=O)N1N=C(C2=CC=CO2)N=C1NCC1=CC=C(OC)C(OC)=C1,0.9035659432411194,1,0.9996073842048645,1,0.4378463203463203,0
CNP0081254.1,CC[C@@H](C)[C@@H]1C(=O)C(C)=C[C@@H]2CC=C(C(=O)O)[C@@H]12,0.903460681438446,1,0.9962615370750427,1,0.3731608652785123,0
CNP0399575.0,CCOC(=O)CC(C1=CC(OC)=C(O)C(OC)=C1)C1=C(O)C2=CC=CC=C2NC1=O,0.9033118486404419,1,0.9680271744728088,1,0.3794512987012987,0
CNP0060472.2,O=C(NC1=CC=CC=C1)N1C[C@@H]2C[C@H](C1)C1=CC=C(NS(=O)(=O)CC3=CC=CC=C3)C(=O)N1C2,0.9032976031303406,1,0.999956488609314,1,0.2357232869787217,0
CNP0060472.1,O=C(NC1=CC=CC=C1)N1C[C@H]2C[C@H](C1)C1=CC=C(NS(=O)(=O)CC3=CC=CC=C3)C(=O)N1C2,0.9032976031303406,1,0.999956488609314,1,0.2357232869787217,0
CNP0067179.2,O=C(N[C@@H](CC1=CC=C(Cl)C=C1)C(=O)O)OCC1C2=CC=CC=C2C2=CC=CC=C21,0.9031901359558105,1,0.44941437244415283,0,0.4269679501784765,0
CNP0067179.1,O=C(N[C@H](CC1=CC=C(Cl)C=C1)C(=O)O)OCC1C2=CC=CC=C2C2=CC=CC=C21,0.9031901359558105,1,0.44941437244415283,0,0.4269679501784765,0
CNP0249790.1,CN1C(O)=C2N=CN([C@@H]3O[C@H](CO)[C@@H](O)[C@H]3O)C2=NC1=O,0.9028453826904297,1,0.9982807636260986,1,0.4407309606717953,0
CNP0193131.0,NC(CC1=CNC2=C(Cl)C=CC=C12)C(=O)O,0.902515172958374,1,0.9936876893043518,1,0.4691973859473859,0
CNP0493987.2,O=C(NC1=CC=CC=C1)[C@@H]1SC2=NN=C(C3=CC=CC=C3)N2NC12CCCCC2,0.9022013545036316,1,0.9653214812278748,1,0.3580501998001997,0
CNP0493987.1,O=C(NC1=CC=CC=C1)[C@H]1SC2=NN=C(C3=CC=CC=C3)N2NC12CCCCC2,0.9022013545036316,1,0.9653214812278748,1,0.3580501998001997,0
CNP0241582.0,NC(CCC(O)C(N)C(=O)O)C(=O)O,0.9020406007766724,1,0.9963556528091431,1,0.3005520627335396,0
CNP0270064.0,COC1=C2OCOC2=C(S(=O)(=O)NC(C)(C)CO)C2=C1C(=O)N(C)CC2,0.9016457200050354,1,0.9991503953933716,1,0.3400511971688441,0
CNP0079563.1,NC1=NC(=O)N([C@@H]2CS[C@H](CO)O2)C=C1,0.9016312956809998,1,0.9706178903579712,1,0.4614446509372981,0
CNP0487997.0,CC1=CC=CC(CNC2=NCCNC23CCN(S(=O)(=O)C2=CC=C(Cl)C=C2)CC3)=C1,0.9014158844947815,1,0.9998973608016968,1,0.4440571698832569,0
CNP0572951.0,COC1=CC=CC(S(=O)(=O)N2CC3(CC(=O)N(CC4=CC=CC=C4)O3)C2)=C1,0.9012873768806458,1,0.13364318013191223,0,0.2880977258036081,0
CNP0105711.1,C[C@H](CC[C@@]1(C)[C@H](C)CC[C@@]2(CO)C(C(=O)O)=CCC[C@@H]21)CC(=O)O,0.9010317325592041,1,0.9999574422836304,1,0.5020389887889888,1
CNP0144805.1,C[C@@H](O)[C@H](NC(=O)OCC1=CC=CC=C1)C(=O)OCC1=CC=CC=C1,0.9010292887687683,1,0.9952087998390198,1,0.4084451104451105,0
CNP0508492.1,NC(=O)CC[C@H](N)C(=O)N[C@@H](CC1=CC=C(O)C=C1)C(=O)O,0.9009621143341064,1,0.9456841349601746,1,0.4804973898650368,0
CNP0009893.1,CC(C)C[C@H](NS(=O)(=O)C1=C(C(C)C)C=C(C(C)C)C=C1C(C)C)C(=O)O,0.9005808234214783,1,0.9994338154792786,1,0.3714930886107356,0
CNP0009893.2,CC(C)C[C@@H](NS(=O)(=O)C1=C(C(C)C)C=C(C(C)C)C=C1C(C)C)C(=O)O,0.9005808234214783,1,0.9994338154792786,1,0.3714930886107356,0
CNP0560254.0,NC1=NC(CC(N)C(=O)O)CN1,0.9005125761032104,1,0.9797635078430176,1,0.3342513793396147,0
CNP0325910.1,COC[C@H](CC1=CC(OC)=C2OCOC2=C1)[C@H](COC)[C@@H](O)C1=CC=C(OC)C(OC)=C1,0.9004741311073303,1,0.9999033212661743,1,0.3204974747474747,0
CNP0012709.1,CC(C)C1=NOC([C@@H]2C[C@H](NS(=O)(=O)C3=CC=CC=C3)CN2C)=N1,0.9004696607589722,1,0.9985674619674683,1,0.3637707162118926,0
CNP0324526.1,CC[C@H](C)C[C@H](O)CC,0.9003884792327881,1,0.9999877214431763,1,0.2347474453650923,0
CNP0316014.1,CC1=CC(=O)O/C1=C/[C@H](O)[C@@](C)(O)CC[C@@H]1[C@@]2(C)CCC[C@@](C)(C(=O)O)[C@@H]2CC[C@@]1(C)O,0.8998967409133911,1,0.7027021646499634,1,0.2880971955835847,0
CNP0126108.1,CC(=O)O[C@H]1CC[C@@]2(C)C(=C(O)C(=O)C3=CC(C(C)(C)C)=C(O)C=C32)C1(C)C,0.8998462557792664,1,0.9531692266464233,1,0.3875788872162464,0
CNP0240046.1,COC1=CC2=NC3=C(C=CO3)C(OC)=C2C2=C1CO[C@@H]2C(C)(C)O,0.8998451828956604,1,0.9998600482940674,1,0.4619547619047617,0
CNP0040572.0,O=C1C2=CC=CC=C2CCC2=C1N(S(=O)(=O)C1=CC=CC=C1)C1=CC=CC=C21,0.8997712731361389,1,0.015841169282794,0,0.2494158064158064,0
CNP0155894.0,COC1=CC(C(=O)O)=CC(OC2=CC=C(C(=O)O)C=C2C(=O)O)=C1OC,0.899707555770874,1,0.8599502444267273,1,0.3903331529581528,0
CNP0229419.1,COC(=O)CC[C@@]1(C(=O)OC)CC2(CC2)N=N1,0.8996637463569641,1,0.9983968138694763,1,0.2763948412698412,0
CNP0229419.2,COC(=O)CC[C@]1(C(=O)OC)CC2(CC2)N=N1,0.8996637463569641,1,0.9983968138694763,1,0.2763948412698412,0
CNP0506173.1,C[C@H]1CC(=O)C=C2[C@@H](O)C[C@H](C(C)(C)O)C[C@]21C,0.8994480967521667,1,0.9999698400497437,1,0.4600745155171626,0
CNP0282271.1,COC1=CC2=C(C(=O)O[C@@H](C)C2)C2=C1C[C@@H](C(C)(C)O)O2,0.8993942737579346,1,0.9996877908706665,1,0.3105187590187591,0
CNP0211379.1,COC1=CC(C2=COC3=CC(O)=CC(O)=C3C2=O)=C2O[C@@H](C(C)(C)O)CC2=C1OC,0.8992159962654114,1,0.9999970197677612,1,0.3903950216450216,0
CNP0528794.0,CCCOS(=O)(O)=S,0.8992072939872742,1,0.9967944025993347,1,0.2959638955815426,0
CNP0219053.1,C[C@@H](C[C@@H](O)[C@H](O)C(C)(C)O)[C@@H]1CC[C@]2(C)C3=CC(=O)[C@H]4C(C)(C)[C@@H](O)CC[C@]4(C)[C@H]3CC[C@@]12C,0.8990875482559204,1,0.9999945163726807,1,0.2762182539682539,0
CNP0329241.1,CC(=O)N[C@@H](CC1=CC=C(O)C=C1)C(=O)O,0.898968517780304,1,0.9910948276519775,1,0.517981600099247,1
CNP0548710.0,CC(=O)NC1(C(=O)O)CCC(C)CC1,0.8988432884216309,1,0.9872145652770996,1,0.3595903124653125,0
CNP0070296.1,O=C(COC1=CC=CC=C1)N1C[C@@H]2C[C@H](C1)C1=C(NS(=O)(=O)C3=CC=CS3)C=CC(=O)N1C2,0.89859539270401,1,0.5406762361526489,1,0.3833888888888889,0
CNP0203742.2,C[C@@H](CCOC(=O)CCC(=O)O)CC[C@@]1(C)[C@H](C)CC[C@]2(C)[C@@H]1C[C@H](O)[C@H](O)[C@@]2(C)O,0.8982618451118469,1,0.9980722665786743,1,0.3545171756348227,0
CNP0203742.8,C[C@H](CCOC(=O)CCC(=O)O)CC[C@]1(C)[C@H](C)CC[C@]2(C)[C@@H]1C[C@H](O)[C@@H](O)[C@@]2(C)O,0.8982618451118469,1,0.9980722665786743,1,0.3545171756348227,0
CNP0203742.1,C[C@@H](CCOC(=O)CCC(=O)O)CC[C@]1(C)[C@H]2C[C@H](O)[C@H](O)[C@@](C)(O)[C@]2(C)CC[C@@H]1C,0.8982618451118469,1,0.9980722665786743,1,0.3545171756348227,0
CNP0203742.6,C[C@H](CCOC(=O)CCC(=O)O)CC[C@]1(C)[C@H](C)CC[C@]2(C)[C@@H]1C[C@H](O)[C@H](O)[C@]2(C)O,0.8982618451118469,1,0.9980722665786743,1,0.3545171756348227,0
CNP0203742.7,C[C@H](CCOC(=O)CCC(=O)O)CC[C@]1(C)[C@H](C)CC[C@]2(C)[C@@H]1C[C@H](O)[C@@H](O)[C@]2(C)O,0.8982618451118469,1,0.9980722665786743,1,0.3545171756348227,0
CNP0203742.5,C[C@H](CCOC(=O)CCC(=O)O)CC[C@]1(C)[C@H](C)CC[C@]2(C)[C@@H]1C[C@H](O)[C@H](O)[C@@]2(C)O,0.8982618451118469,1,0.9980722665786743,1,0.3545171756348227,0
CNP0203742.3,C[C@@H](CCOC(=O)CCC(=O)O)CC[C@@]1(C)[C@H](C)CC[C@@]2(C)[C@@H]1C[C@H](O)[C@H](O)[C@@]2(C)O,0.8982618451118469,1,0.9980722665786743,1,0.3545171756348227,0
CNP0203742.4,C[C@@H](CCOC(=O)CCC(=O)O)CC[C@]1(C)[C@H]2C[C@H](O)[C@H](O)[C@@](C)(O)[C@@]2(C)CC[C@@H]1C,0.8982618451118469,1,0.9980722665786743,1,0.3545171756348227,0
CNP0128336.1,CC1(C)CN(S(=O)(=O)C2=CC=CC=C2)C[C@@H]2CN(C(=O)COC3=CC=CC=C3)CCN21,0.8979565501213074,1,0.929936945438385,1,0.3193492063492063,0
CNP0370561.1,CC[C@H](CCC(=O)NC1=CC=C(C(=O)O)C=C1)C(=O)O,0.8975234031677246,1,0.999826967716217,1,0.3003682967359438,0
CNP0351753.1,CCCCN(C(=O)C1=CC(OC)=C(OC)C(OC)=C1)C1=C[C@H]2CC[C@@H](C1)N2C,0.8973920345306396,1,0.9999983310699463,1,0.3867153780172356,0
CNP0303781.1,COC1=CC2=C(C=C1C(C)C)CC[C@H]1C(C)=C(C(=O)O)CC[C@]21C,0.8973479866981506,1,0.9980049729347229,1,0.347957448107448,0
CNP0286588.1,CCOC(=O)C1=CC(=C2CCC(=O)CC2)C2=C(C=C3O[C@H]([C@@](C)(O)C4CCCC4)CC3=C2OC)O1,0.8973349332809448,1,0.9999843835830688,1,0.4697894050394051,0
CNP0118337.0,CC(C)CCC1=CC(C(=O)O)=NC2=C1C(=O)NC(O)=N2,0.8969609141349792,1,0.9979105591773987,1,0.3946865079365079,0
CNP0560380.0,COC1=CC=C(S(=O)(=O)N2CCC3(CC2)NC2=CC=CC=C2N2C=CC=C23)C=C1Cl,0.896804690361023,1,0.9637715816497803,1,0.3284375053051523,0
CNP0403379.0,COC1=CC2=C(C=C1OC)CN(C(=O)C1=CC(C3=CC=C(CC(C)C)C=C3)=NN1)CC2,0.8966467380523682,1,0.9991756081581116,1,0.3742813281489752,0
CNP0036710.2,CCOC(=O)[C@H](C/C=C1\OC(=O)C(OC)=C1OC)S(=O)(=O)C1=CC=CC=C1,0.8965277075767517,1,0.9954496026039124,1,0.4050524336774335,0
CNP0036710.4,CCOC(=O)[C@@H](CC=C1OC(=O)C(OC)=C1OC)S(=O)(=O)C1=CC=CC=C1,0.8965277075767517,1,0.9954496026039124,1,0.4050524336774335,0
CNP0036710.1,CCOC(=O)[C@H](CC=C1OC(=O)C(OC)=C1OC)S(=O)(=O)C1=CC=CC=C1,0.8965277075767517,1,0.9954496026039124,1,0.4050524336774335,0
CNP0036710.3,CCOC(=O)[C@@H](C/C=C1\OC(=O)C(OC)=C1OC)S(=O)(=O)C1=CC=CC=C1,0.8965277075767517,1,0.9954496026039124,1,0.4050524336774335,0
CNP0126601.0,CC(C)C1C(O)C(=O)C2=C(O)C3=C(C(=O)O)C(O)CCC3(C)CCC21C,0.896398663520813,1,0.9996864795684814,1,0.4701116125391783,0
CNP0486605.0,CCC(C)C(NC(=O)C1CCCN1C(=O)C(N)CC1=CC=CC=C1)C(=O)O,0.896358072757721,1,0.9999954700469971,1,0.5591240981240981,1
CNP0441398.1,CC(=O)[C@@H](CC1=CC=C(O)C=C1)NC(=O)O,0.8961021900177002,1,0.9907405376434326,1,0.4071743517919987,0
CNP0441398.2,CC(=O)[C@H](CC1=CC=C(O)C=C1)NC(=O)O,0.8961021900177002,1,0.9907405376434326,1,0.4071743517919987,0
CNP0496769.1,CC[C@H](C)[C@@H](O)[C@](C)(O)/C=C/C1=CC2=CC(=O)[C@](C)(O)[C@H](CC(C)=O)C2=CO1,0.8954311013221741,1,0.9977818131446838,1,0.3475859010270775,0
CNP0499299.0,O=C1CC2(CN(S(=O)(=O)C3=CC=CC(Cl)=C3)C2)ON1CC1CC1,0.8952993154525757,1,0.9971051812171936,1,0.3605175153793575,0
CNP0265970.1,COC(=O)[C@H](CC1=CC=CC=C1)NC(=O)NCC1=CC=C2OCOC2=C1,0.8952833414077759,1,0.999922513961792,1,0.5652573875399963,1
CNP0118416.0,COC(=O)C(O)CC1=CC=C(O)C=C1,0.8950937390327454,1,0.9993064403533936,1,0.4277066250742721,0
CNP0267769.1,C[C@H]1[C@H]([C@@]2(C)CC[C@@H](C(C)(C)O)O2)CC[C@@]1(C)O,0.89491868019104,1,0.9985477328300476,1,0.3145977145403615,0
CNP0267769.3,C[C@H]1[C@H]([C@@]2(C)CC[C@H](C(C)(C)O)O2)CC[C@@]1(C)O,0.89491868019104,1,0.9985477328300476,1,0.3145977145403615,0
CNP0267769.2,C[C@H]1[C@H]([C@@]2(C)CC[C@H](C(C)(C)O)O2)CC[C@]1(C)O,0.89491868019104,1,0.9985477328300476,1,0.3145977145403615,0
CNP0397435.0,O=C(NC(CC1=CC=CC=C1)C(=O)O)C1CCCCC1,0.8945606350898743,1,0.9998806715011597,1,0.5230098804704069,1
CNP0132819.1,CC(C)C1=CC2=CC=C3C(C)(C)COC(=O)[C@@]3(C)CC2=C(O)C1=O,0.8943994045257568,1,0.9993543028831482,1,0.3187701383583736,0
CNP0007532.1,COC1=CC2=C(C=C1OC)CN(C(=O)C1=C([C@H](C)O)ON=C1C1=CC=CC=C1)CC2,0.8941677808761597,1,0.998939573764801,1,0.3938889313301078,0
CNP0408955.2,CC1(C)CC[C@H]([C@@](C)(O)[C@H]2CC[C@@]3(O)C4=CC(=O)[C@]5(C)C[C@@H](O)[C@H](O)C[C@]5(C)[C@H]4CC[C@]23C)O1,0.8940020203590393,1,0.9984519481658936,1,0.4134124857844432,0
CNP0408955.1,CC1(C)CC[C@H]([C@@](C)(O)[C@H]2CC[C@@]3(O)C4=CC(=O)[C@]5(C)C[C@@H](O)[C@@H](O)C[C@]5(C)[C@H]4CC[C@]23C)O1,0.8940020203590393,1,0.9984519481658936,1,0.4134124857844432,0
CNP0594789.0,CCCCS(=O)(O)=S,0.8939052224159241,1,0.9995121955871582,1,0.3263633866133866,0
CNP0009918.1,CCCCC1=C2C(=NN1)OC(N)=C(C#N)[C@@H]2C1=CC(OC)=C2OCOC2=C1,0.8936784267425537,1,0.7535281181335449,1,0.3901676872728439,0
CNP0009918.2,CCCCC1=C2C(=NN1)OC(N)=C(C#N)[C@H]2C1=CC(OC)=C2OCOC2=C1,0.8936784267425537,1,0.7535281181335449,1,0.3901676872728439,0
CNP0553456.0,CC(N)C(=O)NC(CC1=CC=CC=C1)C(=O)NC(C)C(=O)O,0.8935869932174683,1,0.9995372295379639,1,0.532525974025974,1
CNP0556549.1,O=C1[C@@H](O)[C@H]2CN(S(=O)(=O)C3=CC=C(Cl)C=C3)C[C@H]2N1CC1=CC=CC=C1,0.8933696746826172,1,0.010956775397062302,0,0.2661355311355311,0
CNP0153373.1,CC(C)(O)CCC[C@](C)(O)[C@H]1CC=C2C3=C[C@H](O)[C@@]4(O)C[C@@H](O)CC[C@]4(C)[C@H]3CC[C@@]21C,0.893365204334259,1,0.999919056892395,1,0.3121669425345896,0
CNP0276056.1,C[C@@H]1CC[C@]23C[C@H]1C(C)(C)[C@H]2CC=C3C(=O)O,0.8932678699493408,1,0.9971868395805359,1,0.4714221611721612,0
CNP0295052.1,COC1=C2C[C@@H](C(C)(C)OC(C)=O)OC2=NC2=C3OCOC3=CC=C12,0.8929782509803772,1,0.9995883107185364,1,0.5164933261183261,1
CNP0295052.2,COC1=C2C[C@H](C(C)(C)OC(C)=O)OC2=NC2=C3OCOC3=CC=C12,0.8929782509803772,1,0.9995883107185364,1,0.5164933261183261,1
CNP0302264.1,CC(C)NC(=O)CC[C@H](N)C(=O)O,0.8926719427108765,1,0.999504804611206,1,0.3162117004586578,0
CNP0233188.1,COC(=O)C[C@H](C)CC[C@@]1(C)[C@H](C)CC[C@]2(C)[C@@H]1CC[C@@H](O)[C@]2(C)O,0.892016589641571,1,0.9986522793769836,1,0.3822397324897325,0
CNP0587219.2,COC(=O)CNC(=O)[C@H]1CN(S(=O)(=O)C2=CC=CS2)CC12CCCCC2,0.8914278745651245,1,0.983852744102478,1,0.4349134199134199,0
CNP0587219.1,COC(=O)CNC(=O)[C@@H]1CN(S(=O)(=O)C2=CC=CS2)CC12CCCCC2,0.8914278745651245,1,0.983852744102478,1,0.4349134199134199,0
CNP0511581.0,CC(C)(CN)C(C)(C)CC(N)C(=O)O,0.891350269317627,1,0.843122124671936,1,0.2927679526355997,0
CNP0046830.1,NC1=NC(=O)C2=NC(=O)C(C[C@@H](O)C(=O)O)=NC2=N1,0.8912608027458191,1,0.9231740236282349,1,0.3900003868680339,0
CNP0487778.1,COCCN1C(=O)CC[C@H]1C1=NC(CNS(=O)(=O)C2=CN(C)N=C2)=NO1,0.8910863995552063,1,0.675871729850769,1,0.3955021119061815,0
CNP0180760.0,CCC(CCCC(=O)O)C(=O)O,0.8910090923309326,1,0.9992559552192688,1,0.2751050420694632,0
CNP0287496.1,CC1CCN(C(=O)C2=C([C@H](C)O)ON=C2C2=CC=C(Cl)C=C2)CC1,0.8909427523612976,1,0.9984081387519836,1,0.4533798831887067,0
CNP0195142.1,CC1(C)OC=C2C[C@]34CC[C@]5(C)C(=O)[C@](C)(O)[C@@H]6[C@H]7OC(=O)[C@](C)(O)[C@H]7O[C@@](O3)(C(=O)C4=CC=C21)[C@@H]65,0.8907692432403564,1,0.9984762072563171,1,0.4503631058483999,0
CNP0524449.0,COC1=CC=C(S(=O)(=O)NCC2=CC=C(C(=O)O)C=C2)C=C1,0.8904724717140198,1,0.0037768951151520014,0,0.2588067488067488,0
CNP0223560.1,O=C(O)COCC(=O)N1C[C@@H]2C[C@H](C1)C1=CC=C(NS(=O)(=O)CC3=CC=CC=C3)C(=O)N1C2,0.8894096612930298,1,0.9995162487030029,1,0.2941785061343885,0
CNP0322159.1,C[C@@H]1CC[C@@H]2CC3=C(C(=O)O)CC[C@@]31C2(C)C,0.8892031908035278,1,0.9928761720657349,1,0.3042810566813124,0
CNP0169198.1,O=C(CNC(=O)OCC1=CC=CC=C1)N[C@H](CC1=CC=C(O)C=C1)C(=O)O,0.8891230821609497,1,0.9987456798553467,1,0.5292606743625049,1
CNP0380926.2,CN(C(=O)OCC1C2=CC=CC=C2C2=CC=CC=C21)[C@@H](CC1=CC=CC=C1)C(=O)O,0.8890109658241272,1,0.9754422307014465,1,0.369490564990565,0
CNP0380926.1,CN(C(=O)OCC1C2=CC=CC=C2C2=CC=CC=C21)[C@H](CC1=CC=CC=C1)C(=O)O,0.8890109658241272,1,0.9754422307014465,1,0.369490564990565,0
CNP0258134.1,N[C@H](C(=O)O)C1=CC(O)=NO1,0.8885961771011353,1,0.9801995754241943,1,0.3869816017316016,0
CNP0511074.0,O=C1NC(C2=CC=CC=C2)=NC2=C1C1(CCCC1)CC1=CC=CC=C12,0.8885102868080139,1,0.18534867465496063,0,0.4010834138211139,0
CNP0169550.1,CCCC[C@H](C)C[C@H](C)C[C@@H](C)C(=O)OC,0.8881816864013672,1,0.9999998807907104,1,0.3675994492123092,0
CNP0169550.2,CCCC[C@H](C)C[C@H](C)C[C@H](C)C(=O)OC,0.8881816864013672,1,0.9999998807907104,1,0.3675994492123092,0
CNP0417584.1,CCOC(=O)C1=CC(=C2CCC(=O)CC2)C2=C(C=C3O[C@H](C(C)(C)O)CC3=C2OC)O1,0.888136088848114,1,0.9999978542327881,1,0.3699285103785104,0
CNP0315754.0,NC(CC1=CC=C(O)C=C1)C(=O)NC(CC1=CC=CC=C1)C(=O)O,0.8879504203796387,1,0.9813898205757141,1,0.5168705475810739,1
CNP0373054.1,N[C@@H](CC1=CC=CC=C1)C(=O)N[C@@H](CC1=CC=C(O)C=C1)C(=O)O,0.8879468441009521,1,0.9813827872276306,1,0.5250242272347534,1
CNP0167134.2,C[C@@]1(C2=CC=C(C(=O)O)C=C2O)CCC(=O)O1,0.8879097104072571,1,0.9999243021011353,1,0.3677564007816564,0
CNP0167134.1,C[C@]1(C2=CC=C(C(=O)O)C=C2O)CCC(=O)O1,0.8879097104072571,1,0.9999243021011353,1,0.3677564007816564,0
CNP0117633.2,C[C@H]1CC[C@@H]([C@@](C)(O)CO[C@@H]2O[C@H](CO)[C@@H](O)[C@H](O)[C@H]2O)CC1=O,0.8878459334373474,1,0.9999706745147705,1,0.3815489862007093,0
CNP0117633.1,C[C@H]1CC[C@H]([C@](C)(O)CO[C@@H]2O[C@H](CO)[C@@H](O)[C@H](O)[C@H]2O)CC1=O,0.8878459334373474,1,0.9999706745147705,1,0.3815489862007093,0
CNP0259323.1,COC(=O)[C@H](CC1=CC=CC=C1)NC(=O)CN1N=CC2=CC=C(OC)C(OC)=C2C1=O,0.8877872824668884,1,0.9998557567596436,1,0.4801506995420038,0
CNP0235867.1,C[C@H](N)[C@H]1[C@H](O)C[C@@]2(C)[C@@H]3CC[C@@H]4C(=CC[C@H](N(C)C)C4(C)C)C=C3CC[C@]12C,0.887620747089386,1,0.9999983310699463,1,0.3318606295665118,0
CNP0021875.1,CC[C@H](CC1=CC=C(O)C(OC)=C1)[C@H](CC)C(O)C1=CC=C(O)C(OC)=C1,0.8876108527183533,1,0.9999691247940063,1,0.3578528138528138,0
CNP0394030.1,C[C@@]1(O)CCN(S(=O)(=O)C2=CC=CC=C2)[C@@H](C2=CC=CS2)[C@@H]1NC(=O)C1=CC=CC=C1,0.8873716592788696,1,0.0001617534289835021,0,0.3579069624819624,0
CNP0156228.0,COC1=CC(C2=NN=C(NC(=O)C3=CC=CS3)O2)=CC(OC)=C1OC,0.8872936367988586,1,0.6675034165382385,1,0.4224626043039085,0
CNP0322043.1,CCCOC1=CC=C(C2CN3C(=O)CN(C)C(=O)[C@]3(C)C3=C2C2=CC=CC=C2N3)C=C1OCC,0.8871743679046631,1,0.8141584396362305,1,0.4274576118326119,0
CNP0050726.1,CCN(CC)C(=O)C1=C([C@H](C)O)ON=C1C1=CC=C(OC)C(OC)=C1,0.8870562314987183,1,0.9983736276626587,1,0.4364540443216914,0
CNP0112934.1,CCOC(=O)C[C@H](C)CC,0.8868367075920105,1,0.9999892711639404,1,0.3204812115988587,0
CNP0111830.1,C[C@H](CCO)CCC[C@@](C)(O)CCCC(C)(C)O,0.8861201405525208,1,0.9999783039093018,1,0.2626946693657219,0
CNP0524845.1,C=C(Cl)C(O)C[C@H](N)C(=O)O,0.8859104514122009,1,0.9974105954170227,1,0.2996608097784568,0
CNP0120855.1,COC1=CC=CC=C1N1CCN(C(=O)C2=C([C@H](C)O)ON=C2C2=CC=CN=C2)CC1,0.8856815695762634,1,0.9993483424186707,1,0.392293734043734,0
CNP0210215.1,CN1C[C@@H](NC(=O)CC(C)(C)CC(=O)O)C[C@H]1C1=NC(CC2=CC=CC=C2)=NO1,0.885306715965271,1,0.9998964071273804,1,0.4368863367025131,0
CNP0296108.0,CCOC(=O)C(O)C(C)CC,0.8852740526199341,1,0.9999963045120239,1,0.3387618753795224,0
CNP0343895.0,CC1=CC(=O)N(C2OC(CO)C(O)C(O)C2O)O1,0.8851966857910156,1,0.2555353045463562,0,0.2719665362157621,0
CNP0540045.1,CSCC[C@H](N)C(=O)N[C@H](C(=O)O)[C@@H](C)O,0.8851056098937988,1,0.9993579983711243,1,0.4729468848145318,0
CNP0325177.2,COC1=CC(C(=O)O[C@H]2C[C@@]3(C)CC[C@H](C(C)C)[C@@]3(O)CC[C@]2(C)O)=CC(OC)=C1OC,0.8850610852241516,1,0.9999616146087646,1,0.3874981962481962,0
CNP0325177.1,COC1=CC(C(=O)O[C@H]2C[C@@]3(C)CC[C@H](C(C)C)[C@@]3(O)CC[C@@]2(C)O)=CC(OC)=C1OC,0.8850610852241516,1,0.9999616146087646,1,0.3874981962481962,0
CNP0276322.1,CCC(=O)C[C@H](N)C(=O)O,0.8849440813064575,1,0.9851535558700562,1,0.2776914735591206,0
CNP0532204.0,CC(C)C1C(O)=NC2=CC=CC=C2N1C(=O)NC(CC1=CC=CC=C1)C(=O)N1CCC(C(=O)O)CC1,0.884681761264801,1,0.9999946355819702,1,0.4615961538461539,0
CNP0372133.1,COC(=O)C[C@](C)(O)CC(=O)O,0.8841069340705872,1,0.991218626499176,1,0.3295405960526928,0
CNP0372133.2,COC(=O)C[C@@](C)(O)CC(=O)O,0.8841069340705872,1,0.991218626499176,1,0.3295405960526928,0
CNP0311175.2,CC(C)(O)CCC(=O)[C@@](C)(O)[C@H]1CC[C@@]2(O)C3=CC(=O)[C@@H]4C[C@@H](O)[C@@H](O)C[C@]4(C)[C@H]3CC[C@]12C,0.8833614587783813,1,0.9977438449859619,1,0.3868702571937866,0
CNP0311175.1,CC(C)(O)CCC(=O)[C@](C)(O)[C@H]1CC[C@@]2(O)C3=CC(=O)[C@@H]4C[C@@H](O)[C@@H](O)C[C@]4(C)[C@H]3CC[C@]12C,0.8833614587783813,1,0.9977438449859619,1,0.3868702571937866,0
CNP0596833.1,CC(C)CC1=CC=C([C@@H](C)C(=O)NS(C)(=O)=O)C=C1,0.8833398818969727,1,0.9981302618980408,1,0.3946536796536797,0
CNP0081780.0,O=C(CC1=CNC2=CC(O)=CC=C12)NC(CC1=CC=CC=C1)C(=O)O,0.8831959962844849,1,0.9988190531730652,1,0.6295137844611527,1
CNP0169139.0,CCC(C)(CCC(C)C)C(=O)O,0.8828060030937195,1,0.996359646320343,1,0.2841991048167518,0
CNP0579687.1,COC1=CC=C2C(=C1CC(O)C(C)(C)O)O[C@H]1C3=CC=C(O)C=C3OC[C@@H]21,0.8826968669891357,1,0.9999632835388184,1,0.4080711233211233,0
CNP0279109.1,CCCCN1CC(=O)N2CC(C3=CC=CC=C3OC)C3=C(NC4=CC=CC=C34)[C@@]2(C)C1=O,0.8824788331985474,1,0.9946698546409607,1,0.4555746753246755,0
CNP0055222.4,C[C@H](C1CC1)[C@](O)(CN1C=NC=N1)C1=CC=C(Cl)C=C1,0.8820284008979797,1,0.999256432056427,1,0.3339410825334516,0
CNP0055222.2,C[C@H](C1CC1)[C@@](O)(CN1C=NC=N1)C1=CC=C(Cl)C=C1,0.8820284008979797,1,0.999256432056427,1,0.3339410825334516,0
CNP0055222.3,C[C@@H](C1CC1)[C@](O)(CN1C=NC=N1)C1=CC=C(Cl)C=C1,0.8820284008979797,1,0.999256432056427,1,0.3339410825334516,0
CNP0055222.1,C[C@@H](C1CC1)[C@@](O)(CN1C=NC=N1)C1=CC=C(Cl)C=C1,0.8820284008979797,1,0.999256432056427,1,0.3339410825334516,0
CNP0155028.0,CC1(C)CCCC1C1=CC=C(C(=O)O)CC1,0.8816853165626526,1,0.9794618487358093,1,0.2488738328664799,0
CNP0254991.1,N#CC[C@H](N)C(=O)O,0.881630539894104,1,0.9872254729270935,1,0.2827398989898989,0
CNP0254991.2,N#CC[C@@H](N)C(=O)O,0.881630539894104,1,0.9872254729270935,1,0.2827398989898989,0
CNP0591076.1,O=C(O)C1=C2C(O)=NCCC2=CN1[C@@H]1O[C@H](CO)[C@@H](O)[C@H]1O,0.881507396697998,1,0.3125241696834564,0,0.392978143799064,0
CNP0136705.1,CC(CC[C@]1(C)C2=CC(=O)CC(C)(C)[C@H]2CC[C@@H]1C)CC(=O)OC[C@H](O)CO,0.8813011050224304,1,0.9999927282333374,1,0.3629289321789322,0
CNP0126382.1,COCC(=O)N[C@H](C)C1=C(C(=O)O)C(C)=NO1,0.8811802864074707,1,0.9999992847442627,1,0.4025311893988363,0
CNP0541557.0,CC1=CC=CC=C1N1CC(=O)C(C2=NC(O)=C3C=CC=CC3=N2)=C1N,0.8811205625534058,1,0.002288591582328081,0,0.2933264415323239,0
CNP0215727.0,COC1=C2CN(C)CCC2=C(S(=O)(=O)N2CCN(C(C)=O)CC2)C2=C1OCO2,0.8810535073280334,1,0.999976634979248,1,0.4562578119280248,0
CNP0125437.0,CC1CC2OC(=O)C3=CCCC(C1(C)CCC1=CC(=O)OC1O)C32C,0.8809922337532043,1,0.9908590912818909,1,0.3864803904257992,0
CNP0555027.0,CCCC1=CC=C(S(=O)(=O)N2CCC3(CC2)NCCN=C3NCC2=CC=CC(OC)=C2)C=C1,0.8801550269126892,1,0.9812536835670471,1,0.4033330745341614,0
CNP0085923.0,CCC(C)CCCC(=O)O,0.8799424767494202,1,0.9999856948852539,1,0.235824645942293,0
CNP0541573.0,CC1=CC(=O)C(O)=C(C2(CC(=O)NCC(O)C3=CC=C(O)C=C3)CCCCC2)O1,0.8796813488006592,1,0.9999908208847046,1,0.4552340966051492,0
CNP0171214.1,CC(C)CC[C@@H](O)[C@](C)(O)[C@H]1CC[C@@]2(O)C3=CC(=O)C4=C[C@H](O)[C@@H](O)C[C@]4(C)[C@H]3CC[C@]12C,0.8794938325881958,1,0.9988548755645752,1,0.299808929632459,0
CNP0560753.1,C[C@H](O)[C@H](CCC1=CC=CC2=C1OC(C1=CC=C(Cl)C=C1)=N2)N1C=NC(C(N)=O)=C1,0.8792042136192322,1,0.9983885288238525,1,0.4263430402930404,0
CNP0210937.0,O=C(O)C1=CC=C(CC2=CC=C(O)C=C2)C=N1,0.8791788220405579,1,0.6774597764015198,1,0.3590706540191835,0
CNP0473233.7,C[C@H]1C[C@H](O)[C@]2(C)C(C(=O)O)=CCC[C@H]2[C@@]1(C)CCC1=CCNC1=O,0.8790086507797241,1,0.9908265471458435,1,0.4093534340488428,0
CNP0473233.4,C[C@@H]1C[C@@H](O)[C@]2(C)C(C(=O)O)=CCC[C@H]2[C@@]1(C)CCC1=CCNC1=O,0.8790086507797241,1,0.9908265471458435,1,0.4093534340488428,0
CNP0473233.3,C[C@@H]1C[C@H](O)[C@@]2(C)C(C(=O)O)=CCC[C@@H]2[C@@]1(C)CCC1=CCNC1=O,0.8790086507797241,1,0.9908265471458435,1,0.4093534340488428,0
CNP0473233.2,C[C@H]1C[C@@H](O)[C@@]2(C)C(C(=O)O)=CCC[C@@H]2[C@@]1(C)CCC1=CCNC1=O,0.8790086507797241,1,0.9908265471458435,1,0.4093534340488428,0
CNP0473233.8,C[C@H]1C[C@H](O)[C@@]2(C)C(C(=O)O)=CCC[C@@H]2[C@@]1(C)CCC1=CCNC1=O,0.8790086507797241,1,0.9908265471458435,1,0.4093534340488428,0
CNP0473233.6,C[C@@H]1C[C@H](O)[C@]2(C)C(C(=O)O)=CCC[C@H]2[C@@]1(C)CCC1=CCNC1=O,0.8790086507797241,1,0.9908265471458435,1,0.4093534340488428,0
CNP0473233.5,C[C@H]1C[C@@H](O)[C@]2(C)C(C(=O)O)=CCC[C@H]2[C@@]1(C)CCC1=CCNC1=O,0.8790086507797241,1,0.9908265471458435,1,0.4093534340488428,0
CNP0473233.1,C[C@@H]1C[C@@H](O)[C@@]2(C)C(C(=O)O)=CCC[C@@H]2[C@@]1(C)CCC1=CCNC1=O,0.8790086507797241,1,0.9908265471458435,1,0.4093534340488428,0
CNP0138850.1,CCC(C)[C@H](NC(=O)C1=C[C@H](CC)C[C@@H]2C(=O)CC[C@H]12)C(=O)O,0.8787745833396912,1,0.9999756813049316,1,0.3740359346535817,0
CNP0138850.2,CC[C@H]1C=C(C(=O)N[C@H](C(=O)O)[C@@H](C)CC)[C@H]2CCC(=O)[C@H]2C1,0.8787745833396912,1,0.9999756813049316,1,0.3740359346535817,0
CNP0138850.4,CC[C@H]1C=C(C(=O)N[C@@H](C(=O)O)[C@H](C)CC)[C@H]2CCC(=O)[C@H]2C1,0.8787745833396912,1,0.9999756813049316,1,0.3740359346535817,0
CNP0138850.5,CC[C@H]1C=C(C(=O)N[C@@H](C(=O)O)[C@@H](C)CC)[C@H]2CCC(=O)[C@H]2C1,0.8787745833396912,1,0.9999756813049316,1,0.3740359346535817,0
CNP0138850.3,CC[C@H]1C=C(C(=O)N[C@H](C(=O)O)[C@H](C)CC)[C@H]2CCC(=O)[C@H]2C1,0.8787745833396912,1,0.9999756813049316,1,0.3740359346535817,0
CNP0564169.1,CSC[C@H]1O[C@@H](N2C=CC3=C(N)N=CN=C32)[C@H](O)[C@@H]1O,0.8786756992340088,1,0.0847337543964386,0,0.4583547587378647,0
CNP0399800.0,CCOC(=O)CC(C1=CC=C(OC)C(OC)=C1)C1=C(O)C2=CC=CC=C2NC1=O,0.8785504698753357,1,0.9306585192680359,1,0.3869007936507937,0
CNP0128878.1,NC1=NC(=O)C([C@H](O)C2=CC=C(O)C=C2)N1,0.8783930540084839,1,0.9939271807670593,1,0.3347989771666242,0
CNP0501589.1,CC1=CC=CC(NC(=O)[C@@H]2SC3=NN=C(C4=CC=CC=C4)N3NC23CCCCC3)=C1,0.8783386945724487,1,0.9990729093551636,1,0.3805855909323651,0
CNP0501589.2,CC1=CC=CC(NC(=O)[C@H]2SC3=NN=C(C4=CC=CC=C4)N3NC23CCCCC3)=C1,0.8783386945724487,1,0.9990729093551636,1,0.3805855909323651,0
CNP0436359.1,CC1=CC([C@H]2[C@@H](C(C)C)CC[C@@]2(C)CC(=O)O)=C(C#N)C(O)=C1Br,0.8782102465629578,1,0.9781641960144043,1,0.2848901262136556,0
CNP0338356.2,CC[C@H]1C(=O)N2C(C(=O)O)=C(S/C=C/NC(C)=O)C[C@@H]12,0.8780401945114136,1,0.006965011823922396,0,0.3689000112319886,0
CNP0338356.1,CC[C@H]1C(=O)N2C(C(=O)O)=C(S/C=C/NC(C)=O)C[C@H]12,0.8780401945114136,1,0.006965011823922396,0,0.3689000112319886,0
CNP0563198.1,COC[C@@H]1C[C@H](N2C=C(NS(C)(=O)=O)C=N2)CN1C(C)C,0.8779978156089783,1,0.9999978542327881,1,0.4770302431154846,0
CNP0286165.1,CC[C@H](CCC(=O)NC1=CC=CC(C(=O)O)=C1)C(=O)O,0.8779963254928589,1,0.9959782361984253,1,0.3250446775446775,0
CNP0286165.2,CC[C@@H](CCC(=O)NC1=CC=CC(C(=O)O)=C1)C(=O)O,0.8779963254928589,1,0.9959782361984253,1,0.3250446775446775,0
CNP0356927.1,CC[C@@H](C)[C@H](NC(C)=O)C(=O)N(C)[C@H](CC1=CC=CC=C1)C(=O)N[C@@H](CC(C)C)C(=O)O,0.8777969479560852,1,0.9999830722808838,1,0.5457961760461761,1
CNP0437917.1,CSCC[C@H](NC(=O)[C@@H](N)[C@@H](C)O)C(=O)O,0.8774115443229675,1,0.9998996257781982,1,0.3892897089525688,0
CNP0173157.1,CC(=O)OC[C@](C)(O)[C@@H]1CC[C@H](C)[C@@H]2CCC(=O)[C@@]2(C)C1,0.8773341774940491,1,0.9953976273536682,1,0.3583076351752822,0
CNP0228031.2,C[C@]12CCC=CC1=CC[C@@H]1[C@@H]2CC[C@]2(C)[C@@H](C3=CC(=O)OC3)CC[C@]12O,0.877290666103363,1,0.2839524745941162,0,0.4136365361691448,0
CNP0228031.1,C[C@@]12CC[C@H]3[C@@H](CC=C4C=CCC[C@]43C)[C@]1(O)CC[C@H]2C1=CC(=O)OC1,0.877290666103363,1,0.2839524745941162,0,0.4136365361691448,0
CNP0359665.1,CC1=CC[C@@]2(C)C(=C1)[C@H](C(C)C)C[C@H]2C,0.877033531665802,1,0.9999810457229614,1,0.2865627705627705,0
CNP0525585.0,CC(C)C1=CC=C(S(=O)(=O)N2CCC3(CC2)NCCN=C3NCC2=CC=CC=C2)C=C1,0.8770145177841187,1,0.9979668259620667,1,0.4412650730911601,0
CNP0559406.1,COCCN1C(=O)CC[C@H]1C1=NC(CNS(=O)(=O)C2=CC=CC=C2)=NO1,0.8765968084335327,1,0.13400352001190186,0,0.3450370879120878,0
CNP0120604.0,CCCCC1=C(C)N=C(NC(=O)NS(=O)(=O)C2=CC=CC=C2C)N=C1Cl,0.8763887286186218,1,0.9993919134140015,1,0.3924355366855367,0
CNP0246381.2,CC1=C(C)C(=O)[C@@](C)(C2=C(O)[C@@H]([C@H](O)C3=CC=CC=C3)NC2=O)C1,0.8761677742004395,1,0.9860702157020569,1,0.3257559523809524,0
CNP0246381.1,CC1=C(C)C(=O)C(C)(C2=C(O)[C@@H]([C@H](O)C3=CC=CC=C3)NC2=O)C1,0.8761677742004395,1,0.9860702157020569,1,0.3257559523809524,0
CNP0585696.1,COC(=O)[C@H](CC1=CNC2=CC=CC=C12)NC(=O)C1=C(C)OC(C2=CC=C(OC)C(OC)=C2)=C1,0.8761661052703857,1,0.9999845027923584,1,0.5402491211402977,1
CNP0585696.2,COC(=O)[C@@H](CC1=CNC2=CC=CC=C12)NC(=O)C1=C(C)OC(C2=CC=C(OC)C(OC)=C2)=C1,0.8761661052703857,1,0.9999845027923584,1,0.5402491211402977,1
CNP0338854.1,COC1=CC(O)=C(C(C)=O)C2=C1C[C@@H](C(C)(C)O)O2,0.875882625579834,1,0.9999586343765259,1,0.3732226974521866,0
CNP0600718.1,CC1=C(S(=O)(=O)N2CCN3CC(=O)NC4=CC(C(C)C)=CC=C4OC[C@@H]3C2)C=NO1,0.8758425712585449,1,0.9958521127700806,1,0.4253689011055919,0
CNP0443344.1,[2H][C@H](C1=CC=CC(O)=C1)[C@@]([2H])(NC(C)=O)C(=O)OC,0.8756855726242065,1,0.9992685914039612,1,0.351965367965368,0
CNP0084871.1,CCCC[C@H](CC)COC(C)=O,0.8750543594360352,1,0.9999881982803345,1,0.3435790553260127,0
CNP0529342.2,COC1=CC=CC=C1NC(=O)[C@H]1SC2=NN=C(C3=CC=CC=C3)N2NC12CCCC2,0.8749987483024597,1,0.026234328746795654,0,0.343350233100233,0
CNP0529342.1,COC1=CC=CC=C1NC(=O)[C@@H]1SC2=NN=C(C3=CC=CC=C3)N2NC12CCCC2,0.8749987483024597,1,0.026234328746795654,0,0.343350233100233,0
CNP0428484.1,CC(C)CC[C@@H](O)[C@](C)(O)[C@H]1CC[C@H]2C3=CC(=O)[C@@H]4C[C@@H](O)[C@@H](O)C[C@]4(C)[C@H]3CC[C@]12C,0.8748424649238586,1,0.9996579885482788,1,0.3864846150581444,0
CNP0202201.1,COC(=O)[C@@H](CC1=CC=CC=C1)NC(=O)NC1=CC=C2OCOC2=C1,0.8747232556343079,1,0.9999709129333496,1,0.5469826067652156,1
CNP0145155.1,COC1=CC(C2=N[C@H]([C@@H]3SC[C@H]4[C@@H]5SC[C@](C)(C(=O)N43)N5C)CS2)=C(O)C2=CC=CC=C12,0.874480664730072,1,0.9930576086044312,1,0.4124423603216706,0
CNP0324930.0,COC1=C2CN(C)CCC2=C(S(=O)(=O)NCCN2CCOCC2)C2=C1OCO2,0.8743442296981812,1,0.999975323677063,1,0.3602667919605259,0
CNP0346929.0,NC(CC(=O)O)C(=O)NC(CC1=CC=C(O)C=C1)C(=O)O,0.8736531734466553,1,0.9853382110595703,1,0.4974890385672119,0
CNP0230994.0,CCOC(=O)C(O)C(O)(CC1=CC=C(O)C=C1)C(=O)O,0.8736165761947632,1,0.9999872446060181,1,0.4554477363022254,0
CNP0238337.1,CC1=NC(N)=C2N=CN([C@@H]3O[C@H](CO)[C@@H](O)[C@H]3O)C2=N1,0.8734948039054871,1,0.7449479699134827,1,0.4363278295995465,0
CNP0238337.2,CC1=NC(N)=C2N=CN([C@H]3O[C@H](CO)[C@@H](O)[C@@H]3O)C2=N1,0.8734948039054871,1,0.7449479699134827,1,0.4363278295995465,0
CNP0499654.0,CCCC(C(=O)O)C(C)C,0.8733311891555786,1,0.9999287128448486,1,0.3219105644097905,0
CNP0404610.0,COC1=CC(C2=C3C=NNC3=NC3=C2OC2=CC(O)=CC=C23)=CC2=C1OCO2,0.8732715249061584,1,0.9999539852142334,1,0.3494397193353715,0
CNP0301704.1,COC1=C2C[C@@H](C(C)(C)O)OC2=CC(O)=C1C(C)=O,0.8732693791389465,1,0.9999850988388062,1,0.3613206582633053,0
CNP0283192.1,OC[C@H]1O[C@@H](N2C=NC3=CC(Cl)=C(Cl)C=C32)[C@H](O)[C@@H]1O,0.8731147646903992,1,0.9934566617012024,1,0.4546138759591223,0
CNP0299462.2,COC1=C2C[C@H](C(C)(C)O)OC2=NC2=C(OC)C=CC=C12,0.8730636835098267,1,0.9996156692504883,1,0.3411783577533577,0
CNP0299462.1,COC1=C2C[C@@H](C(C)(C)O)OC2=NC2=C(OC)C=CC=C12,0.8730636835098267,1,0.9996156692504883,1,0.3411783577533577,0
CNP0199141.1,COC1=C([C@H](C)CO)C=C(O)C2=C1CC[C@H]1C(C)=C(C(=O)O)CC[C@]21C,0.8727224469184875,1,0.9999184608459473,1,0.320704837972485,0
CNP0454719.3,CO[C@H]1O[C@H](OC)[C@@](O)(CC[C@@]2(C)[C@H](C)CC[C@@]3(C)C(C(=O)O)=CCC[C@H]23)[C@H]1O,0.8726884126663208,1,0.9999481439590454,1,0.4192971139971139,0
CNP0454719.1,CO[C@H]1O[C@@H](OC)[C@@](O)(CC[C@@]2(C)[C@H](C)CC[C@@]3(C)C(C(=O)O)=CCC[C@H]23)[C@H]1O,0.8726884126663208,1,0.9999481439590454,1,0.4192971139971139,0
CNP0454719.4,CO[C@H]1O[C@H](OC)[C@](O)(CC[C@@]2(C)[C@H](C)CC[C@@]3(C)C(C(=O)O)=CCC[C@H]23)[C@H]1O,0.8726884126663208,1,0.9999481439590454,1,0.4192971139971139,0
CNP0454719.2,CO[C@H]1O[C@@H](OC)[C@](O)(CC[C@@]2(C)[C@H](C)CC[C@@]3(C)C(C(=O)O)=CCC[C@H]23)[C@H]1O,0.8726884126663208,1,0.9999481439590454,1,0.4192971139971139,0
CNP0414601.0,COC1=CC=C(C(CC(=O)NC(CC2=CC=CC=C2)C2=NC=NN2)C2=C(O)C(=O)C=C(C)O2)C=C1,0.8726056218147278,1,0.9999992847442627,1,0.5288962262375304,1
CNP0256407.0,COC1=CC(O)=C(C(=O)O)C(C2CC(=O)OC2(C)CC(=O)O)=C1,0.8725831508636475,1,0.9990793466567993,1,0.4279269480519481,0
CNP0152284.0,CC1(C)CCC2=C(C=CC(C(O)CC(=O)C3=CC4=C(C=C3O)OC(C(C)(C)O)C4)=C2O)O1,0.872528612613678,1,0.9999920129776001,1,0.3347729143405614,0
CNP0461352.2,CC[C@H](C)C[C@@H](C)C[C@H](C)/C=C(/C)C1=CC(=O)C(O)(CC)O1,0.8723781704902649,1,0.9997920393943787,1,0.2960289504229482,0
CNP0461352.1,CC[C@H](C)C[C@@H](C)C[C@H](C)/C=C(\C)C1=CC(=O)C(O)(CC)O1,0.8723781704902649,1,0.9997920393943787,1,0.2960289504229482,0
CNP0124863.0,COC1=C(C)C2=C(C(=O)OC2)C(O)=C1CC(O)C(C)(O)C(O)CC(=O)O,0.8723670840263367,1,0.9999436140060425,1,0.3014746753246753,0
CNP0295957.1,CCCC[C@@H](CC)C(=O)OC,0.8721982836723328,1,0.9999033212661743,1,0.4179231862908334,0
CNP0060855.0,COC(=O)C(CC1=CC=CC=C1)(CC1=CC=CC=C1)S(=O)(=O)C1=CC=CC=C1,0.8721649646759033,1,0.9830656051635742,1,0.3713362383230804,0
CNP0083830.1,CC(C)CC(=O)N[C@@H](C)C(=O)O,0.8721009492874146,1,0.9998704195022583,1,0.3632646797646797,0
CNP0412197.0,COC1=CC(C(CC(=O)NC2CCS(=O)(=O)C2)C2=C(O)C(=O)C=C(C)O2)=CC=C1O,0.8716645240783691,1,0.9999983310699463,1,0.3495804603892839,0
CNP0440901.2,COCC(=O)NC1=NC=NC=C1C1=NOC([C@@H]2CCCN2CC2=CC=C(C(=O)O)C=C2)=N1,0.8714268207550049,1,0.9999854564666748,1,0.4649860417360418,0
CNP0440901.1,COCC(=O)NC1=NC=NC=C1C1=NOC([C@H]2CCCN2CC2=CC=C(C(=O)O)C=C2)=N1,0.8714268207550049,1,0.9999854564666748,1,0.4649860417360418,0
CNP0510910.0,CN1C=NC(S(=O)(=O)N2CC3(CC(=O)N(CC4=CC=CC=C4)O3)C2)=C1,0.8712671399116516,1,0.5331946015357971,1,0.3967377181641888,0
CNP0179194.2,CCCC[C@@]12[C@@H]3C[C@H]4[C@@H]([C@H](C)/C=C5/OC(=O)C(C)=C5OC)[C@@](O)(O3)[C@@H]1CCN42,0.871203601360321,1,0.9992532134056091,1,0.3068414502164502,0
CNP0179194.1,CCCC[C@@]12[C@@H]3C[C@H]4[C@@H]([C@H](C)/C=C5\OC(=O)C(C)=C5OC)[C@@](O)(O3)[C@@H]1CCN42,0.871203601360321,1,0.9992532134056091,1,0.3068414502164502,0
CNP0015092.1,CCN(CC)C(=O)[C@@H]1CCC[C@@H](NS(=O)(=O)C2=CC=CC=C2)CN(C)C(=O)C1,0.8711181282997131,1,0.9999935626983643,1,0.4353571706071705,0
CNP0155258.1,C[C@@]12CC[C@H]3OC(=O)C=C3[C@H]1CC[C@@]13C[C@@H](CC[C@H]12)[C@@](O)(CO[C@@H]1O[C@H](CO)[C@@H](O)[C@H](O)[C@H]1O)C3,0.8705759644508362,1,0.9999992847442627,1,0.3481487438302206,0
CNP0235069.3,CC[C@H](C)[C@H](NC(=O)OC(C)(C)C)C(=O)N1CCC(C(=O)N(C)CC(=O)O)CC1,0.8705044984817505,1,0.9999995231628418,1,0.4147013248189719,0
CNP0235069.1,CCC(C)[C@H](NC(=O)OC(C)(C)C)C(=O)N1CCC(C(=O)N(C)CC(=O)O)CC1,0.8705044984817505,1,0.9999995231628418,1,0.4147013248189719,0
CNP0235069.2,CC[C@@H](C)[C@H](NC(=O)OC(C)(C)C)C(=O)N1CCC(C(=O)N(C)CC(=O)O)CC1,0.8705044984817505,1,0.9999995231628418,1,0.4147013248189719,0
CNP0361667.0,O=C1OC(C2=CC=CC=C2)=NC2=C1C1(CCCC1)CC1=CC=CC=C12,0.8703349232673645,1,0.18504561483860016,0,0.3563739177489177,0
CNP0428591.1,C[C@@H]1CC[C@]2(C)[C@H](CCCC2(C)C)[C@@]1(C)CCC1=CC(=O)OC1O,0.8700433373451233,1,0.09676522761583328,0,0.3373428282244071,0
CNP0087097.2,COC(=O)C[C@@](O)(CC(=O)O)C(=O)OC,0.8697192072868347,1,0.9982518553733826,1,0.2837202380952381,0
CNP0087097.1,COC(=O)C[C@](O)(CC(=O)O)C(=O)OC,0.8697192072868347,1,0.9982518553733826,1,0.2837202380952381,0
CNP0386728.1,CC[C@@H](C)[C@H](NC(=O)C1=CC=C2C(=C1)C=CN2C)C(=O)O,0.8695367574691772,1,0.9987661838531494,1,0.3999259612936084,0
CNP0144997.0,COC(=O)C(CC1=CNC2=CC=CC=C12)NC(=O)C(CCSC)NC(=O)OCC1=CC=CC=C1,0.8693146109580994,1,0.9999997615814209,1,0.5154337332289459,1
CNP0321471.1,C[C@H]1CCC[C@]2(CCCCCO2)O1,0.8690122365951538,1,0.9994009733200073,1,0.3369060645237116,0
CNP0521539.0,CC1=C(C(=O)NCC2=CC=CC(Cl)=C2)C2(CCCCCC2)OC1=O,0.8689402341842651,1,0.9999673366546631,1,0.4233181818181818,0
CNP0593149.1,COCCN1C(=O)CC[C@H]1C1=NC(CNS(=O)(=O)C2=C(C)ON=C2C)=NO1,0.8683369159698486,1,0.9898889660835266,1,0.3633870325411022,0
CNP0031905.2,C[C@@H](OCC1=CC=CC=C1)[C@H](NC(=O)OC(C)(C)C)C(=O)O,0.8681400418281555,1,0.9982311129570007,1,0.4046160506160505,0
CNP0031905.1,C[C@H](OCC1=CC=CC=C1)[C@@H](NC(=O)OC(C)(C)C)C(=O)O,0.8681400418281555,1,0.9982311129570007,1,0.4046160506160505,0
CNP0310866.0,COC1=CC(CNC2=NC(SC)=NC3=C(C4=CC=CC(Cl)=C4)C=NN23)=CC(OC)=C1OC,0.8680028915405273,1,0.9019471406936646,1,0.5068744588744589,1
CNP0071655.1,CCCC1=CC2=C(CO1)C(=O)[C@@](C)(O)C(OC(=O)C1=C(C)C=C(O)C=C1OC)C2,0.8679905533790588,1,0.9999992847442627,1,0.3222837619896443,0
CNP0501483.1,OC[C@H]1O[C@@H](N2C=NC3=C2N=CNC[C@H]3O)[C@H](O)[C@@H]1O,0.8678939342498779,1,0.9969407916069031,1,0.4881796110885794,0
CNP0359895.1,CCCS(=O)(=O)NC1=C2[C@@H]3C[C@@H](CN(S(=O)(=O)C4=CC=C(OC)C=C4)C3)CN2C(=O)C=C1,0.8677589297294617,1,0.9836852550506592,1,0.4055737040737039,0
CNP0395093.2,COC(=O)[C@H]1CCCN1C(=O)[C@@H]1C[C@@H](NS(=O)(=O)C2=CN(C)C=N2)CCN1C(=O)C1=CC=CO1,0.8675225377082825,1,0.9892781972885132,1,0.5413860014642748,1
CNP0395093.1,COC(=O)[C@H]1CCCN1C(=O)[C@@H]1C[C@H](NS(=O)(=O)C2=CN(C)C=N2)CCN1C(=O)C1=CC=CO1,0.8675225377082825,1,0.9892781972885132,1,0.5413860014642748,1
CNP0266358.1,N[C@H](C(=O)O)[C@H](N)C(=O)O,0.867310643196106,1,0.7395966649055481,1,0.2851190737367207,0
CNP0174478.1,C[C@H]1CC2=C3C1=C[C@@]1(C)C[C@H](O)[C@](C)(C[C@H](O)[C@H](O)[C@@](C)(O)CO)[C@H]1[C@@H]3CC/C2=C\Cl,0.8672894835472107,1,0.9996575117111206,1,0.3595753968253968,0
CNP0008966.2,COC(=O)[C@@H](NS(=O)(=O)C1=CC=C2C=CC=CC2=C1)[C@H](O)C1=CC=CC=C1,0.8671382665634155,1,0.6932269930839539,1,0.3929180541680541,0
CNP0008966.1,COC(=O)[C@H](NS(=O)(=O)C1=CC=C2C=CC=CC2=C1)[C@@H](O)C1=CC=CC=C1,0.8671382665634155,1,0.6932269930839539,1,0.3929180541680541,0
CNP0008966.3,COC(=O)[C@@H](NS(=O)(=O)C1=CC=C2C=CC=CC2=C1)[C@@H](O)C1=CC=CC=C1,0.8671382665634155,1,0.6932269930839539,1,0.3929180541680541,0
CNP0008966.4,COC(=O)[C@H](NS(=O)(=O)C1=CC=C2C=CC=CC2=C1)[C@H](O)C1=CC=CC=C1,0.8671382665634155,1,0.6932269930839539,1,0.3929180541680541,0
CNP0145271.1,CC(C)C[C@@](O)(C[C@H](N)C(=O)O)C(=O)O,0.8667473793029785,1,0.9999145269393921,1,0.3030611663749961,0
CNP0249394.0,CC(=CCCC(C)C)C1=CC=C(C(=O)O)C=C1O,0.8667454719543457,1,0.9995505213737488,1,0.2842381491057962,0
CNP0291082.0,COC1=CC2=C(NC(C(=O)N3CC4CC45C3=CC(=O)C3=C5C=C(C(C)=O)N3)=C2)C(OC)=C1OC,0.8658633828163147,1,0.9887425899505615,1,0.4047232195908667,0
CNP0134376.1,C[C@@H](N)C(=O)NCC(=O)N[C@@H](CC1=CC=C(O)C=C1)C(=O)O,0.8656589388847351,1,0.9924315214157104,1,0.4517341269841269,0
CNP0500724.0,COC1=CC=C(CCNC(=O)CN(CC2=CC=CC=C2)S(=O)(=O)C2=CC=CC=C2)C=C1OC,0.8652558922767639,1,0.9982326030731201,1,0.4301430334371511,0
CNP0161295.1,CC(C)CC[C@@H](O)[C@@H](C)[C@H]1CC[C@@]2(O)C3=CC(=O)[C@@H]4C[C@@H](O)[C@@H](O)C[C@]4(C)[C@H]3[C@H](O)C[C@]12C,0.8649619817733765,1,0.9999982118606567,1,0.3425802028940326,0
CNP0192100.4,CC1(C)[C@H]2CC[C@]1(C)[C@H](C(=O)O)C2,0.8649179339408875,1,0.9930849075317383,1,0.2680288000257573,0
CNP0192100.1,CC1(C)[C@@H]2CC[C@@]1(C)[C@H](C(=O)O)C2,0.8649179339408875,1,0.9930849075317383,1,0.2680288000257573,0
CNP0192100.3,CC1(C)[C@@H]2CC[C@@]1(C)[C@@H](C(=O)O)C2,0.8649179339408875,1,0.9930849075317383,1,0.2680288000257573,0
CNP0192100.2,CC1(C)[C@H]2CC[C@]1(C)[C@@H](C(=O)O)C2,0.8649179339408875,1,0.9930849075317383,1,0.2680288000257573,0
CNP0166357.1,CC(C)[C@H]1CC[C@H](C(=O)N[C@H](CC2=CC=CC=C2)C(=O)O[C@@H]2O[C@H](C(=O)O)[C@@H](O)[C@H](O)[C@H]2O)CC1,0.8648673892021179,1,0.9314916729927063,1,0.4873520831538749,0
CNP0321166.2,CC(CCCC(C)(C)O)[C@H]1CCC2C3=CC(=O)C4=C[C@H](O)[C@H](O)C[C@]4(C)C3CC[C@@]21C,0.8648524880409241,1,0.999998927116394,1,0.4250638430197254,0
CNP0321166.1,C[C@H](CCCC(C)(C)O)[C@H]1CC[C@H]2C3=CC(=O)C4=C[C@H](O)[C@H](O)C[C@]4(C)[C@H]3CC[C@]12C,0.8648524880409241,1,0.999998927116394,1,0.4250638430197254,0
CNP0263710.1,COC(=O)C[C@H](C)CC1=C(OC)C=C2C(=O)OCC2=C1O,0.8643319606781006,1,0.999988317489624,1,0.3177893217893218,0
CNP0522992.2,COC1=CC=CC=C1CNC(=O)[C@@H]1CN(S(=O)(=O)C2=CC=CN=C2)CC12CCCCC2,0.863975465297699,1,0.974901020526886,1,0.3105172099142687,0
CNP0522992.1,COC1=CC=CC=C1CNC(=O)[C@H]1CN(S(=O)(=O)C2=CC=CN=C2)CC12CCCCC2,0.863975465297699,1,0.974901020526886,1,0.3105172099142687,0
CNP0088502.1,C=C1C=C2[C@@]3(CCC[C@H]3CO)CC[C@H](C)[C@@]2(C)[C@H]2[C@@H]1C2(C)C,0.8639244437217712,1,0.9961704611778259,1,0.2931269286269286,0
CNP0073144.2,C[C@@H]1CC[C@@]2(C)C(=CCC[C@H]2O)C=C1C(=O)O,0.8638169169425964,1,0.9993832111358643,1,0.3770619086795557,0
CNP0073144.3,C[C@H]1CC[C@@]2(C)C(=CCC[C@H]2O)C=C1C(=O)O,0.8638169169425964,1,0.9993832111358643,1,0.3770619086795557,0
CNP0073144.4,C[C@@H]1CC[C@]2(C)C(=CCC[C@H]2O)C=C1C(=O)O,0.8638169169425964,1,0.9993832111358643,1,0.3770619086795557,0
CNP0073144.1,C[C@H]1CC[C@]2(C)C(=CCC[C@H]2O)C=C1C(=O)O,0.8638169169425964,1,0.9993832111358643,1,0.3770619086795557,0
CNP0155032.1,CCCCN1C(=O)C2=CC=CC=C2N2C(=O)CC[C@@]12C(=O)NC1=CC(OC)=CC(OC)=C1,0.8635905981063843,1,0.9360352754592896,1,0.3248484848484848,0
CNP0090141.2,CO[C@]12C[C@]3(C)O[C@H](O1)[C@]1(CO)[C@@H]2CC13O[C@@H]1O[C@H](CO)[C@@H](O)[C@H](O)[C@H]1O,0.8633966445922852,1,0.9999713897705078,1,0.365267914269878,0
CNP0090141.1,COC12CC3(C)OC(O1)C1(CO)C2CC31O[C@@H]1O[C@H](CO)[C@@H](O)[C@H](O)[C@H]1O,0.8633966445922852,1,0.9999713897705078,1,0.365267914269878,0
CNP0230161.1,COC1=CC=C(S(=O)(=O)N[C@H]2C[C@@H](C3=NC(C4=CC=C5OCOC5=C4)=NO3)N(C)C2)C=C1,0.8626166582107544,1,0.9951139092445374,1,0.3406749447212779,0
CNP0099301.1,CNCC[C@@]1(C)[C@@H]2CC[C@@H](C)[C@]13CCC(C(=O)O)=C3C2,0.8621826767921448,1,0.9999198913574219,1,0.3279190515366986,0
CNP0083760.1,N[C@@H](CCC(=O)N[C@@H](CS/C(Cl)=C\Cl)C(=O)NCC(=O)O)C(=O)O,0.8620619177818298,1,0.49346527457237244,0,0.2964476632758366,0
CNP0056441.1,COC(=O)[C@@H]1CC2=C(CN1S(=O)(=O)C1=CC=C(NC(C)=O)C=C1)N(CC1=CC=C(OC)C=C1)C=N2,0.8619788885116577,1,0.9971844553947449,1,0.3951443474825827,0
CNP0139946.1,CC[C@H](C)[C@H](O)[C@@H](O)CC1=CC=CC=C1,0.8617677092552185,1,0.9999853372573853,1,0.4581302308802308,0
CNP0328405.0,COC1=C(C2=CC=C3C=C(NS(C)(=O)=O)C=CC3=C2)C=C(N2C=CC(=O)NC2=O)C=C1C(C)(C)C,0.8616695404052734,1,0.585984468460083,1,0.3328689643689643,0
CNP0245661.1,CC(C)C[C@H](NC(=O)C1=CC=CC=C1)C(=O)OC[C@H](CC1=CC=CC=C1)NC(=O)C1=CC=CC=C1,0.8614321351051331,1,0.9476978182792664,1,0.4401584833295359,0
CNP0513114.1,COC1=CC(C2=CC=CC=C2)=CC2=C1C[C@@H](C(C)(C)O)O2,0.8614040613174438,1,0.9965566396713257,1,0.3565025613275612,0
CNP0346581.2,COC(=O)[C@@H](CC1=CC=CN=C1)NC(=O)[C@@H]1CN(S(C)(=O)=O)CCN1S(C)(=O)=O,0.8612465858459473,1,0.9950240254402161,1,0.4374809357309356,0
CNP0346581.1,COC(=O)[C@@H](CC1=CC=CN=C1)NC(=O)[C@H]1CN(S(C)(=O)=O)CCN1S(C)(=O)=O,0.8612465858459473,1,0.9950240254402161,1,0.4374809357309356,0
CNP0238807.1,C[C@@H]1[C@H](O)C[C@@]2(C)C(C(=O)O)=CCC[C@@H]2[C@@]1(C)CCC1=C[C@@H](O)OC1=O,0.8611010313034058,1,0.9999734163284302,1,0.3312783882783882,0
CNP0496139.1,C[C@@]12CCCCC[C@@H](CC3=CC=C(O)C=C31)[C@@H]2N,0.8607665300369263,1,0.9998350143432617,1,0.4526967098464118,0
CNP0087611.1,CCCS(=O)(=O)N[C@H]1C[C@@H](C2=NC(C3=CC=C(C)C=C3)=NO2)N(C)C1,0.8602470755577087,1,0.9999926090240479,1,0.3277270821973284,0
CNP0528110.0,COC(=O)CC(O)CCCC(O)CC(C)O,0.8600340485572815,1,0.9999778270721436,1,0.3898920854559151,0
CNP0360566.1,O=C1NN=C(S[C@@H]2O[C@H](CO)[C@@H](O)[C@H]2O)C(=O)N1,0.860004186630249,1,0.9823026061058044,1,0.3944061101642162,0
CNP0558240.2,CC1=CC=C(S(=O)(=O)N[C@H](C(=O)NC[C@H]2CC[C@@H](C(=O)O)CC2)C(C)C)C=C1,0.8599452972412109,1,0.999942421913147,1,0.5580991920360343,1
CNP0558240.1,CC1=CC=C(S(=O)(=O)N[C@H](C(=O)NC[C@H]2CC[C@H](C(=O)O)CC2)C(C)C)C=C1,0.8599452972412109,1,0.999942421913147,1,0.5580991920360343,1
CNP0113485.1,CCCCN1C(=O)C2=CC=CC=C2C(C(=O)N[C@@H](C)C(=O)OC)C12CCCCC2,0.8598760962486267,1,0.9909839630126953,1,0.3101895052347179,0
CNP0114214.4,OC[C@@H]1O[C@H](N2C=NC3=C(NCC4=CC=CC=C4)N=CN=C32)[C@H](O)[C@@H]1O,0.8595679402351379,1,0.9848880767822266,1,0.449504519989814,0
CNP0114214.1,OC[C@H]1O[C@@H](N2C=NC3=C(NCC4=CC=CC=C4)N=CN=C32)[C@H](O)[C@@H]1O,0.8595679402351379,1,0.9848880767822266,1,0.449504519989814,0
CNP0114214.3,OC[C@@H]1O[C@H](N2C=NC3=C(NCC4=CC=CC=C4)N=CN=C32)[C@@H](O)[C@@H]1O,0.8595679402351379,1,0.9848880767822266,1,0.449504519989814,0
CNP0114214.6,OC[C@@H]1O[C@H](N2C=NC3=C(NCC4=CC=CC=C4)N=CN=C32)[C@@H](O)[C@H]1O,0.8595679402351379,1,0.9848880767822266,1,0.449504519989814,0
CNP0114214.7,OC[C@@H]1O[C@@H](N2C=NC3=C(NCC4=CC=CC=C4)N=CN=C32)[C@H](O)[C@@H]1O,0.8595679402351379,1,0.9848880767822266,1,0.449504519989814,0
CNP0114214.8,OC[C@@H]1O[C@H](N2C=NC3=C(NCC4=CC=CC=C4)N=CN=C32)[C@H](O)[C@H]1O,0.8595679402351379,1,0.9848880767822266,1,0.449504519989814,0
CNP0114214.5,OC[C@@H]1O[C@@H](N2C=NC3=C(NCC4=CC=CC=C4)N=CN=C32)[C@@H](O)[C@H]1O,0.8595679402351379,1,0.9848880767822266,1,0.449504519989814,0
CNP0114214.2,OC[C@@H]1O[C@@H](N2C=NC3=C(NCC4=CC=CC=C4)N=CN=C32)[C@@H](O)[C@@H]1O,0.8595679402351379,1,0.9848880767822266,1,0.449504519989814,0
CNP0172160.1,OC[C@H]1O[C@@H](N2C=NC3=C(NCC4=CC=CC=C4)N=CN=C32)[C@H](O)[C@@H](O)[C@@H]1O,0.8593426942825317,1,0.9848885536193848,1,0.4372317927170867,0
CNP0474790.3,CCC[C@@H](O)[C@@]1(C)CC[C@H](C(=O)O)C(C)(C)O1,0.8591046333312988,1,0.9996991157531738,1,0.3580378216554687,0
CNP0474790.2,CCC[C@H](O)[C@]1(C)CC[C@H](C(=O)O)C(C)(C)O1,0.8591046333312988,1,0.9996991157531738,1,0.3580378216554687,0
CNP0474790.1,CCC[C@H](O)[C@@]1(C)CC[C@H](C(=O)O)C(C)(C)O1,0.8591046333312988,1,0.9996991157531738,1,0.3580378216554687,0
CNP0474790.4,CCC[C@@H](O)[C@]1(C)CC[C@H](C(=O)O)C(C)(C)O1,0.8591046333312988,1,0.9996991157531738,1,0.3580378216554687,0
CNP0206632.1,C[C@@H]1CC[C@H](CC(=O)O)C1,0.8590583801269531,1,0.9980023503303528,1,0.3301983884278776,0
CNP0279847.1,CC(C)C1=C2[C@H]3C[C@@H](O)C(CO)=CC(=O)[C@]3(C)CC[C@@]2(C)C=C1,0.8590110540390015,1,0.9999983310699463,1,0.3888915641245276,0
CNP0279847.2,CC(C)C1=C2[C@H]3C[C@H](O)C(CO)=CC(=O)[C@]3(C)CC[C@]2(C)C=C1,0.8590110540390015,1,0.9999983310699463,1,0.3888915641245276,0
CNP0313771.1,C[C@H](CC[C@@]1(C)[C@H](C)CC[C@]2(C)[C@@H]1CCC[C@]2(O)CO)CC(=O)O,0.8583922982215881,1,0.9981471300125122,1,0.4074246031746031,0
CNP0257464.1,CC(C)(O)[C@@H]1CC[C@](C)([C@H]2[C@@H](O)C[C@@]3(C)[C@@H]4CC[C@H]5C(C)(C)[C@@H](O)CC[C@@]56C[C@@]46CC(=O)[C@]23C)O1,0.8581788539886475,1,0.9999916553497314,1,0.3226286397125406,0
CNP0333182.1,CC1=CC(Cl)=C(O)C2=C1OC1=C(C=C(Cl)N1[C@@H]1O[C@H](CO)[C@@H](O)[C@H](O)[C@H]1O)C2=O,0.8581308126449585,1,0.9535658955574036,1,0.3918580607043456,0
CNP0333182.2,CC1=CC(Cl)=C(O)C2=C1OC1=C(C=C(Cl)N1[C@H]1O[C@@H](CO)[C@H](O)[C@@H](O)[C@@H]1O)C2=O,0.8581308126449585,1,0.9535658955574036,1,0.3918580607043456,0
CNP0498865.1,COC1=CC=CC(S(=O)(=O)N2C[C@@H]3[C@H](OC)C(=O)N(CC4=CC=CC=C4)[C@@H]3C2)=C1,0.8580994009971619,1,0.3228428363800049,0,0.3848284950343773,0
CNP0209838.2,C[C@@]12O[C@H]3C[C@@H](O1)[C@]1(CO)[C@H]4[C@H](O)C[C@]5(C)[C@@H](C6=COC(=O)C=C6)CC[C@]5(O)[C@@H]4CC[C@@]1(C3)O2,0.8579468727111816,1,1.0,1,0.5149552773694651,1
CNP0209838.1,C[C@@]12O[C@H]3C[C@@H](O1)[C@@]1(CO)[C@H]4[C@H](O)C[C@]5(C)[C@@H](C6=COC(=O)C=C6)CC[C@]5(O)[C@@H]4CC[C@@]1(C3)O2,0.8579468727111816,1,1.0,1,0.5149552773694651,1
CNP0266394.1,COC1=CC(CN2CC(=O)N3CCC4=C(NC5=CC=CC=C45)[C@@]3(C)C2=O)=CC(OC)=C1OC,0.8577330708503723,1,0.9552963376045227,1,0.385908225108225,0
CNP0231317.2,COC(=O)C1=C[C@]23C[C@@H](C)CC[C@@H]2[C@@]2(C)C(=O)C[C@@H](C(C)C)[C@@](O)(O3)[C@@H]12,0.8575966954231262,1,0.999983549118042,1,0.4494397546897547,0
CNP0231317.3,COC(=O)C1=C[C@]23C[C@@H](C)CC[C@@H]2[C@@]2(C)C(=O)C[C@H](C(C)C)[C@@](O)(O3)[C@@H]12,0.8575966954231262,1,0.999983549118042,1,0.4494397546897547,0
CNP0231317.1,COC(=O)C1=C[C@@]23C[C@H](C)CC[C@H]2[C@]2(C)C(=O)C[C@@H](C(C)C)[C@@](O)(O3)[C@H]12,0.8575966954231262,1,0.999983549118042,1,0.4494397546897547,0
CNP0593468.1,COC[C@@H]1C[C@H](N2C=C(NS(C)(=O)=O)C=N2)CN1CC1=CC=CC(O)=C1,0.85727858543396,1,0.9999996423721313,1,0.4437192807192807,0
CNP0427146.0,CCC(O)CCC1=CC=C(C(=O)O)O1,0.857036828994751,1,0.9999594688415527,1,0.3561082662951084,0
CNP0347576.1,N[C@@H](CC1=CC=C(OC2=CC=C(O)C=C2)C=C1)C(=O)O,0.8570119738578796,1,0.397193044424057,0,0.4087524403700873,0
CNP0347576.2,N[C@H](CC1=CC=C(OC2=CC=C(O)C=C2)C=C1)C(=O)O,0.8570119738578796,1,0.397193044424057,0,0.4087524403700873,0
CNP0165797.4,COC1=C2C[C@@H]([C@](C)(O)CO)OC2=NC2=CC=CC=C12,0.8570093512535095,1,0.983507513999939,1,0.3493253968253967,0
CNP0165797.3,COC1=C2C[C@H]([C@](C)(O)CO)OC2=NC2=CC=CC=C12,0.8570093512535095,1,0.983507513999939,1,0.3493253968253967,0
CNP0165797.5,COC1=C2C[C@@H]([C@@](C)(O)CO)OC2=NC2=CC=CC=C12,0.8570093512535095,1,0.983507513999939,1,0.3493253968253967,0
CNP0165797.6,COC1=C2C[C@H]([C@@](C)(O)CO)OC2=NC2=CC=CC=C12,0.8570093512535095,1,0.983507513999939,1,0.3493253968253967,0
CNP0165797.1,COC1=C2CC([C@@](C)(O)CO)OC2=NC2=CC=CC=C12,0.8570093512535095,1,0.983507513999939,1,0.3493253968253967,0
CNP0165797.2,COC1=C2C[C@H](C(C)(O)CO)OC2=NC2=CC=CC=C12,0.8570093512535095,1,0.983507513999939,1,0.3493253968253967,0
CNP0547186.0,CCCC(C)CCCC(C)C,0.8570078611373901,1,0.9998602867126465,1,0.327959375248075,0
CNP0522673.1,CC(C)[C@H]1C(O)=C(C2=NS(=O)(=O)C3=CC=CC=C23)C(=O)N1CC1=CC=CC=C1,0.8567032814025879,1,0.1705198436975479,0,0.1819269798828622,0
CNP0368058.1,CN1C=CN=C1CN1C(=O)CO[C@H](C2=CC=C(NS(=O)(=O)C3=CC=CC=C3)C=C2)[C@H]1CO,0.8566539287567139,1,0.8965411186218262,1,0.338897297147297,0
CNP0045994.1,C[C@@]1(O)CCC[C@@H]2C3=C(C=C4OC(C5(O)CCCC5)=CC(=O)C4=C3OC3CCCC3)O[C@@H]21,0.8563821911811829,1,0.9999943971633911,1,0.4787072871572871,0
CNP0446684.1,CN1C[C@@H](NS(C)(=O)=O)C[C@H]1C1=NC(C2=CC=C(Cl)C=C2)=NO1,0.8562977910041809,1,0.9972394704818726,1,0.3419838515717448,0
CNP0420287.1,COC[C@H]1C[C@@]23C(=C1C(=O)O)C[C@@H](CC[C@H]2C)C3(C)C,0.8561883568763733,1,0.998023271560669,1,0.4246983971910444,0
CNP0052997.0,CNC1=NC(N)=C2N=CN(C3OC(CO)C(O)C3O)C2=N1,0.8558439016342163,1,0.6264710426330566,1,0.4324936187653356,0
CNP0335454.2,CC1=C(C(=O)O)N2C(=O)[C@@H](NC(=O)[C@@H](N)C3=CC=C(O)C=C3)[C@H]2SC1,0.8552307486534119,1,0.9103841185569763,1,0.315091295958943,0
CNP0335454.1,CC1=C(C(=O)O)N2C(=O)[C@@H](NC(=O)[C@H](N)C3=CC=C(O)C=C3)[C@H]2SC1,0.8552307486534119,1,0.9103841185569763,1,0.315091295958943,0
CNP0189191.0,CCCC1=C(Cl)C(OC)=CC(OC)=C1C(=O)O,0.8551685214042664,1,0.9977236390113831,1,0.3093904801081272,0
CNP0108505.0,CCOC1=CC=C(C2=NC(CSC3=NC4=C(N=CNC4=O)N3C)=C(C)O2)C=C1OC,0.8548173308372498,1,0.8716875314712524,1,0.4265145615822087,0
CNP0346934.1,C[C@@H]1[C@H]([C@@H](O)[C@@H](C)C(C)(C)O)O[C@H]2C[C@@]3(O)C4=CC(=O)[C@@H]5C[C@@H](O)CC[C@]5(C)[C@H]4CC[C@]3(C)[C@@H]12,0.854786217212677,1,0.9999527931213379,1,0.4306591840059582,0
CNP0348527.0,CCC(COC(=O)C1=CC(OC)=C(OC)C(OC)=C1)(NC)C1=CC=CC=C1,0.8547239899635315,1,0.9857036471366882,1,0.3748120327072453,0
CNP0563398.0,O=C(O)C1=CC=C(N=C2N=CN=C3NNC=C32)C=C1,0.8542690873146057,1,0.016370829194784164,0,0.252067417060064,0
CNP0476296.1,N[C@H](C1=CC=CC=C1)[C@@H](NS(=O)(=O)C1=CC=C(O)C=C1)C1=CC=CC=C1,0.8540244102478027,1,0.6777287721633911,1,0.360843906093906,0
CNP0476296.3,N[C@H](C1=CC=CC=C1)[C@H](NS(=O)(=O)C1=CC=C(O)C=C1)C1=CC=CC=C1,0.8540244102478027,1,0.6777287721633911,1,0.360843906093906,0
CNP0476296.2,N[C@@H](C1=CC=CC=C1)[C@@H](NS(=O)(=O)C1=CC=C(O)C=C1)C1=CC=CC=C1,0.8540244102478027,1,0.6777287721633911,1,0.360843906093906,0
CNP0476296.4,N[C@@H](C1=CC=CC=C1)[C@H](NS(=O)(=O)C1=CC=C(O)C=C1)C1=CC=CC=C1,0.8540244102478027,1,0.6777287721633911,1,0.360843906093906,0
CNP0064726.1,COC1=CC=CC(C2=CC=C3C(=O)N(C)[C@@H]4CN(S(=O)(=O)C5=CC=CC=C5)C[C@@H]4OC3=C2)=C1,0.8540101647377014,1,0.9331836700439453,1,0.3761097605674264,0
CNP0565942.1,CC[C@](O)(C[C@@H](C)[C@](C)(O)C(=O)O)C(=O)O,0.8539329767227173,1,0.9999841451644897,1,0.3080821661998132,0
CNP0540843.1,CC[C@H](C)[C@H](NC(=O)[C@@H](N)CCC(=O)O)C(=O)N[C@H](C(=O)O)C(C)C,0.8537495732307434,1,0.9999998807907104,1,0.4205278202189966,0
CNP0543951.1,CN(C)C1=NC(=O)C2=C(N1)N([C@@H]1O[C@H](CO)[C@@H](O)[C@H]1O)C=N2,0.8536737561225891,1,0.999765932559967,1,0.5206942490174366,1
CNP0599601.1,CC(=O)N[C@@](C)(C(=O)O)C1CC1,0.8535811305046082,1,0.9196542501449585,1,0.3912242324668796,0
CNP0599601.2,CC(=O)N[C@](C)(C(=O)O)C1CC1,0.8535811305046082,1,0.9196542501449585,1,0.3912242324668796,0
CNP0054695.1,N#CC1=CC=CC=C1S(=O)(=O)N[C@H]1CO[C@H]2[C@@H]1OC[C@H]2OC(=O)NC1CCCCC1,0.8533284664154053,1,0.7295709848403931,1,0.4945589557501322,0
CNP0130920.3,COC(=O)CCC1=CC=C2O[C@H](C(C)(C)O)CC2=C1O[C@@H]1O[C@H](CO)[C@@H](O)[C@H](O)[C@H]1O,0.8532525897026062,1,0.9999997615814209,1,0.3587327624989388,0
CNP0130920.1,COC(=O)CCC1=CC=C2OC(C(C)(C)O)CC2=C1O[C@@H]1O[C@H](CO)[C@@H](O)[C@H](O)[C@H]1O,0.8532525897026062,1,0.9999997615814209,1,0.3587327624989388,0
CNP0130920.2,COC(=O)CCC1=CC=C2O[C@@H](C(C)(C)O)CC2=C1O[C@@H]1O[C@H](CO)[C@@H](O)[C@H](O)[C@H]1O,0.8532525897026062,1,0.9999997615814209,1,0.3587327624989388,0
CNP0087996.1,CC[C@@]1(C)CC[C@H](C(C)(C)O)C[C@H]1C(C)C,0.8530260920524597,1,0.9999926090240479,1,0.3984641120317592,0
CNP0107765.1,CC1=C2C3=C(CC[C@]2(C)[C@@H]([C@H](C)O)C1)[C@@]1(C)[C@H](O)[C@@H](OC(=O)CC(C)C)[C@H](O)C(C)(C)[C@@H]1CC3,0.8528801202774048,1,1.0,1,0.3382757258052919,0
CNP0151343.1,C[C@H]1CC[C@@]23C[C@]2(C)CCC[C@@H]3[C@@]1(C)CCC1=CC(=O)OC1O,0.8524525761604309,1,0.8073535561561584,1,0.3626385586377846,0
CNP0151343.2,C[C@H]1CC[C@]23C[C@@]2(C)CCC[C@H]3[C@]1(C)CCC1=CC(=O)O[C@@H]1O,0.8524525761604309,1,0.8073535561561584,1,0.3626385586377846,0
CNP0492749.1,C[C@@](N)(C(=O)O)C1=CC=C(C(=O)O)C=C1,0.8523666262626648,1,0.03541555255651474,0,0.2324510334436805,0
CNP0526658.1,CC1=NOC(C)=C1S(=O)(=O)N1C[C@@H]2[C@H](OCC3CC3)C(=O)N(C)[C@@H]2C1,0.8523641228675842,1,0.9632066488265991,1,0.3910745528980823,0
CNP0549482.0,CSCCC1N=C(O)N(C(CC2=CC=C(O)C=C2)C(=O)O)C1=O,0.8511775135993958,1,0.9943344593048096,1,0.4857208905161033,0
CNP0332829.1,CO[C@@H](CC[C@H](C)[C@@H](OC(=O)C[C@@H](O)[C@@H](C)O)[C@@H](C)C(=O)O)C1=CC(O)=CC=C1Br,0.8507802486419678,1,0.9999980926513672,1,0.3801391647568119,0
CNP0332829.3,CO[C@H](CC[C@@H](C)[C@H](OC(=O)C[C@H](O)[C@H](C)O)[C@H](C)C(=O)O)C1=CC(O)=CC=C1Br,0.8507802486419678,1,0.9999980926513672,1,0.3801391647568119,0
CNP0332829.2,COC(CC[C@H](C)[C@@H](OC(=O)C[C@@H](O)[C@@H](C)O)[C@@H](C)C(=O)O)C1=CC(O)=CC=C1Br,0.8507802486419678,1,0.9999980926513672,1,0.3801391647568119,0
CNP0364718.1,O=C1NCC2=C1[C@@H](C1=CC=C(O)C=C1)NC1=CC=CC=C1N2,0.8503193855285645,1,0.002155718393623829,0,0.4145125413801885,0
CNP0364718.2,O=C1NCC2=C1[C@H](C1=CC=C(O)C=C1)NC1=CC=CC=C1N2,0.8503193855285645,1,0.002155718393623829,0,0.4145125413801885,0
CNP0005145.1,CS(=O)(=O)NC[C@H]1OC[C@@H](NCC2=CC=C(C(=O)O)C=C2)[C@@H]1O,0.8501538038253784,1,0.9985913634300232,1,0.4583627020038784,0
