mw,logp,n_hba,n_hbd,canonical_smiles,identifier,hybrid_pretrain_prob,hybrid_scratch_prob,hybrid_random_pretrain_prob,hybrid_random_scratch_prob,rf_prob,rank
491.5400000000004,4.872700000000004,7,4,COC1=C(O)C(CC2=CNC=C2)=C2OC(C3=CC=C(O)C=C3)=CC(=O)C2=C1OCCC1(O)CCCC1,CNP0440474.0,0.9989808201789856,1.0,0.8495928645133972,0.9998573064804077,0.42513527984344424,1
497.6730000000003,4.830300000000004,6,1,CCCC[C@H](C)C[C@@H](C)C(=O)N1CCC[C@H]1C(=O)O[C@@H](C(=O)O[C@H](C(=O)O)[C@@H](C)CC)[C@@H](C)CC,CNP0121132.3,1.0,1.0,0.9999984502792358,0.9999984502792358,0.51,2
364.82900000000006,3.2993000000000023,5,1,COC[C@H]1CCCN1C(=O)C1=C([C@H](C)O)ON=C1C1=CC=C(Cl)C=C1,CNP0192527.1,0.9999831914901733,1.0,0.9999983310699463,0.999990701675415,0.5963968048670183,3
384.48000000000036,3.7493000000000034,5,0,COCC(=O)N1C2=NC(C3=CC=CO3)=NN2C2(CCCCC2)[C@@H]2CCCC[C@@H]21,CNP0566079.1,0.9998476505279541,1.0,0.9615973830223083,0.9997925162315369,0.5890024208293111,4
474.6820000000003,4.612600000000005,5,3,CCCCC(=O)[C@@H](C)[C@H]1C[C@H](O)[C@@]2(C)C3=C(C(=O)C[C@]12C)[C@@]1(C)CC[C@H](O)C(C)(C)[C@@H]1C[C@@H]3O,CNP0597604.1,0.03725263848900795,1.0,0.0020819620694965124,0.9919576644897461,0.3992352543881745,5
414.5390000000002,3.0096000000000016,7,1,CC[C@@H](O)C[C@H]1CC[C@@H]([C@H](C)C(=O)O[C@@H](C)C[C@@H]2CC[C@H]([C@@H](C)C(=O)OC)O2)O1,CNP0575302.1,0.9997199177742004,1.0,0.9999226331710815,0.9985820055007935,0.46539016689219664,6
414.53900000000016,3.311300000000002,6,2,CC[C@@H](O)C[C@@H]1CC[C@H]([C@@H](C)C(=O)O[C@@H](CC)C[C@@H]2CC[C@H]([C@@H](C)C(=O)O)O2)O1,CNP0348395.6,0.9997996687889099,1.0,0.9999775886535645,0.9994999170303345,0.4620568335588633,7
490.7250000000005,4.484300000000004,5,4,C[C@H](C[C@H](O)[C@H](O)C(C)(C)O)[C@H]1[C@@H](O)C[C@@]2(C)[C@@H]3CC[C@H]4C(C)(C)C(=O)CC[C@@]45C[C@@]35CC[C@]12C,CNP0287040.1,0.9952757358551025,1.0,0.9981903433799744,0.9571301937103271,0.3566666666666667,8
414.53900000000016,3.311300000000002,6,2,CC[C@H](O)C[C@@H]1CC[C@@H]([C@@H](C)C(=O)O[C@@H](CC)C[C@@H]2CC[C@@H]([C@@H](C)C(=O)O)O2)O1,CNP0348395.3,0.9997996687889099,1.0,0.9999775886535645,0.9994999170303345,0.4620568335588633,9
412.4860000000002,2.8379000000000003,5,2,COC(=O)[C@@H](CC1=CC=CC=C1)NC(=O)[C@H](NC(=O)OCC1=CC=CC=C1)C(C)C,CNP0105105.4,0.999548614025116,1.0,0.9994107484817505,0.9998669624328613,0.5833333333333334,10
432.5130000000002,3.5308000000000024,7,2,CCOC(=O)C1=C/C(=C\CC(C)C)C2=C(OC)C3=C(O[C@H](C(C)(C)O)C3)C(CO)=C2O1,CNP0362524.1,0.9992665648460388,1.0,0.9992908239364624,0.9932625889778137,0.42393173852819827,11
356.46200000000016,3.8102000000000027,3,1,CC(C(=O)O)C1CCC2C3C=CC4=CC(=O)CC[C@]4(C)C3CC(=O)[C@]12C,CNP0334249.1,0.9989973902702332,1.0,0.9992934465408325,0.9996776580810547,0.4120568335588633,12
400.51200000000017,2.9212000000000007,6,2,CC[C@@H](O)C[C@H]1CC[C@H]([C@H](C)C(=O)O[C@@H](C)C[C@H]2CC[C@H]([C@H](C)C(=O)O)O2)O1,CNP0280737.2,0.9999537467956543,1.0,0.9999418258666992,0.9994015693664551,0.48539016689219666,13
398.4960000000002,3.1294000000000013,6,1,CC[C@H](C[C@@H]1CC[C@H]([C@H](C)C(=O)O)O1)OC(=O)[C@H](C)[C@@H]1CC[C@H](CC(C)=O)O1,CNP0308098.4,0.9999488592147827,1.0,0.9999961853027344,0.9998990297317505,0.4420568335588633,14
351.8410000000001,3.3333000000000013,4,0,CN(C)CC1=NN=C2CN=C(C3=CC=CC=C3)C3=CC(Cl)=CC=C3N21,CNP0570888.0,0.9808206558227539,1.0,0.9996447563171387,0.9995986819267273,0.40244445868475404,15
441.9150000000002,4.019300000000003,6,1,COC1=CC=CC=C1N1CCN(C(=O)C2=C([C@H](C)O)ON=C2C2=CC=C(Cl)C=C2)CC1,CNP0071385.1,0.9998927116394043,1.0,0.9999920129776001,0.9999067783355713,0.5650313932457517,16
490.7250000000005,4.436600000000004,5,4,CC(C)(O)[C@H]1CC[C@@](C)(C2[C@@H](O)C[C@@]3(C)[C@@H]4[C@H](O)C[C@H]5C(C)(C)[C@@H](O)CC[C@@]56C[C@@]46CC[C@]23C)O1,CNP0134193.1,0.9813951849937439,1.0,0.9996464252471924,0.9966198205947876,0.3233333333333333,17
469.6230000000003,3.073800000000002,5,4,CCC(C)[C@H](NC(=O)OC(C)(C)C)C(=O)NC[C@H]1CC[C@H](C(=O)N[C@@H](C(=O)O)C(C)C)CC1,CNP0318173.1,0.996482253074646,1.0,0.997913658618927,0.9998100399971008,0.5476238455079764,18
496.6040000000003,4.274020000000005,7,2,COC1=CC([C@H]2C(C(=O)C3=CC=C(OCC(C)C)C(C)=C3)=C(O)C(=O)N2CCCN(C)C)=CC=C1O,CNP0371411.1,0.6686928868293762,1.0,0.7461516261100769,0.9984170198440552,0.38256858772150787,19
400.51200000000017,2.9212000000000007,6,2,CC[C@H](O)C[C@H]1CC[C@@H]([C@@H](C)C(=O)O[C@@H](C)C[C@@H]2CC[C@@H]([C@@H](C)C(=O)O)O2)O1,CNP0280737.7,0.9999537467956543,1.0,0.9999418258666992,0.9994015693664551,0.48539016689219666,20
474.51300000000026,4.197300000000003,6,4,COC1=CC=C(C(CC(=O)NCCC2=CNC3=CC=C(O)C=C23)C2=CC3=C(C=C2O)OCO3)C=C1,CNP0328615.0,0.6212764978408813,1.0,0.8864186406135559,0.9656440615653992,0.38762384550797646,21
428.5250000000003,3.5843000000000025,6,0,CC(=O)OC[C@@H](OC(C)=O)[C@H]1CC[C@H]2[C@@H]3C=CC4=CC(=O)CC[C@]4(C)[C@H]3CC(=O)[C@]12C,CNP0418362.1,0.9281148314476013,1.0,0.9996291399002075,0.9989816546440125,0.3520568335588633,22
483.6500000000003,3.4639000000000024,5,4,CC[C@@H](C)[C@H](NC(=O)OC(C)(C)C)C(=O)NC[C@H]1CC[C@@H](C(=O)N[C@H](C(=O)O)[C@@H](C)CC)CC1,CNP0389017.2,0.9977188110351562,1.0,0.9984444975852966,0.9998314380645752,0.5409571788413098,23
483.6500000000004,3.4639000000000015,5,4,CC[C@H](C)[C@H](NC(=O)[C@H]1CC[C@H](CNC(=O)[C@@H](NC(=O)OC(C)(C)C)[C@@H](C)CC)CC1)C(=O)O,CNP0389017.4,0.9977188110351562,1.0,0.9984444975852966,0.9998314380645752,0.5409571788413098,24
490.7250000000004,4.436600000000004,5,4,CC(C)(O)[C@H]1CC[C@](C)([C@H]2[C@@H](O)C[C@@]3(C)[C@H]4C[C@H](O)[C@H]5C(C)(C)[C@@H](O)CC[C@@]56C[C@@]46CC[C@]23C)O1,CNP0243356.11,0.9949350953102112,1.0,0.999362051486969,0.9976916313171387,0.3233333333333333,25
402.5750000000003,4.982700000000005,4,0,COC(=O)CC[C@H](C)[C@H]1CC[C@H]2[C@H]3C(=O)C[C@@H]4CCCC[C@]4(C)[C@H]3CC(=O)[C@]12C,CNP0060524.1,0.9999881982803345,1.0,0.9999749660491943,0.9993046522140503,0.37333333333333335,26
402.5750000000003,4.982700000000005,4,0,COC(=O)CC[C@H](C)[C@H]1CC[C@H]2[C@H]3C(=O)C[C@@H]4CCCC[C@]4(C)[C@@H]3CC(=O)[C@]12C,CNP0060524.2,0.9999881982803345,1.0,0.9999749660491943,0.9993046522140503,0.37333333333333335,27
402.5750000000003,4.982700000000005,4,0,COC(=O)CC[C@H](C)[C@H]1CC[C@@H]2[C@H]3C(=O)C[C@@H]4CCCC[C@]4(C)[C@@H]3CC(=O)[C@@]21C,CNP0060524.3,0.9999881982803345,1.0,0.9999749660491943,0.9993046522140503,0.37333333333333335,28
402.5750000000003,4.982700000000005,4,0,COC(=O)CC[C@H](C)[C@H]1CC[C@@H]2[C@H]3C(=O)C[C@@H]4CCCC[C@]4(C)[C@H]3CC(=O)[C@@]21C,CNP0060524.4,0.9999881982803345,1.0,0.9999749660491943,0.9993046522140503,0.37333333333333335,29
490.7250000000004,4.436600000000004,5,4,CC(C)(O)[C@H]1CC[C@@](C)([C@H]2[C@@H](O)C[C@@]3(C)[C@@H]4C[C@H](O)[C@H]5C(C)(C)[C@@H](O)CC[C@@]56C[C@@]46CC[C@]23C)O1,CNP0243356.4,0.9949350953102112,1.0,0.999362051486969,0.9976916313171387,0.3233333333333333,30
462.67100000000033,4.158400000000004,5,4,C[C@H](CC[C@H](C)C(C)(C)O)[C@H]1CC[C@@]2(O)C3=CC(=O)[C@H]4C[C@H](O)CC[C@]4(C)[C@@]3(O)CC[C@]12C,CNP0472437.1,0.990889847278595,1.0,0.8278400897979736,0.9230942726135254,0.3933333333333333,31
469.62300000000033,3.073800000000001,5,4,CC[C@H](C)[C@H](NC(=O)[C@H]1CC[C@H](CNC(=O)[C@H](NC(=O)OC(C)(C)C)C(C)C)CC1)C(=O)O,CNP0333052.4,0.9972008466720581,1.0,0.9966301321983337,0.9998130202293396,0.5542905121746431,32
418.61800000000017,4.693500000000006,4,3,C=C1/C(=C/C=C2\CCC[C@]3(C)[C@@H]([C@H](C)OCCC(C)(C)O)CC[C@@H]23)C[C@@H](O)C[C@@H]1O,CNP0074715.2,0.9198735356330872,1.0,0.9778724908828735,0.974150538444519,0.37,33
425.8720000000001,2.7054,3,3,O=C(N[C@@H](CC1=CC=CC=C1)C(=O)N1CC(C(=O)O)C1)C1=CC2=CC(Cl)=CC=C2N1,CNP0529166.1,0.999679684638977,1.0,0.9771580696105957,0.9998897314071655,0.48,34
488.6210000000003,3.1937000000000015,7,2,COC(=O)CCC(C)[C@H]1CC(=O)[C@@]2(C)C3=C(C(=O)[C@@H](O)[C@]12C)[C@@]1(C)CC[C@H](O)C(C)(C)[C@@H]1CC3=O,CNP0294268.2,0.9827545285224915,1.0,0.9370954036712646,0.9749444127082825,0.3914872798434442,35
418.4940000000002,2.8344000000000005,4,4,CCC(C)[C@H](NC(=O)N1CC(O)=NC2=CC=CC=C21)C(=O)N[C@@H](CC(C)C)C(=O)O,CNP0524249.1,0.24158306419849396,1.0,0.8113997578620911,0.9999090433120728,0.46244445868475403,36
398.4960000000002,3.1294000000000013,6,1,CC[C@H](C[C@@H]1CC[C@H]([C@H](C)C(=O)O)O1)OC(=O)[C@H](C)[C@@H]1CC[C@@H](CC(C)=O)O1,CNP0308098.2,0.9999488592147827,1.0,0.9999961853027344,0.9998990297317505,0.4420568335588633,37
469.62300000000033,3.073800000000001,5,4,CC[C@@H](C)[C@H](NC(=O)[C@H]1CC[C@H](CNC(=O)[C@@H](NC(=O)OC(C)(C)C)C(C)C)CC1)C(=O)O,CNP0333052.6,0.9972008466720581,1.0,0.9966301321983337,0.9998130202293396,0.5542905121746431,38
448.6440000000003,3.6242000000000028,5,4,C[C@H]([C@H](C)CC(C)(C)O)[C@H]1CC[C@@]2(O)C3=CC(=O)[C@@H]4C[C@@H](O)[C@@H](O)C[C@]4(C)[C@H]3CC[C@]12C,CNP0225117.4,0.9835221767425537,1.0,0.8077587485313416,0.999009370803833,0.4081539465101109,39
477.9700000000002,3.0675000000000017,6,2,COC1=C2CN(C)CCC2=C(S(=O)(=O)NCCC2=CNC3=CC=C(Cl)C=C23)C2=C1OCO2,CNP0171574.0,0.9999953508377075,1.0,0.9999843835830688,0.9998949766159058,0.5929745596868885,40
442.63700000000034,4.6288000000000045,6,2,COC(=O)[C@H](C)[C@H](O)CC[C@](C)(O)CCCC(C)CCC(=O)C(C)(C)CCCC(C)=O,CNP0112651.1,0.9999189376831055,1.0,0.9999281167984009,0.9992266893386841,0.4420568335588633,41
387.57200000000023,3.353200000000001,3,2,CC(C)NC(=O)NC[C@H]1C[C@@H]2CCN1C[C@@H]2C1=CC(C2CCCCC2)=NN1C,CNP0226667.2,0.0001837178278947249,1.0,0.0008050657343119383,0.9946879148483276,0.4899816531605101,42
451.5230000000002,3.3192000000000013,5,3,COC(=O)C(CC1=CNC2=CC=CC=C12)NC(=O)C(NC(=O)OCC1=CC=CC=C1)C(C)C,CNP0368271.0,0.9922965168952942,1.0,0.9861307740211487,0.9999477863311768,0.63,43
430.5410000000002,4.818700000000005,6,1,CCCOC1=C2C[C@@H](C(C)(C)O)OC2=CC2=C1/C(=C/CC(C)C)C=C(C(=O)OCC)O2,CNP0093426.1,0.9999895095825195,1.0,0.9997645020484924,0.9782611727714539,0.42148727984344425,44
400.51200000000017,2.9212000000000007,6,2,CC[C@H](O)C[C@@H]1CC[C@H]([C@H](C)C(=O)O[C@H](C)C[C@@H]2CC[C@@H]([C@@H](C)C(=O)O)O2)O1,CNP0280737.14,0.9999537467956543,1.0,0.9999418258666992,0.9994015693664551,0.48539016689219666,45
419.9090000000003,3.051800000000001,3,2,CCC(C)[C@H](NC(=O)C1=CC2=CC(Cl)=CC=C2N1C)C(=O)N1CCC[C@H]1C(=O)O,CNP0387678.1,0.9459872245788574,1.0,0.9514086246490479,0.9998224377632141,0.5466666666666666,46
494.5920000000002,4.055600000000002,4,4,CCC(C)C(NC(=O)C(CC1=CC=CC=C1)NC(=O)N1C2=CC=CC=C2N=C(O)C1C(C)C)C(=O)O,CNP0558788.0,0.9999333620071411,1.0,0.9996215105056763,0.9999784231185913,0.5405984051948649,47
414.53900000000016,3.311300000000002,6,2,CC[C@H](O)C[C@H]1CC[C@@H]([C@@H](C)C(=O)O[C@@H](CC)C[C@@H]2CC[C@@H]([C@@H](C)C(=O)O)O2)O1,CNP0348395.2,0.9997996687889099,1.0,0.9999775886535645,0.9994999170303345,0.4620568335588633,48
442.5930000000002,3.789800000000003,7,1,CCOC(=O)[C@H](C)[C@H]1CC[C@@H](C[C@H](CC)OC(=O)[C@@H](C)[C@@H]2CC[C@H](C[C@H](O)CC)O2)O1,CNP0352003.1,0.9955940842628479,1.0,0.99997878074646,0.997338593006134,0.40872350022553,49
366.5060000000001,2.874140000000002,5,2,CCCCN(C)C[C@@H]1[C@H](CC)CN(C(=O)NC2=C(C)ON=C2C)[C@@H]1CO,CNP0537077.1,0.005112962331622839,1.0,0.005861249286681414,0.9999408721923828,0.4901346336767097,50
381.94800000000004,3.922700000000004,3,2,CCCCN(C)C[C@@H]1[C@H](CC)CN(C(=O)NC2=CC=CC(Cl)=C2)[C@@H]1CO,CNP0577203.1,0.001992977922782302,1.0,0.02503921650350094,0.9988628625869751,0.4238450874959778,51
426.51300000000015,3.2280000000000015,5,2,CC[C@H](C)[C@@H](NC(=O)OCC1=CC=CC=C1)C(=O)N[C@@H](CC1=CC=CC=C1)C(=O)OC,CNP0505565.3,0.9999995231628418,1.0,0.9999853372573853,0.9999933242797852,0.64,52
426.51300000000015,3.2280000000000015,5,2,CC[C@H](C)[C@@H](NC(=O)OCC1=CC=CC=C1)C(=O)N[C@H](CC1=CC=CC=C1)C(=O)OC,CNP0505565.4,0.9999995231628418,1.0,0.9999853372573853,0.9999933242797852,0.64,53
356.46200000000016,3.8102000000000027,3,1,C[C@@H](C(=O)O)[C@H]1CC[C@H]2[C@@H]3C=CC4=CC(=O)CC[C@]4(C)[C@H]3CC(=O)[C@]12C,CNP0334249.2,0.9989973902702332,1.0,0.9992934465408325,0.9996776580810547,0.4120568335588633,54
490.5160000000002,3.1083200000000013,8,4,COC1=CC(C(CC(=O)NC(CC2=CC=CC=C2)C2=NC=NN2)C2=C(O)C(=O)C=C(C)O2)=CC=C1O,CNP0412053.0,0.9958654642105103,1.0,0.9991002082824707,0.9997361302375793,0.5,55
432.6450000000003,4.797500000000005,4,3,CC(CCCC(C)(C)O)C1CCC2(O)C3=CC(=O)C4CC(O)CCC4(C)C3CCC12C,CNP0348970.0,0.9986478686332703,1.0,0.9254830479621887,0.9783515334129333,0.41,56
495.3290000000002,4.290600000000002,5,2,O=C(COC(=O)[C@@H](CC1=CNC2=CC=CC=C12)NC(=O)C1=CC=CO1)C1=CC=C(Br)C=C1,CNP0530084.2,0.9995424747467041,1.0,0.9993775486946106,0.9995430707931519,0.41333333333333333,57
479.4890000000003,3.7166200000000025,8,3,COC1=CC=C(C(CC(=O)NC2=CC=C3NC=NC3=C2)C2=C(O)C=C(C)OC2=O)C(OC)=C1OC,CNP0164519.0,0.337758868932724,1.0,0.15327100455760956,0.9987587928771973,0.4081539465101109,58
432.64500000000027,4.675500000000005,4,4,C=C1/C(=C\C=C2/CCC[C@]3(C)[C@@H]([C@H](C)CC[C@@H](O)C(C)(C)O)CC[C@@H]23)C[C@@H](O)C[C@@H]1O,CNP0082820.1,0.04412998631596565,1.0,0.8502745628356934,0.870843768119812,0.37333333333333335,59
446.62800000000027,3.854500000000002,5,4,C=C1/C(=C\C=C2/CCC[C@]3(C)[C@@H]([C@H](C)CC(O)C(=O)C(C)(C)O)CC[C@@H]23)C[C@@H](O)C[C@@H]1O,CNP0206703.1,0.2941300868988037,1.0,0.9876563549041748,0.9984706044197083,0.4,60
432.64500000000027,4.675500000000005,4,4,C=C1/C(=C\C=C2/CCC[C@]3(C)[C@@H]([C@H](C)C[C@H](O)CC(C)(C)O)CC[C@@H]23)C[C@@H](O)C[C@@H]1O,CNP0082165.1,0.13550056517124176,1.0,0.9892919659614563,0.9989230036735535,0.38333333333333336,61
400.51200000000017,2.9212000000000007,6,2,CC[C@@H](O)C[C@H]1CC[C@@H]([C@@H](C)C(=O)O[C@@H](C)C[C@@H]2CC[C@@H]([C@@H](C)C(=O)O)O2)O1,CNP0280737.6,0.9999537467956543,1.0,0.9999418258666992,0.9994015693664551,0.48539016689219666,62
426.51300000000015,3.2280000000000015,5,2,CC[C@H](C)[C@H](NC(=O)OCC1=CC=CC=C1)C(=O)N[C@@H](CC1=CC=CC=C1)C(=O)OC,CNP0505565.1,0.9999995231628418,1.0,0.9999853372573853,0.9999933242797852,0.64,63
426.51300000000015,3.2280000000000015,5,2,CC[C@H](C)[C@H](NC(=O)OCC1=CC=CC=C1)C(=O)N[C@H](CC1=CC=CC=C1)C(=O)OC,CNP0505565.2,0.9999995231628418,1.0,0.9999853372573853,0.9999933242797852,0.64,64
464.47800000000024,2.810120000000001,8,3,COC1=CC(C(CC(=O)N[C@H](C)C2=NN=C3C=CC=CN23)C2=C(O)C(=O)C=C(C)O2)=CC=C1O,CNP0411463.1,0.9926033616065979,1.0,0.9973304271697998,0.9999828338623047,0.4766666666666667,65
470.6580000000004,4.187000000000002,4,2,CN1N=C(C2CCCCC2)C=C1[C@H]1C[N@]2CC[C@H]1C[C@@H]2CNC(=O)CC1(CC(=O)O)CCCC1,CNP0236606.1,0.7755574584007263,1.0,0.00394419813528657,0.9972838163375854,0.5081539465101108,66
408.61200000000025,2.9750000000000005,4,1,CCCS(=O)(=O)NC[C@H]1C[C@@H]2CC[N@@]1C[C@@H]2C1=CC(C2CCCCC2)=NN1C,CNP0011375.1,0.08868778496980667,1.0,0.9101517200469971,0.9999735355377197,0.5881539465101109,67
448.6440000000003,3.6242000000000028,5,4,C[C@H]([C@H](C)CC(C)(C)O)[C@@H]1CC[C@@]2(O)C3=CC(=O)[C@@H]4C[C@@H](O)[C@@H](O)C[C@]4(C)[C@H]3CC[C@]12C,CNP0225117.3,0.9835221767425537,1.0,0.8077587485313416,0.999009370803833,0.4081539465101109,68
469.6230000000003,3.073800000000002,5,4,CC[C@H](C)[C@H](NC(=O)OC(C)(C)C)C(=O)NC[C@H]1CC[C@@H](C(=O)N[C@H](C(=O)O)C(C)C)CC1,CNP0318173.4,0.996482253074646,1.0,0.997913658618927,0.9998100399971008,0.5476238455079764,69
488.7090000000004,4.658100000000005,5,3,C[C@@H]1C[C@H]2O[C@@]3(O[C@H]2C(C)(C)O)[C@@H](O)[C@@]2(C)[C@@H]4CC[C@H]5C(C)(C)[C@@H](O)CC[C@@]56C[C@@]46CC[C@]2(C)[C@@H]13,CNP0264366.4,0.29516714811325073,1.0,0.8953710794448853,0.9285128116607666,0.38,70
448.6440000000003,3.6242000000000028,5,4,C[C@H]([C@H](C)CC(C)(C)O)[C@H]1CC[C@@]2(O)C3=CC(=O)[C@H]4C[C@@H](O)[C@@H](O)C[C@]4(C)[C@H]3CC[C@]12C,CNP0225117.1,0.9835221767425537,1.0,0.8077587485313416,0.999009370803833,0.4081539465101109,71
436.5040000000002,4.235100000000004,6,1,C=C1C=C(C(=O)OCC)OC2=CC3=C(C[C@@H](C(C)(C)O)O3)C(OCCC3=CC=CC=C3)=C12,CNP0186545.1,0.9972789883613586,1.0,0.9984484910964966,0.9797257781028748,0.34148727984344424,72
448.6440000000003,3.7683000000000026,5,4,C[C@H](CCCC(C)(C)O)[C@H]1CC[C@@]2(O)C3=CC(=O)[C@@H]4C[C@@H](O)[C@@H](O)C[C@]4(C)[C@H]3CC[C@]12C,CNP0168100.1,0.9987362027168274,1.0,0.9157906770706177,0.9882515072822571,0.39,73
404.5030000000002,3.737100000000003,6,2,CCCOC1=C2C[C@@H](C(C)(C)O)OC2=CC2=C1C(=O)C(CCC(C)C)=C(CO)O2,CNP0027797.1,0.995238184928894,1.0,0.7436823844909668,0.9729672074317932,0.36148727984344425,74
459.50200000000024,4.405200000000003,6,3,COC1=CC=C(C(CC(=O)N[C@@H](C)C2=NC3=CC=CC=C3N2)C2=CC3=C(C=C2O)OCO3)C=C1,CNP0414452.1,0.9908255934715271,1.0,0.7704080939292908,0.9951989054679871,0.44333333333333336,75
428.96400000000045,4.809700000000005,4,0,COCC(=O)N1C2=NC(C3=CC=C(Cl)C=C3)=NN2C2(CCCCC2)[C@@H]2CCCC[C@@H]21,CNP0536941.1,0.9999966621398926,1.0,0.9987899661064148,0.9996328353881836,0.665691140985867,76
446.62800000000027,3.6884000000000023,5,4,C[C@H](CCCC(C)(C)O)[C@H]1CC[C@]2(O)C3=CC(=O)C4=C[C@H](O)[C@H](O)C[C@]4(C)[C@H]3CC[C@]12C,CNP0155531.2,0.9973932504653931,1.0,0.7857016921043396,0.9787719249725342,0.38,77
490.7250000000004,4.436600000000004,5,4,CC(C)(O)[C@@H]1CC[C@](C)([C@H]2[C@@H](O)C[C@@]3(C)[C@@H]4C[C@H](O)C5C(C)(C)[C@@H](O)CC[C@@]56C[C@@]46CC[C@]23C)O1,CNP0243356.8,0.9949350953102112,1.0,0.999362051486969,0.9976916313171387,0.3233333333333333,78
490.7250000000004,4.436600000000004,5,4,CC(C)(O)[C@@H]1CC[C@](C)([C@H]2[C@@H](O)C[C@@]3(C)[C@@H]4C[C@H](O)[C@@H]5C(C)(C)[C@@H](O)CC[C@@]56C[C@@]46CC[C@]23C)O1,CNP0243356.10,0.9949350953102112,1.0,0.999362051486969,0.9976916313171387,0.3233333333333333,79
450.61900000000026,4.758400000000005,4,2,CO[C@@H]1CC(=O)[C@H]2[C@@H]3[C@@H]4C[C@](C)([C@@]12O)[C@@]3(C)[C@@]12CC4CC[C@@H]1C[C@@H](CC1=CC=CC=C1O)C2,CNP0474521.3,0.002098137279972434,1.0,0.0001456107565900311,0.31697553396224976,0.3181539465101109,80
490.7250000000004,4.436600000000004,5,4,CC(C)(O)[C@H]1CC[C@@](C)([C@H]2[C@@H](O)C[C@@]3(C)[C@@H]4C[C@H](O)C5C(C)(C)[C@@H](O)CCC56CC46CC[C@]23C)O1,CNP0243356.7,0.9949350953102112,1.0,0.999362051486969,0.9976916313171387,0.3233333333333333,81
398.4960000000002,3.1294000000000013,6,1,CC[C@H](C[C@@H]1CC[C@H]([C@H](C)C(=O)O)O1)OC(=O)[C@H](C)[C@H]1CC[C@H](CC(C)=O)O1,CNP0308098.1,0.9999488592147827,1.0,0.9999961853027344,0.9998990297317505,0.4420568335588633,82
408.61200000000025,2.9750000000000005,4,1,CCCS(=O)(=O)NC[C@H]1C[C@@H]2CCN1C[C@@H]2C1=CC(C2CCCCC2)=NN1C,CNP0011375.2,0.08868778496980667,1.0,0.9101517200469971,0.9999735355377197,0.5881539465101109,83
398.4960000000002,3.1294000000000013,6,1,CC[C@H](C[C@@H]1CC[C@H]([C@H](C)C(=O)O)O1)OC(=O)[C@H](C)[C@H]1CC[C@@H](CC(C)=O)O1,CNP0308098.3,0.9999488592147827,1.0,0.9999961853027344,0.9998990297317505,0.4420568335588633,84
432.51600000000013,4.537200000000005,5,3,COC1=CC(O)=C2C3=C(CCC2=C1CC1=CC=C(O)C=C1)C1=C(C=C3)O[C@H](C(C)(C)O)C1,CNP0307053.1,0.9962413311004639,1.0,0.9993976354598999,0.9990314245223999,0.3933112798434442,85
462.67100000000033,4.158400000000004,5,4,C[C@H](CC[C@H](C)C(C)(C)O)[C@H]1CC[C@@]2(O)C3=CC(=O)[C@H]4C[C@@H](O)CC[C@]4(C)[C@@]3(O)CC[C@]12C,CNP0472437.2,0.990889847278595,1.0,0.8278400897979736,0.9230942726135254,0.3933333333333333,86
456.62300000000033,3.7268000000000026,5,3,C[C@H]([C@H]1OC(C)(C)[C@@H](C)[C@@H]1O)[C@H]1C[C@@H](O)C2=C3C=CC4=CC(=O)CC[C@]4(C)[C@H]3C[C@@H](O)[C@@]21C,CNP0357281.1,0.9874716401100159,1.0,0.9985854625701904,0.99977046251297,0.39964122635355515,87
356.46200000000016,3.8102000000000027,3,1,C[C@H](C(=O)O)[C@H]1CC[C@H]2[C@@H]3C=CC4=CC(=O)CC[C@]4(C)[C@H]3CC(=O)[C@]12C,CNP0334249.3,0.9989973902702332,1.0,0.9992934465408325,0.9996776580810547,0.4120568335588633,88
414.4980000000002,3.950400000000003,6,2,CC(C)(O)[C@@H]1CC2=C(C=C3OC(C4(O)CCCC4)=CC(=O)C3=C2OC2CCCC2)O1,CNP0055969.1,0.998572587966919,1.0,0.9957333207130432,0.9924822449684143,0.32226761362783757,89
471.8970000000003,3.981100000000003,8,1,COC1=CC=C(C2=CC(C(=O)NC3=C4CCN(C)CC4=C(OC)C4=C3OCO4)=NO2)C=C1Cl,CNP0111849.0,0.9980395436286926,1.0,0.9997598528862,0.9998770952224731,0.5714872798434442,90
400.51200000000017,2.9212000000000007,6,2,CC[C@@H](O)C[C@H]1CC[C@@H]([C@H](C)C(=O)O[C@@H](C)C[C@@H]2CC[C@H]([C@@H](C)C(=O)O)O2)O1,CNP0280737.1,0.9999537467956543,1.0,0.9999418258666992,0.9994015693664551,0.48539016689219666,91
414.53900000000016,3.311300000000002,6,2,CC[C@H](O)C[C@@H]1CC[C@H]([C@H](C)C(=O)O[C@H](CC)C[C@@H]2CC[C@@H]([C@H](C)C(=O)O)O2)O1,CNP0348395.13,0.9997996687889099,1.0,0.9999775886535645,0.9994999170303345,0.4620568335588633,92
469.53800000000024,3.553600000000002,6,2,CCC(C)[C@H](NC(=O)N1CCC2=CC(OC)=C(OC)C=C2C1)C(=O)NC1=CC=C2OCOC2=C1,CNP0231015.1,0.0011730471160262823,1.0,0.015236610546708107,0.9992924928665161,0.4181539465101109,93
428.56600000000014,3.3997000000000024,7,1,CCOC(=O)[C@H](C)[C@H]1CC[C@@H](C[C@H](CC)OC(=O)[C@@H](C)[C@@H]2CC[C@H](C[C@@H](C)O)O2)O1,CNP0257376.1,0.9663614630699158,1.0,0.9999346733093262,0.9987779259681702,0.4220568335588633,94
490.7250000000004,4.436600000000004,5,4,CC(C)(O)[C@H]1CC[C@@](C)([C@H]2[C@@H](O)C[C@@]3(C)[C@@H]4C[C@H](O)[C@@H]5C(C)(C)[C@@H](O)CC[C@@]56C[C@@]46CC[C@]23C)O1,CNP0243356.9,0.9949350953102112,1.0,0.999362051486969,0.9976916313171387,0.3233333333333333,95
440.66500000000025,4.261900000000004,5,4,CC[C@H](CO)[C@H](O)C[C@H](O)[C@H](C)CC[C@H](C)CCC[C@]1(C)[C@@H](CC)C(=O)C=C[C@@]1(C)O,CNP0104178.2,0.9819289445877075,1.0,0.9552813172340393,0.9945017099380493,0.4,96
400.56700000000035,4.537000000000004,4,0,COCC(=O)N1C2=NC(C3CCCCC3)=NN2C2(CCCCC2)[C@@H]2CCCC[C@@H]21,CNP0504100.1,0.9999938011169434,1.0,0.996577799320221,0.9996939897537231,0.5930414180437958,97
490.6810000000004,4.339100000000004,6,3,CC(=O)O[C@H](CCC(C)(C)O)[C@@H](C)[C@H]1CC[C@@]2(O)C3=CC(=O)[C@H]4C[C@@H](O)CC[C@]4(C)[C@H]3CC[C@]12C,CNP0172462.1,0.9729462265968323,1.0,0.14858993887901306,0.9424265027046204,0.47,98
469.6230000000003,3.073800000000002,5,4,CCC(C)[C@H](NC(=O)OC(C)(C)C)C(=O)NC[C@H]1CC[C@H](C(=O)N[C@H](C(=O)O)C(C)C)CC1,CNP0318173.2,0.996482253074646,1.0,0.997913658618927,0.9998100399971008,0.5476238455079764,99
414.53900000000016,3.311300000000002,6,2,CC[C@H](O)C[C@@H]1CC[C@H]([C@H](C)C(=O)O[C@H](CC)C[C@@H]2CC[C@@H]([C@@H](C)C(=O)O)O2)O1,CNP0348395.12,0.9997996687889099,1.0,0.9999775886535645,0.9994999170303345,0.4620568335588633,100
476.48900000000026,3.235260000000002,9,2,COCC1=CC(C)=NC(N2N=C(C)C3=C2C=C2OC4=C(C(C)=O)C(O)=C(C)C(O)=C4[C@@]2(C)C3=O)=N1,CNP0414492.1,0.9631975889205933,1.0,0.9992703795433044,0.9999960660934448,0.4976238455079765,101
495.3290000000002,4.290600000000002,5,2,O=C(COC(=O)[C@H](CC1=CNC2=CC=CC=C12)NC(=O)C1=CC=CO1)C1=CC=C(Br)C=C1,CNP0530084.1,0.9995424747467041,1.0,0.9993775486946106,0.9995430707931519,0.41333333333333333,102
432.6450000000003,4.797500000000005,4,3,CC(C)CCC[C@@H](C)[C@H]1CC[C@@]2(O)C3=CC(=O)[C@H]4C[C@H](O)CC[C@]4(C)[C@@]3(O)CC[C@]12C,CNP0197166.1,0.9523640275001526,1.0,0.6064893007278442,0.5586140155792236,0.38333333333333336,103
374.4330000000003,3.027700000000001,6,2,COC1=C2C[C@@H](C(C)(C)O)OC2=CC2=C1C(=O)C=C(C1(O)CCCCC1)O2,CNP0366664.1,0.9999980926513672,1.0,0.9997995495796204,0.9998730421066284,0.35148727984344424,104
495.0410000000003,4.1734000000000036,6,1,COC1=C2CN(C)CCC2=C(S(=O)(=O)NCC[C@@H](C2=CC=C(Cl)C=C2)C(C)C)C2=C1OCO2,CNP0397279.1,0.9951127171516418,1.0,0.9600423574447632,0.9906099438667297,0.5796412263535551,105
469.62300000000033,3.073800000000001,5,4,CC[C@H](C)[C@H](NC(=O)[C@H]1CC[C@H](CNC(=O)[C@@H](NC(=O)OC(C)(C)C)C(C)C)CC1)C(=O)O,CNP0333052.3,0.9972008466720581,1.0,0.9966301321983337,0.9998130202293396,0.5542905121746431,106
400.51200000000017,2.9212000000000007,6,2,CC[C@H](O)C[C@@H]1CC[C@H]([C@H](C)C(=O)O[C@H](C)C[C@@H]2CC[C@H]([C@@H](C)C(=O)O)O2)O1,CNP0280737.15,0.9999537467956543,1.0,0.9999418258666992,0.9994015693664551,0.48539016689219666,107
388.4600000000002,3.6484000000000023,6,1,CCOC(=O)C1=C/C(=C\C(C)C)C2=C(C=C3O[C@H](C(C)(C)O)CC3=C2OC)O1,CNP0093404.1,0.9999387264251709,1.0,0.9999583959579468,0.9956106543540955,0.3881539465101109,108
387.57200000000023,3.353200000000001,3,2,CC(C)NC(=O)NC[C@H]1C[C@@H]2CC[N@@]1C[C@@H]2C1=CC(C2CCCCC2)=NN1C,CNP0226667.1,0.0001837178278947249,1.0,0.0008050657343119383,0.9946879148483276,0.4899816531605101,109
450.9300000000002,4.111320000000004,6,0,CC1=CC=C(N2N=CC=N2)C(C(=O)N2CCN(C3=NC4=CC(Cl)=CC=C4O3)CC[C@H]2C)=C1,CNP0603946.1,0.7284905314445496,1.0,0.9999603033065796,0.9999741315841675,0.6333333333333333,110
414.53900000000016,3.311300000000002,6,2,CC[C@@H](O)C[C@H]1CC[C@@H]([C@@H](C)C(=O)O[C@@H](CC)C[C@@H]2CC[C@@H]([C@@H](C)C(=O)O)O2)O1,CNP0348395.7,0.9997996687889099,1.0,0.9999775886535645,0.9994999170303345,0.4620568335588633,111
481.6370000000003,2.7647000000000013,4,4,CCCC(=O)N[C@@H](CC1=CC=CC=C1)C(=O)N[C@H](C(=O)N[C@H](CO)CC1=CC=CC=C1)[C@@H](C)CC,CNP0155594.1,0.9349756240844727,1.0,0.9765674471855164,0.99856036901474,0.58,112
470.6580000000004,4.187000000000002,4,2,CN1N=C(C2CCCCC2)C=C1[C@H]1CN2CC[C@H]1C[C@@H]2CNC(=O)CC1(CC(=O)O)CCCC1,CNP0236606.2,0.7755574584007263,1.0,0.00394419813528657,0.9972838163375854,0.5081539465101108,113
400.51200000000017,2.9212000000000007,6,2,CC[C@H](O)C[C@H]1CC[C@H]([C@H](C)C(=O)O[C@H](C)C[C@H]2CC[C@H]([C@H](C)C(=O)O)O2)O1,CNP0280737.3,0.9999537467956543,1.0,0.9999418258666992,0.9994015693664551,0.48539016689219666,114
400.51200000000017,2.9212000000000007,6,2,CC[C@H](O)C[C@@H]1CC[C@H]([C@H](C)C(=O)O[C@H](C)C[C@@H]2CC[C@H]([C@H](C)C(=O)O)O2)O1,CNP0280737.4,0.9999537467956543,1.0,0.9999418258666992,0.9994015693664551,0.48539016689219666,115
400.51200000000017,2.9212000000000007,6,2,CC[C@@H](O)C[C@@H]1CC[C@H]([C@@H](C)C(=O)O[C@@H](C)C[C@@H]2CC[C@H]([C@@H](C)C(=O)O)O2)O1,CNP0280737.9,0.9999537467956543,1.0,0.9999418258666992,0.9994015693664551,0.48539016689219666,116
446.62800000000027,3.6884000000000023,5,4,C[C@@H](CCCC(C)(C)O)[C@@H]1CC[C@]2(O)C3=CC(=O)C4=C[C@@H](O)[C@@H](O)C[C@@]4(C)[C@@H]3CC[C@@]12C,CNP0155531.3,0.9973932504653931,1.0,0.7857016921043396,0.9787719249725342,0.38,117
402.4870000000002,4.0385000000000035,6,1,CCOC(=O)C1=C/C(=C\CC(C)C)C2=C(C=C3O[C@H](C(C)(C)O)CC3=C2OC)O1,CNP0100589.1,0.9999128580093384,1.0,0.9999161958694458,0.9914698004722595,0.42148727984344425,118
400.51200000000017,2.9212000000000007,6,2,CC[C@H](O)C[C@@H]1CC[C@H]([C@H](C)C(=O)O[C@H](C)C[C@@H]2CC[C@@H]([C@H](C)C(=O)O)O2)O1,CNP0280737.13,0.9999537467956543,1.0,0.9999418258666992,0.9994015693664551,0.48539016689219666,119
483.5900000000003,2.777520000000001,5,2,COC(=O)[C@@H](CC1=CNC2=CC=CC=C12)NC(=O)[C@H]1CCCN(S(=O)(=O)C2=CC=C(C)C=C2)C1,CNP0105423.2,0.9758490324020386,1.0,0.9726545810699463,0.9999308586120605,0.6166666666666667,120
446.6280000000002,3.854500000000002,5,4,C=C1/C(=C\C=C2/CCC[C@@]3(C)[C@@H]2CC[C@@H]3[C@H](C)C[C@@H](O)C(=O)C(C)(C)O)C[C@@H](O)C[C@@H]1O,CNP0206703.2,0.2941300868988037,1.0,0.9876563549041748,0.9984706044197083,0.4,121
488.6210000000003,3.1937000000000015,7,2,COC(=O)CC[C@@H](C)[C@H]1CC(=O)[C@@]2(C)C3=C(C(=O)[C@@H](O)[C@]12C)[C@@]1(C)CC[C@H](O)C(C)(C)[C@@H]1CC3=O,CNP0294268.1,0.9827545285224915,1.0,0.9370954036712646,0.9749444127082825,0.3914872798434442,122
450.6600000000002,3.7041000000000035,5,4,CC(C)[C@@H](O)CC[C@@H](C)[C@H]1CC(=O)[C@@H]2[C@]1(C)CC[C@@H]1[C@@]3(C)CC[C@H](O)C[C@@H]3[C@@H](O)C[C@]12O,CNP0141400.1,0.01858784258365631,1.0,0.0048888311721384525,0.9805388450622559,0.38666666666666666,123
469.53800000000024,3.553600000000002,6,2,CC[C@@H](C)[C@H](NC(=O)N1CCC2=CC(OC)=C(OC)C=C2C1)C(=O)NC1=CC=C2OCOC2=C1,CNP0231015.2,0.0011730471160262823,1.0,0.015236610546708107,0.9992924928665161,0.4181539465101109,124
474.68200000000036,4.936100000000005,5,3,CC1=C2C3=C(CC[C@]2(C)[C@@H]([C@H](C)O)C1)[C@@]1(C)[C@H](O)[C@@H](OC(=O)CC(C)C)[C@H](O)C(C)(C)[C@@H]1CC3,CNP0107765.1,0.8528801202774048,1.0,0.9996589422225952,0.9991685152053833,0.41333333333333333,125
430.6290000000002,4.883700000000006,4,3,C=C1/C(=C\C=C2/CCC[C@]3(C)[C@@H]([C@H](C)CC(=O)CC(C)(C)O)CC[C@@H]23)C[C@@H](O)C[C@@H]1O,CNP0140915.1,0.018914438784122467,1.0,0.9516826868057251,0.9992138147354126,0.38333333333333336,126
488.7090000000004,4.658100000000005,5,3,C[C@@H]1C[C@@H]2O[C@@]3(O[C@@H]2C(C)(C)O)[C@H](O)[C@@]2(C)[C@@H]4CC[C@H]5C(C)(C)[C@@H](O)CC[C@@]56C[C@@]46CC[C@]2(C)[C@@H]13,CNP0264366.2,0.29516714811325073,1.0,0.8953710794448853,0.9285128116607666,0.38,127
467.60700000000037,2.9240000000000004,5,3,CC[C@@H](C)[C@H](NC(=O)OC(C)(C)C)C(=O)NC[C@H]1CC[C@H](C(=O)N2CCC[C@H]2C(=O)O)CC1,CNP0389108.3,0.9989363551139832,1.0,0.999829888343811,0.9999783039093018,0.5953494732448199,128
488.70900000000034,4.6581000000000055,5,3,C[C@@H]1C[C@H]2OC3(O[C@H]2C(C)(C)O)C1[C@@]1(C)CCC24CC25CC[C@H](O)C(C)(C)C5CC[C@H]4[C@]1(C)[C@@H]3O,CNP0264366.3,0.29516714811325073,1.0,0.8953710794448853,0.9285128116607666,0.38,129
446.62800000000027,3.6884000000000023,5,4,C[C@H](CCCC(C)(C)O)[C@H]1CC[C@@]2(O)C3=CC(=O)C4=C[C@H](O)[C@H](O)C[C@]4(C)[C@H]3CC[C@]12C,CNP0155531.1,0.9973932504653931,1.0,0.7857016921043396,0.9787719249725342,0.38,130
431.54000000000025,2.9964000000000013,6,1,COC1=CC=CC=C1N1CCN(CC(=O)NC2=C3CCN(C)C3=NC3=CC=CC=C23)CC1,CNP0509596.0,0.5143368244171143,1.0,0.9050750136375427,0.9998774528503418,0.5163078930202217,131
435.56400000000014,4.773400000000004,4,2,CC(C)(O)[C@@H]1OC(=O)C=C2[C@H](CC[C@@]3(C)[C@H]2CC[C@H]2CC4=C(NC5=CC=CC=C45)[C@@]23C)O1,CNP0482523.1,0.9999994039535522,1.0,0.9940675497055054,0.9926820397377014,0.3268774467356409,132
414.53900000000016,3.311300000000002,6,2,CC[C@@H](O)C[C@H]1CC[C@@H]([C@H](C)C(=O)O[C@@H](CC)C[C@@H]2CC[C@H]([C@@H](C)C(=O)O)O2)O1,CNP0348395.1,0.9997996687889099,1.0,0.9999775886535645,0.9994999170303345,0.4620568335588633,133
398.2860000000001,4.1936000000000035,4,1,CC[C@H](C)CCCC1=C(O)C=CC2=C1O[C@]1(C2=O)C(Cl)=C(Cl)C(=O)N1C,CNP0169235.1,0.9706528186798096,1.0,0.1968597173690796,0.9990333318710327,0.4163078930202218,134
490.6370000000002,4.529620000000004,7,3,CC1=NC(NC2=NNC3=C2CN(C(=O)N[C@H](CN(C)C)C2=CC=CC=C2)C3(C)C)=C2SC=CC2=N1,CNP0606288.1,0.9901303648948669,1.0,0.9813870787620544,0.9999133348464966,0.41384508749597787,135
444.61200000000025,4.220100000000005,5,3,C=C1C(=CC=C2CCC[C@]3(C)[C@@H]([C@H](C)C[C@H]4C[C@@](C)(O)C(=O)O4)CC[C@@H]23)C[C@@H](O)C[C@@H]1O,CNP0032953.1,0.0002716174931265414,1.0,0.000159108400112018,0.8340526819229126,0.3753901668921966,136
400.51200000000017,2.921200000000002,6,2,CC[C@@H](C[C@@H]1CC[C@H]([C@@H](C)C(=O)O)O1)OC(=O)[C@@H](C)[C@H]1CC[C@@H](C[C@H](C)O)O1,CNP0254170.1,0.9987082481384277,1.0,0.9999353885650635,0.9997250437736511,0.4720568335588633,137
488.7090000000004,4.658100000000005,5,3,C[C@@H]1C[C@H]2O[C@]3(O[C@H]2C(C)(C)O)[C@H](O)[C@@]2(C)[C@@H]4CC[C@H]5C(C)(C)[C@@H](O)CC[C@@]56C[C@@]46CC[C@]2(C)[C@@H]13,CNP0264366.1,0.29516714811325073,1.0,0.8953710794448853,0.9285128116607666,0.38,138
490.59300000000036,3.344800000000002,8,2,CC[C@H](C)[C@@H](O)[C@](C)(O)C=CC1=CC2=CC(=O)[C@]3(C)O[C@@](C)(OC)[C@](C)(C(=O)OC)[C@]3(C)C2=CO1,CNP0599317.1,0.995894193649292,1.0,0.3397192656993866,0.9966468214988708,0.4166666666666667,139
360.50200000000024,3.612700000000002,4,0,COCC(=O)N1C2=NC(C(C)C)=NN2C2(CCCCC2)[C@@H]2CCCC[C@@H]21,CNP0491398.1,0.998975396156311,1.0,0.9952908754348755,0.9999631643295288,0.6497080847104625,140
440.66500000000025,4.261900000000004,5,4,CCC(CO)C(O)CC(O)C(C)CCC(C)CCC[C@]1(C)[C@@H](CC)C(=O)C=C[C@@]1(C)O,CNP0104178.1,0.9819289445877075,1.0,0.9552813172340393,0.9945017099380493,0.4,141
414.53900000000016,3.311300000000002,6,2,CC[C@H](O)C[C@H]1CC[C@H]([C@@H](C)C(=O)O[C@@H](CC)C[C@@H]2CC[C@H]([C@@H](C)C(=O)O)O2)O1,CNP0348395.5,0.9997996687889099,1.0,0.9999775886535645,0.9994999170303345,0.4620568335588633,142
364.8290000000001,3.2993000000000015,5,1,COC[C@H]1CCCN1C(=O)C1=C([C@H](C)O)C(C2=CC=C(Cl)C=C2)=NO1,CNP0224762.1,0.9995586276054382,1.0,0.9999533891677856,0.9999632835388184,0.5863968048670183,143
432.6450000000003,4.797500000000005,4,3,CC(C)CCC[C@@H](C)[C@H]1CC[C@]2(O)C3=CC(=O)[C@H]4C[C@@H](O)CC[C@]4(C)[C@]3(O)CC[C@]12C,CNP0197166.3,0.9523640275001526,1.0,0.6064893007278442,0.5586140155792236,0.38333333333333336,144
440.5770000000002,2.786600000000001,7,3,CCCC(O)C1CCC(C2CCC(CC(O)CCC[C@@H](O)CC3=C[C@H](C)OC3=O)O2)O1,CNP0246913.1,0.8420620560646057,1.0,0.9377078413963318,0.9871088266372681,0.4120568335588633,145
390.43200000000024,2.965300000000001,7,1,COC1=C2C[C@@H](C(C)(C)O)OC2=CC2=C1C(=O)C=C(COC(=O)CC(C)C)O2,CNP0396174.1,0.986393392086029,1.0,0.9800153374671936,0.9983541965484619,0.4091111253514207,146
490.7250000000004,4.436600000000004,5,4,CC(C)(O)[C@H]1CC[C@@](C)([C@H]2[C@@H](O)C[C@@]3(C)[C@@H]4C[C@H](O)[C@H]5C(C)(C)[C@@H](O)CC[C@@]56CC46CC[C@]23C)O1,CNP0243356.3,0.9949350953102112,1.0,0.999362051486969,0.9976916313171387,0.3233333333333333,147
490.7250000000005,4.436600000000004,5,4,CC(C)(O)[C@@H]1CC[C@](C)([C@H]2[C@@H](O)C[C@@]3(C)[C@H]4[C@@H](O)C[C@@H]5C(C)(C)[C@@H](O)CC[C@@]56C[C@@]46CC[C@]23C)O1,CNP0134193.3,0.9813951849937439,1.0,0.9996464252471924,0.9966198205947876,0.3233333333333333,148
446.6280000000003,3.9765000000000033,5,3,CC(C)CC(=O)CC(C)C1CCC2(O)C3=CC(=O)C4CC(O)CCC4(C)C3(O)CCC12C,CNP0253449.0,0.4692135155200958,1.0,0.22311566770076752,0.8493210673332214,0.38333333333333336,149
467.60700000000037,2.9240000000000004,5,3,CC[C@H](C)[C@H](NC(=O)OC(C)(C)C)C(=O)NC[C@H]1CC[C@H](C(=O)N2CCC[C@H]2C(=O)O)CC1,CNP0389108.2,0.9989363551139832,1.0,0.999829888343811,0.9999783039093018,0.5953494732448199,150
388.4600000000002,3.4178000000000024,6,2,CCCOC1=C2C[C@@H](C(C)(C)O)OC2=CC2=C1C(=O)C=C(C1(O)CCCC1)O2,CNP0054896.1,0.9999997615814209,1.0,0.9996161460876465,0.9998008608818054,0.3181539465101109,151
384.91100000000034,4.810100000000004,3,0,O=C(C1=CC=CC(Cl)=C1)N1C2=NC=NN2C2(CCCCC2)[C@@H]2CCCC[C@@H]21,CNP0495417.1,0.9999998807907104,1.0,0.9995383024215698,0.9999735355377197,0.44666666666666666,152
428.52500000000026,4.428600000000004,6,1,CCOC(=O)C1=C2CC[C@@H](C(C)C)C=C2C2=C(C=C3O[C@H](C(C)(C)O)CC3=C2OC)O1,CNP0100441.1,0.9947662353515625,1.0,0.9999245405197144,0.989459753036499,0.4002107800689742,153
469.53800000000024,3.553600000000002,6,2,CC[C@H](C)[C@H](NC(=O)N1CCC2=CC(OC)=C(OC)C=C2C1)C(=O)NC1=CC=C2OCOC2=C1,CNP0231015.3,0.0011730471160262823,1.0,0.015236610546708107,0.9992924928665161,0.4181539465101109,154
418.5300000000002,3.2767000000000017,6,3,CC[C@H](C)C[C@H](C)C(=O)O[C@H]1CC2=CC(O)=C3C(=C2C(=O)[C@@]1(C)O)C[C@@H](O)C[C@H]3C,CNP0513832.1,0.9708022475242615,1.0,0.17402805387973785,0.9996151924133301,0.42482061317677755,155
400.51200000000017,2.9212000000000007,6,2,CC[C@H](O)C[C@H]1CC[C@H]([C@@H](C)C(=O)O[C@@H](C)C[C@@H]2CC[C@H]([C@@H](C)C(=O)O)O2)O1,CNP0280737.8,0.9999537467956543,1.0,0.9999418258666992,0.9994015693664551,0.48539016689219666,156
448.64400000000035,3.9124000000000034,5,4,C[C@@H](CCCC(C)(C)O)[C@H]1CC[C@]2(O)C3=CC(=O)[C@@]4(O)C[C@@H](O)CC[C@]4(C)[C@H]3CC[C@]12C,CNP0154423.1,0.9998375177383423,1.0,0.7603623867034912,0.6188520789146423,0.38333333333333336,157
381.586,3.0510000000000015,4,2,CCCCN(C)C[C@@H]1[C@H](CC)CN(C(=O)NCCC2=CC=CS2)[C@@H]1CO,CNP0550938.1,6.1032886151224375e-05,1.0,0.00030151018290780485,0.9958943128585815,0.3905117541626445,158
419.9090000000003,3.051800000000001,3,2,CC[C@H](C)[C@H](NC(=O)C1=CC2=CC(Cl)=CC=C2N1C)C(=O)N1CCC[C@H]1C(=O)O,CNP0387678.2,0.9459872245788574,1.0,0.9514086246490479,0.9998224377632141,0.5466666666666666,159
418.6180000000002,4.549400000000006,4,3,C=C1/C(=C\C=C2/CCC[C@]3(C)[C@@H]([C@H](C)OC[C@H](O)C(C)C)CC[C@@H]23)C[C@@H](O)C[C@@H]1O,CNP0501338.1,0.006222102791070938,1.0,0.855313241481781,0.9264957308769226,0.33666666666666667,160
461.9940000000002,4.025100000000002,7,2,CCC(CC)COC(=O)[C@@H]1C[C@H]2C[C@@H](OC3=CC=CC(Cl)=C3C3=NN=NN3)CC[C@H]2CN1,CNP0530292.1,0.9976252913475037,1.0,0.9999771118164062,0.994675874710083,0.5771784208293111,161
474.63800000000026,4.172300000000003,5,3,C[C@H](C[C@@H](C)[C@H]1CC(=O)[C@@]2(C)C3=C(C(=O)C[C@]12C)[C@@]1(C)CC[C@H](O)C(C)(C)[C@H]1C[C@@H]3O)C(=O)O,CNP0235619.1,0.9950830936431885,1.0,0.9948620200157166,0.9998936653137207,0.4505117541626445,162
484.6770000000004,4.978200000000005,5,2,CC1(C)[C@@H](O)CC[C@]2(C)[C@H]3C(=O)C=C4[C@]56C[C@](C)(C(=O)O5)[C@H](O)C[C@]6(C)CC[C@@]4(C)[C@]3(C)CC[C@@H]12,CNP0178107.1,0.8465564250946045,1.0,0.986386775970459,0.9998835325241089,0.40354411340230756,163
400.51200000000017,2.9212000000000007,6,2,CC[C@H](O)C[C@@H]1CC[C@@H]([C@@H](C)C(=O)O[C@@H](C)C[C@@H]2CC[C@@H]([C@@H](C)C(=O)O)O2)O1,CNP0280737.11,0.9999537467956543,1.0,0.9999418258666992,0.9994015693664551,0.48539016689219666,164
474.6380000000003,4.014700000000004,6,2,COC(=O)CC[C@@H](C)[C@H]1CC(=O)[C@@]2(C)C3=C(C(=O)C[C@]12C)[C@@]1(C)CC[C@H](O)C(C)(C)[C@@H]1C[C@@H]3O,CNP0321523.1,0.9731046557426453,1.0,0.7279294729232788,0.9903530478477478,0.3971784208293112,165
450.61900000000026,4.758400000000004,4,2,CO[C@H]1CC(=O)[C@@H]2[C@@H]3[C@H]4C[C@](C)([C@@]12O)[C@@]3(C)[C@]12C[C@H](CC3=CC=CC=C3O)C[C@@H]1CC[C@@H]4C2,CNP0474521.2,0.002098137279972434,1.0,0.00014561062562279403,0.31697553396224976,0.3181539465101109,166
458.55500000000023,3.270720000000002,7,3,COC1=CC(C(CC(=O)NCC2(N(C)C)CCCCC2)C2=C(O)C(=O)C=C(C)O2)=CC=C1O,CNP0413299.0,0.6734368801116943,1.0,0.2271651178598404,0.9993011951446533,0.41333333333333333,167
477.5170000000003,3.654120000000003,7,3,COC1=CC(C(CC(=O)N[C@@H](C)C2=NC3=CC=CC=C3N2C)C2=C(O)C(=O)C=C(C)O2)=CC=C1O,CNP0411222.1,0.9952138662338257,1.0,0.8073083758354187,0.9999403953552246,0.4666666666666667,168
467.6030000000003,3.365300000000002,8,3,CCCC[C@H](CCCO)[C@H](C[C@H](CCC1=CC=C(O)C(OC)=C1)OC(=O)CNC)OC(C)=O,CNP0099281.1,0.001175698242150247,1.0,0.5884872078895569,0.9834497570991516,0.3691111253514207,169
476.61000000000024,2.8971000000000013,6,4,C[C@@H](CCC(=O)O)[C@H]1CC(=O)[C@@]2(C)C3=C(C(=O)[C@@H](O)[C@]12C)[C@@]1(C)CC[C@H](O)C(C)(C)[C@@H]1C[C@@H]3O,CNP0288019.3,0.7820408940315247,1.0,0.7788259387016296,0.996541440486908,0.4266666666666667,170
488.7090000000004,4.658100000000005,5,3,C[C@@H]1C[C@H]2O[C@@]3(O[C@@H]2C(C)(C)O)[C@H](O)[C@@]2(C)[C@@H]4CC[C@H]5C(C)(C)[C@@H](O)CC[C@@]56C[C@@]46CC[C@]2(C)[C@@H]13,CNP0264366.5,0.29516714811325073,1.0,0.8953710794448853,0.9285128116607666,0.38,171
469.62300000000033,3.073800000000001,5,4,CC[C@@H](C)[C@H](NC(=O)[C@H]1CC[C@H](CNC(=O)[C@H](NC(=O)OC(C)(C)C)C(C)C)CC1)C(=O)O,CNP0333052.5,0.9972008466720581,1.0,0.9966301321983337,0.9998130202293396,0.5542905121746431,172
400.51200000000017,2.9212000000000007,6,2,CC[C@H](O)C[C@@H]1CC[C@H]([C@@H](C)C(=O)O[C@@H](C)C[C@@H]2CC[C@H]([C@@H](C)C(=O)O)O2)O1,CNP0280737.5,0.9999537467956543,1.0,0.9999418258666992,0.9994015693664551,0.48539016689219666,173
490.7250000000004,4.436600000000004,5,4,CC(C)(O)[C@H]1CC[C@](C)([C@H]2[C@@H](O)C[C@@]3(C)[C@@H]4C[C@H](O)[C@H]5C(C)(C)[C@@H](O)CC[C@@]56C[C@@]46CC[C@]23C)O1,CNP0243356.5,0.9949350953102112,1.0,0.999362051486969,0.9976916313171387,0.3233333333333333,174
460.69600000000037,4.266600000000002,6,4,CC[C@@H](C)CC[C@H](O[C@@H]1O[C@H](CO)[C@@H](O)[C@H](O)[C@H]1O)[C@@H](C)CCC[C@@H](C)CCCC(C)C,CNP0557594.1,0.9780564308166504,1.0,0.999671459197998,0.9995525479316711,0.44333333333333336,175
460.65500000000026,4.078400000000004,5,3,CC(C)[C@H](C)CC(=O)[C@@H](C)[C@H]1CC[C@@]2(O)C3=CC(=O)[C@@H]4C[C@@H](O)[C@@H](O)C[C@]4(C)[C@H]3CC[C@]12C,CNP0311215.1,0.24109353125095367,1.0,0.025173697620630264,0.9818226099014282,0.36333333333333334,176
490.7250000000004,4.294100000000004,5,4,CC(C)(O)[C@@H]1CO[C@@](C)([C@H]2[C@@H](O)C[C@@]3(C)[C@@H]4C[C@H](O)[C@H]5C(C)(C)[C@@H](O)CC[C@@]56C[C@@]46CC[C@]23C)C1,CNP0254532.1,0.9999761581420898,1.0,0.9999909400939941,0.9997488856315613,0.33539016689219664,177
490.7250000000004,4.436600000000004,5,4,CC(C)(O)[C@H]1CC[C@@](C)(C2[C@@H](O)C[C@@]3(C)[C@@H]4C[C@H](O)C5C(C)(C)[C@@H](O)CCC56CC46CC[C@]23C)O1,CNP0243356.1,0.9949350953102112,1.0,0.999362051486969,0.9976916313171387,0.3233333333333333,178
490.7250000000005,4.436600000000004,5,4,CC(C)(O)[C@H]1CC[C@@](C)([C@@H]2[C@@H](O)C[C@@]3(C)[C@@H]4[C@H](O)C[C@H]5C(C)(C)[C@@H](O)CC[C@@]56C[C@@]46CC[C@]23C)O1,CNP0134193.4,0.9813951849937439,1.0,0.9996464252471924,0.9966198205947876,0.3233333333333333,179
402.48700000000025,3.8079000000000027,6,2,CCCOC1=C2C[C@@H](C(C)(C)O)OC2=CC2=C1C(=O)C=C(C1(O)CCCCC1)O2,CNP0051858.1,1.0,1.0,0.9998706579208374,0.9999357461929321,0.3481539465101109,180
454.5230000000002,3.6693000000000024,7,1,CCCOC1=C2C[C@@H](C(C)(C)O)OC2=CC2=C1/C(=C/CN1C=CN=C1)C=C(C(=O)OCC)O2,CNP0406772.1,0.999995231628418,1.0,0.9995331764221191,0.9997393488883972,0.4063078930202218,181
450.61900000000026,4.758400000000004,4,2,CO[C@@H]1CC(=O)[C@H]2[C@@H]3[C@@H]4C[C@](C)([C@@]12O)[C@@]3(C)[C@]12C[C@H](CC3=CC=CC=C3O)C[C@H]1CC[C@H]4C2,CNP0474521.1,0.002098137279972434,1.0,0.00014561062562279403,0.31697553396224976,0.3181539465101109,182
490.7250000000004,4.436600000000004,5,4,CC(C)(O)[C@H]1CC[C@](C)([C@H]2[C@H](O)C[C@@]3(C)[C@@H]4C[C@H](O)[C@@H]5C(C)(C)[C@H](O)CC[C@]56C[C@]46CC[C@]23C)O1,CNP0243356.13,0.9949350953102112,1.0,0.999362051486969,0.9976916313171387,0.3233333333333333,183
469.6230000000003,3.073800000000002,5,4,CC[C@@H](C)[C@H](NC(=O)OC(C)(C)C)C(=O)NC[C@H]1CC[C@H](C(=O)N[C@@H](C(=O)O)C(C)C)CC1,CNP0318173.3,0.996482253074646,1.0,0.997913658618927,0.9998100399971008,0.5476238455079764,184
483.6500000000004,3.4639000000000015,5,4,CCC(C)[C@H](NC(=O)[C@H]1CC[C@H](CNC(=O)[C@@H](NC(=O)OC(C)(C)C)C(C)CC)CC1)C(=O)O,CNP0389017.1,0.9977188110351562,1.0,0.9984444975852966,0.9998314380645752,0.5409571788413098,185
476.61000000000024,2.8971000000000013,6,4,C[C@H](CCC(=O)O)[C@H]1CC(=O)[C@@]2(C)C3=C(C(=O)[C@@H](O)[C@]12C)[C@@]1(C)CC[C@H](O)C(C)(C)[C@H]1C[C@@H]3O,CNP0288019.2,0.7820408940315247,1.0,0.7788259387016296,0.996541440486908,0.4266666666666667,186
497.6730000000003,4.830300000000004,6,1,CCCCC(C)CC(C)C(=O)N1CCC[C@H]1C(=O)O[C@@H](C(=O)O[C@H](C(=O)O)[C@@H](C)CC)[C@@H](C)CC,CNP0121132.2,1.0,1.0,0.9999984502792358,0.9999984502792358,0.51,187
400.51200000000017,2.921200000000002,6,2,CC[C@@H](C[C@@H]1CC[C@H]([C@@H](C)C(=O)O)O1)OC(=O)[C@@H](C)[C@@H]1CC[C@H](C[C@@H](C)O)O1,CNP0254170.2,0.9987082481384277,1.0,0.9999353885650635,0.9997250437736511,0.4720568335588633,188
490.7250000000004,4.436600000000004,5,4,CC(C)(O)[C@@H]1CC[C@](C)([C@@H]2[C@@H](O)C[C@@]3(C)[C@@H]4C[C@H](O)[C@H]5C(C)(C)[C@@H](O)CC[C@@]56C[C@@]46CC[C@]23C)O1,CNP0243356.2,0.9949350953102112,1.0,0.999362051486969,0.9976916313171387,0.3233333333333333,189
367.45700000000005,3.4892200000000013,5,2,CCCCC(CC)C1CC(=O)NC2=C1C(C)=NN2C1=NC=NC2=C1N=CN2,CNP0399570.0,0.9707872867584229,1.0,0.6559295058250427,0.9998624324798584,0.48533236733942203,190
390.43200000000013,2.965300000000002,7,1,CCC(C)C(=O)OCC1=CC(=O)C2=C(OC)C3=C(C=C2O1)O[C@H](C(C)(C)O)C3,CNP0259185.1,0.9970904588699341,1.0,0.9956738352775574,0.9998582601547241,0.4257777920180874,191
489.57200000000023,4.964320000000003,6,3,CC[C@H](C)[C@H](NC(=O)CC(C1=CC=C(OC)C=C1)C1=C(O)C(=O)C=C(C)O1)C1=NC2=CC=CC=C2N1,CNP0365556.1,0.9199295043945312,1.0,0.9125782251358032,0.9998335838317871,0.47333333333333333,192
376.88400000000024,4.843100000000004,4,1,CCN(C(=O)C1=C([C@H](C)O)ON=C1C1=CC=C(Cl)C=C1)C1CCCCC1,CNP0243833.1,0.9998451471328735,1.0,0.9994603991508484,0.9997832179069519,0.5288412635517723,193
414.4980000000003,4.3251000000000035,6,1,C=C1C=C(C(=O)OCC)OC2=CC3=C(C[C@@H](C(C)(C)O)O3)C(OC3CCCCC3)=C12,CNP0370725.1,0.9985079169273376,1.0,0.9998441934585571,0.982987642288208,0.4202107800689742,194
360.4500000000001,4.122520000000003,5,0,CC[C@H](C)CC(=O)O[C@H]1CC[C@@H]2CC3=C(C(C)=CO3)[C@@H]3OC(=O)[C@H]1[C@]23C,CNP0109654.1,0.03856150060892105,1.0,0.024877479299902916,0.9993995428085327,0.35354411340230757,195
490.7250000000005,4.436600000000004,5,4,CC(C)(O)[C@H]1CC[C@@](C)([C@H]2[C@@H](O)C[C@@]3(C)[C@@H]4[C@H](O)C[C@H]5C(C)(C)[C@@H](O)CC[C@@]56C[C@@]46CC[C@]23C)O1,CNP0134193.2,0.9813951849937439,1.0,0.9996464252471924,0.9966198205947876,0.3233333333333333,196
454.51900000000023,3.895800000000003,7,1,CCOC(=O)C1=C2CC[C@H]3CC(=O)CCC3=C2C2=C(C=C3O[C@H](C(C)(C)O)CC3=C2OC)O1,CNP0098557.1,0.9974204301834106,1.0,0.9998364448547363,0.9962701797485352,0.3635441134023075,197
412.4860000000002,2.8379000000000003,5,2,COC(=O)[C@@H](CC1=CC=CC=C1)NC(=O)[C@@H](NC(=O)OCC1=CC=CC=C1)C(C)C,CNP0105105.2,0.999548614025116,1.0,0.9994107484817505,0.9998669624328613,0.5833333333333334,198
469.6230000000003,3.073800000000002,5,4,CC[C@H](C)[C@H](NC(=O)OC(C)(C)C)C(=O)NC[C@H]1CC[C@H](C(=O)N[C@@H](C(=O)O)C(C)C)CC1,CNP0318173.6,0.996482253074646,1.0,0.997913658618927,0.9998100399971008,0.5476238455079764,199
490.7250000000005,4.484300000000004,5,4,C[C@H](C[C@H](O)[C@H](O)C(C)(C)O)[C@H]1[C@H](O)C[C@@]2(C)[C@@H]3CC[C@H]4C(C)(C)C(=O)CC[C@@]45C[C@@]35CC[C@]12C,CNP0287040.2,0.9952757358551025,1.0,0.9981903433799744,0.9571301937103271,0.3566666666666667,200
448.6440000000003,3.6242000000000028,5,4,C[C@H]([C@H](C)CC(C)(C)O)[C@@H]1CC[C@@]2(O)C3=CC(=O)[C@H]4C[C@@H](O)[C@@H](O)C[C@]4(C)[C@H]3CC[C@]12C,CNP0225117.2,0.9835221767425537,1.0,0.8077587485313416,0.999009370803833,0.4081539465101109,201
414.53900000000016,3.311300000000002,6,2,CC[C@H](O)C[C@@H]1CC[C@H]([C@H](C)C(=O)O[C@H](CC)C[C@@H]2CC[C@H]([C@H](C)C(=O)O)O2)O1,CNP0348395.10,0.9997996687889099,1.0,0.9999775886535645,0.9994999170303345,0.4620568335588633,202
428.52500000000026,4.340500000000003,6,2,CC(C)(O)[C@@H]1CC2=C(C=C3OC(C4(O)CCCCC4)=CC(=O)C3=C2OC2CCCC2)O1,CNP0371104.1,0.9999302625656128,1.0,0.9992721676826477,0.9992215633392334,0.35893428029450425,203
469.62300000000033,3.073800000000001,5,4,CCC(C)[C@H](NC(=O)[C@H]1CC[C@H](CNC(=O)[C@H](NC(=O)OC(C)(C)C)C(C)C)CC1)C(=O)O,CNP0333052.1,0.9972008466720581,1.0,0.9966301321983337,0.9998130202293396,0.5542905121746431,204
435.52800000000013,4.161700000000002,5,2,CCCCC(=O)N(CC1=CC=C(C2=CC=CC=C2C2=NN=NN2)C=C1)[C@H](C(=O)O)C(C)C,CNP0542698.1,0.9999945163726807,1.0,0.9996312856674194,0.9996579885482788,0.5266666666666666,205
389.5840000000001,4.392700000000005,3,2,CCCCN(C)C[C@@H]1[C@H](CC)CN(C(=O)NC2=CC=C(C(C)C)C=C2)[C@@H]1CO,CNP0507235.1,0.0036789108999073505,1.0,0.015802372246980667,0.9999607801437378,0.49480226633728763,206
382.5080000000003,4.903000000000005,4,0,CCCC(=O)N1C2=NC(C3=CC=CO3)=NN2C2(CCCCC2)[C@@H]2CCCC[C@@H]21,CNP0498958.1,0.9996485710144043,1.0,0.9773986339569092,0.9998612403869629,0.550219838873107,207
414.53900000000016,3.311300000000002,6,2,CC[C@@H](O)C[C@H]1CC[C@H]([C@@H](C)C(=O)O[C@@H](CC)C[C@@H]2CC[C@H]([C@@H](C)C(=O)O)O2)O1,CNP0348395.4,0.9997996687889099,1.0,0.9999775886535645,0.9994999170303345,0.4620568335588633,208
490.6370000000003,2.9855000000000014,7,3,COC(=O)CC[C@@H](C)[C@H]1CC(=O)[C@@]2(C)C3=C(C(=O)[C@@H](O)[C@]12C)[C@@]1(C)CC[C@H](O)C(C)(C)[C@@H]1C[C@@H]3O,CNP0188545.1,0.9986068606376648,1.0,0.9903000593185425,0.9981473684310913,0.3933333333333333,209
393.9590000000001,3.3152000000000017,3,1,CCN(CC)C(=O)[C@@H]1CCC[C@@H](NCC2=CC=CC(Cl)=C2)CN(C)C(=O)C1,CNP0195620.1,0.0005788551061414182,1.0,0.0003179246559739113,0.999923586845398,0.39872350022553,210
469.62300000000033,3.073800000000001,5,4,CCC(C)[C@H](NC(=O)[C@H]1CC[C@H](CNC(=O)[C@@H](NC(=O)OC(C)(C)C)C(C)C)CC1)C(=O)O,CNP0333052.2,0.9972008466720581,1.0,0.9966301321983337,0.9998130202293396,0.5542905121746431,211
460.0180000000005,3.852920000000003,5,1,CC1=C(C(=O)NCCN2CCN(C3=CC(Cl)=CC=C3C)CC2)C2(CCCCCC2)OC1=O,CNP0492941.0,0.977272629737854,1.0,0.9871464967727661,0.9998558759689331,0.4814872798434442,212
419.9090000000003,3.051800000000001,3,2,CC[C@@H](C)[C@H](NC(=O)C1=CC2=CC(Cl)=CC=C2N1C)C(=O)N1CCC[C@H]1C(=O)O,CNP0387678.3,0.9459872245788574,1.0,0.9514086246490479,0.9998224377632141,0.5466666666666666,213
412.4860000000002,2.8379000000000003,5,2,COC(=O)[C@H](CC1=CC=CC=C1)NC(=O)[C@@H](NC(=O)OCC1=CC=CC=C1)C(C)C,CNP0105105.3,0.999548614025116,1.0,0.9994107484817505,0.9998669624328613,0.5833333333333334,214
483.5900000000003,2.777520000000001,5,2,COC(=O)[C@@H](CC1=CNC2=CC=CC=C12)NC(=O)C1CCCN(S(=O)(=O)C2=CC=C(C)C=C2)C1,CNP0105423.1,0.9758490324020386,1.0,0.9726545810699463,0.9999308586120605,0.6166666666666667,215
435.5420000000003,3.9806000000000035,7,1,CCOC(=O)C1=C(NC(=O)[C@@H]2CC(=O)OC23CCCCC3)SC2=C1CC(C)(C)OC2,CNP0529636.1,0.9995473027229309,1.0,0.9953696131706238,0.9994931221008301,0.44577779201808737,216
435.5420000000003,3.9806000000000035,7,1,CCOC(=O)C1=C(NC(=O)[C@H]2CC(=O)OC23CCCCC3)SC2=C1CC(C)(C)OC2,CNP0529636.2,0.9995473027229309,1.0,0.9953696131706238,0.9994931221008301,0.44577779201808737,217
483.6500000000004,3.4639000000000015,5,4,CC[C@@H](C)[C@H](NC(=O)[C@H]1CC[C@H](CNC(=O)[C@@H](NC(=O)OC(C)(C)C)[C@H](C)CC)CC1)C(=O)O,CNP0389017.5,0.9977188110351562,1.0,0.9984444975852966,0.9998314380645752,0.5409571788413098,218
481.6770000000002,4.599500000000004,5,3,CO[C@@H]1CC(=O)[C@H]2[C@@H]3C[C@H]4CC[C@]5(CC[C@@H](CC6=CC=CC(NC[C@H](C)O)=C6)C5)[C@]3(C)[C@@]4(C)[C@@]12O,CNP0477525.1,0.9141241312026978,1.0,0.8471481204032898,0.9982652068138123,0.4211285061969994,219
412.4860000000002,2.8379000000000003,5,2,COC(=O)[C@H](CC1=CC=CC=C1)NC(=O)[C@H](NC(=O)OCC1=CC=CC=C1)C(C)C,CNP0105105.1,0.999548614025116,1.0,0.9994107484817505,0.9998669624328613,0.5833333333333334,220
497.6730000000003,4.830300000000004,6,1,CCCC[C@H](C)C[C@H](C)C(=O)N1CCC[C@H]1C(=O)O[C@@H](C(=O)O[C@H](C(=O)O)[C@@H](C)CC)[C@@H](C)CC,CNP0121132.1,1.0,1.0,0.9999984502792358,0.9999984502792358,0.51,221
414.53900000000016,3.311300000000002,6,2,CC[C@H](O)C[C@@H]1CC[C@H]([C@@H](C)C(=O)O[C@@H](CC)C[C@@H]2CC[C@H]([C@@H](C)C(=O)O)O2)O1,CNP0348395.9,0.9997996687889099,1.0,0.9999775886535645,0.9994999170303345,0.4620568335588633,222
481.6770000000002,4.599500000000004,5,3,CO[C@@H]1CC(=O)[C@H]2[C@@H]3C[C@@H]4CC[C@]5(CC[C@H](CC6=CC=CC(NC[C@H](C)O)=C6)C5)[C@]3(C)[C@@]4(C)[C@@]12O,CNP0477525.2,0.9141241312026978,1.0,0.8471481204032898,0.9982652068138123,0.4211285061969994,223
417.5020000000002,3.317740000000003,5,3,CCC(C)[C@@H](C(=O)O)N1C(C)=CC2=C3C[C@@H](C(C)(C)O)COC3=C(C)C(O)=C2C1=O,CNP0556046.1,0.9996562004089355,1.0,0.9995063543319702,0.9999929666519165,0.48301401240017316,224
486.6490000000004,3.4369000000000023,6,4,CC(C)[C@@](O)([C@H](C)O)[C@@H]1C=C([C@H]2[C@H](O)C[C@H]3C4=CC[C@H]5C[C@@H](O)CC[C@]5(C)C4=CC[C@@]32C)C(=O)O1,CNP0349415.1,0.9981902241706848,1.0,0.9936662316322327,0.9844531416893005,0.4320568335588633,225
469.6230000000003,3.073800000000002,5,4,CC[C@@H](C)[C@H](NC(=O)OC(C)(C)C)C(=O)NC[C@H]1CC[C@H](C(=O)N[C@H](C(=O)O)C(C)C)CC1,CNP0318173.5,0.996482253074646,1.0,0.997913658618927,0.9998100399971008,0.5476238455079764,226
414.53900000000016,3.009600000000002,7,1,CCOC(=O)[C@H](C)[C@H]1CC[C@@H](C[C@H](C)OC(=O)[C@@H](C)[C@@H]2CC[C@H](C[C@@H](C)O)O2)O1,CNP0141650.1,0.8407017588615417,1.0,0.999369204044342,0.995144784450531,0.39872350022553,227
490.7250000000004,4.436600000000004,5,4,CC(C)(O)[C@@H]1CC[C@](C)([C@H]2[C@@H](O)C[C@@]3(C)[C@@H]4C[C@H](O)[C@H]5C(C)(C)[C@@H](O)CC[C@@]56C[C@@]46CC[C@]23C)O1,CNP0243356.6,0.9949350953102112,1.0,0.999362051486969,0.9976916313171387,0.3233333333333333,228
386.857,3.329600000000002,5,2,CC(C)CS(=O)(=O)N[C@H](C)C1=C(C(=O)O)C(C2=CC=C(Cl)C=C2)=NO1,CNP0015414.1,0.9999945163726807,1.0,0.9999998807907104,0.9999871253967285,0.6514872798434442,229
494.5880000000004,4.592000000000004,7,1,CCOC(=O)C1=C/C(=C\CN2C=CN=C2)C2=C(C=C3O[C@H](C(C)(C)O)CC3=C2OC2CCCCC2)O1,CNP0115667.1,0.9999529123306274,1.0,0.9999206066131592,0.9994725584983826,0.45503139324575176,230
374.4330000000001,3.402400000000002,6,1,CC/C=C1\C=C(C(=O)OCC)OC2=CC3=C(C[C@@H](C(C)(C)O)O3)C(OC)=C12,CNP0088034.1,0.9995775818824768,1.0,0.9994410872459412,0.8711106181144714,0.35148727984344424,231
400.51200000000017,2.9212000000000007,6,2,CC[C@@H](O)C[C@@H]1CC[C@@H]([C@@H](C)C(=O)O[C@@H](C)C[C@@H]2CC[C@@H]([C@@H](C)C(=O)O)O2)O1,CNP0280737.12,0.9999537467956543,1.0,0.9999418258666992,0.9994015693664551,0.48539016689219666,232
476.61000000000024,2.8971000000000013,6,4,C[C@H](CCC(=O)O)[C@H]1CC(=O)[C@@]2(C)C3=C(C(=O)[C@@H](O)[C@]12C)[C@@]1(C)CC[C@H](O)C(C)(C)[C@@H]1C[C@@H]3O,CNP0288019.1,0.7820408940315247,1.0,0.7788259387016296,0.996541440486908,0.4266666666666667,233
490.7250000000004,4.436600000000004,5,4,CC(C)(O)[C@@H]1CC[C@](C)([C@H]2[C@@H](O)C[C@@]3(C)[C@H]4C[C@H](O)[C@@H]5C(C)(C)[C@@H](O)CC[C@@]56C[C@@]46CC[C@]23C)O1,CNP0243356.12,0.9949350953102112,1.0,0.999362051486969,0.9976916313171387,0.3233333333333333,234
358.5300000000002,4.766400000000004,3,0,CCCC(=O)N1C2=NC(C(C)C)=NN2C2(CCCCC2)[C@@H]2CCCC[C@@H]21,CNP0540865.1,0.9929763078689575,1.0,0.9744768142700195,0.9999649524688721,0.5560159777306842,235
414.53900000000016,3.311300000000002,6,2,CC[C@H](O)C[C@@H]1CC[C@H]([C@H](C)C(=O)O[C@H](CC)C[C@@H]2CC[C@H]([C@@H](C)C(=O)O)O2)O1,CNP0348395.11,0.9997996687889099,1.0,0.9999775886535645,0.9994999170303345,0.4620568335588633,236
448.5560000000002,2.7045000000000003,6,4,CC(C)C1=C2C3=CC=C(C(=O)O)C[C@H](O[C@@H]4OC[C@@H](O)[C@H](O)[C@H]4O)[C@]3(C)CC[C@@]2(C)CC1,CNP0458916.1,0.06561863422393799,1.0,0.9826453924179077,0.9955732822418213,0.37333333333333335,237
495.0410000000003,4.1734000000000036,6,1,COC1=C2CN(C)CCC2=C(S(=O)(=O)NCC[C@H](C2=CC=C(Cl)C=C2)C(C)C)C2=C1OCO2,CNP0397279.2,0.9951127171516418,1.0,0.9600423574447632,0.9906099438667297,0.5796412263535551,238
432.6450000000003,4.797500000000005,4,3,CC(C)CCC[C@@H](C)[C@@H]1CC[C@@]2(O)C3=CC(=O)[C@H]4C[C@@H](O)CC[C@]4(C)[C@@]3(O)CC[C@]12C,CNP0197166.2,0.9523640275001526,1.0,0.6064893007278442,0.5586140155792236,0.38333333333333336,239
426.4690000000002,2.889100000000001,7,1,CCOC(=O)C1=C/C(=C\CN2C=CN=C2)C2=C(C=C3O[C@H](C(C)(C)O)CC3=C2OC)O1,CNP0311137.1,0.9998804330825806,1.0,0.9996922016143799,0.9997333884239197,0.3929745596868885,240
414.53900000000016,3.311300000000002,6,2,CC[C@@H](O)C[C@@H]1CC[C@@H]([C@@H](C)C(=O)O[C@@H](CC)C[C@@H]2CC[C@@H]([C@@H](C)C(=O)O)O2)O1,CNP0348395.8,0.9997996687889099,1.0,0.9999775886535645,0.9994999170303345,0.4620568335588633,241
467.60700000000037,2.9240000000000004,5,3,CCC(C)[C@H](NC(=O)OC(C)(C)C)C(=O)NC[C@H]1CC[C@H](C(=O)N2CCC[C@H]2C(=O)O)CC1,CNP0389108.1,0.9989363551139832,1.0,0.999829888343811,0.9999783039093018,0.5953494732448199,242
414.5500000000002,3.316740000000002,5,2,CC[C@@H]1CN(C(=O)NC2=C(C)ON=C2C)[C@H](CO)[C@@H]1CN(C)CCC1=CC=CC=C1,CNP0570963.1,0.00022138701751828194,1.0,7.790132804075256e-05,0.9997298121452332,0.4434863138495329,243
464.5180000000002,3.9754000000000023,6,2,C=C1C=C(C(=O)OCC)OC2=CC3=C(C[C@@H](C(C)(C)O)O3)C(OCCN3C=CC4=C3C=CN4)=C12,CNP0299782.1,0.9972298741340637,1.0,0.8950517773628235,0.9981532692909241,0.4196412263535551,244
483.6500000000004,3.4639000000000015,5,4,CC[C@@H](C)[C@H](NC(=O)[C@H]1CC[C@@H](CNC(=O)[C@@H](NC(=O)OC(C)(C)C)[C@@H](C)CC)CC1)C(=O)O,CNP0389017.3,0.9977188110351562,1.0,0.9984444975852966,0.9998314380645752,0.5409571788413098,245
474.6380000000003,4.172300000000004,5,3,C[C@H](C[C@H](C)C(=O)O)[C@H]1CC(=O)[C@@]2(C)C3=C(C(=O)C[C@]12C)[C@@]1(C)CC[C@H](O)C(C)(C)[C@H]1C[C@@H]3O,CNP0235619.2,0.9950830936431885,1.0,0.9948620200157166,0.9998936653137207,0.4505117541626445,246
487.7010000000003,3.879170000000003,5,4,CC(C)(O)[C@@H]1[CH]C[C@](C)([C@H]2[C@@H](O)C[C@@]3(C)[C@@H]4C[C@H](O)[C@H]5C(C)(C)[C@@H](O)[CH]C[C@@]56C[C@@]46[CH]C[C@@]23C)O1,CNP0576094.1,0.9890011548995972,1.0,0.9947690367698669,0.9993566870689392,0.31666666666666665,247
384.56800000000027,4.985600000000005,3,0,CCC1=NN2C(=N1)N(C(=O)C1CCCCC1)[C@H]1CCCC[C@H]1C21CCCCC1,CNP0549357.1,0.997553288936615,1.0,0.9798294305801392,0.9999681711196899,0.4711953645539067,248
370.4900000000002,2.9330000000000007,4,3,CC[C@H](C)[C@H](NC(=O)OC(C)(C)C)C(=O)NC[C@H]1CC[C@H](C(=O)O)CC1,CNP0260069.1,0.9973918199539185,1.0,0.997930645942688,0.9998440742492676,0.5266666666666666,249
496.6040000000003,4.274020000000005,7,2,COC1=CC([C@@H]2C(C(=O)C3=CC=C(OCC(C)C)C(C)=C3)=C(O)C(=O)N2CCCN(C)C)=CC=C1O,CNP0371411.2,0.6686928868293762,1.0,0.7461516261100769,0.9984170198440552,0.38256858772150787,250
400.51200000000017,2.9212000000000007,6,2,CC[C@@H](O)C[C@H]1CC[C@H]([C@@H](C)C(=O)O[C@@H](C)C[C@@H]2CC[C@H]([C@@H](C)C(=O)O)O2)O1,CNP0280737.10,0.9999537467956543,1.0,0.9999418258666992,0.9994015693664551,0.48539016689219666,251
476.61000000000024,2.8971000000000013,6,4,C[C@H](CCC(=O)O)[C@H]1CC(=O)[C@@]2(C)C3=C(C(=O)[C@H](O)[C@]12C)[C@@]1(C)CC[C@H](O)C(C)(C)[C@@H]1C[C@@H]3O,CNP0288019.4,0.7820408940315247,1.0,0.7788259387016296,0.996541440486908,0.4266666666666667,252
418.61800000000017,4.693500000000006,4,3,C=C1/C(=C\C=C2/CCC[C@]3(C)[C@@H]([C@H](C)OCCC(C)(C)O)CC[C@@H]23)C[C@@H](O)C[C@@H]1O,CNP0074715.1,0.9198735356330872,1.0,0.9778724908828735,0.974150538444519,0.37,253
480.5610000000004,4.059400000000004,7,1,CCOC(=O)C1=C/C(=C\CN2C=CN=C2)C2=C(C=C3O[C@H]([C@@](C)(O)C4CCCC4)CC3=C2OC)O1,CNP0089527.1,0.9999154806137085,1.0,0.9995377063751221,0.9995273351669312,0.42169805991241843,254
482.57700000000034,4.087600000000004,7,1,CCOC(=O)C1=C/C(=C\CN2C=CN=C2CC(C)C)C2=C(C=C3O[C@H](C(C)(C)O)CC3=C2OC)O1,CNP0089471.1,0.9999988079071045,1.0,0.9999909400939941,0.9999128580093384,0.537795172863666,255
490.60400000000016,3.5809000000000006,4,4,CC[C@H](C)[C@H](NC(C)=O)C(=O)N(C)[C@@H](CC1=CC=C(O)C=C1)C(=O)N/C=C\C1=CNC2=CC=CC=C12,CNP0513120.2,0.999990701675415,0.9999998807907104,0.9993840456008911,0.9999713897705078,0.6233333333333333,256
448.64400000000035,3.7683000000000026,5,4,C[C@H]([C@H](O)CCC(C)(C)O)[C@H]1CC[C@@]2(O)C3=CC(=O)[C@@H]4C[C@@H](O)CC[C@]4(C)[C@H]3CC[C@]12C,CNP0243690.1,0.9951914548873901,0.9999998807907104,0.3088393211364746,0.864215075969696,0.43,257
409.95800000000025,3.3016000000000014,4,2,CC[C@@H]1CN(C(=O)NC2=CC=CC(Cl)=C2)[C@H](CO)[C@@H]1CN1CCC[C@@H]1COC,CNP0578354.1,0.004700939636677504,0.9999998807907104,0.20923054218292236,0.9996976852416992,0.44306347153368497,258
490.60400000000016,3.5809000000000006,4,4,CC[C@H](C)[C@H](NC(C)=O)C(=O)N(C)[C@@H](CC1=CC=C(O)C=C1)C(=O)N/C=C/C1=CNC2=CC=CC=C12,CNP0513120.1,0.999990701675415,0.9999998807907104,0.9993840456008911,0.9999713897705078,0.6233333333333333,259
419.5250000000003,4.4543000000000035,3,3,O=C(N[C@@H](CC1=CNC2=CC=CC=C12)C(=O)NC1CCCCC1)OCC1=CC=CC=C1,CNP0496838.2,0.032487865537405014,0.9999998807907104,0.9964292645454407,0.9998650550842285,0.48333333333333334,260
388.54800000000023,4.980840000000005,4,0,CC(=O)OCC[C@@H](C)CCC1=C(C)C(C)=CC2=C1CC[C@H](OC(C)=O)C2(C)C,CNP0324636.1,0.1785038560628891,0.9999998807907104,0.6469457149505615,0.8839346766471863,0.3381539465101109,261
419.5250000000003,4.4543000000000035,3,3,O=C(N[C@H](CC1=CNC2=CC=CC=C12)C(=O)NC1CCCCC1)OCC1=CC=CC=C1,CNP0496838.1,0.032487865537405014,0.9999998807907104,0.9964292645454407,0.9998650550842285,0.48333333333333334,262
498.6600000000004,4.480700000000004,6,2,CC1=CC[C@H]([C@](C)(O)[C@H]2CC[C@@]3(C)[C@@H]4C[C@@H](O)[C@H]5C(C)(C)OC(=O)C=C[C@@]56C[C@@]46CC[C@]23C)OC1=O,CNP0171854.2,0.32824385166168213,0.9999998807907104,0.4036177694797516,0.988837480545044,0.35872350022552996,263
478.6150000000003,2.916500000000001,5,4,CC[C@@H](C)[C@H](NC(=O)N1C2=CC=CC=C2NC(=O)[C@@H]1C(C)C)C(=O)N[C@H](CCSC)C(=O)O,CNP0197225.4,0.00796860083937645,0.9999998807907104,0.016083145514130592,0.9997336268424988,0.5224444586847541,264
448.64400000000035,3.7683000000000026,5,4,C[C@@H]([C@H](O)CCC(C)(C)O)[C@H]1CC[C@]2(O)C3=CC(=O)[C@@H]4C[C@H](O)CC[C@]4(C)[C@H]3CC[C@]12C,CNP0243690.6,0.9951914548873901,0.9999998807907104,0.3088393211364746,0.864215075969696,0.43,265
478.6150000000003,2.916500000000001,5,4,CC[C@H](C)[C@H](NC(=O)N1C2=CC=CC=C2NC(=O)[C@@H]1C(C)C)C(=O)N[C@@H](CCSC)C(=O)O,CNP0197225.6,0.00796860083937645,0.9999998807907104,0.016083145514130592,0.9997336268424988,0.5224444586847541,266
442.5520000000003,4.632200000000005,6,3,COC1=C2C[C@H](C3=CC=C(O)C(CCC(C)(C)O)=C3O)COC2=CC2=C1CCC(C)(C)O2,CNP0583236.1,0.9311590790748596,0.9999998807907104,0.9859420657157898,0.9809982180595398,0.38482061317677757,267
448.64400000000035,3.7683000000000026,5,4,C[C@H]([C@H](O)CCC(C)(C)O)[C@@H]1CC[C@@]2(O)C3=CC(=O)[C@@H]4C[C@H](O)CC[C@]4(C)[C@H]3CC[C@]12C,CNP0243690.4,0.9951914548873901,0.9999998807907104,0.3088393211364746,0.864215075969696,0.43,268
386.8350000000001,4.5526000000000035,5,2,COC1=CC=C(C2=NOC([C@@H](C)NCC3=CC=CC(Cl)=C3)=C2C(=O)O)C=C1,CNP0015380.1,0.9987820982933044,0.9999998807907104,0.9996132254600525,0.9980592131614685,0.543063471533685,269
463.49000000000024,3.6437200000000023,7,4,COC1=CC(C(CC(=O)N[C@@H](C)C2=NC3=CC=CC=C3N2)C2=C(O)C(=O)C=C(C)O2)=CC=C1O,CNP0144031.1,0.9555386900901794,0.9999998807907104,0.9712207913398743,0.9998212456703186,0.48,270
356.51400000000024,4.423200000000004,3,0,O=C(C1CCCCC1)N1C2=NC=NN2C2(CCCCC2)[C@@H]2CCCC[C@@H]21,CNP0556812.1,0.9993471503257751,0.9999998807907104,0.9905180335044861,0.9999139308929443,0.39217089023470647,271
368.4770000000001,4.583040000000003,3,2,CC[C@H](C)[C@@H](NC(=O)OCC1=CC=CC=C1)C(=O)NC1=CC=C(C)C(C)=C1,CNP0552133.2,0.10427424311637878,0.9999998807907104,0.9920654892921448,0.9996495246887207,0.47649314838804513,272
486.60500000000036,3.401900000000002,7,1,COC(=O)CCC(C)[C@H]1CC(=O)[C@@]2(C)C3=C(C(=O)[C@H](O)[C@]12C)[C@@]1(C)CCC(=O)C(C)(C)[C@@H]1CC3=O,CNP0256865.1,0.7924898266792297,0.9999998807907104,0.8503866195678711,0.8105007410049438,0.3714872798434442,273
478.6150000000003,2.916500000000001,5,4,CC[C@@H](C)[C@H](NC(=O)N1C2=CC=CC=C2NC(=O)[C@@H]1C(C)C)C(=O)N[C@@H](CCSC)C(=O)O,CNP0197225.3,0.00796860083937645,0.9999998807907104,0.016083145514130592,0.9997336268424988,0.5224444586847541,274
478.6260000000004,3.288600000000002,7,3,CC(=O)O[C@@H]1C[C@@H](C)[C@](O)(CCC2=CC(=O)OC2)[C@]2(CO)[C@@H]1[C@](C)(C1CCCCC1)CC[C@@H]2O,CNP0097643.1,0.5341356992721558,0.9999998807907104,0.0022650021128356457,0.9668925404548645,0.39301401240017314,275
448.64400000000035,3.7683000000000026,5,4,C[C@@H]([C@H](O)CCC(C)(C)O)[C@H]1CC[C@@]2(O)C3=CC(=O)[C@@H]4C[C@H](O)CC[C@]4(C)[C@@H]3CC[C@]12C,CNP0243690.7,0.9951914548873901,0.9999998807907104,0.3088393211364746,0.864215075969696,0.43,276
368.4770000000001,4.583040000000003,3,2,CC[C@H](C)[C@H](NC(=O)OCC1=CC=CC=C1)C(=O)NC1=CC=C(C)C(C)=C1,CNP0552133.3,0.10427424311637878,0.9999998807907104,0.9920654892921448,0.9996495246887207,0.47649314838804513,277
448.64400000000035,3.7683000000000026,5,4,C[C@H]([C@H](O)CCC(C)(C)O)[C@H]1CC[C@@]2(O)C3=CC(=O)[C@H]4C[C@@H](O)CC[C@]4(C)[C@H]3CC[C@]12C,CNP0243690.9,0.9951914548873901,0.9999998807907104,0.3088393211364746,0.864215075969696,0.43,278
495.66400000000027,3.0107000000000017,4,4,CC[C@H](C)[C@H](NC(=O)[C@H](CC1=CC=CC=C1)NC(=O)CC(C)C)C(=O)N[C@H](CO)CC1=CC=CC=C1,CNP0141832.1,0.9648053050041199,0.9999998807907104,0.9927256107330322,0.9986786246299744,0.58,279
454.57100000000037,3.399300000000001,5,2,CN1N=C(C2=CC=CO2)C=C1[C@H]1CN2CC[C@H]1C[C@@H]2CNC(=O)CC1(CC(=O)O)CCCC1,CNP0026957.2,0.01274438388645649,0.9999998807907104,0.0016783366445451975,0.9938686490058899,0.4948206131767775,280
384.91100000000034,4.810100000000004,3,0,O=C(C1=CC=CC=C1Cl)N1C2=NC=NN2C2(CCCCC2)[C@@H]2CCCC[C@@H]21,CNP0540071.1,0.9999831914901733,0.9999998807907104,0.9952902793884277,0.9995415210723877,0.43,281
416.69400000000024,4.982300000000004,3,3,CN[C@H](C)[C@H]1[C@H](O)C[C@@]2(C)[C@]3(C)CC[C@H]4C(C)(C)[C@H](NC)CC[C@@]45C[C@]53CC[C@]12C,CNP0422936.1,0.21136876940727234,0.9999998807907104,0.9962171912193298,0.9992998838424683,0.37577779201808736,282
396.94000000000034,3.653000000000003,3,1,O=C(NC1=CC=CC=C1Cl)[C@@H]1CN(S(=O)(=O)C2CC2)CC12CCCCC2,CNP0558681.1,0.9981012940406799,0.9999998807907104,0.9833536148071289,0.9994866847991943,0.5333333333333333,283
498.6600000000004,4.480700000000004,6,2,CC1=CC[C@@H]([C@](C)(O)[C@H]2CC[C@@]3(C)[C@@H]4C[C@@H](O)[C@H]5C(C)(C)OC(=O)C=C[C@@]56C[C@@]46CC[C@]23C)OC1=O,CNP0171854.1,0.32824385166168213,0.9999998807907104,0.4036177694797516,0.988837480545044,0.35872350022552996,284
350.49900000000014,4.639100000000004,3,1,CO[C@H]1C[C@H](CC[C@@]2(C)[C@H](C)CC[C@@]3(C)C(C(=O)O)=CCC[C@H]23)CO1,CNP0155416.2,0.999612033367157,0.9999998807907104,0.9995889067649841,0.9977438449859619,0.42539016689219666,285
448.64400000000035,3.7683000000000026,5,4,C[C@@H]([C@H](O)CCC(C)(C)O)[C@H]1CC[C@]2(O)C3=CC(=O)[C@@H]4C[C@@H](O)CC[C@]4(C)[C@H]3CC[C@]12C,CNP0243690.8,0.9951914548873901,0.9999998807907104,0.3088393211364746,0.864215075969696,0.43,286
396.53500000000014,3.6686000000000023,4,1,CN1N=C(C2CCCCC2)C=C1[C@H]1CN2CC[C@H]1C[C@@H]2CNC(=O)C1=CC=CO1,CNP0050566.2,0.0012363237328827381,0.9999998807907104,0.00069717678707093,0.9928843975067139,0.4605117541626445,287
432.64500000000015,4.675500000000006,4,4,C=C1CC[C@H](O)C/C1=C/C=C1\CCC[C@@]2(C)[C@@H]1CC[C@@H]2[C@H](C)C[C@H](O)[C@H](O)C(C)(C)O,CNP0148828.1,0.016263775527477264,0.9999998807907104,0.966648519039154,0.9885616302490234,0.4033333333333333,288
478.6150000000003,2.916500000000001,5,4,CC[C@H](C)[C@H](NC(=O)N1C2=CC=CC=C2NC(=O)[C@@H]1C(C)C)C(=O)N[C@H](CCSC)C(=O)O,CNP0197225.5,0.00796860083937645,0.9999998807907104,0.016083145514130592,0.9997336268424988,0.5224444586847541,289
437.4990000000002,3.686300000000003,5,4,CNC[C@@H](O)C1=CC=C(O)C([C@@]2(O)C3=CC=CC=C3N3C=CC4=C5C=CC=CC5=NC4=C32)=C1,CNP0489305.1,0.09583243727684021,0.9999998807907104,0.8183656334877014,0.9991680383682251,0.36,290
490.6810000000003,4.3391000000000055,6,3,CC(=O)O[C@H]1CC[C@@]2(C)[C@@H](C1)C(=O)C=C1[C@@H]2CC[C@]2(C)[C@@H]([C@H](C)[C@H](O)CCC(C)(C)O)CC[C@@]12O,CNP0253756.1,0.9994524121284485,0.9999998807907104,0.16998738050460815,0.981650173664093,0.4766666666666667,291
449.2640000000001,4.552200000000001,5,4,O=C(C1=NC(O)=C(C=C2C=NC3=CC(O)=CC=C23)N1)C1=CNC2=CC=C(Br)C=C12,CNP0516641.0,0.999996542930603,0.9999998807907104,0.9999997615814209,0.9999624490737915,0.30333333333333334,292
368.4770000000001,4.583040000000003,3,2,CC[C@@H](C)[C@H](NC(=O)OCC1=CC=CC=C1)C(=O)NC1=CC=C(C)C(C)=C1,CNP0552133.4,0.10427424311637878,0.9999998807907104,0.9920654892921448,0.9996495246887207,0.47649314838804513,293
448.64400000000035,3.7683000000000026,5,4,C[C@H]([C@H](O)CCC(C)(C)O)[C@H]1CC[C@@]2(O)C3=CC(=O)[C@@H]4C[C@H](O)CC[C@]4(C)[C@H]3CC[C@]12C,CNP0243690.2,0.9951914548873901,0.9999998807907104,0.3088393211364746,0.864215075969696,0.43,294
490.6810000000003,4.3391000000000055,6,3,CC(=O)O[C@H]1CC[C@@]2(C)[C@@H](C1)C(=O)C=C1[C@@H]2CC[C@]2(C)[C@@H]([C@@H](C)[C@H](O)CCC(C)(C)O)CC[C@]12O,CNP0253756.3,0.9994524121284485,0.9999998807907104,0.16998738050460815,0.981650173664093,0.4766666666666667,295
486.60500000000036,3.401900000000002,7,1,COC(=O)CC[C@@H](C)[C@H]1CC(=O)[C@@]2(C)C3=C(C(=O)[C@H](O)[C@]12C)[C@@]1(C)CCC(=O)C(C)(C)[C@@H]1CC3=O,CNP0256865.2,0.7924898266792297,0.9999998807907104,0.8503866195678711,0.8105007410049438,0.3714872798434442,296
360.50200000000024,3.4418000000000024,4,0,CCCC1=NN2C(=N1)N(C(=O)COC)[C@H]1CCCC[C@H]1C21CCCCC1,CNP0495632.1,0.999984622001648,0.9999998807907104,0.9850367903709412,0.9996092915534973,0.5863747513771291,297
448.6440000000003,3.768300000000003,5,4,C[C@@H]([C@H]1CC[C@@]2(O)C3=CC(=O)[C@H]4C[C@H](O)CC[C@]4(C)[C@H]3CC[C@]12C)[C@@H](O)CCC(C)(C)O,CNP0243690.5,0.9951914548873901,0.9999998807907104,0.3088393211364746,0.864215075969696,0.43,298
350.49900000000014,4.639100000000004,3,1,CO[C@@H]1C[C@H](CC[C@@]2(C)[C@H](C)CC[C@@]3(C)C(C(=O)O)=CCC[C@H]23)CO1,CNP0155416.1,0.999612033367157,0.9999998807907104,0.9995889067649841,0.9977438449859619,0.42539016689219666,299
470.6500000000003,4.692620000000005,5,3,COC1=C(O)C=C2C(=C1C)CC[C@@H]1[C@@]3(C)[C@@H](O)C[C@@]4(C)[C@H](O)C(=O)[C@H](C)C[C@H]4[C@]3(C)CC[C@@]21C,CNP0282598.1,0.737392783164978,0.9999998807907104,0.07467647641897202,0.6466047167778015,0.3348206131767776,300
454.57100000000037,3.399300000000001,5,2,CN1N=C(C2=CC=CO2)C=C1[C@H]1C[N@]2CC[C@H]1C[C@@H]2CNC(=O)CC1(CC(=O)O)CCCC1,CNP0026957.1,0.01274438388645649,0.9999998807907104,0.0016783366445451975,0.9938686490058899,0.4948206131767775,301
450.5720000000003,4.3083000000000045,7,2,COC1=CC(CC[C@H](OC(C)=O)C2([C@@H](CCC[C@H](C)O)OC(C)=O)CCCC2)=CC=C1O,CNP0343116.1,0.8430886268615723,0.9999998807907104,0.9834107756614685,0.9979361295700073,0.4,302
356.41800000000006,3.4367000000000028,5,3,COC1=CC2=C(C[C@H](C(C)(C)O)O2)C(O)=C1C/C=C/C1=CC=C(O)C=C1,CNP0075778.1,0.9991911053657532,0.9999998807907104,0.9995104074478149,0.9990824460983276,0.36482061317677755,303
396.94000000000034,3.653000000000003,3,1,O=C(NC1=CC=CC=C1Cl)[C@H]1CN(S(=O)(=O)C2CC2)CC12CCCCC2,CNP0558681.2,0.9981012940406799,0.9999998807907104,0.9833536148071289,0.9994866847991943,0.5333333333333333,304
478.6150000000003,2.916500000000001,5,4,CCC(C)[C@H](NC(=O)N1C2=CC=CC=C2NC(=O)[C@@H]1C(C)C)C(=O)N[C@H](CCSC)C(=O)O,CNP0197225.2,0.00796860083937645,0.9999998807907104,0.016083145514130592,0.9997336268424988,0.5224444586847541,305
478.6150000000003,2.916500000000001,5,4,CCC(C)[C@H](NC(=O)N1C2=CC=CC=C2NC(=O)[C@@H]1C(C)C)C(=O)N[C@@H](CCSC)C(=O)O,CNP0197225.1,0.00796860083937645,0.9999998807907104,0.016083145514130592,0.9997336268424988,0.5224444586847541,306
396.53500000000014,3.6686000000000023,4,1,CN1N=C(C2CCCCC2)C=C1[C@H]1C[N@]2CC[C@H]1C[C@@H]2CNC(=O)C1=CC=CO1,CNP0050566.1,0.0012363237328827381,0.9999998807907104,0.00069717678707093,0.9928843975067139,0.4605117541626445,307
481.5560000000002,4.255700000000003,3,4,O=C(NCCC1=CNC2=CC=CC=C12)[C@H](CC1=CC=CC=C1)NC(=O)N1CC(O)=NC2=CC=CC=C21,CNP0511942.1,0.9972071051597595,0.9999998807907104,0.9981663823127747,0.9999169111251831,0.31666666666666665,308
490.6810000000003,4.3391000000000055,6,3,CC(=O)O[C@@H]1CC[C@@]2(C)[C@@H](C1)C(=O)C=C1[C@@H]2CC[C@]2(C)[C@@H]([C@@H](C)[C@H](O)CCC(C)(C)O)CC[C@]12O,CNP0253756.2,0.9994524121284485,0.9999998807907104,0.16998738050460815,0.981650173664093,0.4766666666666667,309
448.64400000000035,3.7683000000000026,5,4,C[C@@H]([C@H](O)CCC(C)(C)O)[C@H]1CC[C@@]2(O)C3=CC(=O)[C@@H]4C[C@@H](O)CC[C@]4(C)[C@H]3CC[C@]12C,CNP0243690.3,0.9951914548873901,0.9999998807907104,0.3088393211364746,0.864215075969696,0.43,310
368.4770000000001,4.583040000000003,3,2,CC[C@@H](C)[C@@H](NC(=O)OCC1=CC=CC=C1)C(=O)NC1=CC=C(C)C(C)=C1,CNP0552133.1,0.10427424311637878,0.9999998807907104,0.9920654892921448,0.9996495246887207,0.47649314838804513,311
423.58500000000004,4.818000000000003,8,2,CCC(C)[C@@H](O)CCCC1=NC(C2=NC(C3=NC(C(=O)O)=CS3)=CS2)=CS1,CNP0575186.1,0.9985957741737366,0.9999998807907104,0.9591085314750671,0.9992165565490723,0.43666666666666665,312
454.6400000000002,3.433220000000002,5,2,CC1=CC=CC(CNC2=NCCNC23CCN(S(=O)(=O)C2=CC=C(C(C)C)C=C2)CC3)=C1,CNP0586667.0,0.9834483861923218,0.9999998807907104,0.8802015781402588,0.9998252987861633,0.5533333333333333,313
490.7250000000004,4.484300000000005,5,4,C[C@H](CC[C@@H](O)C(C)(C)O)[C@H]1[C@@H](O)C[C@@]2(C)[C@@H]3C[C@H](O)[C@H]4C(C)(C)C(=O)CC[C@@]45C[C@@]35CC[C@]12C,CNP0227164.1,0.9966155886650085,0.9999998807907104,0.9982501864433289,0.8221372961997986,0.35,314
356.41800000000006,3.4367000000000028,5,3,COC1=CC2=C(C[C@@H](C(C)(C)O)O2)C(O)=C1C/C=C/C1=CC=C(O)C=C1,CNP0075778.2,0.9991911053657532,0.9999998807907104,0.9995104074478149,0.9990824460983276,0.36482061317677755,315
483.59000000000026,3.4163000000000014,6,3,COC(=O)C(CC1=CNC2=CC=CC=C12)NC(=O)C(CCSC)NC(=O)OCC1=CC=CC=C1,CNP0144997.0,0.8693146109580994,0.9999997615814209,0.8375976085662842,0.9995874762535095,0.54,316
488.62900000000036,3.2756000000000016,6,2,CC[C@@H](C)[C@H](NC(=O)CN1C=NC2=CC(OC)=C(OC)C=C2C1=O)C(=O)N[C@H](C)CCCC(C)C,CNP0226640.3,0.007382282055914402,0.9999997615814209,0.006913750898092985,0.9999103546142578,0.5353901668921967,317
467.60700000000037,3.068100000000001,5,3,CC[C@H](C)[C@H](NC(=O)OC(C)(C)C)C(=O)N1CCC(C(=O)NC2(C(=O)O)CCCCC2)CC1,CNP0381387.2,0.9964634776115417,0.9999997615814209,0.9095410704612732,0.9997395873069763,0.5209571788413098,318
431.8720000000003,3.051200000000002,6,2,CCOC(=O)[C@H](CC1=CC=CC=C1)NC(=O)C1=CC(Cl)=C2C[C@@H](C)OC(=O)C2=C1O,CNP0270417.2,0.9982486963272095,0.9999997615814209,0.9991790652275085,0.990362286567688,0.49,319
431.8720000000003,3.051200000000002,6,2,CCOC(=O)[C@H](CC1=CC=CC=C1)NC(=O)C1=CC(Cl)=C2CC(C)OC(=O)C2=C1O,CNP0270417.1,0.9982486963272095,0.9999997615814209,0.9991790652275085,0.990362286567688,0.49,320
494.59200000000027,3.4061000000000012,4,4,CC[C@H](C)[C@H](NC(=O)N1C2=CC=CC=C2NC(=O)[C@@H]1C(C)C)C(=O)N[C@@H](CC1=CC=CC=C1)C(=O)O,CNP0239196.3,0.5566848516464233,0.9999997615814209,0.7996666431427002,0.9998291730880737,0.5257777920180874,321
474.60500000000013,3.875300000000001,3,3,CC[C@@H](C)[C@H](NC(C)=O)C(=O)N(C)[C@@H](CC1=CC=CC=C1)C(=O)N/C=C\C1=CNC2=CC=CC=C12,CNP0426029.2,0.9999473094940186,0.9999997615814209,0.9981805086135864,0.999919056892395,0.6233333333333333,322
467.60700000000037,3.068100000000001,5,3,CCC(C)[C@H](NC(=O)OC(C)(C)C)C(=O)N1CCC(C(=O)NC2(C(=O)O)CCCCC2)CC1,CNP0381387.1,0.9964634776115417,0.9999997615814209,0.9095410704612732,0.9997395873069763,0.5209571788413098,323
374.47700000000015,3.005000000000002,4,2,CC(C(=O)O)C1CCC2C3C(CC(=O)[C@]12C)[C@@]1(C)CCC(=O)C=C1C[C@H]3O,CNP0291367.1,0.9851788878440857,0.9999997615814209,0.9171280264854431,0.9990144968032837,0.42872350022552996,324
386.4880000000002,3.0135000000000014,5,1,CC(=O)OCC(O)C1CCC2C3C=CC4=CC(=O)CCC4(C)C3CC(=O)C12C,CNP0309835.0,0.9491723775863647,0.9999997615814209,0.9984785914421082,0.9913902282714844,0.4020568335588633,325
474.60500000000013,3.875300000000001,3,3,CC[C@@H](C)[C@H](NC(C)=O)C(=O)N(C)[C@@H](CC1=CC=CC=C1)C(=O)N/C=C/C1=CNC2=CC=CC=C12,CNP0426029.1,0.9999473094940186,0.9999997615814209,0.9981805086135864,0.999919056892395,0.6233333333333333,326
478.6370000000003,4.373000000000004,3,2,CCCCC1=CC=C(NC(=O)[C@@H](NC(=O)N2C[C@H]3C[C@@H](C2)C2=CC=CC(=O)N2C3)[C@H](C)CC)C=C1,CNP0299476.3,0.00021500598813872784,0.9999997615814209,0.0001581177639309317,0.9473686218261719,0.4266666666666667,327
478.6370000000003,4.373000000000004,3,2,CCCCC1=CC=C(NC(=O)[C@@H](NC(=O)N2C[C@H]3C[C@@H](C2)C2=CC=CC(=O)N2C3)[C@@H](C)CC)C=C1,CNP0299476.4,0.00021500598813872784,0.9999997615814209,0.0001581177639309317,0.9473686218261719,0.4266666666666667,328
356.4180000000001,3.2530000000000014,4,2,COC1=CC(CCC2=CC=CC=C2)=C(C(=O)O)C2=C1C[C@@H](C(C)(C)O)O2,CNP0415032.2,0.9991115927696228,0.9999997615814209,0.9933239817619324,0.9896337985992432,0.35148727984344424,329
494.6690000000003,3.7554000000000025,7,3,CC[C@@H](C)C(=O)O[C@@H]1C[C@@H]2[C@@H](CC[C@H]3C[C@@H](O)CC[C@@]32C)[C@@]2(O)CC[C@@](O)([C@@H](C)OC(C)=O)[C@@]12C,CNP0310105.1,0.002134620910510421,0.9999997615814209,0.0008135146927088499,0.9974585175514221,0.43333333333333335,330
478.6370000000003,4.373000000000004,3,2,CCCCC1=CC=C(NC(=O)[C@@H](NC(=O)N2C[C@H]3C[C@@H](C2)C2=CC=CC(=O)N2C3)C(C)CC)C=C1,CNP0299476.1,0.00021500598813872784,0.9999997615814209,0.0001581177639309317,0.9473686218261719,0.4266666666666667,331
488.62900000000036,3.2756000000000016,6,2,CCC(C)[C@H](NC(=O)CN1C=NC2=CC(OC)=C(OC)C=C2C1=O)C(=O)NC(C)CCCC(C)C,CNP0226640.1,0.007382282055914402,0.9999997615814209,0.006913750898092985,0.9999103546142578,0.5353901668921967,332
488.62900000000036,3.2756000000000016,6,2,CC[C@@H](C)[C@H](NC(=O)CN1C=NC2=CC(OC)=C(OC)C=C2C1=O)C(=O)N[C@@H](C)CCCC(C)C,CNP0226640.5,0.007382282055914402,0.9999997615814209,0.006913750898092985,0.9999103546142578,0.5353901668921967,333
445.199,3.9857000000000022,2,3,CC[C@@H](C)[C@H](NC)C(=O)NCCC1=C(Br)NC2=CC=C(Br)C=C12,CNP0423921.1,0.368120402097702,0.9999997615814209,0.9757365584373474,0.9992740750312805,0.49,334
494.59200000000027,3.4061000000000012,4,4,CC[C@@H](C)[C@H](NC(=O)N1C2=CC=CC=C2NC(=O)[C@@H]1C(C)C)C(=O)N[C@@H](CC1=CC=CC=C1)C(=O)O,CNP0239196.2,0.5566848516464233,0.9999997615814209,0.7996666431427002,0.9998291730880737,0.5257777920180874,335
441.91500000000013,4.019300000000003,6,1,COC1=CC=CC=C1N1CCN(C(=O)C2=C([C@H](C)O)C(C3=CC=C(Cl)C=C3)=NO2)CC1,CNP0181953.1,0.9985492825508118,0.9999997615814209,0.9998120665550232,0.999291181564331,0.558364726579085,336
374.4770000000002,3.0050000000000017,4,2,C[C@H](C(=O)O)[C@H]1CC[C@H]2[C@@H]3[C@H](O)CC4=CC(=O)CC[C@]4(C)[C@H]3CC(=O)[C@]12C,CNP0291367.2,0.9851788878440857,0.9999997615814209,0.9171280264854431,0.9990144968032837,0.42872350022552996,337
494.59200000000027,3.4061000000000012,4,4,CCC(C)[C@H](NC(=O)N1C2=CC=CC=C2NC(=O)[C@@H]1C(C)C)C(=O)N[C@@H](CC1=CC=CC=C1)C(=O)O,CNP0239196.1,0.5566848516464233,0.9999997615814209,0.7996666431427002,0.9998291730880737,0.5257777920180874,338
356.4180000000001,3.2530000000000014,4,2,COC1=CC(CCC2=CC=CC=C2)=C(C(=O)O)C2=C1C[C@H](C(C)(C)O)O2,CNP0415032.1,0.9991115927696228,0.9999997615814209,0.9933239817619324,0.9896337985992432,0.35148727984344424,339
478.6370000000003,4.373000000000004,3,2,CCCCC1=CC=C(NC(=O)[C@@H](NC(=O)N2CC3CC(C2)C2=CC=CC(=O)N2C3)C(C)CC)C=C1,CNP0299476.2,0.00021500598813872784,0.9999997615814209,0.0001581177639309317,0.9473686218261719,0.4266666666666667,340
451.5630000000002,3.8883000000000028,5,3,CC(C)(O)[C@@H]1OC(=O)C=C2[C@H](CC[C@@]3(C)[C@@]2(O)CC[C@H]2CC4=C(NC5=CC=CC=C45)[C@@]23C)O1,CNP0071338.1,0.9999626874923706,0.9999997615814209,0.9617998600006104,0.9723012447357178,0.35354411340230757,341
488.62900000000036,3.2756000000000016,6,2,CC[C@H](C)[C@H](NC(=O)CN1C=NC2=CC(OC)=C(OC)C=C2C1=O)C(=O)N[C@H](C)CCCC(C)C,CNP0226640.2,0.007382282055914402,0.9999997615814209,0.006913750898092985,0.9999103546142578,0.5353901668921967,342
466.5740000000002,4.881400000000006,6,4,C[C@H](CCCO)C[C@@H](O)CC(=O)CCC1=CC=C(O)C(OCC2=CC=C3C=C(O)C=CC3=C2)=C1,CNP0102189.1,0.10474275797605515,0.9999997615814209,0.533774197101593,0.7504222989082336,0.31,343
374.4770000000002,3.0050000000000017,4,2,C[C@@H](C(=O)O)[C@H]1CC[C@H]2[C@@H]3[C@H](O)CC4=CC(=O)CC[C@]4(C)[C@H]3CC(=O)[C@]12C,CNP0291367.3,0.9851788878440857,0.9999997615814209,0.9171280264854431,0.9990144968032837,0.42872350022552996,344
467.60700000000037,3.068100000000001,5,3,CC[C@@H](C)[C@H](NC(=O)OC(C)(C)C)C(=O)N1CCC(C(=O)NC2(C(=O)O)CCCCC2)CC1,CNP0381387.3,0.9964634776115417,0.9999997615814209,0.9095410704612732,0.9997395873069763,0.5209571788413098,345
384.91100000000034,4.810100000000004,3,0,O=C(C1=CC=C(Cl)C=C1)N1C2=NC=NN2C2(CCCCC2)[C@@H]2CCCC[C@@H]21,CNP0502311.1,0.9999420642852783,0.9999997615814209,0.9931614398956299,0.9995822310447693,0.39,346
488.62900000000036,3.2756000000000016,6,2,CC[C@H](C)[C@H](NC(=O)CN1C=NC2=CC(OC)=C(OC)C=C2C1=O)C(=O)N[C@@H](C)CCCC(C)C,CNP0226640.4,0.007382282055914402,0.9999997615814209,0.006913750898092985,0.9999103546142578,0.5353901668921967,347
412.86600000000027,3.2593000000000023,7,1,COC1=CC(O)=C(Cl)C2=C1C(=O)O[C@@H](C)CCC(=O)CC[C@H](OC)CC(=O)C2,CNP0086917.1,0.035546641796827316,0.9999996423721313,0.9219802618026733,0.8660771250724792,0.3114872798434442,348
486.6380000000003,2.912600000000001,6,1,COC1=CC=C(C2=CC(C(=O)NC[C@@H]3CCCN4CCCC[C@H]34)=NN2[C@@H]2CCS(=O)(=O)C2)C=C1,CNP0201290.3,0.003955072723329067,0.9999996423721313,0.7445554137229919,0.9997280240058899,0.5314872798434442,349
374.5210000000001,4.2382000000000035,3,3,C=C1/C(=C\C=C2/CCC[C@]3(C)[C@@H]2CC[C@H]3[C@@H](C)CC(=O)O)C[C@@H](O)C[C@@H]1O,CNP0349717.2,0.0021704980172216892,0.9999996423721313,0.03143707662820816,0.7885370254516602,0.4066666666666667,350
368.4770000000001,4.583040000000003,3,2,CC[C@@H](C)[C@@H](NC(=O)OCC1=CC=CC=C1)C(=O)NC1=CC=C(C)C=C1C,CNP0590035.1,0.227651908993721,0.9999996423721313,0.984889030456543,0.9983890056610107,0.4848206131767775,351
414.49800000000016,3.954120000000003,6,0,COCC1CC2=CC3=C(OCO3)C(OC)=C2[C@H](C2=CC=C(C)C(OC)=C2)C1COC,CNP0181481.1,0.6985659599304199,0.9999996423721313,0.9927040338516235,0.29275453090667725,0.25333333333333335,352
487.64100000000025,2.8913,5,3,CCCC[C@H](C)C[C@H]1NC(=O)[C@@H](C)NC(=O)[C@H](CC2=CC=CC=C2)NC(=O)C[C@H](C(C)C)OC1=O,CNP0168545.1,0.003805260406807065,0.9999996423721313,0.0035257444251328707,0.9997418522834778,0.42737233054781804,353
376.4490000000002,2.9569000000000014,6,2,COC1=C2C[C@@H](C(C)(C)O)OC2=CC2=C1C(=O)C(CCC(C)C)=C(CO)O2,CNP0033674.1,0.9617528915405273,0.9999996423721313,0.7978503108024597,0.9677267670631409,0.36482061317677755,354
486.6380000000003,2.912600000000001,6,1,COC1=CC=C(C2=CC(C(=O)NC[C@@H]3CCCN4CCCC[C@H]34)=NN2[C@H]2CCS(=O)(=O)C2)C=C1,CNP0201290.2,0.003955072723329067,0.9999996423721313,0.7445554137229919,0.9997280240058899,0.5314872798434442,355
429.9920000000002,4.365300000000004,3,2,CC[C@@H]1CN(C(=O)NC2=CC=CC(Cl)=C2)[C@H](CO)[C@@H]1CN(C)CCC1=CC=CC=C1,CNP0537042.1,0.00025872717378661036,0.9999996423721313,0.0010244172299280763,0.9920541048049927,0.3581539465101109,356
487.64100000000025,2.8913,5,3,CCCC[C@H](C)C[C@H]1NC(=O)[C@@H](C)NC(=O)[C@@H](CC2=CC=CC=C2)NC(=O)C[C@@H](C(C)C)OC1=O,CNP0168545.2,0.003805260406807065,0.9999996423721313,0.0035257444251328707,0.9997418522834778,0.42737233054781804,357
498.5760000000004,3.774200000000002,7,3,CC[C@@H](C)[C@H](NC1=CC=C2C(=CC1=O)[C@@H](NC(C)=O)CCC1=CC(OC)=C(OC)C(OC)=C12)C(=O)O,CNP0401346.1,0.7493937611579895,0.9999996423721313,0.9086535573005676,0.9989117383956909,0.4166666666666667,358
435.61600000000016,4.145000000000002,3,2,CN1N=C(C2CCCCC2)C=C1[C@H]1CN2CC[C@H]1C[C@@H]2CNC(=O)NCC1=CC=CC=C1,CNP0011067.2,0.00032385828671976924,0.9999996423721313,0.0005330390413291752,0.9775525331497192,0.4271784208293112,359
486.6380000000003,2.912600000000001,6,1,COC1=CC=C(C2=CC(C(=O)NC[C@@H]3CCCN4CCCC[C@H]34)=NN2C2CCS(=O)(=O)C2)C=C1,CNP0201290.1,0.003955072723329067,0.9999996423721313,0.7445554137229919,0.9997280240058899,0.5314872798434442,360
368.4770000000001,4.583040000000003,3,2,CC[C@@H](C)[C@H](NC(=O)OCC1=CC=CC=C1)C(=O)NC1=CC=C(C)C=C1C,CNP0590035.3,0.227651908993721,0.9999996423721313,0.984889030456543,0.9983890056610107,0.4848206131767775,361
498.62700000000035,4.350400000000004,3,2,CC(C)C1=CC=C(NC(=O)[C@H](CC2=CC=CC=C2)NC(=O)N2C[C@H]3C[C@@H](C2)C2=CC=CC(=O)N2C3)C=C1,CNP0375880.1,0.010004352778196335,0.9999996423721313,0.4904083013534546,0.9992200136184692,0.4309571788413098,362
435.61600000000016,4.145000000000002,3,2,CN1N=C(C2CCCCC2)C=C1[C@H]1C[N@]2CC[C@H]1C[C@@H]2CNC(=O)NCC1=CC=CC=C1,CNP0011067.1,0.00032385828671976924,0.9999996423721313,0.0005330390413291752,0.9775525331497192,0.4271784208293112,363
436.5890000000002,3.948100000000003,6,2,CCOC(=O)C[C@H](O)C[C@H](O)CC[C@@H]1[C@@H]2C(=CCC[C@@H]2OC(=O)[C@@H](C)CC)C=C[C@@H]1C,CNP0184894.1,0.9855581521987915,0.9999996423721313,0.9975939393043518,0.8410404324531555,0.41,364
372.54900000000015,4.508300000000005,3,1,CO[C@@H]1CC(=O)[C@@H]2[C@@H]3C[C@H]4CC[C@@]5(CCC6(CCCC6)C5)[C@]3(C)[C@@]4(C)[C@]21O,CNP0301263.1,0.9773492217063904,0.9999996423721313,0.7910012006759644,0.9559943079948425,0.31577779201808737,365
368.4770000000001,4.583040000000003,3,2,CC[C@H](C)[C@H](NC(=O)OCC1=CC=CC=C1)C(=O)NC1=CC=C(C)C=C1C,CNP0590035.4,0.227651908993721,0.9999996423721313,0.984889030456543,0.9983890056610107,0.4848206131767775,366
490.5930000000003,3.485120000000002,8,2,CCOC(=O)CC[C@]1(C)[C@H]2CC3=C(O[C@@]2(C)C[C@@H](O)[C@H]1C(C)(C)O)C(C)=C1COC(=O)C1=C3OC,CNP0428545.1,0.9045148491859436,0.9999996423721313,0.8251203298568726,0.9133362174034119,0.35482061317677754,367
412.86600000000027,3.2593000000000023,7,1,COC1=CC(O)=C(Cl)C2=C1C(=O)O[C@H](C)CCC(=O)CC[C@@H](OC)CC(=O)C2,CNP0086917.3,0.035546641796827316,0.9999996423721313,0.9219802618026733,0.8660771250724792,0.3114872798434442,368
432.6450000000003,4.963600000000005,4,3,C[C@H](C[C@@H](O)C(=O)C(C)(C)O)[C@H]1CC[C@@H]2/C(=C/C=C3\C[C@@H](O)CC[C@@H]3C)CCC[C@@]21C,CNP0313499.1,0.9601830840110779,0.9999996423721313,0.9821859002113342,0.9755256175994873,0.4176238455079765,369
412.86600000000027,3.2593000000000023,7,1,COC1=CC(O)=C(Cl)C2=C1C(=O)O[C@H](C)CCC(=O)CC[C@H](OC)CC(=O)C2,CNP0086917.4,0.035546641796827316,0.9999996423721313,0.9219802618026733,0.8660771250724792,0.3114872798434442,370
430.6290000000002,4.883700000000006,4,3,C=C1/C(=C\C=C2/CCC[C@]3(C)[C@@H]([C@H](C)CCC(=O)C(C)(C)O)CC[C@@H]23)C[C@@H](O)C[C@@H]1O,CNP0266765.1,0.0021301729138940573,0.9999996423721313,0.04585075005888939,0.9193795919418335,0.38333333333333336,371
368.4770000000001,4.583040000000003,3,2,CC[C@H](C)[C@@H](NC(=O)OCC1=CC=CC=C1)C(=O)NC1=CC=C(C)C=C1C,CNP0590035.2,0.227651908993721,0.9999996423721313,0.984889030456543,0.9983890056610107,0.4848206131767775,372
374.5210000000002,4.2382000000000035,3,3,C=C1C(=CC=C2CCC[C@]3(C)[C@@H]([C@H](C)CC(=O)O)CC[C@@H]23)C[C@@H](O)C[C@@H]1O,CNP0349717.1,0.0021704980172216892,0.9999996423721313,0.03143707662820816,0.7885370254516602,0.4066666666666667,373
412.86600000000027,3.2593000000000023,7,1,COC1=CC(O)=C(Cl)C2=C1C(=O)O[C@@H](C)CCC(=O)CC[C@@H](OC)CC(=O)C2,CNP0086917.2,0.035546641796827316,0.9999996423721313,0.9219802618026733,0.8660771250724792,0.3114872798434442,374
358.5300000000002,4.451400000000004,3,0,CCC1=NN2C(=N1)N(C(=O)CC(C)C)[C@H]1CCCC[C@H]1C21CCCCC1,CNP0563452.1,0.9150944948196411,0.9999996423721313,0.933601438999176,0.9998756647109985,0.5660159777306842,375
404.50700000000035,3.1145000000000005,5,2,COC(=O)[C@@H](CC1=CC=CC=C1)NC(=O)C1(NC(=O)OC(C)(C)C)CCCCC1,CNP0364275.1,0.9999915361404419,0.9999996423721313,0.996778666973114,0.9995598196983337,0.5433333333333333,376
495.57600000000036,2.868800000000001,8,2,CCOC(=O)C1=C/C(=C\CN2C=CN=C2)C2=C(C=C3O[C@H]([C@](C)(O)C4CCNCC4)CC3=C2OC)O1,CNP0097273.1,0.9995951056480408,0.9999996423721313,0.9945091605186462,0.9951086640357971,0.43318533975586265,377
364.49300000000017,4.465120000000004,3,0,CC1=CC=CC(C(=O)N2C3=NC=NN3C3(CCCCC3)[C@@H]3CCCC[C@@H]32)=C1,CNP0534717.1,0.9790800213813782,0.9999996423721313,0.9785556793212891,0.9996066689491272,0.3963078930202218,378
374.47700000000015,4.618900000000004,4,1,CC(=O)OC[C@@]12CC[C@@H](C)[C@](C)(CCC3=COC=C3)[C@H]1CCC=C2C(=O)O,CNP0158419.1,0.9989067316055298,0.9999996423721313,0.9589195251464844,0.9965721368789673,0.4020568335588633,379
474.5940000000003,3.105300000000002,6,3,C[C@H](CCC(=O)O)[C@H]1CC(=O)[C@@]2(C)C3=C(C(=O)[C@@H](O)[C@]12C)[C@@]1(C)CCC(=O)C(C)(C)[C@H]1C[C@@H]3O,CNP0229060.4,0.03362499549984932,0.9999995231628418,0.4073544144630432,0.9561735391616821,0.42333333333333334,380
474.5940000000003,3.105300000000002,6,3,C[C@H](CCC(=O)O)[C@H]1CC(=O)[C@@]2(C)C3=C(C(=O)[C@H](O)[C@]12C)[C@@]1(C)CCC(=O)C(C)(C)[C@@H]1C[C@@H]3O,CNP0229060.5,0.03362499549984932,0.9999995231628418,0.4073544144630432,0.9561735391616821,0.42333333333333334,381
494.5920000000002,3.4061000000000012,4,4,CCC(C)[C@H](NC(=O)[C@H](CC1=CC=CC=C1)NC(=O)N1C2=CC=CC=C2NC(=O)[C@@H]1C(C)C)C(=O)O,CNP0553031.1,0.9993742108345032,0.9999995231628418,0.9958667755126953,0.9999520778656006,0.5391111253514207,382
474.5940000000003,3.105300000000002,6,3,C[C@H](CCC(=O)O)[C@H]1CC(=O)[C@@]2(C)C3=C(C(=O)[C@@H](O)[C@]12C)[C@@]1(C)CCC(=O)C(C)(C)[C@@H]1C[C@@H]3O,CNP0229060.1,0.03362499549984932,0.9999995231628418,0.4073544144630432,0.9561735391616821,0.42333333333333334,383
421.3720000000003,4.388200000000004,3,1,CN1N=C(C2=CC=C(Cl)C=C2Cl)C=C1C(=O)NC[C@@H]1CCCN2CCCC[C@H]12,CNP0406259.1,0.0001023164440994151,0.9999995231628418,0.0009851931827142835,0.9994939565658569,0.45235780765253364,384
356.51400000000024,4.205400000000004,3,0,CCCC1=NN2C(=N1)N(C(=O)C1CC1)[C@H]1CCCC[C@H]1C21CCCCC1,CNP0525368.1,0.9969448447227478,0.9999995231628418,0.9325194358825684,0.9997751116752625,0.46452869788724,385
494.5920000000002,3.4061000000000012,4,4,CC[C@@H](C)[C@H](NC(=O)[C@H](CC1=CC=CC=C1)NC(=O)N1C2=CC=CC=C2NC(=O)[C@@H]1C(C)C)C(=O)O,CNP0553031.2,0.9993742108345032,0.9999995231628418,0.9958667755126953,0.9999520778656006,0.5391111253514207,386
438.56100000000026,4.1658000000000035,7,2,CCCC[C@H](CCCO)[C@H](C[C@H](CCC1=CC=C(O)C(OC)=C1)OC(C)=O)OC(C)=O,CNP0089604.1,0.00042630272218957543,0.9999995231628418,0.070505790412426,0.3245987296104431,0.37244445868475407,387
452.58800000000025,2.737900000000001,7,3,CC[C@H](C)[C@@H](O)[C@@H](C)C(=O)O[C@H]1CC(CC(=O)[C@H]2[C@H](C)CCC[C@@H]2O)=C(C)C(=O)[C@@]1(C)O,CNP0138189.1,0.972018837928772,0.9999995231628418,0.12940874695777893,0.8881153464317322,0.4642905121746431,388
452.58800000000025,2.737900000000001,7,3,CC[C@H](C)[C@@H](O)[C@@H](C)C(=O)O[C@H]1CC(CC(=O)[C@@H]2[C@H](C)CCC[C@@H]2O)=C(C)C(=O)[C@@]1(C)O,CNP0138189.2,0.972018837928772,0.9999995231628418,0.12940874695777893,0.8881153464317322,0.4642905121746431,389
474.5940000000003,3.105300000000002,6,3,C[C@@H](CCC(=O)O)[C@H]1CC(=O)[C@@]2(C)C3=C(C(=O)[C@H](O)[C@]12C)[C@@]1(C)CCC(=O)C(C)(C)[C@@H]1C[C@@H]3O,CNP0229060.3,0.03362499549984932,0.9999995231628418,0.4073544144630432,0.9561735391616821,0.42333333333333334,390
448.9760000000001,3.1716200000000017,4,0,CC1=NN2C(=C1)N(CC1CC1)C(=O)CC21CCN(S(=O)(=O)C2=CC=CC(Cl)=C2)CC1,CNP0479634.0,0.5351386666297913,0.9999995231628418,0.905462384223938,0.9998724460601807,0.6,391
372.4650000000002,4.198300000000004,5,1,CCN(C(=O)C1=C([C@H](C)O)ON=C1C1=CC=C(OC)C=C1)C1CCCCC1,CNP0168767.1,0.9553161263465881,0.9999995231628418,0.9154886603355408,0.9982481002807617,0.5138726567975241,392
474.5940000000003,3.105300000000002,6,3,CC(CCC(=O)O)[C@H]1CC(=O)[C@@]2(C)C3=C(C(=O)C(O)[C@]12C)[C@@]1(C)CCC(=O)C(C)(C)[C@@H]1C[C@@H]3O,CNP0229060.2,0.03362499549984932,0.9999995231628418,0.4073544144630432,0.9561735391616821,0.42333333333333334,393
494.5920000000002,3.4061000000000012,4,4,CC[C@H](C)[C@H](NC(=O)[C@H](CC1=CC=CC=C1)NC(=O)N1C2=CC=CC=C2NC(=O)[C@@H]1C(C)C)C(=O)O,CNP0553031.3,0.9993742108345032,0.9999995231628418,0.9958667755126953,0.9999520778656006,0.5391111253514207,394
388.5480000000002,4.894300000000005,3,1,C[C@@H](CCC(=O)O)[C@H]1CC[C@@H]2[C@H]3C(=O)C[C@@H]4CCCC[C@]4(C)[C@H]3CC(=O)[C@@]21C,CNP0472493.3,0.9993709921836853,0.9999994039535522,0.9981356859207153,0.9984959363937378,0.41333333333333333,395
382.5080000000003,4.758900000000005,4,0,CC(C)C(=O)N1C2=NC(C3=CC=CO3)=NN2C2(CCCCC2)[C@@H]2CCCC[C@@H]21,CNP0552686.1,0.9912275671958923,0.9999994039535522,0.9948217868804932,0.9998213648796082,0.5980728112895475,396
473.4810000000002,3.4449000000000014,7,2,COC(=O)[C@@H](CC1=CC=CC=C1)NC(=O)COC1=CC(O)=C2C(=O)C=C(C3=CC=CC=C3)OC2=C1,CNP0112994.1,0.999215841293335,0.9999994039535522,0.8934713006019592,0.9991070628166199,0.5933333333333334,397
388.5480000000002,4.894300000000005,3,1,C[C@@H](CCC(=O)O)[C@H]1CC[C@H]2[C@H]3C(=O)C[C@@H]4CCCC[C@]4(C)[C@H]3CC(=O)[C@]12C,CNP0472493.1,0.9993709921836853,0.9999994039535522,0.9981356859207153,0.9984959363937378,0.41333333333333333,398
388.5480000000002,4.894300000000005,3,1,C[C@@H](CCC(=O)O)[C@H]1CC[C@@H]2[C@H]3C(=O)C[C@@H]4CCCC[C@]4(C)[C@@H]3CC(=O)[C@@]21C,CNP0472493.2,0.9993709921836853,0.9999994039535522,0.9981356859207153,0.9984959363937378,0.41333333333333333,399
452.63200000000023,3.1846000000000014,6,4,CC[C@@H](C)C(=O)O[C@@H](C)[C@]1(O)CC[C@]2(O)[C@@H]3CC[C@H]4C[C@@H](O)CC[C@]4(C)[C@H]3C[C@@H](O)[C@]12C,CNP0332671.3,0.00844155065715313,0.9999994039535522,0.004779126029461622,0.9970082640647888,0.46,400
412.4380000000004,3.953800000000002,7,3,COC1=C(O)C=C2OC(C3=CC=C(O)C=C3)=CC(=O)C2=C1OCCC1(O)CCCC1,CNP0066037.0,0.06631089746952057,0.9999994039535522,0.02386665716767311,0.9913702011108398,0.35333333333333333,401
474.5940000000003,3.1053000000000015,6,3,C[C@H](CCC(=O)O)[C@H]1CC(=O)[C@@]2(C)C3=C(C(=O)[C@@H](O)[C@]12C)[C@@]1(C)CC[C@H](O)C(C)(C)[C@@H]1CC3=O,CNP0213841.1,0.1931513398885727,0.9999994039535522,0.24118095636367798,0.9498285055160522,0.4266666666666667,402
374.4770000000002,3.7844000000000038,5,2,CC(=O)OCC1=C2C=C3C(=O)C(O)=C(C(C)C)[C@@]3(C)CC[C@]2(C)CC[C@@H]1O,CNP0468180.1,0.9359627366065979,0.9999994039535522,0.39829006791114807,0.695134162902832,0.41,403
376.88400000000024,4.843100000000004,4,1,CCN(C(=O)C1=C([C@H](C)O)C(C2=CC=C(Cl)C=C2)=NO1)C1CCCCC1,CNP0400713.1,0.9934184551239014,0.9999994039535522,0.9414853453636169,0.9991208910942078,0.5521745968851057,404
466.57400000000024,4.978000000000006,6,4,COC1=C(O)C=CC(CCC(=O)C[C@H](O)C[C@H](C)CCCO)=C1C1=CC=C2C=CC(O)=CC2=C1,CNP0088073.1,0.004227012861520052,0.9999994039535522,0.5658323168754578,0.1408020257949829,0.33666666666666667,405
462.6710000000003,3.870200000000003,5,4,CC(C)[C@H](C)C[C@@H](O)[C@@H](C)[C@H]1CC[C@@]2(O)C3=CC(=O)[C@@H]4C[C@@H](O)[C@@H](O)C[C@]4(C)[C@@H]3CC[C@]12C,CNP0110561.2,0.44147613644599915,0.9999994039535522,0.1794040948152542,0.9393683075904846,0.42148727984344425,406
452.63200000000023,3.1846000000000014,6,4,CC[C@@H](C)C(=O)O[C@@H](C)[C@@]1(O)CC[C@]2(O)[C@@H]3CC[C@H]4C[C@H](O)CC[C@@]4(C)[C@H]3C[C@H](O)[C@]12C,CNP0332671.1,0.00844155065715313,0.9999994039535522,0.004779126029461622,0.9970082640647888,0.46,407
358.5300000000002,4.6223000000000045,3,0,CC(C)C(=O)N1C2=NC(C(C)C)=NN2C2(CCCCC2)[C@@H]2CCCC[C@@H]21,CNP0596946.1,0.9623928666114807,0.9999994039535522,0.9947326183319092,0.9999215602874756,0.5379486822527938,408
430.6290000000002,4.883700000000005,4,3,C=C1CC[C@H](O)C/C1=C/C=C1\CCC[C@]2(C)[C@@H]([C@H](C)C[C@H](O)C(=O)C(C)(C)O)CC[C@@H]12,CNP0102850.1,0.0796547457575798,0.9999994039535522,0.9716320633888245,0.9897616505622864,0.42,409
452.63200000000023,3.1846000000000014,6,4,CC[C@@H](C)C(=O)O[C@H](C)[C@]1(O)CC[C@]2(O)[C@@H]3CC[C@H]4C[C@@H](O)CC[C@]4(C)[C@H]3C[C@@H](O)[C@]12C,CNP0332671.2,0.00844155065715313,0.9999994039535522,0.004779126029461622,0.9970082640647888,0.46,410
462.6710000000003,3.870200000000003,5,4,CC(C)[C@@H](C)C[C@@H](O)[C@@H](C)[C@H]1CC[C@@]2(O)C3=CC(=O)[C@@H]4C[C@@H](O)[C@@H](O)C[C@]4(C)[C@H]3CC[C@]12C,CNP0110561.1,0.44147613644599915,0.9999994039535522,0.1794040948152542,0.9393683075904846,0.42148727984344425,411
428.6100000000001,3.783000000000003,6,4,C[C@@H](O)C[C@@H]1C[C@H](O)CCCCCCCCCCCC[C@H](O)C[C@H](O)/C=C\C(=O)O1,CNP0441107.1,0.0045891148038208485,0.9999994039535522,0.1328362226486206,0.8935936093330383,0.36,412
388.5480000000002,4.894300000000005,3,1,C[C@@H](CCC(=O)O)[C@H]1CC[C@H]2[C@H]3C(=O)C[C@@H]4CCCC[C@]4(C)[C@@H]3CC(=O)[C@]12C,CNP0472493.4,0.9993709921836853,0.9999994039535522,0.9981356859207153,0.9984959363937378,0.41333333333333333,413
432.5570000000003,4.681100000000004,5,1,CC[C@@H](C)C(=O)O[C@@H]1C=C(C(=O)O)[C@]2(C)CC[C@@H](C)[C@](C)(CCC3=CC(=O)OC3)[C@H]2C1,CNP0244854.1,0.9981200098991394,0.9999994039535522,0.4357075095176697,0.9979323148727417,0.45539016689219664,414
373.5450000000002,2.9631000000000007,3,2,CC(C)NC(=O)NC[C@H]1C[C@@H]2CC[N@@]1C[C@@H]2C1=CC(C2CCCC2)=NN1C,CNP0011367.1,0.00013269871124066412,0.9999992847442627,0.0007488687988370657,0.9645158052444458,0.47664831982717676,415
494.6360000000004,3.8149000000000015,5,2,COC1=CC=CC=C1C1=NN(C)C([C@@H]2C[N@@]3CC[C@H]2C[C@@H]3CNC(=O)CC2(CC(=O)O)CCCC2)=C1,CNP0449176.1,0.07726751267910004,0.9999992847442627,0.0007337232236750424,0.9460108280181885,0.4429745596868885,416
446.5400000000002,3.960300000000003,7,1,COC1=CC(C(=O)O[C@H]2CC(C)=CC(=O)[C@@]3(C)CC[C@@](O)(C(C)C)[C@H]23)=CC(OC)=C1OC,CNP0218356.1,0.9539321064949036,0.9999992847442627,0.7853565216064453,0.9975938200950623,0.33666666666666667,417
494.6360000000004,3.8149000000000015,5,2,COC1=CC=CC=C1C1=NN(C)C([C@H]2CN3CC[C@H]2C[C@@H]3CNC(=O)CC2(CC(=O)O)CCCC2)=C1,CNP0449176.2,0.07726751267910004,0.9999992847442627,0.0007337232236750424,0.9460108280181885,0.4429745596868885,418
474.5170000000002,3.4027200000000013,7,3,COC1=CC=C(C(CC(=O)NC(CC2=CC=CC=C2)C2=NC=NN2)C2=C(O)C(=O)C=C(C)O2)C=C1,CNP0414601.0,0.8726056218147278,0.9999992847442627,0.9762362837791443,0.9981667995452881,0.4766666666666667,419
427.93200000000013,4.808400000000003,4,3,COC1=CC=C(Cl)C=C1NC(=O)[C@H]1C[C@H](CC(C)C)N[C@]12C(O)=NC1=CC=CC=C12,CNP0597243.1,0.9500179290771484,0.9999992847442627,0.30703145265579224,0.9993221759796143,0.5520568335588633,420
402.44300000000015,2.9692200000000017,7,2,CCCC1=CC2=C(CO1)C(=O)[C@@](C)(O)C(OC(=O)C1=C(C)C=C(O)C=C1OC)C2,CNP0071655.1,0.8679905533790588,0.9999992847442627,0.002474860055372119,0.994841992855072,0.3620568335588633,421
357.4980000000002,3.7993000000000023,2,2,CCCCC1=CC=C(NC(=O)N2C[C@H](C(=O)NC)C3(CCCC3)C2)C=C1,CNP0530123.1,0.13287422060966492,0.9999992847442627,0.007776664569973946,0.9968420267105103,0.3409571788413098,422
357.4980000000002,3.7993000000000023,2,2,CCCCC1=CC=C(NC(=O)N2C[C@@H](C(=O)NC)C3(CCCC3)C2)C=C1,CNP0530123.2,0.13287422060966492,0.9999992847442627,0.007776664569973946,0.9968420267105103,0.3409571788413098,423
373.5450000000002,2.9631000000000007,3,2,CC(C)NC(=O)NC[C@H]1C[C@@H]2CCN1C[C@@H]2C1=CC(C2CCCC2)=NN1C,CNP0011367.2,0.00013269871124066412,0.9999992847442627,0.0007488687988370657,0.9645158052444458,0.47664831982717676,424
452.5030000000002,3.671800000000003,7,1,CCOC(=O)C1=C2C=C[C@@H]3CC(=O)CCC3=C2C2=C(C=C3O[C@H](C(C)(C)O)CC3=C2OC)O1,CNP0390669.1,0.4634484052658081,0.9999992847442627,0.9800671935081482,0.44571784138679504,0.3181539465101109,425
494.9970000000003,2.7375000000000016,7,1,COC1=C2CN(C)CCC2=C(S(=O)(=O)N2CCC(O)(C3=CC=C(Cl)C=C3)CC2)C2=C1OCO2,CNP0206927.0,0.9989446997642517,0.9999992847442627,0.9743604063987732,0.022241925820708275,0.5214872798434442,426
495.48800000000034,3.009920000000001,8,4,COC1=CC=C(C(CC(=O)NC2=CC=C3NC(=O)NC3=C2)C2=C(O)C=C(C)OC2=O)C(OC)=C1OC,CNP0364397.0,0.012923197820782661,0.9999992847442627,0.002733547007665038,0.9904362559318542,0.3348206131767776,427
494.6360000000004,3.8149000000000015,5,2,COC1=CC=CC=C1C1=NN(C)C([C@H]2C[N@]3CC[C@H]2C[C@@H]3CNC(=O)CC2(CC(=O)O)CCCC2)=C1,CNP0449176.3,0.07726751267910004,0.9999992847442627,0.0007337232236750424,0.9460108280181885,0.4429745596868885,428
386.4440000000002,3.414800000000002,6,3,COC1=CC(O)=CC=C1C(=O)CC1C2=CC=C(O)C(OC)=C2CC1C(C)(C)O,CNP0283898.0,0.9988754391670227,0.9999992847442627,0.9970301389694214,0.9939571619033813,0.40717842082931116,429
434.48800000000017,4.906200000000004,5,3,CCCC1=C(OCC2=CC=C([C@H](O)C3=CC=CC(C(=O)O)=C3)C=C2)C=CC(C(C)=O)=C1O,CNP0599578.1,0.9998206496238708,0.9999992847442627,0.9145072102546692,0.9594317078590393,0.36,430
444.6200000000003,3.652800000000002,4,2,CN1N=C(C2CCCCC2)C=C1[C@H]1C[N@]2CC[C@H]1C[C@@H]2CNC(=O)CC(C)(C)CC(=O)O,CNP0033509.1,0.005724758841097355,0.9999991655349731,0.0015032320516183972,0.9966559410095215,0.5781539465101109,431
472.56700000000023,2.8538000000000014,5,2,CCCS(=O)(=O)NC1=CC=C2[C@@H]3C[C@@H](CN(C(=O)NC4=CC=C(C(C)=O)C=C4)C3)CN2C1=O,CNP0090684.1,0.15314853191375732,0.9999991655349731,0.005217219237238169,0.9992679953575134,0.5920568335588633,432
412.4860000000001,3.0626000000000007,7,1,CCOC(=O)O[C@H](C)[C@H]1CN2CC[C@]34C(=C(C(=O)OC)C1C[C@H]23)NC1=CC=CC=C14,CNP0377132.1,3.81058307539206e-05,0.9999991655349731,2.8730311896651983e-05,0.9906255006790161,0.3809571788413098,433
372.41700000000003,3.111800000000002,6,4,COC1=C(O)C=CC2=C1CC(C(C)(C)O)C2CC(=O)C1=CC=C(O)C=C1O,CNP0118605.0,0.9989757537841797,0.9999991655349731,0.9959652423858643,0.9904555678367615,0.39384508749597785,434
444.6200000000003,3.652800000000002,4,2,CN1N=C(C2CCCCC2)C=C1[C@H]1CN2CC[C@H]1C[C@@H]2CNC(=O)CC(C)(C)CC(=O)O,CNP0033509.2,0.005724758841097355,0.9999991655349731,0.0015032320516183972,0.9966559410095215,0.5781539465101109,435
474.68200000000036,4.936100000000006,5,3,CC(=O)O[C@H]1CC[C@@]2(C)[C@H](C1)[C@@H](O)C=C1C3=CC[C@H]([C@H](C)CCCC(C)C)[C@@]3(C)C[C@@H](O)[C@@]12O,CNP0428101.1,0.02925383858382702,0.9999991655349731,0.007572860457003117,0.9958279728889465,0.43577779201808736,436
368.4810000000003,4.512900000000005,4,0,CCC(=O)N1C2=NC(C3=CC=CO3)=NN2C2(CCCCC2)[C@@H]2CCCC[C@@H]21,CNP0518756.1,0.9347125887870789,0.9999990463256836,0.8871287703514099,0.9996720552444458,0.550219838873107,437
483.6500000000003,3.4639000000000024,5,4,CC[C@@H](C)[C@H](NC(=O)OC(C)(C)C)C(=O)NC[C@H]1CC[C@H](C(=O)N[C@H](CC(C)C)C(=O)O)CC1,CNP0368268.3,0.8350601196289062,0.9999990463256836,0.979931652545929,0.9991863369941711,0.5276238455079765,438
483.6500000000003,3.4639000000000024,5,4,CC[C@H](C)[C@H](NC(=O)OC(C)(C)C)C(=O)NC[C@H]1CC[C@@H](C(=O)N[C@H](CC(C)C)C(=O)O)CC1,CNP0368268.5,0.8350601196289062,0.9999990463256836,0.979931652545929,0.9991863369941711,0.5276238455079765,439
483.6500000000003,3.4639000000000024,5,4,CCC(C)[C@H](NC(=O)OC(C)(C)C)C(=O)NC[C@H]1CC[C@H](C(=O)N[C@H](CC(C)C)C(=O)O)CC1,CNP0368268.1,0.8350601196289062,0.9999990463256836,0.979931652545929,0.9991863369941711,0.5276238455079765,440
407.5950000000002,4.886900000000005,4,0,CCCC[C@@H](C)[C@@H]1CCCC(OC)CCC(C)/C=C\C(=O)N2CCC[C@H]2C(=O)O1,CNP0072654.2,0.8355458378791809,0.9999990463256836,0.8451201915740967,0.9956831932067871,0.411167958910284,441
352.8140000000001,3.784300000000004,5,2,CC1=CCCC(C)C(C)OC(=O)CC2=C(Cl)C(O)=CC(O)=C2C1=O,CNP0420634.0,0.6484546661376953,0.9999990463256836,0.9815959334373474,0.9956811666488647,0.3202107800689742,442
491.5880000000002,3.3792000000000018,5,2,CCCOC1=CC=C(C2CN3C(=O)CN(CCCO)C(=O)[C@]3(C)C3=C2C2=CC=CC=C2N3)C=C1OC,CNP0377052.1,0.930816650390625,0.9999990463256836,0.03132065385580063,0.9996304512023926,0.47,443
483.6500000000003,3.4639000000000024,5,4,CC[C@@H](C)[C@H](NC(=O)OC(C)(C)C)C(=O)NC[C@H]1CC[C@H](C(=O)N[C@@H](CC(C)C)C(=O)O)CC1,CNP0368268.4,0.8350601196289062,0.9999990463256836,0.979931652545929,0.9991863369941711,0.5276238455079765,444
438.5720000000004,4.736300000000004,5,0,CCC1=NN2C(=N1)N(C(=O)C1=CC=C(OC)C(OC)=C1)[C@H]1CCCC[C@H]1C21CCCCC1,CNP0561128.1,0.9997163414955139,0.9999990463256836,0.993843674659729,0.9998718500137329,0.5147802128473985,445
407.5950000000002,4.886900000000005,4,0,CCCC[C@@H](C)[C@@H]1CCCC(OC)CCC(C)/C=C/C(=O)N2CCC[C@H]2C(=O)O1,CNP0072654.1,0.8355458378791809,0.9999990463256836,0.8451201915740967,0.9956831932067871,0.411167958910284,446
483.6500000000003,3.4639000000000024,5,4,CC[C@H](C)[C@H](NC(=O)OC(C)(C)C)C(=O)NC[C@H]1CC[C@H](C(=O)N[C@@H](CC(C)C)C(=O)O)CC1,CNP0368268.6,0.8350601196289062,0.9999990463256836,0.979931652545929,0.9991863369941711,0.5276238455079765,447
483.6500000000003,3.4639000000000024,5,4,CCC(C)[C@H](NC(=O)OC(C)(C)C)C(=O)NC[C@H]1CC[C@H](C(=O)N[C@@H](CC(C)C)C(=O)O)CC1,CNP0368268.2,0.8350601196289062,0.9999990463256836,0.979931652545929,0.9991863369941711,0.5276238455079765,448
437.4960000000002,3.374500000000002,7,1,COC1=CC=C(C2=NOC([C@H](C)O)=C2C(=O)N2CCN(C3=CC=CC=C3OC)CC2)C=C1,CNP0187566.1,0.9379499554634094,0.9999990463256836,0.9972730278968811,0.9996103644371033,0.5444618395303327,449
422.5620000000002,3.5580000000000025,6,2,CC[C@H](C)C(=O)O[C@H]1CCC=C2C=C[C@H](C)[C@H](CC[C@@H](O)C[C@@H](O)CC(=O)OC)C21,CNP0350127.1,0.9961800575256348,0.999998927116394,0.9928531050682068,0.7626587152481079,0.4066666666666667,450
422.5620000000002,3.5580000000000025,6,2,CC[C@H](C)C(=O)O[C@@H]1CCC=C2C=C[C@@H](C)[C@@H](CC[C@H](O)C[C@H](O)CC(=O)OC)[C@@H]21,CNP0350127.3,0.9961800575256348,0.999998927116394,0.9928531050682068,0.7626587152481079,0.4066666666666667,451
422.5620000000002,3.5580000000000025,6,2,CC[C@@H](C)C(=O)O[C@@H]1CCC=C2C=C[C@@H](C)[C@@H](CC[C@H](O)C[C@H](O)CC(=O)OC)[C@@H]21,CNP0350127.5,0.9961800575256348,0.999998927116394,0.9928531050682068,0.7626587152481079,0.4066666666666667,452
442.8990000000001,4.264000000000004,6,1,COC1=CC2=C(C=C1OC)CN(C(=O)C1=C([C@H](C)O)ON=C1C1=CC=C(Cl)C=C1)CC2,CNP0111029.1,0.9994284510612488,0.999998927116394,0.9999756813049316,0.9992451667785645,0.4270135569013731,453
382.5080000000004,4.873100000000005,4,0,CC(C)C1=NN2C(=N1)N(C(=O)C1=CC=CO1)[C@H]1CCCC[C@H]1C21CCCCC1,CNP0499097.1,0.960739016532898,0.999998927116394,0.9496974349021912,0.9997277855873108,0.5757150036370139,454
430.62900000000025,4.573500000000005,4,3,C[C@H](CCCC(C)(C)O)[C@H]1CC[C@H]2C3=CC(=O)C4=C[C@H](O)[C@H](O)C[C@]4(C)[C@H]3CC[C@]12C,CNP0321166.1,0.8648524880409241,0.999998927116394,0.04432922601699829,0.9569782018661499,0.37,455
422.5620000000002,3.5580000000000025,6,2,CC[C@@H](C)C(=O)O[C@H]1CCC=C2C=C[C@@H](C)[C@@H](CC[C@H](O)C[C@H](O)CC(=O)OC)[C@@H]21,CNP0350127.2,0.9961800575256348,0.999998927116394,0.9928531050682068,0.7626587152481079,0.4066666666666667,456
484.6410000000002,4.323200000000003,5,2,CCC(C)[C@@H]1/N=C(\O)[C@@H]2[C@H](CCN2C(=O)[C@H](C(C)CC)N(C)C)OC2=CC=C(/C=C\N=C/1O)C=C2,CNP0490252.1,0.0012488693464547396,0.999998927116394,0.005336301401257515,0.9994138479232788,0.46021078006897415,457
446.54800000000023,2.8194,4,4,CC[C@@H](C)[C@H](NC(=O)[C@@H](NC(=O)N1C2=CC=CC=C2NC(=O)[C@@H]1C(C)C)C(C)C)C(=O)O,CNP0315791.2,0.6442859172821045,0.999998927116394,0.7277750968933105,0.9997896552085876,0.5000683041927306,458
456.53500000000037,4.285900000000003,7,1,CCCOC1=C2C[C@@H](C(C)(C)O)OC2=CC2=C1C(=C1CCC(=O)CC1)C=C(C(=O)OCC)O2,CNP0093082.1,0.9924452900886536,0.999998927116394,0.9582215547561646,0.31867384910583496,0.3381539465101109,459
430.62900000000025,4.573500000000005,4,3,CC(CCCC(C)(C)O)[C@H]1CCC2C3=CC(=O)C4=C[C@H](O)[C@H](O)C[C@]4(C)C3CC[C@@]21C,CNP0321166.2,0.8648524880409241,0.999998927116394,0.04432922601699829,0.9569782018661499,0.37,460
446.54800000000023,2.8194,4,4,CC[C@H](C)[C@H](NC(=O)[C@@H](NC(=O)N1C2=CC=CC=C2NC(=O)[C@@H]1C(C)C)C(C)C)C(=O)O,CNP0315791.3,0.6442859172821045,0.999998927116394,0.7277750968933105,0.9997896552085876,0.5000683041927306,461
453.6230000000002,4.076000000000003,4,4,CC(C)(O)[C@@H]1C[C@@H](O)[C@]2(CO)[C@H](CC[C@@]3(C)[C@H]2CC[C@H]2CC4=C(NC5=CC=CC=C45)[C@@]23C)O1,CNP0180443.2,0.5728358626365662,0.999998927116394,0.013132359832525253,0.1073276698589325,0.3202107800689742,462
449.59100000000024,4.815900000000005,4,2,CO[C@]12CC[C@@]3(C)C(CC[C@H]4CC5=C(NC6=CC=CC=C56)[C@@]43C)C1=CC(=O)C(C(C)(C)O)O2,CNP0568364.2,0.9998929500579834,0.999998927116394,0.7845157980918884,0.42756742238998413,0.35333333333333333,463
453.6230000000002,4.076000000000003,4,4,CC(C)(O)[C@H]1C[C@H](O)[C@]2(CO)[C@H]3CC[C@H]4CC5=C(NC6=CC=CC=C56)[C@@]4(C)[C@]3(C)CC[C@H]2O1,CNP0180443.1,0.5728358626365662,0.999998927116394,0.013132359832525253,0.1073276698589325,0.3202107800689742,464
449.59100000000024,4.815900000000005,4,2,CO[C@]12CC[C@@]3(C)[C@@H](CC[C@H]4CC5=C(NC6=CC=CC=C56)[C@@]43C)C1=CC(=O)[C@@H](C(C)(C)O)O2,CNP0568364.1,0.9998929500579834,0.999998927116394,0.7845157980918884,0.42756742238998413,0.35333333333333333,465
422.5620000000002,3.5580000000000025,6,2,CC[C@H](C)C(=O)O[C@H]1CCC=C2C=C[C@@H](C)[C@@H](CC[C@H](O)C[C@H](O)CC(=O)OC)[C@@H]21,CNP0350127.4,0.9961800575256348,0.999998927116394,0.9928531050682068,0.7626587152481079,0.4066666666666667,466
488.5770000000002,3.6993000000000027,8,1,CCOC(=O)O[C@]1(C(=O)COC(=O)CC)CC[C@H]2[C@@H]3CCC4=CC(=O)C=C[C@]4(C)[C@H]3[C@@H](O)C[C@@]21C,CNP0289912.1,0.008538504131138325,0.999998927116394,0.0014580388087779284,0.711659848690033,0.3753901668921966,467
446.54800000000023,2.8194,4,4,CCC(C)[C@H](NC(=O)[C@@H](NC(=O)N1C2=CC=CC=C2NC(=O)[C@@H]1C(C)C)C(C)C)C(=O)O,CNP0315791.1,0.6442859172821045,0.999998927116394,0.7277750968933105,0.9997896552085876,0.5000683041927306,468
406.8910000000001,3.274000000000002,4,2,CCOC(=O)[C@@H](CC1=CNC2=CC=CC=C12)NS(=O)(=O)C1=CC=C(Cl)C=C1,CNP0602747.2,0.9998793601989746,0.9999988079071045,0.9999070167541504,0.9999047517776489,0.5733333333333334,469
446.54800000000023,2.819400000000001,4,4,CC[C@H](C)[C@H](NC(=O)N1C2=CC=CC=C2NC(=O)[C@@H]1C(C)C)C(=O)N[C@@H](C(=O)O)C(C)C,CNP0250008.3,0.594756007194519,0.9999988079071045,0.8152183294296265,0.9997795224189758,0.5034016375260639,470
446.54800000000023,2.819400000000001,4,4,CC[C@@H](C)[C@H](NC(=O)N1C2=CC=CC=C2NC(=O)[C@@H]1C(C)C)C(=O)N[C@@H](C(=O)O)C(C)C,CNP0250008.4,0.594756007194519,0.9999988079071045,0.8152183294296265,0.9997795224189758,0.5034016375260639,471
484.62200000000024,2.8535000000000013,7,2,CC(C)C1=CC=C(S(=O)(=O)N2CCC3(CC2)NCCN=C3NCC2=CC=C3OCOC3=C2)C=C1,CNP0594523.0,0.9966771602630615,0.9999988079071045,0.9897953867912292,0.9953163862228394,0.5466666666666666,472
484.6770000000003,4.642300000000005,5,2,CC1CC2OC3(OC2C(C)(C)O)C1C1(C)CCC24CC25C=CC(=O)C(C)(C)C5CCC4C1(C)C3O,CNP0270231.0,0.009973494336009026,0.9999988079071045,0.002642235951498151,0.51288241147995,0.32666666666666666,473
464.59900000000033,4.698400000000006,7,2,COC1=CC(CC[C@@H](C[C@@H](CCC[C@H](C)O)OC(C)=O)OC(=O)C2CCCCC2)=CC=C1O,CNP0154662.1,0.0030487622134387493,0.9999988079071045,0.9765069484710693,0.9950891137123108,0.39,474
446.54800000000023,2.819400000000001,4,4,CC[C@H](C)[C@H](NC(=O)N1C2=CC=CC=C2NC(=O)[C@@H]1C(C)C)C(=O)N[C@H](C(=O)O)C(C)C,CNP0250008.6,0.594756007194519,0.9999988079071045,0.8152183294296265,0.9997795224189758,0.5034016375260639,475
455.96700000000016,2.971660000000001,3,1,CC1=C(C)C(C)=C(CC2=C3C=C(S(=O)(=O)N(C)C4=CC=CC(Cl)=C4)C=CC3=NC2=O)N1,CNP0572444.0,0.9574254751205444,0.9999988079071045,0.9626610279083252,0.9998718500137329,0.5566666666666666,476
406.8910000000001,3.274000000000002,4,2,CCOC(=O)[C@H](CC1=CNC2=CC=CC=C12)NS(=O)(=O)C1=CC=C(Cl)C=C1,CNP0602747.1,0.9998793601989746,0.9999988079071045,0.9999070167541504,0.9999047517776489,0.5733333333333334,477
446.54800000000023,2.819400000000001,4,4,CC[C@@H](C)[C@H](NC(=O)N1C2=CC=CC=C2NC(=O)[C@@H]1C(C)C)C(=O)N[C@H](C(=O)O)C(C)C,CNP0250008.5,0.594756007194519,0.9999988079071045,0.8152183294296265,0.9997795224189758,0.5034016375260639,478
446.54800000000023,2.819400000000001,4,4,CCC(C)[C@H](NC(=O)N1C2=CC=CC=C2NC(=O)[C@@H]1C(C)C)C(=O)N[C@@H](C(=O)O)C(C)C,CNP0250008.1,0.594756007194519,0.9999988079071045,0.8152183294296265,0.9997795224189758,0.5034016375260639,479
446.54800000000023,2.819400000000001,4,4,CCC(C)[C@H](NC(=O)N1C2=CC=CC=C2NC(=O)[C@@H]1C(C)C)C(=O)N[C@H](C(=O)O)C(C)C,CNP0250008.2,0.594756007194519,0.9999988079071045,0.8152183294296265,0.9997795224189758,0.5034016375260639,480
372.8300000000001,3.0820000000000007,5,2,CC(C)S(=O)(=O)N[C@H](C)C1=C(C(=O)O)C(C2=CC=C(Cl)C=C2)=NO1,CNP0014833.1,0.9999098777770996,0.9999986886978149,0.999996542930603,0.9998725652694702,0.6121929437245955,481
390.4760000000002,3.6700000000000017,4,2,CC(=O)OCC(C)C1CCC2C3C=CC(C(=O)O)=CCC3(C)CCC12C(=O)O,CNP0257616.0,0.9989911913871765,0.9999986886978149,0.9747837781906128,0.978318989276886,0.45666666666666667,482
492.6200000000002,4.705500000000004,5,4,CC[C@H](C)[C@@H]1/N=C(/O)[C@@H](NC)CC2=CC(=CC=C2OC)/C=C\N=C(/O)[C@H](CC2=CC=CC=C2)/N=C\1O,CNP0485787.1,0.9954811334609985,0.9999986886978149,0.8740142583847046,0.9929607510566711,0.45148727984344417,483
372.4610000000002,4.705100000000004,4,1,CC(=O)OCC1=C(C(=O)O)/C=C\C=C\[C@@](C)(CCC2=COC=C2)[C@H](C)CC1,CNP0110626.1,0.9477089643478394,0.9999986886978149,0.9590394496917725,0.9997684359550476,0.41,484
428.5400000000001,4.777400000000004,5,1,CCCCC1=NC2(CCCC2)C(=O)N1CC1=CC=C(C2=CC=CC=C2C2=NN=NN2)C=C1,CNP0515721.0,0.9999998807907104,0.9999986886978149,0.999872088432312,0.8709062933921814,0.4066666666666667,485
372.46100000000024,2.7810000000000006,4,2,C[C@H](C(=O)O)[C@H]1CC[C@H]2[C@@H]3C=CC4=CC(=O)[C@@H](O)C[C@]4(C)[C@H]3CC(=O)[C@]12C,CNP0139103.2,0.9136698842048645,0.9999986886978149,0.9584592580795288,0.9964424967765808,0.4020568335588633,486
372.4610000000002,4.705100000000004,4,1,CC(=O)OC/C1=C(C(=O)O)/C=C\C=C\[C@@](C)(CCC2=COC=C2)[C@H](C)CC1,CNP0110626.2,0.9477089643478394,0.9999986886978149,0.9590394496917725,0.9997684359550476,0.41,487
449.5070000000003,3.1694000000000013,5,2,COC(=O)C(CC1=CNC2=CC=CC=C12)NC(=O)C1CCCN1C(=O)OCC1=CC=CC=C1,CNP0368300.0,0.05230110138654709,0.9999986886978149,0.7309603691101074,0.9997456669807434,0.49,488
372.46100000000024,2.7810000000000006,4,2,C[C@@H](C(=O)O)[C@H]1CC[C@H]2[C@@H]3C=CC4=CC(=O)[C@@H](O)C[C@]4(C)[C@H]3CC(=O)[C@]12C,CNP0139103.3,0.9136698842048645,0.9999986886978149,0.9584592580795288,0.9964424967765808,0.4020568335588633,489
372.46100000000024,2.7810000000000006,4,2,CC(C(=O)O)C1CCC2C3C=CC4=CC(=O)[C@@H](O)C[C@]4(C)C3CC(=O)[C@]12C,CNP0139103.1,0.9136698842048645,0.9999986886978149,0.9584592580795288,0.9964424967765808,0.4020568335588633,490
454.5710000000002,3.2654200000000024,5,1,CCN(CC)C(=O)[C@@H]1CCC[C@@H](NC(=O)C2=C(C)ON=C2C2=CC=CC=C2)CN(C)C(=O)C1,CNP0121966.1,0.026829024776816368,0.9999985694885254,0.002138382289558649,0.9979996085166931,0.5133961198248368,491
388.8990000000001,3.347000000000002,4,1,COC[C@@H]1C[C@H](N2C=C(NC(=O)C3CC3)C=N2)CN1CC1=CC=CC(Cl)=C1,CNP0513933.1,0.00044508560677058995,0.9999985694885254,0.0015477916458621621,0.9938368201255798,0.49737233054781804,492
386.57300000000015,4.760500000000004,4,2,CC[C@@H](C)C[C@@H](C)[C@@H](OC(=O)[C@H](C)[C@@H](O)[C@@H](C)C[C@@H](C)CC)[C@@H](C)C(=O)O,CNP0149546.1,0.9999297857284546,0.9999985694885254,0.9998561143875122,0.9966773986816406,0.5314872798434442,493
356.4180000000002,3.9287000000000036,5,2,COC1=C2CC(C3=CC=C(O)C=C3O)COC2=CC2=C1CCC(C)(C)O2,CNP0485973.0,0.20548847317695618,0.9999985694885254,0.47434595227241516,0.9905982613563538,0.32964122635355514,494
375.4900000000001,3.649600000000002,5,3,CCS[C@H](CC(=O)NCCC1=CC=C(O)C=C1)C1=CC=C(O)C(OC)=C1,CNP0116088.1,0.9141314029693604,0.9999985694885254,0.9825335144996643,0.9984571933746338,0.39666666666666667,495
420.8970000000001,3.1424000000000003,6,2,CN1C[C@@H](NC(=O)CC(C)(C)CC(=O)O)C[C@H]1C1=NC(C2=CC=C(Cl)C=C2)=NO1,CNP0042821.1,0.9910886287689209,0.9999985694885254,0.9400070905685425,0.9997743964195251,0.6366666666666667,496
488.7090000000004,4.6448000000000045,5,3,CC(C)(O)[C@@H]1CC[C@](C)([C@H]2C(=O)C[C@@]3(C)[C@@H]4C[C@H](O)[C@H]5C(C)(C)[C@@H](O)CC[C@@]56C[C@@]46CC[C@]23C)O1,CNP0315403.1,0.045868661254644394,0.9999985694885254,0.960135281085968,0.9957420229911804,0.30666666666666664,497
356.41800000000006,4.608500000000003,4,3,CCCCC(O)C1=CC(O)=C2C(=C1)OC(C)(C)C1=CC=C(C(=O)O)C=C12,CNP0155860.0,0.966116189956665,0.9999985694885254,0.044431693851947784,0.976201057434082,0.4033333333333333,498
434.53200000000027,4.583340000000004,5,0,CC1=CC(=O)C=C[C@]2(C)[C@H]3C(=O)C=C(C)[C@@]4(CC5=C(O4)C(C)=C(C)OC5=O)[C@]3(C)CC[C@@H]12,CNP0221585.1,0.21606573462486267,0.9999985694885254,0.11054211854934692,0.997632622718811,0.2902107800689742,499
428.5690000000003,4.642800000000004,4,1,CC(=O)O[C@H]1C[C@@]2(C)[C@@H]3CC[C@H]4[C@H](C)C(=O)C=C[C@@]45C[C@@]35CC[C@]2(C)[C@H]1[C@H](C)C(=O)O,CNP0562892.1,0.9922475814819336,0.9999985694885254,0.6854062676429749,0.9955099821090698,0.35333333333333333,500
